id_selection,id_ticket,id_odd,odd_value_at_bet,status
1,1,2398,3.98,Pending
2,1,7947,2.94,Pending
3,1,6354,2.31,Pending
4,2,1006,2.43,Won
5,3,6305,4.91,Won
6,3,4732,3.51,Won
7,4,1022,5.72,Lost
8,4,287,3.97,Lost
9,5,3116,1.76,Won
10,6,6748,3.46,Won
11,6,3775,7.85,Lost
12,7,4489,7.1,Pending
13,7,4274,5.78,Pending
14,8,3596,2.01,Pending
15,8,5172,3.23,Pending
16,8,7891,7.62,Pending
17,9,2508,6.28,Won
18,10,3863,5.65,Pending
19,11,6475,3.72,Pending
20,11,391,4.79,Pending
21,11,2014,7.79,Pending
22,12,5626,5.34,Lost
23,13,1030,6.66,Pending
24,13,341,7.79,Pending
25,13,7968,7.21,Pending
26,14,8519,4.51,Lost
27,14,1548,6.24,Lost
28,15,985,4.67,Lost
29,15,3478,5.97,Lost
30,15,7016,1.69,Lost
31,16,2748,7.43,Won
32,17,9038,3.29,Won
33,18,9609,6.52,Won
34,19,2548,3.18,Won
35,19,908,3.33,Won
36,20,4202,7.79,Lost
37,20,6848,5.39,Lost
38,20,986,1.92,Lost
39,21,1396,4.96,Won
40,21,6251,2.02,Won
41,22,1582,4.63,Won
42,22,3124,4.16,Won
43,22,8633,6.17,Won
44,23,920,2.56,Void
45,23,7331,7.47,Void
46,23,8946,7.14,Void
47,24,879,2.33,Pending
48,24,8073,6.63,Pending
49,25,9995,1.22,Won
50,26,6599,2.51,Won
51,26,1970,6.08,Won
52,27,2345,4.1,Won
53,27,9683,8.09,Won
54,27,6656,7.83,Won
55,28,3663,1.78,Won
56,28,4452,1.2,Won
57,29,7273,5.68,Lost
58,30,8320,7.82,Won
59,30,2621,7.54,Won
60,30,8608,8.14,Won
61,31,5011,3.54,Won
62,31,7429,8.25,Won
63,31,7895,5.45,Won
64,32,2785,4.27,Pending
65,32,1885,1.2,Pending
66,32,1054,5.16,Pending
67,33,8488,4.4,Won
68,33,5446,5.1,Lost
69,34,6393,5.2,Won
70,34,1092,3.76,Lost
71,34,9752,2.8,Won
72,35,1227,3.71,Pending
73,36,3643,1.17,Pending
74,36,3816,2.46,Pending
75,37,9180,5.25,Won
76,38,8391,3.6,Pending
77,39,2236,6.61,Won
78,39,7223,3.03,Won
79,39,8710,1.28,Won
80,40,4867,8.09,Won
81,40,8295,7.62,Won
82,41,5727,3.65,Lost
83,42,4333,7.44,Lost
84,42,6651,2.1,Won
85,43,116,7.83,Won
86,43,6542,4.82,Lost
87,44,6175,7.27,Pending
88,45,5121,4.29,Pending
89,45,4113,5.63,Pending
90,46,8203,3.17,Won
91,46,8648,3.71,Won
92,46,5778,1.92,Won
93,47,669,5.66,Lost
94,48,8803,1.15,Pending
95,49,5974,8.2,Won
96,49,1698,5.3,Won
97,50,4605,2.66,Won
98,50,869,4.53,Won
99,51,5876,4.12,Won
100,51,7803,3.28,Won
101,51,9567,6.24,Won
102,52,2692,7.78,Won
103,53,2363,6.48,Lost
104,53,7747,1.99,Lost
105,54,1763,5.13,Pending
106,54,2716,6.8,Pending
107,55,7819,1.26,Won
108,56,2552,2.38,Won
109,56,1497,5.25,Won
110,56,3784,2.93,Won
111,57,7752,1.88,Pending
112,57,7196,7.7,Pending
113,58,8514,3.04,Pending
114,58,2296,4.42,Pending
115,59,4871,7.6,Pending
116,60,3707,4.03,Won
117,60,191,1.49,Won
118,61,5366,1.72,Pending
119,61,462,1.25,Pending
120,62,6331,8.48,Won
121,62,6006,4.51,Won
122,62,9496,5.64,Won
123,63,2425,3.75,Won
124,63,8031,7.22,Won
125,63,5511,1.21,Won
126,64,8601,6.63,Won
127,64,4535,1.17,Won
128,64,6054,7.72,Won
129,65,4624,6.78,Won
130,65,3535,3.73,Won
131,66,7321,7.68,Pending
132,67,5861,7.37,Won
133,67,2802,3.45,Won
134,67,7525,3.68,Won
135,68,4196,1.31,Pending
136,69,7133,5.37,Won
137,70,1627,5.59,Lost
138,70,8160,3.75,Won
139,70,6349,7.51,Lost
140,71,4582,8.34,Lost
141,72,49,7.77,Won
142,73,9275,3.19,Won
143,74,4340,1.99,Won
144,75,3090,2.37,Lost
145,76,6856,5.14,Won
146,77,9253,8.17,Lost
147,77,6857,5.5,Won
148,78,3112,5.54,Void
149,79,9289,2.81,Won
150,80,8991,4.5,Pending
151,80,4172,7.51,Pending
152,80,5951,3.95,Pending
153,81,3156,8.49,Won
154,81,3223,4.19,Won
155,82,2313,6.61,Lost
156,83,7904,8.35,Won
157,83,5375,2.32,Won
158,83,2729,1.61,Won
159,84,8041,1.39,Void
160,85,8271,6.19,Won
161,86,7868,3.11,Pending
162,86,7098,2.86,Pending
163,87,951,3.43,Lost
164,88,8187,5.19,Lost
165,88,8268,5.99,Won
166,89,1468,5.01,Pending
167,89,4853,1.2,Pending
168,89,8120,4.49,Pending
169,90,1195,5.51,Lost
170,91,4723,6.9,Pending
171,91,5766,1.44,Pending
172,92,4251,4.34,Void
173,92,5198,3.13,Void
174,92,3945,5.8,Void
175,93,3002,5.07,Pending
176,93,8385,5.57,Pending
177,93,1388,5.77,Pending
178,94,4657,2.27,Won
179,94,3950,3.74,Won
180,95,3350,5.74,Won
181,96,1658,5.28,Won
182,97,2224,7.7,Pending
183,97,607,7.64,Pending
184,97,5412,8.36,Pending
185,98,8924,1.91,Won
186,98,5462,1.67,Lost
187,99,4972,3.43,Won
188,100,9367,7.68,Void
189,101,1524,7.58,Won
190,101,2664,3.04,Won
191,101,8570,2.26,Won
192,102,3480,5.23,Won
193,103,5843,7.77,Won
194,103,8044,3.43,Won
195,103,5450,2.74,Won
196,104,290,4.14,Won
197,105,7320,4.97,Pending
198,106,5262,4.7,Won
199,106,9958,6.5,Won
200,106,6927,6.31,Won
201,107,9783,2.14,Pending
202,107,6960,7.21,Pending
203,107,4453,6.93,Pending
204,108,2003,7.43,Void
205,109,5099,6.12,Pending
206,109,8589,6.01,Pending
207,110,6589,6.64,Won
208,110,3321,1.42,Won
209,110,2009,5.97,Won
210,111,946,4.91,Won
211,112,5733,2.43,Won
212,113,8046,1.61,Won
213,113,4741,5.71,Won
214,113,3625,6.64,Won
215,114,5788,4.67,Void
216,115,2158,1.69,Pending
217,115,844,4.75,Pending
218,115,3342,6.0,Pending
219,116,5882,5.13,Won
220,116,4164,2.74,Won
221,116,8885,7.7,Won
222,117,2205,1.59,Void
223,117,9482,1.62,Void
224,118,7668,5.35,Won
225,118,3788,5.33,Won
226,119,4756,1.59,Won
227,119,9724,6.8,Won
228,120,182,8.3,Won
229,121,83,4.78,Won
230,121,4039,6.68,Won
231,122,4843,2.57,Pending
232,122,6075,4.59,Pending
233,122,406,7.94,Pending
234,123,7067,2.9,Won
235,123,4834,5.54,Won
236,123,4423,1.16,Won
237,124,5465,7.58,Pending
238,125,3045,7.48,Void
239,125,6218,3.26,Void
240,126,1346,5.92,Won
241,127,3571,6.95,Won
242,127,4556,2.37,Won
243,127,8973,6.52,Won
244,128,3783,5.94,Won
245,128,9273,4.68,Lost
246,128,5051,4.63,Lost
247,129,8289,7.55,Won
248,130,2952,3.49,Void
249,130,5966,7.42,Void
250,131,1325,7.76,Pending
251,131,8380,1.86,Pending
252,131,3796,7.44,Pending
253,132,950,7.22,Won
254,132,9782,1.72,Won
255,133,7036,2.39,Won
256,134,3951,4.14,Pending
257,134,2792,4.47,Pending
258,134,3795,6.27,Pending
259,135,9307,7.88,Pending
260,135,8730,7.91,Pending
261,136,6634,4.93,Won
262,137,4275,6.41,Won
263,138,925,7.93,Pending
264,139,657,6.43,Pending
265,139,14,4.27,Pending
266,140,9539,1.5,Lost
267,141,9835,1.95,Pending
268,141,1501,2.53,Pending
269,141,6846,6.6,Pending
270,142,3061,4.12,Lost
271,143,8655,7.85,Won
272,144,44,4.4,Lost
273,144,5326,2.93,Won
274,145,6967,7.52,Won
275,146,8724,3.09,Pending
276,147,7712,8.42,Pending
277,148,9518,3.54,Won
278,148,4830,5.5,Won
279,149,7638,1.46,Won
280,149,7792,3.88,Won
281,150,4267,8.39,Pending
282,151,8999,4.45,Lost
283,151,7736,1.56,Won
284,151,2984,8.19,Won
285,152,4576,4.39,Won
286,153,4350,6.61,Pending
287,154,9678,7.81,Won
288,154,6036,7.69,Won
289,155,3259,1.37,Won
290,156,4098,7.97,Void
291,156,5867,2.14,Void
292,156,7336,5.83,Void
293,157,779,6.8,Pending
294,157,5632,6.88,Pending
295,158,1833,5.91,Won
296,159,7038,5.26,Won
297,159,447,2.78,Won
298,160,9652,3.89,Won
299,160,6845,3.52,Won
300,160,813,4.49,Won
301,161,4158,2.93,Pending
302,161,8215,4.88,Pending
303,162,9916,4.46,Won
304,163,9633,7.04,Pending
305,163,7802,7.76,Pending
306,163,3965,5.02,Pending
307,164,8470,7.08,Pending
308,164,8735,3.08,Pending
309,164,4989,1.72,Pending
310,165,9122,4.51,Won
311,165,4917,7.09,Won
312,166,697,8.17,Pending
313,166,2684,7.46,Pending
314,167,721,5.45,Lost
315,168,3781,5.56,Won
316,169,1472,8.29,Won
317,169,126,6.66,Won
318,170,9741,6.6,Lost
319,171,6005,6.37,Pending
320,172,633,8.04,Pending
321,173,7556,5.26,Won
322,173,8995,7.7,Won
323,174,5395,7.1,Won
324,174,9880,1.76,Won
325,174,6858,8.12,Won
326,175,123,2.7,Pending
327,175,21,1.53,Pending
328,175,4214,6.26,Pending
329,176,6982,2.75,Lost
330,176,728,3.37,Won
331,176,3450,2.43,Won
332,177,3318,3.03,Lost
333,177,29,8.44,Lost
334,177,6663,3.73,Won
335,178,4443,5.46,Won
336,179,4377,8.39,Won
337,179,149,7.13,Lost
338,180,3917,3.01,Won
339,181,5995,1.99,Lost
340,181,8830,7.59,Lost
341,181,3193,3.2,Lost
342,182,3807,3.27,Won
343,182,9037,4.95,Won
344,182,8373,2.39,Won
345,183,8007,1.64,Lost
346,183,2016,1.45,Lost
347,183,8120,4.49,Lost
348,184,4794,1.73,Won
349,185,550,2.8,Lost
350,185,1670,2.18,Lost
351,186,2439,4.09,Pending
352,186,8838,3.99,Pending
353,187,9018,5.41,Won
354,188,3827,6.1,Won
355,188,5995,1.99,Won
356,189,9307,7.88,Lost
357,189,5472,7.43,Won
358,190,2759,4.89,Lost
359,190,9411,6.28,Won
360,191,3031,1.82,Pending
361,191,2632,6.31,Pending
362,191,8656,2.34,Pending
363,192,2880,5.08,Pending
364,192,2280,1.11,Pending
365,193,1465,7.87,Won
366,193,4229,5.15,Lost
367,193,6947,4.46,Won
368,194,8927,2.98,Lost
369,195,7862,8.37,Pending
370,195,1225,5.16,Pending
371,196,6735,4.89,Won
372,196,4728,6.63,Won
373,197,8147,8.43,Won
374,198,8154,4.93,Void
375,198,9816,4.36,Void
376,198,4476,8.34,Void
377,199,437,4.23,Won
378,199,9931,7.0,Won
379,199,3226,4.31,Won
380,200,1176,8.27,Won
381,201,6313,1.3,Pending
382,201,3536,6.84,Pending
383,202,2368,8.44,Pending
384,202,1975,7.82,Pending
385,202,6859,2.62,Pending
386,203,3889,8.33,Lost
387,203,6333,5.77,Won
388,203,5783,2.58,Won
389,204,2016,1.45,Won
390,204,8516,1.41,Lost
391,204,372,7.68,Lost
392,205,4890,5.35,Won
393,206,6122,1.74,Pending
394,206,6367,7.17,Pending
395,207,8017,1.25,Won
396,207,8374,5.9,Won
397,207,3226,4.31,Won
398,208,6976,4.8,Won
399,208,5875,2.56,Won
400,209,1793,4.68,Won
401,209,411,4.56,Won
402,210,2534,1.28,Pending
403,210,2546,1.7,Pending
404,211,2677,6.17,Void
405,211,5774,5.2,Void
406,211,9534,3.62,Void
407,212,7085,7.55,Pending
408,212,9837,3.53,Pending
409,213,756,2.39,Pending
410,213,5290,3.6,Pending
411,213,2371,1.88,Pending
412,214,1782,7.29,Lost
413,214,7900,1.17,Won
414,215,4207,3.42,Pending
415,215,7716,4.83,Pending
416,216,1329,7.65,Pending
417,216,8967,3.79,Pending
418,217,3012,7.3,Won
419,217,9795,6.64,Won
420,218,8786,7.5,Won
421,218,7877,5.82,Won
422,219,7659,5.31,Won
423,220,921,5.98,Won
424,220,9642,5.71,Won
425,221,1705,2.38,Won
426,222,9306,1.14,Lost
427,222,4458,3.85,Won
428,223,6801,1.4,Won
429,223,5140,1.75,Won
430,224,7631,7.47,Won
431,224,1252,8.38,Won
432,225,7756,4.16,Pending
433,226,2362,2.81,Won
434,226,412,7.36,Won
435,226,2154,3.74,Won
436,227,2262,3.06,Pending
437,228,1004,3.19,Won
438,228,9525,8.41,Won
439,229,8919,5.88,Won
440,229,9171,1.4,Won
441,229,8526,6.77,Won
442,230,5560,8.14,Won
443,231,4165,6.86,Won
444,231,8448,2.2,Won
445,231,5602,3.29,Won
446,232,3613,5.05,Won
447,233,6202,4.74,Lost
448,234,7098,2.86,Won
449,235,5125,6.41,Won
450,235,5061,1.46,Won
451,236,6177,7.98,Pending
452,236,318,2.17,Pending
453,237,3650,7.93,Won
454,237,9048,3.39,Won
455,237,7016,1.69,Won
456,238,6915,4.69,Pending
457,239,289,4.66,Pending
458,239,3653,7.41,Pending
459,240,9156,4.58,Pending
460,241,8149,5.15,Lost
461,242,1022,5.72,Won
462,242,3849,1.79,Won
463,242,9173,7.39,Won
464,243,9715,3.06,Pending
465,243,9731,5.34,Pending
466,243,2905,4.54,Pending
467,244,2952,3.49,Pending
468,245,5053,3.44,Pending
469,245,9347,2.64,Pending
470,246,8813,2.96,Lost
471,247,57,2.23,Pending
472,247,2062,8.25,Pending
473,248,9138,8.29,Won
474,248,3640,4.97,Won
475,249,9050,4.69,Won
476,250,923,6.76,Won
477,251,9213,7.69,Pending
478,252,2413,7.84,Void
479,253,6540,5.04,Won
480,253,1956,5.23,Won
481,253,3423,3.82,Won
482,254,8501,3.84,Won
483,254,1711,2.34,Won
484,254,3529,5.25,Won
485,255,4125,8.31,Won
486,256,1519,7.89,Won
487,257,8905,1.27,Won
488,258,2189,8.2,Pending
489,259,5946,5.54,Pending
490,259,9088,2.06,Pending
491,259,1308,6.21,Pending
492,260,4275,6.41,Pending
493,261,5099,6.12,Won
494,262,4384,6.75,Won
495,263,7811,3.43,Won
496,263,1532,5.51,Lost
497,263,3653,7.41,Won
498,264,3246,6.75,Won
499,265,2178,3.52,Pending
500,265,8724,3.09,Pending
501,265,2843,5.05,Pending
502,266,8854,2.67,Pending
503,266,2505,2.07,Pending
504,266,1239,1.87,Pending
505,267,9763,8.08,Won
506,268,4803,8.19,Won
507,268,1836,7.13,Lost
508,268,2490,3.07,Lost
509,269,2721,5.83,Pending
510,269,6805,2.08,Pending
511,269,5148,6.52,Pending
512,270,6136,3.22,Won
513,270,4745,6.54,Won
514,270,5130,4.46,Won
515,271,529,3.26,Won
516,271,2667,5.54,Won
517,271,7832,2.82,Won
518,272,7313,1.46,Void
519,273,4751,4.45,Won
520,273,359,3.46,Won
521,273,7617,3.3,Won
522,274,3496,4.78,Lost
523,274,267,7.3,Lost
524,274,8668,5.61,Won
525,275,1332,7.23,Won
526,275,4403,5.33,Won
527,275,3795,6.27,Won
528,276,7579,2.38,Pending
529,276,3365,6.36,Pending
530,277,4769,3.13,Pending
531,277,130,3.81,Pending
532,277,1312,8.04,Pending
533,278,3676,4.5,Won
534,279,8643,1.92,Lost
535,279,8915,6.51,Won
536,280,2460,5.98,Lost
537,280,3279,4.6,Won
538,281,31,4.98,Won
539,282,8538,2.62,Won
540,283,5128,8.42,Won
541,284,8838,3.99,Pending
542,285,3610,8.1,Pending
543,285,7315,3.16,Pending
544,286,1122,7.51,Lost
545,286,292,6.97,Won
546,286,3890,7.86,Lost
547,287,7904,8.35,Lost
548,288,1664,5.65,Won
549,288,5049,5.37,Won
550,289,8148,6.83,Pending
551,289,1439,8.28,Pending
552,290,9897,1.35,Void
553,290,2364,2.27,Void
554,290,4701,3.27,Void
555,291,5439,3.65,Lost
556,292,4726,5.01,Won
557,292,6072,5.98,Won
558,292,4028,4.51,Won
559,293,4362,6.55,Won
560,294,7352,4.41,Pending
561,294,9116,3.12,Pending
562,295,2921,7.45,Won
563,296,2979,6.91,Won
564,296,8138,5.91,Won
565,296,6334,7.34,Won
566,297,54,7.52,Won
567,297,2764,4.9,Lost
568,298,1534,5.97,Won
569,298,9976,1.17,Won
570,299,6824,8.1,Won
571,299,4415,2.37,Won
572,299,7897,5.67,Lost
573,300,6102,6.08,Pending
574,300,9031,7.22,Pending
575,301,5856,5.16,Pending
576,301,3336,1.67,Pending
577,301,871,6.49,Pending
578,302,461,3.95,Won
579,302,8870,8.03,Won
580,303,467,5.21,Lost
581,303,2645,6.34,Won
582,303,5220,7.88,Won
583,304,3050,2.97,Pending
584,304,9796,2.02,Pending
585,304,7933,7.43,Pending
586,305,4890,5.35,Won
587,305,6377,4.03,Won
588,306,1295,6.08,Won
589,306,9363,6.6,Won
590,307,1990,6.6,Won
591,307,3776,2.37,Won
592,307,6839,4.24,Won
593,308,1441,8.19,Pending
594,309,4585,3.4,Pending
595,309,1399,3.58,Pending
596,310,4941,3.82,Won
597,311,7067,2.9,Void
598,311,7016,1.69,Void
599,312,897,6.4,Won
600,312,7745,5.58,Lost
601,312,4576,4.39,Lost
602,313,8388,2.81,Void
603,313,4098,7.97,Void
604,313,5474,1.88,Void
605,314,639,6.37,Won
606,314,7500,3.11,Won
607,314,5032,5.54,Lost
608,315,5668,6.13,Pending
609,315,5751,3.85,Pending
610,316,4116,1.62,Won
611,317,4534,2.28,Lost
612,318,3844,7.62,Won
613,318,6089,1.58,Won
614,318,247,7.83,Won
615,319,7432,2.72,Won
616,320,6509,1.86,Won
617,320,35,4.4,Won
618,320,6416,3.27,Won
619,321,6114,3.24,Won
620,321,3,3.51,Won
621,321,7524,6.09,Lost
622,322,1961,2.22,Pending
623,323,5033,7.85,Lost
624,323,2488,1.95,Lost
625,323,9540,2.45,Lost
626,324,5429,2.12,Won
627,325,9324,6.86,Won
628,325,6482,4.81,Won
629,326,5179,4.37,Pending
630,327,7019,8.16,Lost
631,328,9160,1.93,Lost
632,328,3169,5.73,Won
633,328,3562,2.46,Won
634,329,2114,6.71,Pending
635,330,1329,7.65,Pending
636,330,9395,6.69,Pending
637,331,1619,3.21,Won
638,331,3534,4.65,Won
639,331,1598,2.43,Lost
640,332,9072,1.21,Pending
641,332,1287,1.44,Pending
642,333,2440,5.72,Pending
643,333,4478,7.94,Pending
644,334,4254,3.86,Pending
645,334,6917,1.4,Pending
646,335,8020,3.74,Lost
647,336,7498,5.78,Pending
648,337,9981,1.39,Pending
649,337,2085,5.82,Pending
650,337,3772,3.13,Pending
651,338,3768,3.26,Won
652,339,652,7.83,Won
653,339,6851,5.43,Lost
654,340,7081,4.67,Pending
655,341,9144,3.79,Won
656,342,7350,6.01,Won
657,342,9558,7.48,Won
658,342,5962,5.49,Won
659,343,8436,1.66,Lost
660,344,5308,4.97,Void
661,344,4555,1.75,Void
662,344,8301,6.48,Void
663,345,1013,1.44,Won
664,346,2646,8.1,Won
665,346,6194,7.61,Won
666,346,1045,1.38,Won
667,347,5455,7.95,Pending
668,347,4593,4.13,Pending
669,347,6248,8.44,Pending
670,348,7583,5.37,Lost
671,349,9203,5.48,Won
672,349,2227,6.89,Won
673,350,9328,1.53,Void
674,350,9727,5.49,Void
675,350,4755,1.18,Void
676,351,4945,7.36,Won
677,351,7929,4.24,Won
678,351,3897,2.29,Won
679,352,3428,8.45,Won
680,353,5959,7.64,Pending
681,353,5191,1.99,Pending
682,354,5199,4.3,Won
683,354,2613,4.48,Won
684,355,8036,2.05,Pending
685,355,6909,1.56,Pending
686,355,6164,3.07,Pending
687,356,8397,5.97,Lost
688,356,101,1.94,Lost
689,356,4622,5.24,Lost
690,357,8249,3.97,Pending
691,357,7265,7.58,Pending
692,358,207,2.28,Pending
693,358,3612,5.9,Pending
694,359,8228,1.46,Pending
695,359,7062,2.77,Pending
696,360,5909,6.68,Won
697,360,5199,4.3,Won
698,361,7161,4.17,Pending
699,362,9591,6.73,Void
700,362,3526,8.28,Void
701,362,7001,1.6,Void
702,363,4277,4.56,Won
703,364,3423,3.82,Lost
704,365,334,7.89,Won
705,365,6987,7.87,Won
706,366,9712,2.5,Won
707,367,2831,8.28,Lost
708,367,9157,1.2,Lost
709,368,5350,2.39,Won
710,368,2580,4.3,Lost
711,368,3306,2.12,Lost
712,369,6364,5.95,Pending
713,369,4461,3.82,Pending
714,370,5228,4.3,Won
715,371,616,2.97,Lost
716,371,106,7.33,Won
717,372,5543,1.9,Won
718,373,5286,1.39,Won
719,373,981,4.3,Won
720,373,398,1.57,Won
721,374,5558,3.04,Pending
722,374,7798,4.74,Pending
723,375,8306,4.0,Won
724,376,8580,2.16,Won
725,376,9792,7.22,Won
726,377,4558,3.34,Won
727,377,6027,6.64,Won
728,378,5697,7.64,Won
729,379,7737,7.74,Pending
730,379,9963,7.16,Pending
731,379,827,4.65,Pending
732,380,9150,4.94,Won
733,380,4445,2.9,Won
734,380,9183,8.28,Won
735,381,9121,2.88,Won
736,381,7116,6.78,Lost
737,381,9543,5.44,Lost
738,382,8862,5.7,Pending
739,382,6727,6.37,Pending
740,383,2294,4.06,Pending
741,383,3415,5.49,Pending
742,384,1739,3.15,Won
743,384,8920,2.7,Won
744,385,3,3.51,Won
745,385,2831,8.28,Lost
746,386,3004,7.83,Pending
747,386,5689,8.19,Pending
748,386,2332,6.47,Pending
749,387,37,3.39,Won
750,387,9924,4.32,Lost
751,387,6095,6.53,Won
752,388,9871,5.98,Won
753,389,8982,7.84,Void
754,390,7963,2.16,Pending
755,390,7600,2.59,Pending
756,390,2961,4.05,Pending
757,391,8514,3.04,Won
758,392,403,4.32,Won
759,392,5055,3.63,Won
760,392,7365,8.43,Won
761,393,7494,8.22,Void
762,393,7198,2.29,Void
763,393,7946,5.56,Void
764,394,7663,7.77,Won
765,395,2163,3.87,Won
766,396,7893,6.92,Won
767,396,9072,1.21,Won
768,396,1228,5.26,Won
769,397,3636,5.21,Won
770,398,9489,6.58,Won
771,399,6340,4.34,Won
772,399,8016,1.15,Won
773,400,3892,5.87,Won
774,400,5608,6.64,Lost
775,400,6230,7.6,Lost
776,401,9845,4.49,Pending
777,402,1543,4.54,Void
778,403,2078,6.83,Won
779,404,9219,6.75,Won
780,404,6146,3.44,Won
781,404,7490,5.54,Won
782,405,6671,8.32,Void
783,405,1060,5.65,Void
784,405,3611,3.79,Void
785,406,1439,8.28,Won
786,407,9442,5.02,Won
787,407,1418,1.52,Lost
788,408,7611,8.36,Lost
789,408,6676,1.57,Lost
790,408,6015,6.23,Lost
791,409,7527,5.95,Won
792,410,8679,6.61,Lost
793,410,3643,1.17,Lost
794,410,7878,6.7,Lost
795,411,3396,5.71,Pending
796,411,5802,8.23,Pending
797,411,4509,7.54,Pending
798,412,8543,3.53,Lost
799,412,1046,5.57,Won
800,412,4081,2.71,Lost
801,413,7223,3.03,Won
802,414,5449,5.8,Pending
803,414,8917,2.01,Pending
804,414,8356,4.85,Pending
805,415,4485,6.42,Won
806,415,2098,7.05,Lost
807,416,9658,3.28,Pending
808,416,1375,1.85,Pending
809,416,3135,3.38,Pending
810,417,6472,4.25,Pending
811,417,6777,6.68,Pending
812,417,4486,1.88,Pending
813,418,144,2.11,Pending
814,419,6977,6.62,Pending
815,419,2857,2.85,Pending
816,420,7802,7.76,Won
817,420,1610,2.82,Won
818,420,7530,2.79,Won
819,421,7290,3.5,Won
820,421,1366,5.4,Lost
821,421,5956,3.72,Lost
822,422,6834,1.74,Won
823,423,1269,4.2,Void
824,423,8370,6.28,Void
825,424,8296,6.32,Won
826,425,6654,3.48,Pending
827,425,4893,5.18,Pending
828,425,4417,5.67,Pending
829,426,8305,3.77,Pending
830,426,8588,6.31,Pending
831,426,3427,2.86,Pending
832,427,2705,7.74,Pending
833,428,1700,1.97,Won
834,428,3297,7.12,Won
835,429,6873,4.61,Won
836,429,8118,8.01,Won
837,429,576,5.92,Won
838,430,6593,2.7,Won
839,430,2077,3.45,Won
840,430,9158,6.25,Won
841,431,42,5.23,Pending
842,431,8625,1.27,Pending
843,431,3422,1.69,Pending
844,432,1932,6.69,Won
845,433,9558,7.48,Pending
846,434,7502,2.84,Lost
847,434,3437,2.37,Lost
848,434,5343,1.42,Won
849,435,1082,2.66,Lost
850,435,3886,2.32,Lost
851,435,7867,7.38,Won
852,436,6913,2.37,Lost
853,436,6515,6.27,Lost
854,437,2737,5.42,Pending
855,437,4430,2.65,Pending
856,437,268,4.26,Pending
857,438,8511,7.94,Pending
858,438,8189,3.66,Pending
859,439,2930,2.71,Won
860,439,7168,2.04,Won
861,439,8724,3.09,Won
862,440,622,3.03,Won
863,440,5038,7.28,Lost
864,440,9790,8.34,Lost
865,441,4379,3.09,Lost
866,442,3681,4.8,Won
867,443,8889,7.88,Lost
868,443,1482,6.83,Lost
869,443,7737,7.74,Won
870,444,5551,5.95,Pending
871,445,8308,2.15,Pending
872,446,5700,2.91,Lost
873,446,4165,6.86,Lost
874,446,6451,7.5,Won
875,447,1573,7.57,Won
876,447,5880,8.4,Won
877,448,7216,3.53,Pending
878,448,7300,7.29,Pending
879,449,8162,7.64,Pending
880,450,3508,3.36,Won
881,450,7351,6.16,Won
882,451,5334,3.58,Won
883,451,3541,7.07,Won
884,452,6583,3.25,Won
885,452,2746,2.63,Won
886,453,7210,6.03,Pending
887,453,3980,5.97,Pending
888,454,3975,3.69,Pending
889,454,7613,7.11,Pending
890,454,1061,1.14,Pending
891,455,8851,1.45,Pending
892,455,1600,7.49,Pending
893,456,6695,6.94,Pending
894,456,7420,7.59,Pending
895,457,5040,6.85,Pending
896,457,5690,3.38,Pending
897,458,4743,2.32,Won
898,459,6646,2.83,Lost
899,460,4818,5.51,Lost
900,460,7569,2.76,Won
901,460,7160,1.4,Lost
902,461,4070,2.73,Lost
903,462,1178,5.43,Won
904,462,1912,7.64,Won
905,463,4689,3.75,Won
906,464,6017,8.27,Pending
907,464,1541,1.88,Pending
908,465,317,2.66,Lost
909,465,4365,8.24,Won
910,465,4674,4.59,Lost
911,466,3275,8.28,Won
912,466,9959,2.64,Lost
913,467,4779,7.39,Won
914,467,7631,7.47,Won
915,468,7722,6.58,Pending
916,468,4857,3.21,Pending
917,469,5125,6.41,Pending
918,470,4352,5.92,Pending
919,470,129,4.85,Pending
920,471,1580,3.19,Won
921,471,1122,7.51,Won
922,472,8234,7.99,Won
923,472,6966,2.43,Won
924,473,2244,3.03,Won
925,474,9260,5.03,Pending
926,474,8615,7.26,Pending
927,475,1084,2.27,Pending
928,476,5353,6.5,Won
929,477,7845,6.81,Pending
930,477,4104,6.51,Pending
931,478,8506,8.04,Pending
932,478,8798,1.26,Pending
933,478,5444,3.13,Pending
934,479,6976,4.8,Pending
935,480,5243,2.06,Pending
936,480,1866,2.18,Pending
937,481,2873,6.68,Won
938,481,3882,2.37,Won
939,481,6157,6.17,Won
940,482,2687,1.42,Lost
941,482,4560,5.5,Won
942,482,4335,3.73,Won
943,483,947,5.65,Pending
944,483,7460,2.59,Pending
945,483,8592,3.07,Pending
946,484,2016,1.45,Pending
947,484,8311,4.41,Pending
948,484,7525,3.68,Pending
949,485,1475,5.66,Won
950,485,8114,5.28,Lost
951,485,7986,7.03,Lost
952,486,7780,3.27,Won
953,486,9195,2.64,Won
954,487,9138,8.29,Pending
955,487,7757,7.8,Pending
956,488,8295,7.62,Won
957,488,3003,2.75,Won
958,488,7735,4.66,Won
959,489,587,3.62,Void
960,489,3435,6.25,Void
961,489,6510,5.79,Void
962,490,6617,7.26,Won
963,491,5930,1.8,Won
964,491,2925,7.23,Won
965,491,1449,6.58,Won
966,492,3897,2.29,Void
967,492,3007,7.36,Void
968,493,5534,7.53,Won
969,494,1077,8.08,Lost
970,495,6150,1.29,Won
971,495,3,3.51,Won
972,496,6273,2.45,Pending
973,496,4815,3.26,Pending
974,497,1299,8.12,Won
975,497,9123,7.92,Won
976,498,7590,3.27,Pending
977,498,8146,1.23,Pending
978,499,1818,2.58,Won
979,499,5848,5.08,Won
980,499,7485,3.88,Lost
981,500,759,2.79,Won
982,501,8131,6.47,Won
983,501,7055,1.33,Won
984,502,8554,7.19,Pending
985,502,6147,5.86,Pending
986,503,2010,2.39,Won
987,503,977,4.18,Won
988,504,5828,5.19,Lost
989,505,2997,5.47,Lost
990,506,6339,1.74,Pending
991,507,5650,3.67,Lost
992,508,7693,6.83,Won
993,508,1862,5.59,Won
994,509,770,8.07,Won
995,510,5696,4.25,Lost
996,510,7841,8.05,Lost
997,510,6260,5.67,Won
998,511,5724,7.97,Won
999,511,1551,3.95,Won
1000,511,3344,3.95,Won
1001,512,635,1.3,Pending
1002,512,3341,6.8,Pending
1003,512,5944,1.45,Pending
1004,513,3994,4.31,Void
1005,513,6294,8.25,Void
1006,514,6381,2.83,Lost
1007,514,4647,4.22,Lost
1008,514,126,6.66,Won
1009,515,5898,1.62,Void
1010,516,4600,1.44,Pending
1011,516,6573,4.85,Pending
1012,517,1517,5.8,Won
1013,517,2066,2.58,Won
1014,517,7720,6.79,Won
1015,518,9700,4.07,Void
1016,518,3729,6.61,Void
1017,518,4167,3.57,Void
1018,519,6954,1.75,Won
1019,520,7424,7.86,Won
1020,521,7410,8.13,Won
1021,521,7004,1.15,Won
1022,521,4403,5.33,Won
1023,522,2218,1.89,Won
1024,523,2050,5.08,Won
1025,524,846,5.13,Won
1026,525,3630,2.66,Pending
1027,525,5166,7.71,Pending
1028,526,5109,2.04,Pending
1029,527,5417,3.28,Pending
1030,527,8016,1.15,Pending
1031,528,4189,1.35,Pending
1032,529,3102,1.43,Pending
1033,530,9630,3.48,Lost
1034,530,1678,7.56,Won
1035,531,7522,3.64,Pending
1036,531,6328,2.86,Pending
1037,531,5976,6.06,Pending
1038,532,1627,5.59,Pending
1039,532,9150,4.94,Pending
1040,533,8999,4.45,Pending
1041,533,5414,4.69,Pending
1042,534,438,8.23,Void
1043,534,8715,2.73,Void
1044,534,7875,8.41,Void
1045,535,5388,1.14,Won
1046,536,8694,7.11,Lost
1047,537,8003,6.04,Pending
1048,538,4749,3.48,Won
1049,538,8687,4.79,Won
1050,539,3216,5.28,Won
1051,540,5014,5.65,Won
1052,540,863,7.76,Won
1053,541,4571,1.5,Won
1054,542,1430,4.45,Pending
1055,542,6796,8.45,Pending
1056,543,1933,7.55,Won
1057,543,203,6.3,Won
1058,544,4901,8.15,Won
1059,545,5261,4.38,Won
1060,545,4967,2.34,Won
1061,545,5845,3.07,Won
1062,546,9789,3.72,Won
1063,546,981,4.3,Won
1064,546,5906,4.44,Won
1065,547,6013,8.22,Won
1066,548,5591,1.13,Won
1067,549,3091,4.61,Pending
1068,549,3686,7.45,Pending
1069,550,4376,5.21,Won
1070,550,2736,4.64,Won
1071,551,1943,2.12,Pending
1072,552,1938,4.48,Pending
1073,552,9820,6.41,Pending
1074,553,5136,6.1,Lost
1075,553,8292,6.73,Lost
1076,554,6106,2.29,Pending
1077,554,7902,5.19,Pending
1078,554,1858,1.81,Pending
1079,555,4148,2.43,Won
1080,555,9854,6.69,Won
1081,555,2838,3.36,Won
1082,556,2376,5.79,Won
1083,557,3905,5.43,Lost
1084,557,2341,7.63,Lost
1085,558,7243,5.93,Pending
1086,558,5041,7.8,Pending
1087,559,2098,7.05,Won
1088,560,7990,2.36,Pending
1089,560,5127,7.98,Pending
1090,561,4916,3.84,Won
1091,561,7433,5.7,Won
1092,562,6037,6.28,Won
1093,562,1089,8.07,Won
1094,563,5556,7.76,Won
1095,563,8987,8.27,Lost
1096,563,7523,7.15,Lost
1097,564,5243,2.06,Pending
1098,565,3240,3.59,Lost
1099,565,3894,2.5,Won
1100,566,835,1.82,Won
1101,566,9431,7.78,Won
1102,567,6257,2.84,Lost
1103,567,696,6.88,Won
1104,568,5936,4.68,Won
1105,568,3933,6.72,Lost
1106,569,5784,6.15,Won
1107,569,7068,6.81,Won
1108,570,7416,4.52,Void
1109,570,2410,6.53,Void
1110,570,7498,5.78,Void
1111,571,8759,6.08,Won
1112,571,1363,4.22,Lost
1113,571,1102,4.48,Won
1114,572,7529,2.94,Won
1115,572,3203,4.88,Won
1116,573,6877,4.14,Won
1117,574,5380,4.12,Won
1118,575,7603,8.4,Pending
1119,576,9185,6.63,Won
1120,576,8411,6.3,Won
1121,576,9288,5.47,Won
1122,577,5545,2.25,Won
1123,577,2097,7.11,Lost
1124,578,837,8.1,Pending
1125,578,9676,5.57,Pending
1126,578,8513,3.59,Pending
1127,579,2953,3.76,Won
1128,579,1197,2.34,Won
1129,579,6645,8.2,Won
1130,580,2103,1.31,Won
1131,581,9062,1.62,Won
1132,582,3980,5.97,Lost
1133,582,1236,1.48,Lost
1134,583,8325,3.27,Won
1135,583,9357,2.18,Won
1136,584,9972,7.48,Lost
1137,584,4845,5.83,Lost
1138,585,4679,1.69,Won
1139,585,60,3.92,Won
1140,586,4504,1.48,Won
1141,586,5436,2.59,Won
1142,586,8879,5.21,Won
1143,587,8827,6.75,Won
1144,587,7883,2.63,Won
1145,588,3036,1.6,Pending
1146,588,1102,4.48,Pending
1147,588,1362,3.67,Pending
1148,589,9402,1.89,Lost
1149,590,9603,2.54,Won
1150,590,437,4.23,Won
1151,590,8522,4.48,Won
1152,591,3008,6.84,Lost
1153,591,3424,8.11,Lost
1154,591,5741,6.62,Won
1155,592,6565,6.27,Pending
1156,592,2009,5.97,Pending
1157,593,8416,7.6,Won
1158,594,1135,1.5,Pending
1159,595,1027,3.74,Pending
1160,596,6503,7.63,Pending
1161,596,4844,7.09,Pending
1162,596,3927,1.46,Pending
1163,597,524,3.93,Pending
1164,597,8258,8.23,Pending
1165,598,4531,5.1,Won
1166,599,524,3.93,Pending
1167,600,5224,1.6,Won
1168,601,4396,3.88,Won
1169,601,3074,2.56,Won
1170,601,7227,4.5,Lost
1171,602,9244,2.47,Lost
1172,603,1408,1.1,Pending
1173,604,7380,5.4,Won
1174,604,6295,7.31,Won
1175,604,4001,7.53,Won
1176,605,5843,7.77,Won
1177,605,6977,6.62,Won
1178,605,1642,5.26,Won
1179,606,6020,5.99,Won
1180,606,5363,4.62,Lost
1181,606,350,2.54,Lost
1182,607,3772,3.13,Won
1183,607,7667,4.92,Lost
1184,608,9234,5.22,Won
1185,608,5199,4.3,Won
1186,609,6615,7.09,Won
1187,610,828,6.53,Lost
1188,611,5626,5.34,Won
1189,612,1482,6.83,Pending
1190,612,3765,6.75,Pending
1191,612,6378,7.06,Pending
1192,613,4374,1.88,Void
1193,614,6110,6.41,Lost
1194,614,320,5.32,Lost
1195,615,352,8.45,Won
1196,615,8579,2.48,Won
1197,615,4434,1.96,Lost
1198,616,559,7.89,Won
1199,617,8238,6.8,Won
1200,618,1812,1.74,Won
1201,618,3683,7.61,Won
1202,618,2919,8.42,Won
1203,619,3000,8.41,Pending
1204,619,5027,6.03,Pending
1205,619,3059,2.28,Pending
1206,620,814,2.12,Pending
1207,620,9125,1.34,Pending
1208,620,9402,1.89,Pending
1209,621,9734,1.71,Pending
1210,622,3828,5.3,Won
1211,623,6155,6.93,Won
1212,624,3486,1.45,Won
1213,624,1523,6.97,Won
1214,624,6648,3.06,Won
1215,625,3446,3.19,Pending
1216,625,3668,4.8,Pending
1217,626,6075,4.59,Pending
1218,627,2830,5.8,Won
1219,628,455,6.03,Won
1220,629,7506,7.3,Pending
1221,629,2009,5.97,Pending
1222,629,3899,6.34,Pending
1223,630,8951,2.71,Lost
1224,630,6252,2.44,Won
1225,631,2577,6.24,Won
1226,631,2906,3.33,Won
1227,632,7383,7.33,Pending
1228,632,1749,4.67,Pending
1229,632,905,1.56,Pending
1230,633,4566,1.45,Won
1231,633,2675,4.51,Won
1232,633,2115,3.23,Lost
1233,634,6727,6.37,Pending
1234,634,3301,2.41,Pending
1235,634,3068,5.53,Pending
1236,635,3266,3.29,Pending
1237,635,9672,1.36,Pending
1238,636,6365,5.72,Pending
1239,636,8136,6.44,Pending
1240,636,6874,4.15,Pending
1241,637,1228,5.26,Won
1242,637,3915,1.29,Won
1243,638,8417,8.13,Won
1244,638,7167,6.25,Won
1245,638,5612,6.43,Won
1246,639,8253,2.75,Pending
1247,639,7259,2.2,Pending
1248,640,9741,6.6,Pending
1249,640,6303,2.05,Pending
1250,641,7666,4.46,Pending
1251,641,9107,7.22,Pending
1252,641,3246,6.75,Pending
1253,642,1650,4.59,Lost
1254,642,2801,7.78,Won
1255,642,8210,2.24,Lost
1256,643,1003,3.0,Won
1257,643,490,3.83,Won
1258,644,790,4.83,Pending
1259,644,8838,3.99,Pending
1260,645,1595,3.55,Pending
1261,645,3181,3.46,Pending
1262,646,8367,5.7,Lost
1263,646,945,7.26,Lost
1264,646,85,4.19,Lost
1265,647,5325,1.57,Won
1266,648,8433,2.93,Won
1267,649,3942,4.74,Lost
1268,649,4327,5.52,Won
1269,650,7881,1.28,Pending
1270,650,6795,4.43,Pending
1271,650,8694,7.11,Pending
1272,651,989,2.86,Won
1273,651,8232,4.1,Won
1274,652,4019,2.58,Won
1275,652,7107,2.72,Won
1276,652,9836,2.22,Won
1277,653,4889,6.2,Pending
1278,654,6039,1.72,Won
1279,654,7679,6.07,Won
1280,655,3446,3.19,Won
1281,655,4183,3.16,Won
1282,656,2733,6.54,Lost
1283,656,2651,8.12,Lost
1284,657,8121,3.47,Won
1285,657,6053,4.61,Won
1286,657,4718,6.85,Won
1287,658,7804,1.74,Won
1288,659,279,2.17,Won
1289,659,3823,3.85,Won
1290,659,3053,7.6,Won
1291,660,983,6.0,Won
1292,660,3917,3.01,Won
1293,661,6890,8.02,Lost
1294,661,2834,1.96,Won
1295,662,9266,7.65,Lost
1296,662,789,8.35,Lost
1297,663,4981,1.9,Pending
1298,663,513,1.63,Pending
1299,663,9156,4.58,Pending
1300,664,4159,5.5,Pending
1301,665,5458,5.64,Won
1302,666,7067,2.9,Won
1303,667,7568,6.29,Won
1304,667,4876,5.14,Won
1305,668,2059,1.42,Won
1306,668,6089,1.58,Won
1307,669,4423,1.16,Pending
1308,669,4992,3.03,Pending
1309,669,2181,2.21,Pending
1310,670,5064,5.83,Won
1311,670,90,5.49,Won
1312,670,4214,6.26,Won
1313,671,5849,1.93,Won
1314,671,3989,3.03,Won
1315,671,90,5.49,Won
1316,672,4672,6.16,Won
1317,672,4412,5.01,Won
1318,672,1661,6.94,Won
1319,673,2866,2.75,Pending
1320,674,474,2.78,Pending
1321,674,6674,3.45,Pending
1322,674,3108,6.39,Pending
1323,675,4019,2.58,Pending
1324,675,9233,5.64,Pending
1325,675,1937,7.84,Pending
1326,676,5898,1.62,Pending
1327,677,5813,3.14,Void
1328,678,187,1.49,Lost
1329,679,5807,7.34,Won
1330,679,9823,7.31,Won
1331,679,8211,6.49,Won
1332,680,3744,6.93,Won
1333,680,57,2.23,Won
1334,681,5845,3.07,Pending
1335,682,4696,4.05,Lost
1336,682,593,1.3,Won
1337,682,9827,5.38,Lost
1338,683,5719,2.16,Pending
1339,683,5509,7.59,Pending
1340,684,3734,5.74,Pending
1341,684,1814,3.64,Pending
1342,684,3379,7.4,Pending
1343,685,9963,7.16,Won
1344,685,2032,3.16,Won
1345,685,9492,7.89,Won
1346,686,7395,2.44,Pending
1347,686,5072,7.21,Pending
1348,686,5887,3.66,Pending
1349,687,1258,2.58,Won
1350,687,6142,6.08,Won
1351,687,3677,8.46,Lost
1352,688,1211,7.21,Pending
1353,688,310,4.96,Pending
1354,688,3656,7.67,Pending
1355,689,6589,6.64,Won
1356,689,4638,4.53,Won
1357,690,7638,1.46,Void
1358,691,3014,7.99,Won
1359,691,2396,4.29,Won
1360,692,9686,5.81,Won
1361,692,2202,3.37,Won
1362,693,4007,7.13,Lost
1363,693,2087,7.71,Won
1364,694,9705,3.82,Pending
1365,694,9780,3.75,Pending
1366,694,5817,1.86,Pending
1367,695,9379,2.02,Lost
1368,696,2592,2.86,Won
1369,697,4780,1.27,Pending
1370,697,4059,1.55,Pending
1371,698,6564,3.86,Pending
1372,698,2512,1.18,Pending
1373,699,3052,4.27,Lost
1374,699,4217,4.9,Won
1375,700,609,6.1,Lost
1376,701,5776,8.3,Won
1377,702,1057,5.91,Won
1378,702,6856,5.14,Won
1379,702,1752,3.4,Won
1380,703,6089,1.58,Won
1381,703,200,2.25,Won
1382,703,8128,7.16,Won
1383,704,8520,7.74,Won
1384,704,4100,5.47,Won
1385,704,4223,2.94,Won
1386,705,6621,6.76,Won
1387,705,6832,7.02,Won
1388,706,1388,5.77,Won
1389,707,713,8.25,Pending
1390,708,3268,8.37,Won
1391,708,3691,2.5,Won
1392,708,8461,6.41,Won
1393,709,8462,2.83,Won
1394,710,6109,1.71,Pending
1395,710,3368,3.16,Pending
1396,711,8768,2.12,Pending
1397,711,855,5.1,Pending
1398,712,5758,2.01,Pending
1399,712,97,8.11,Pending
1400,713,3369,5.22,Lost
1401,714,2609,8.16,Won
1402,715,380,2.03,Pending
1403,715,5568,4.98,Pending
1404,716,9016,8.42,Won
1405,716,7348,5.85,Won
1406,717,2611,3.48,Pending
1407,717,1895,8.36,Pending
1408,717,157,7.82,Pending
1409,718,7557,8.45,Won
1410,718,9145,2.52,Won
1411,719,5288,2.05,Won
1412,719,3921,5.17,Won
1413,719,2031,2.79,Won
1414,720,9575,1.21,Won
1415,720,5884,1.99,Won
1416,721,1362,3.67,Pending
1417,721,6486,1.51,Pending
1418,721,9140,6.62,Pending
1419,722,14,4.27,Won
1420,722,4037,1.77,Won
1421,722,3518,6.43,Won
1422,723,7256,2.77,Lost
1423,723,661,1.65,Lost
1424,723,2242,7.63,Lost
1425,724,1519,7.89,Won
1426,725,558,7.81,Won
1427,725,5694,7.47,Won
1428,725,166,5.41,Won
1429,726,3800,1.51,Won
1430,727,8793,2.71,Lost
1431,728,9274,1.26,Won
1432,728,2356,3.57,Won
1433,729,6984,3.46,Won
1434,730,7129,3.98,Lost
1435,731,2106,2.74,Won
1436,732,4324,3.51,Pending
1437,732,8575,1.94,Pending
1438,732,702,6.18,Pending
1439,733,8176,7.72,Pending
1440,733,2513,2.89,Pending
1441,733,129,4.85,Pending
1442,734,9896,4.55,Pending
1443,735,409,2.85,Won
1444,735,2550,2.0,Lost
1445,735,6775,4.42,Won
1446,736,9034,5.37,Won
1447,736,3180,7.16,Won
1448,737,5349,7.45,Won
1449,737,828,6.53,Won
1450,738,9691,5.41,Won
1451,738,863,7.76,Lost
1452,738,5452,4.99,Lost
1453,739,4145,3.44,Pending
1454,739,3603,2.6,Pending
1455,739,2963,2.65,Pending
1456,740,1485,7.87,Pending
1457,740,9404,4.82,Pending
1458,741,4151,7.82,Won
1459,741,3090,2.37,Won
1460,741,7546,3.49,Won
1461,742,3066,8.31,Won
1462,742,5251,2.95,Won
1463,742,5856,5.16,Won
1464,743,1502,5.5,Pending
1465,743,6407,3.21,Pending
1466,744,8465,3.0,Won
1467,745,944,3.72,Won
1468,745,4554,4.84,Won
1469,746,1432,2.75,Won
1470,747,2178,3.52,Won
1471,748,8628,2.5,Pending
1472,748,6634,4.93,Pending
1473,748,7941,6.14,Pending
1474,749,3011,8.17,Won
1475,750,9582,8.39,Won
1476,750,560,4.27,Won
1477,750,9170,2.15,Won
1478,751,7701,5.73,Won
1479,751,4633,2.57,Won
1480,751,9404,4.82,Won
1481,752,6468,2.23,Pending
1482,752,8457,4.25,Pending
1483,753,4608,7.1,Won
1484,754,8592,3.07,Pending
1485,754,9109,1.96,Pending
1486,754,9268,1.55,Pending
1487,755,4053,1.72,Pending
1488,756,9347,2.64,Won
1489,756,7742,3.46,Lost
1490,756,6557,4.15,Won
1491,757,9047,5.83,Won
1492,757,4375,6.98,Won
1493,757,4878,1.36,Won
1494,758,3071,2.82,Pending
1495,759,1390,7.44,Won
1496,759,5730,6.17,Won
1497,760,4125,8.31,Won
1498,761,1917,6.21,Won
1499,762,1821,7.25,Won
1500,762,5890,7.74,Won
1501,763,2695,5.99,Won
1502,763,652,7.83,Won
1503,763,9866,1.91,Won
1504,764,7836,5.5,Pending
1505,764,9209,5.55,Pending
1506,765,3388,5.74,Won
1507,765,6698,4.19,Won
1508,766,3194,3.5,Won
1509,766,6374,8.32,Won
1510,767,3779,7.0,Lost
1511,767,4753,1.15,Lost
1512,767,9224,6.75,Lost
1513,768,8281,4.42,Pending
1514,768,7075,5.09,Pending
1515,769,5635,7.82,Won
1516,770,5955,3.63,Won
1517,771,2168,8.01,Pending
1518,771,7668,5.35,Pending
1519,771,7756,4.16,Pending
1520,772,6637,3.6,Won
1521,772,7442,6.72,Lost
1522,772,281,7.08,Lost
1523,773,241,8.41,Pending
1524,774,1428,7.87,Won
1525,775,3567,2.82,Lost
1526,775,5589,5.1,Won
1527,776,7908,3.7,Pending
1528,776,4483,5.13,Pending
1529,777,1623,2.44,Pending
1530,777,8456,4.73,Pending
1531,778,213,7.0,Won
1532,779,8559,7.7,Won
1533,779,2370,7.49,Won
1534,780,5087,4.17,Won
1535,780,6817,3.12,Won
1536,780,7083,1.12,Lost
1537,781,892,8.08,Won
1538,781,8667,6.04,Won
1539,782,3274,7.64,Won
1540,782,2307,7.76,Won
1541,783,3204,1.78,Won
1542,783,1986,3.18,Won
1543,783,8191,5.7,Won
1544,784,6273,2.45,Won
1545,784,1023,7.57,Won
1546,785,9284,3.62,Won
1547,786,9477,7.8,Lost
1548,787,7003,5.65,Pending
1549,788,3958,7.49,Won
1550,789,2897,6.8,Lost
1551,789,4420,7.29,Lost
1552,790,885,2.57,Pending
1553,790,7979,1.89,Pending
1554,790,3809,6.17,Pending
1555,791,2248,1.85,Pending
1556,791,9854,6.69,Pending
1557,792,4304,6.45,Void
1558,792,5425,3.59,Void
1559,792,6753,2.72,Void
1560,793,39,2.64,Pending
1561,793,4383,5.27,Pending
1562,793,3736,2.64,Pending
1563,794,2319,5.42,Won
1564,794,8896,3.67,Won
1565,795,3437,2.37,Won
1566,795,6180,5.21,Won
1567,795,4030,4.37,Won
1568,796,505,3.99,Pending
1569,797,4067,4.55,Won
1570,798,2223,3.42,Won
1571,798,9115,6.22,Lost
1572,798,4947,3.77,Won
1573,799,7715,5.48,Won
1574,799,4656,4.5,Won
1575,799,5131,4.49,Won
1576,800,4072,6.71,Won
1577,801,9203,5.48,Lost
1578,801,969,1.7,Lost
1579,802,1321,7.13,Pending
1580,802,814,2.12,Pending
1581,802,6741,5.39,Pending
1582,803,856,2.58,Lost
1583,803,7264,1.84,Won
1584,803,6636,3.71,Won
1585,804,7669,2.6,Won
1586,804,9321,4.71,Lost
1587,805,5722,3.99,Pending
1588,805,5190,7.8,Pending
1589,806,2974,1.53,Won
1590,806,764,1.17,Won
1591,806,6127,2.63,Won
1592,807,8517,1.12,Pending
1593,807,4431,6.26,Pending
1594,808,903,6.45,Won
1595,808,9011,4.52,Won
1596,809,507,8.03,Won
1597,810,1280,4.57,Won
1598,810,8357,1.96,Won
1599,811,5842,4.49,Void
1600,811,6495,6.44,Void
1601,811,2628,7.38,Void
1602,812,3591,6.38,Won
1603,812,718,4.51,Won
1604,813,5358,4.92,Pending
1605,813,2799,5.84,Pending
1606,813,5360,1.89,Pending
1607,814,5273,4.85,Won
1608,814,2449,8.48,Won
1609,815,7961,5.22,Won
1610,815,1652,5.67,Won
1611,815,978,8.03,Won
1612,816,8045,2.32,Won
1613,816,3744,6.93,Lost
1614,817,3800,1.51,Won
1615,817,694,3.76,Won
1616,817,7887,5.3,Won
1617,818,3180,7.16,Void
1618,819,4719,1.33,Won
1619,820,9180,5.25,Won
1620,820,9727,5.49,Won
1621,820,9400,2.3,Won
1622,821,6162,1.53,Lost
1623,821,8342,2.57,Lost
1624,822,433,5.68,Void
1625,822,6279,5.93,Void
1626,822,2488,1.95,Void
1627,823,1057,5.91,Won
1628,823,3695,2.31,Lost
1629,824,506,1.81,Void
1630,824,4551,1.22,Void
1631,824,289,4.66,Void
1632,825,9219,6.75,Won
1633,825,2972,6.27,Won
1634,825,2959,1.79,Won
1635,826,8401,5.08,Won
1636,827,2962,6.44,Lost
1637,828,1964,1.83,Won
1638,828,7851,1.73,Won
1639,829,5975,1.73,Pending
1640,830,1484,7.06,Won
1641,830,9732,6.9,Won
1642,831,4046,3.27,Won
1643,832,1840,1.57,Pending
1644,833,6126,1.5,Won
1645,834,8889,7.88,Won
1646,834,6465,8.28,Won
1647,834,8680,4.86,Won
1648,835,6867,3.78,Won
1649,836,2485,5.62,Pending
1650,836,3830,2.0,Pending
1651,837,1267,2.81,Won
1652,838,7549,7.9,Won
1653,838,2175,4.69,Lost
1654,839,5729,2.3,Pending
1655,839,429,3.65,Pending
1656,839,655,1.71,Pending
1657,840,55,1.23,Won
1658,840,59,3.88,Won
1659,841,2938,2.42,Won
1660,842,436,1.13,Pending
1661,842,4971,7.07,Pending
1662,843,8870,8.03,Pending
1663,843,8807,3.24,Pending
1664,844,8631,4.35,Won
1665,844,643,3.16,Won
1666,845,4237,1.8,Pending
1667,845,4328,7.66,Pending
1668,846,9319,3.73,Won
1669,846,4330,7.69,Won
1670,847,3243,1.39,Won
1671,847,646,1.15,Won
1672,848,2857,2.85,Won
1673,848,8772,6.79,Won
1674,849,6840,6.08,Won
1675,850,2968,1.9,Pending
1676,850,5854,4.64,Pending
1677,851,6813,4.84,Won
1678,851,8115,3.27,Won
1679,851,9999,2.56,Won
1680,852,8863,8.15,Void
1681,852,4300,3.51,Void
1682,853,5834,7.92,Void
1683,853,4697,7.68,Void
1684,854,6956,6.6,Pending
1685,855,908,3.33,Pending
1686,855,7874,1.29,Pending
1687,855,7147,3.52,Pending
1688,856,2764,4.9,Won
1689,857,733,7.28,Won
1690,857,5124,7.97,Won
1691,857,8058,8.44,Won
1692,858,1584,2.05,Pending
1693,858,9923,7.63,Pending
1694,859,4844,7.09,Lost
1695,859,9279,4.56,Lost
1696,859,3036,1.6,Won
1697,860,539,7.86,Pending
1698,860,4344,2.69,Pending
1699,861,7118,7.64,Won
1700,862,4094,7.33,Pending
1701,862,5447,8.32,Pending
1702,863,5999,5.73,Pending
1703,863,8218,6.03,Pending
1704,864,8196,3.68,Won
1705,864,2944,2.48,Won
1706,865,9626,4.88,Won
1707,865,3523,3.75,Won
1708,865,7706,6.58,Won
1709,866,9881,5.33,Won
1710,867,6545,2.49,Won
1711,867,1155,5.61,Won
1712,868,9409,1.11,Won
1713,868,3732,1.64,Won
1714,869,8091,8.03,Pending
1715,870,6896,4.49,Pending
1716,870,9900,7.11,Pending
1717,871,1310,7.32,Lost
1718,872,9404,4.82,Pending
1719,872,6312,5.5,Pending
1720,873,1265,7.24,Pending
1721,874,2053,5.65,Lost
1722,875,5998,8.39,Void
1723,876,1994,2.52,Won
1724,876,8621,4.44,Won
1725,877,5275,5.57,Void
1726,878,5550,2.08,Won
1727,878,7606,3.58,Won
1728,879,7873,4.05,Pending
1729,879,3516,6.91,Pending
1730,880,7751,3.47,Void
1731,880,448,2.99,Void
1732,881,8617,3.27,Won
1733,882,1081,7.29,Pending
1734,882,8783,3.54,Pending
1735,883,8016,1.15,Won
1736,883,9873,3.64,Won
1737,884,812,7.47,Won
1738,884,6380,6.66,Won
1739,885,3025,5.32,Pending
1740,885,7089,6.85,Pending
1741,886,5126,7.95,Won
1742,886,3889,8.33,Won
1743,887,1507,5.28,Pending
1744,887,2539,3.24,Pending
1745,887,4428,5.18,Pending
1746,888,2245,4.36,Won
1747,888,6201,5.18,Won
1748,889,4447,3.98,Won
1749,889,5515,6.53,Won
1750,890,1934,5.8,Pending
1751,891,2484,3.23,Lost
1752,891,9496,5.64,Won
1753,891,8443,8.12,Lost
1754,892,491,1.84,Won
1755,892,4668,5.17,Lost
1756,893,5900,7.04,Won
1757,893,3932,2.14,Won
1758,893,7254,7.08,Won
1759,894,5578,8.39,Won
1760,895,5189,2.34,Won
1761,895,5723,4.4,Won
1762,896,119,7.98,Won
1763,897,4529,1.74,Pending
1764,898,9521,1.17,Pending
1765,899,4484,1.35,Pending
1766,899,9266,7.65,Pending
1767,900,4442,7.42,Lost
1768,900,1719,5.67,Lost
1769,901,2441,3.3,Pending
1770,901,2966,7.41,Pending
1771,901,3422,1.69,Pending
1772,902,2584,8.2,Won
1773,902,6862,5.19,Won
1774,902,8000,3.27,Won
1775,903,539,7.86,Won
1776,903,9968,2.0,Won
1777,904,3696,4.06,Lost
1778,904,2586,4.78,Lost
1779,904,8665,8.34,Won
1780,905,7859,4.18,Won
1781,905,5210,6.34,Won
1782,906,1603,4.02,Won
1783,907,4935,5.46,Lost
1784,908,1582,4.63,Won
1785,908,4874,5.46,Won
1786,909,7634,2.61,Won
1787,909,1235,2.33,Won
1788,909,4541,8.16,Won
1789,910,8174,5.68,Lost
1790,910,3446,3.19,Won
1791,911,8302,6.31,Won
1792,911,7059,1.35,Won
1793,912,9500,8.09,Won
1794,913,897,6.4,Won
1795,913,1819,4.83,Won
1796,913,3888,1.29,Won
1797,914,4005,6.28,Lost
1798,914,9185,6.63,Lost
1799,915,9125,1.34,Won
1800,916,3794,1.61,Won
1801,916,3596,2.01,Won
1802,917,287,3.97,Void
1803,917,6128,6.71,Void
1804,917,5878,6.77,Void
1805,918,9703,3.82,Pending
1806,918,8760,8.28,Pending
1807,918,2208,1.91,Pending
1808,919,5742,1.99,Pending
1809,919,6805,2.08,Pending
1810,920,6606,3.31,Won
1811,920,6730,7.22,Won
1812,921,2805,8.31,Won
1813,922,8959,7.35,Won
1814,922,7092,1.2,Won
1815,923,7460,2.59,Pending
1816,923,4665,8.27,Pending
1817,924,1052,6.18,Lost
1818,924,6173,2.46,Won
1819,925,8739,7.51,Lost
1820,926,8411,6.3,Pending
1821,926,7758,3.87,Pending
1822,926,4187,1.82,Pending
1823,927,2213,5.11,Won
1824,927,8065,1.63,Won
1825,928,3405,5.85,Won
1826,928,3320,1.17,Won
1827,929,5282,1.95,Pending
1828,929,217,3.0,Pending
1829,930,3341,6.8,Won
1830,931,6310,1.28,Won
1831,932,188,6.93,Lost
1832,932,9418,1.62,Won
1833,932,1750,7.38,Lost
1834,933,495,5.33,Pending
1835,933,93,2.15,Pending
1836,934,304,3.52,Lost
1837,934,7270,5.84,Won
1838,935,1608,6.82,Pending
1839,935,8446,2.7,Pending
1840,936,2009,5.97,Won
1841,937,1905,2.03,Won
1842,938,445,7.15,Pending
1843,939,6699,7.29,Won
1844,939,2845,7.94,Lost
1845,940,4426,4.9,Pending
1846,940,5307,2.31,Pending
1847,941,202,7.48,Pending
1848,941,9405,2.62,Pending
1849,941,2362,2.81,Pending
1850,942,7159,4.66,Pending
1851,943,2480,3.51,Void
1852,943,2050,5.08,Void
1853,944,9941,2.17,Lost
1854,945,7569,2.76,Pending
1855,945,7549,7.9,Pending
1856,946,5253,7.72,Won
1857,947,2026,5.31,Lost
1858,948,4458,3.85,Won
1859,948,4827,5.8,Won
1860,948,6868,1.78,Won
1861,949,4231,6.78,Lost
1862,949,3627,5.81,Won
1863,950,1766,6.6,Won
1864,951,7996,7.46,Won
1865,951,8987,8.27,Won
1866,952,2214,3.36,Won
1867,953,847,4.39,Lost
1868,953,533,5.38,Lost
1869,954,7341,5.65,Pending
1870,955,4599,4.2,Pending
1871,955,9422,6.71,Pending
1872,956,9920,6.32,Won
1873,956,3134,7.38,Won
1874,956,6306,1.47,Lost
1875,957,2274,6.37,Lost
1876,958,4614,1.17,Pending
1877,958,1611,7.48,Pending
1878,959,3142,7.94,Pending
1879,959,4150,5.02,Pending
1880,959,129,4.85,Pending
1881,960,4135,7.95,Won
1882,961,2092,6.15,Pending
1883,962,5095,7.43,Won
1884,962,8290,7.47,Lost
1885,963,6449,5.69,Pending
1886,964,8923,3.09,Won
1887,964,4103,5.96,Won
1888,965,2702,7.05,Won
1889,965,1343,3.46,Won
1890,965,7391,1.11,Won
1891,966,6005,6.37,Lost
1892,966,7977,4.9,Lost
1893,966,8275,4.45,Won
1894,967,7497,4.1,Void
1895,967,371,3.89,Void
1896,968,4029,4.99,Won
1897,968,5138,6.31,Lost
1898,969,494,5.23,Won
1899,969,1827,7.38,Won
1900,969,4747,6.16,Won
1901,970,7362,3.5,Pending
1902,970,2176,8.49,Pending
1903,970,838,7.97,Pending
1904,971,3092,6.04,Won
1905,971,1301,4.89,Won
1906,971,8240,3.15,Won
1907,972,2155,5.49,Won
1908,972,1328,7.5,Won
1909,973,2793,2.4,Pending
1910,974,9715,3.06,Won
1911,975,375,5.85,Won
1912,975,1363,4.22,Won
1913,976,1185,3.16,Pending
1914,976,5370,2.08,Pending
1915,976,3607,1.33,Pending
1916,977,6448,7.03,Won
1917,978,8507,1.61,Won
1918,978,1560,6.98,Won
1919,979,8197,6.6,Won
1920,980,2300,3.73,Pending
1921,981,2518,1.64,Won
1922,981,9282,1.37,Won
1923,981,2943,7.02,Won
1924,982,9587,5.28,Void
1925,983,9987,3.18,Won
1926,983,8561,7.86,Won
1927,984,5834,7.92,Pending
1928,984,9443,6.03,Pending
1929,984,8938,7.41,Pending
1930,985,9609,6.52,Won
1931,986,4100,5.47,Won
1932,986,1923,6.0,Won
1933,986,9701,5.91,Won
1934,987,1532,5.51,Pending
1935,987,2747,4.69,Pending
1936,987,2756,1.15,Pending
1937,988,8798,1.26,Won
1938,988,4035,6.57,Won
1939,989,5550,2.08,Void
1940,989,6589,6.64,Void
1941,990,8668,5.61,Lost
1942,991,1624,8.02,Won
1943,992,499,5.95,Won
1944,992,1264,7.59,Won
1945,993,2634,1.16,Won
1946,993,2947,3.44,Lost
1947,994,2297,3.69,Won
1948,994,8311,4.41,Lost
1949,994,7421,5.94,Lost
1950,995,8805,8.14,Won
1951,995,2786,7.44,Won
1952,995,5315,2.25,Won
1953,996,1825,4.52,Won
1954,996,932,5.27,Won
1955,996,7262,5.4,Won
1956,997,5501,6.59,Won
1957,997,6025,1.43,Won
1958,998,8895,3.71,Void
1959,998,5579,1.34,Void
1960,999,1023,7.57,Pending
1961,1000,2352,4.51,Pending
1962,1000,121,7.64,Pending
1963,1000,4104,6.51,Pending
1964,1001,2975,3.37,Won
1965,1001,8537,3.2,Won
1966,1001,2151,8.27,Won
1967,1002,2897,6.8,Pending
1968,1002,7149,7.49,Pending
1969,1002,5458,5.64,Pending
1970,1003,7148,4.07,Pending
1971,1003,2249,1.93,Pending
1972,1004,7337,6.86,Won
1973,1005,2087,7.71,Won
1974,1005,6296,4.53,Won
1975,1005,86,4.38,Won
1976,1006,8222,2.45,Pending
1977,1006,4663,4.46,Pending
1978,1006,1885,1.2,Pending
1979,1007,4928,3.58,Won
1980,1007,5080,5.94,Won
1981,1008,2116,3.27,Pending
1982,1008,2196,3.7,Pending
1983,1008,6163,8.44,Pending
1984,1009,6383,2.09,Pending
1985,1009,5203,4.91,Pending
1986,1010,2295,4.36,Pending
1987,1010,7759,8.02,Pending
1988,1011,2644,1.28,Won
1989,1011,5341,4.2,Won
1990,1012,2651,8.12,Lost
1991,1012,8350,2.9,Lost
1992,1012,3802,6.27,Won
1993,1013,8366,1.27,Pending
1994,1013,9608,6.82,Pending
1995,1014,7568,6.29,Won
1996,1014,4674,4.59,Won
1997,1014,7368,1.91,Won
1998,1015,5778,1.92,Won
1999,1016,8985,1.25,Won
2000,1016,3397,3.89,Lost
2001,1017,4484,1.35,Lost
2002,1018,4674,4.59,Pending
2003,1018,6771,2.25,Pending
2004,1018,5335,7.61,Pending
2005,1019,719,2.79,Won
2006,1019,3053,7.6,Lost
2007,1019,1709,4.49,Won
2008,1020,8920,2.7,Won
2009,1020,4494,3.73,Won
2010,1021,3619,5.79,Won
2011,1021,9508,6.16,Won
2012,1021,5623,3.55,Won
2013,1022,1863,6.21,Won
2014,1022,3739,2.27,Won
2015,1023,8260,2.02,Won
2016,1024,5544,4.83,Pending
2017,1024,902,2.57,Pending
2018,1024,5069,3.95,Pending
2019,1025,8764,8.03,Pending
2020,1025,1023,7.57,Pending
2021,1025,5818,4.64,Pending
2022,1026,9121,2.88,Won
2023,1026,7067,2.9,Won
2024,1026,2653,5.98,Won
2025,1027,3995,4.41,Pending
2026,1028,7225,6.21,Won
2027,1029,180,2.06,Won
2028,1029,6393,5.2,Lost
2029,1030,6172,1.4,Won
2030,1030,904,5.73,Won
2031,1031,8009,7.07,Pending
2032,1032,1643,2.96,Won
2033,1032,4574,6.62,Won
2034,1033,9726,2.63,Won
2035,1033,6802,5.76,Won
2036,1034,9563,5.1,Won
2037,1035,72,5.37,Won
2038,1035,6350,8.4,Won
2039,1036,9565,6.3,Void
2040,1037,4865,1.93,Won
2041,1037,2306,3.26,Won
2042,1038,218,7.06,Pending
2043,1038,3159,2.4,Pending
2044,1039,9340,2.0,Lost
2045,1039,6153,5.13,Lost
2046,1039,9117,4.01,Lost
2047,1040,527,6.48,Won
2048,1040,346,3.3,Won
2049,1041,5524,1.84,Lost
2050,1041,8801,2.8,Lost
2051,1041,6983,2.66,Lost
2052,1042,7970,4.05,Won
2053,1042,6459,4.97,Won
2054,1042,9025,6.74,Won
2055,1043,772,7.86,Lost
2056,1043,1087,6.42,Won
2057,1043,7029,1.63,Won
2058,1044,7252,2.96,Pending
2059,1045,266,3.34,Won
2060,1046,8665,8.34,Won
2061,1047,4552,4.49,Won
2062,1047,4050,5.52,Won
2063,1047,6441,1.24,Lost
2064,1048,2350,5.44,Pending
2065,1049,3106,7.13,Pending
2066,1049,1487,7.6,Pending
2067,1050,2477,8.12,Lost
2068,1051,8225,2.25,Lost
2069,1051,9720,7.41,Won
2070,1052,3257,7.44,Pending
2071,1052,4169,8.05,Pending
2072,1052,3965,5.02,Pending
2073,1053,7491,2.21,Won
2074,1053,5664,3.32,Won
2075,1053,6997,1.72,Won
2076,1054,1132,2.69,Won
2077,1055,8295,7.62,Pending
2078,1055,9065,1.8,Pending
2079,1056,7027,4.65,Lost
2080,1056,1727,2.26,Won
2081,1057,5790,8.15,Pending
2082,1057,3887,2.78,Pending
2083,1057,720,3.67,Pending
2084,1058,8889,7.88,Pending
2085,1058,7267,3.47,Pending
2086,1058,8254,3.28,Pending
2087,1059,1931,6.32,Won
2088,1059,8368,3.28,Won
2089,1060,6185,4.85,Pending
2090,1060,1131,1.44,Pending
2091,1060,8081,7.53,Pending
2092,1061,3143,6.59,Won
2093,1061,4656,4.5,Won
2094,1061,2020,3.81,Won
2095,1062,9302,4.78,Void
2096,1062,6741,5.39,Void
2097,1062,4542,2.67,Void
2098,1063,5074,1.7,Pending
2099,1063,6555,5.05,Pending
2100,1063,7381,1.89,Pending
2101,1064,1502,5.5,Lost
2102,1065,8928,3.27,Won
2103,1065,8300,6.07,Lost
2104,1065,5084,2.8,Lost
2105,1066,9793,3.98,Won
2106,1066,7218,4.34,Lost
2107,1067,3901,6.56,Won
2108,1067,3948,5.4,Won
2109,1067,236,2.07,Lost
2110,1068,1833,5.91,Lost
2111,1069,2535,7.51,Won
2112,1069,3819,3.6,Won
2113,1070,4495,4.62,Lost
2114,1071,7939,2.63,Pending
2115,1071,7212,7.22,Pending
2116,1072,23,2.15,Pending
2117,1073,2402,4.21,Won
2118,1073,5278,5.5,Won
2119,1074,9746,5.61,Pending
2120,1074,3321,1.42,Pending
2121,1074,8780,2.77,Pending
2122,1075,9337,8.45,Won
2123,1075,1808,2.6,Won
2124,1076,490,3.83,Won
2125,1076,8980,7.73,Won
2126,1076,5720,5.67,Won
2127,1077,175,2.41,Won
2128,1077,7982,3.16,Won
2129,1078,7636,5.04,Won
2130,1078,1889,5.13,Won
2131,1078,773,4.88,Won
2132,1079,1730,6.76,Pending
2133,1079,2017,4.06,Pending
2134,1080,8389,5.17,Pending
2135,1081,857,3.25,Pending
2136,1081,526,1.11,Pending
2137,1081,1075,7.09,Pending
2138,1082,3927,1.46,Won
2139,1082,9989,4.08,Won
2140,1082,7691,4.18,Won
2141,1083,9845,4.49,Pending
2142,1083,982,6.69,Pending
2143,1083,9880,1.76,Pending
2144,1084,2813,4.96,Won
2145,1085,2354,8.35,Pending
2146,1085,7383,7.33,Pending
2147,1085,4374,1.88,Pending
2148,1086,3063,3.13,Pending
2149,1087,1348,2.25,Lost
2150,1087,3359,5.81,Lost
2151,1088,1516,8.0,Won
2152,1088,2660,6.76,Won
2153,1088,9036,4.09,Won
2154,1089,2429,6.52,Won
2155,1089,6147,5.86,Won
2156,1090,6682,1.47,Won
2157,1090,9164,8.17,Won
2158,1091,5435,2.87,Won
2159,1091,4581,4.59,Won
2160,1091,2616,1.75,Won
2161,1092,55,1.23,Pending
2162,1092,4083,1.44,Pending
2163,1092,3713,4.55,Pending
2164,1093,4480,1.77,Won
2165,1093,9435,8.3,Won
2166,1093,6106,2.29,Lost
2167,1094,5754,2.21,Won
2168,1094,2390,4.53,Won
2169,1094,6769,1.8,Won
2170,1095,5570,3.29,Won
2171,1095,9872,3.51,Won
2172,1096,1683,3.19,Won
2173,1097,6796,8.45,Won
2174,1098,9295,7.68,Won
2175,1098,7814,2.44,Won
2176,1098,8090,5.63,Won
2177,1099,7122,6.17,Void
2178,1099,3984,5.02,Void
2179,1100,3477,7.8,Won
2180,1101,2480,3.51,Won
2181,1102,9667,1.89,Pending
2182,1102,2846,1.92,Pending
2183,1102,5910,6.91,Pending
2184,1103,5816,8.48,Won
2185,1104,7425,2.48,Pending
2186,1105,6629,3.75,Pending
2187,1106,443,8.43,Won
2188,1106,5641,3.44,Won
2189,1107,785,8.47,Won
2190,1107,2728,1.52,Won
2191,1108,8245,6.05,Won
2192,1108,1968,2.76,Won
2193,1109,4445,2.9,Won
2194,1109,3554,7.01,Won
2195,1110,465,4.68,Pending
2196,1110,1891,8.18,Pending
2197,1110,2783,2.86,Pending
2198,1111,3266,3.29,Won
2199,1111,9380,1.83,Won
2200,1111,5111,7.2,Won
2201,1112,4001,7.53,Won
2202,1112,6413,6.23,Won
2203,1112,5824,2.96,Won
2204,1113,9871,5.98,Pending
2205,1113,4213,3.56,Pending
2206,1113,6820,1.91,Pending
2207,1114,2171,3.45,Won
2208,1115,6851,5.43,Won
2209,1115,9556,4.7,Won
2210,1116,560,4.27,Void
2211,1117,8460,6.38,Pending
2212,1118,7720,6.79,Lost
2213,1119,2211,5.51,Won
2214,1119,4341,6.95,Won
2215,1119,8982,7.84,Lost
2216,1120,9210,6.94,Pending
2217,1120,5610,7.32,Pending
2218,1121,665,8.13,Lost
2219,1121,2875,4.96,Lost
2220,1122,4464,2.69,Lost
2221,1123,9034,5.37,Won
2222,1123,4237,1.8,Won
2223,1124,3669,5.19,Pending
2224,1124,4390,6.59,Pending
2225,1125,9129,3.82,Won
2226,1125,5152,1.76,Won
2227,1126,4299,3.94,Pending
2228,1126,669,5.66,Pending
2229,1127,3259,1.37,Lost
2230,1128,5497,6.78,Won
2231,1128,9662,8.22,Won
2232,1128,3085,2.84,Won
2233,1129,2857,2.85,Pending
2234,1129,9064,4.54,Pending
2235,1129,4345,6.22,Pending
2236,1130,843,3.55,Pending
2237,1131,8062,2.21,Pending
2238,1132,219,2.01,Pending
2239,1133,7623,2.85,Won
2240,1133,1141,7.07,Lost
2241,1133,550,2.8,Won
2242,1134,9148,5.95,Pending
2243,1134,3292,3.37,Pending
2244,1135,7782,7.19,Void
2245,1136,5461,7.2,Won
2246,1136,8282,4.92,Won
2247,1136,1111,7.67,Won
2248,1137,132,8.07,Won
2249,1138,6114,3.24,Pending
2250,1139,555,1.47,Won
2251,1139,6813,4.84,Won
2252,1140,4420,7.29,Pending
2253,1140,5906,4.44,Pending
2254,1141,8681,1.46,Won
2255,1141,2318,2.27,Won
2256,1141,2705,7.74,Won
2257,1142,9255,4.71,Pending
2258,1143,3286,4.58,Won
2259,1143,1640,7.15,Won
2260,1143,4951,1.7,Lost
2261,1144,6959,2.96,Won
2262,1144,8075,2.06,Won
2263,1145,5426,6.73,Won
2264,1146,3111,6.29,Lost
2265,1147,6907,7.31,Void
2266,1147,9231,4.37,Void
2267,1147,3543,7.85,Void
2268,1148,5466,4.19,Won
2269,1148,6502,4.48,Won
2270,1148,5286,1.39,Lost
2271,1149,2451,1.62,Won
2272,1149,2393,5.78,Won
2273,1149,6805,2.08,Lost
2274,1150,6608,2.65,Won
2275,1150,3284,2.07,Won
2276,1151,2475,1.12,Pending
2277,1151,1948,5.22,Pending
2278,1152,4726,5.01,Won
2279,1152,2252,8.0,Won
2280,1152,7152,6.74,Won
2281,1153,3231,3.68,Won
2282,1154,4019,2.58,Won
2283,1154,3141,4.08,Won
2284,1155,6237,6.11,Pending
2285,1155,5859,5.6,Pending
2286,1156,994,1.64,Won
2287,1156,4500,5.86,Won
2288,1156,3249,3.17,Won
2289,1157,6495,6.44,Pending
2290,1157,154,6.28,Pending
2291,1157,3715,2.66,Pending
2292,1158,6081,4.75,Pending
2293,1158,9212,7.4,Pending
2294,1158,574,3.83,Pending
2295,1159,5207,4.48,Won
2296,1159,4972,3.43,Won
2297,1159,1349,2.94,Won
2298,1160,8386,7.77,Pending
2299,1161,2992,4.91,Won
2300,1161,3802,6.27,Won
2301,1161,9474,3.48,Won
2302,1162,7121,4.69,Lost
2303,1162,6322,3.79,Lost
2304,1162,3444,4.93,Lost
2305,1163,7550,7.23,Won
2306,1164,4768,5.78,Pending
2307,1164,556,1.18,Pending
2308,1164,1454,2.57,Pending
2309,1165,1110,3.25,Won
2310,1165,8473,3.42,Won
2311,1165,783,3.3,Won
2312,1166,1534,5.97,Pending
2313,1166,7644,5.08,Pending
2314,1167,4976,2.7,Won
2315,1168,2350,5.44,Won
2316,1168,4530,7.03,Won
2317,1168,7683,7.39,Won
2318,1169,2211,5.51,Won
2319,1169,1471,7.42,Won
2320,1169,7294,1.62,Won
2321,1170,3199,7.18,Won
2322,1171,8914,2.24,Pending
2323,1172,9861,5.99,Won
2324,1172,7401,3.6,Won
2325,1173,5314,1.33,Won
2326,1174,372,7.68,Won
2327,1175,2902,2.13,Pending
2328,1176,235,5.77,Won
2329,1177,7141,3.32,Won
2330,1178,9408,8.46,Won
2331,1178,3264,4.46,Won
2332,1179,1090,7.16,Pending
2333,1179,3196,3.98,Pending
2334,1180,5049,5.37,Pending
2335,1181,7950,5.96,Won
2336,1181,6295,7.31,Won
2337,1182,2399,7.45,Won
2338,1183,5494,3.58,Won
2339,1184,9745,5.21,Won
2340,1184,1936,5.72,Won
2341,1185,6024,1.51,Pending
2342,1185,198,4.33,Pending
2343,1186,7723,4.28,Won
2344,1187,655,1.71,Lost
2345,1188,8613,7.5,Pending
2346,1189,655,1.71,Won
2347,1189,6664,2.43,Won
2348,1189,4727,3.45,Won
2349,1190,9198,2.82,Lost
2350,1190,2845,7.94,Won
2351,1191,4275,6.41,Pending
2352,1192,2663,7.6,Lost
2353,1192,7967,2.41,Won
2354,1192,2887,2.31,Lost
2355,1193,5788,4.67,Lost
2356,1193,6321,2.7,Lost
2357,1193,6710,2.69,Lost
2358,1194,759,2.79,Won
2359,1195,6649,8.41,Pending
2360,1195,6740,5.08,Pending
2361,1195,8205,2.61,Pending
2362,1196,185,5.52,Pending
2363,1196,1486,4.0,Pending
2364,1196,3677,8.46,Pending
2365,1197,3643,1.17,Won
2366,1197,587,3.62,Won
2367,1197,8095,7.63,Won
2368,1198,9400,2.3,Pending
2369,1198,826,7.79,Pending
2370,1198,6900,8.21,Pending
2371,1199,2342,2.39,Won
2372,1199,5450,2.74,Won
2373,1199,8796,7.43,Won
2374,1200,5785,5.69,Pending
2375,1200,5990,4.05,Pending
2376,1201,1574,6.45,Won
2377,1201,9684,2.73,Won
2378,1201,7349,2.37,Won
2379,1202,7274,2.57,Won
2380,1202,9437,3.94,Won
2381,1202,2795,6.97,Won
2382,1203,7667,4.92,Void
2383,1203,2546,1.7,Void
2384,1204,1708,7.49,Lost
2385,1205,1953,4.06,Won
2386,1205,6979,2.38,Won
2387,1206,572,4.46,Won
2388,1207,4235,1.54,Won
2389,1207,6164,3.07,Won
2390,1208,8796,7.43,Pending
2391,1209,9599,5.03,Won
2392,1210,8504,1.75,Lost
2393,1211,2624,5.76,Won
2394,1211,4105,1.55,Won
2395,1211,2582,2.46,Won
2396,1212,1017,7.59,Won
2397,1213,1604,8.01,Pending
2398,1213,1392,4.03,Pending
2399,1214,4511,5.09,Won
2400,1214,2838,3.36,Won
2401,1214,2716,6.8,Won
2402,1215,9978,2.93,Pending
2403,1215,257,5.27,Pending
2404,1216,7919,3.52,Won
2405,1217,5366,1.72,Won
2406,1218,2301,4.88,Won
2407,1218,6925,5.86,Won
2408,1218,7174,3.0,Won
2409,1219,5582,7.25,Lost
2410,1220,5232,1.13,Won
2411,1220,1214,5.3,Lost
2412,1220,895,1.91,Won
2413,1221,466,7.7,Won
2414,1221,4362,6.55,Won
2415,1221,5300,1.78,Won
2416,1222,3253,4.46,Lost
2417,1222,9535,7.2,Lost
2418,1223,3863,5.65,Won
2419,1223,3205,7.23,Won
2420,1223,5246,8.4,Won
2421,1224,2156,3.15,Won
2422,1224,4768,5.78,Won
2423,1224,684,4.71,Won
2424,1225,5754,2.21,Pending
2425,1225,6260,5.67,Pending
2426,1226,8274,7.42,Lost
2427,1226,305,3.59,Won
2428,1226,7374,2.3,Won
2429,1227,4884,2.28,Won
2430,1227,713,8.25,Won
2431,1228,4508,4.91,Void
2432,1229,4792,6.44,Won
2433,1229,5542,4.31,Won
2434,1229,402,5.45,Won
2435,1230,9843,4.49,Pending
2436,1231,8508,1.87,Pending
2437,1231,2332,6.47,Pending
2438,1231,3941,6.22,Pending
2439,1232,4815,3.26,Pending
2440,1232,3524,3.27,Pending
2441,1232,3804,1.55,Pending
2442,1233,3953,5.56,Lost
2443,1234,4024,3.94,Void
2444,1234,4409,5.82,Void
2445,1234,7145,2.58,Void
2446,1235,3881,1.26,Lost
2447,1235,2968,1.9,Lost
2448,1235,2392,1.5,Lost
2449,1236,5018,2.56,Pending
2450,1237,6180,5.21,Won
2451,1237,6094,7.38,Won
2452,1237,1290,7.03,Won
2453,1238,9698,4.58,Pending
2454,1238,290,4.14,Pending
2455,1238,1315,6.88,Pending
2456,1239,7395,2.44,Won
2457,1240,9128,6.81,Pending
2458,1240,5940,1.2,Pending
2459,1240,9981,1.39,Pending
2460,1241,1551,3.95,Pending
2461,1242,1567,2.52,Void
2462,1242,8268,5.99,Void
2463,1243,7896,3.45,Won
2464,1244,5135,3.19,Won
2465,1245,5950,4.95,Pending
2466,1246,8543,3.53,Pending
2467,1246,581,4.46,Pending
2468,1246,7784,2.47,Pending
2469,1247,8976,3.27,Void
2470,1247,890,6.03,Void
2471,1248,4890,5.35,Void
2472,1248,460,6.19,Void
2473,1249,8487,4.72,Won
2474,1250,2260,4.89,Won
2475,1250,6717,6.94,Won
2476,1250,7322,4.85,Won
2477,1251,6736,7.58,Won
2478,1252,1826,8.42,Won
2479,1252,7631,7.47,Won
2480,1252,1011,3.47,Won
2481,1253,3399,6.48,Pending
2482,1253,2393,5.78,Pending
2483,1253,721,5.45,Pending
2484,1254,696,6.88,Won
2485,1254,6590,7.08,Won
2486,1255,2171,3.45,Won
2487,1255,9283,1.32,Won
2488,1256,8487,4.72,Won
2489,1256,9022,4.52,Won
2490,1256,5112,2.58,Won
2491,1257,6402,1.58,Pending
2492,1257,4439,8.04,Pending
2493,1257,9717,3.07,Pending
2494,1258,4598,3.47,Won
2495,1258,3644,5.05,Won
2496,1259,3612,5.9,Pending
2497,1259,110,5.48,Pending
2498,1259,2498,3.55,Pending
2499,1260,5339,8.24,Lost
2500,1260,176,4.61,Won
2501,1261,5818,4.64,Lost
2502,1261,3436,2.08,Lost
2503,1261,3063,3.13,Won
2504,1262,1325,7.76,Won
2505,1262,5743,5.0,Won
2506,1262,4515,5.48,Won
2507,1263,3863,5.65,Lost
2508,1263,1982,1.82,Won
2509,1264,7144,7.72,Won
2510,1264,9443,6.03,Won
2511,1265,7456,5.6,Pending
2512,1265,9425,3.63,Pending
2513,1265,3898,7.17,Pending
2514,1266,9850,3.67,Won
2515,1266,2318,2.27,Won
2516,1267,8629,4.46,Lost
2517,1267,2402,4.21,Lost
2518,1268,7467,1.93,Lost
2519,1268,2854,2.63,Won
2520,1268,8066,2.87,Lost
2521,1269,6629,3.75,Lost
2522,1270,3882,2.37,Won
2523,1270,6782,5.73,Won
2524,1270,918,6.98,Won
2525,1271,9754,1.53,Pending
2526,1272,8459,6.18,Lost
2527,1272,6420,2.44,Won
2528,1272,9738,6.71,Lost
2529,1273,8481,3.7,Won
2530,1273,3440,8.15,Won
2531,1273,2959,1.79,Won
2532,1274,5860,6.08,Lost
2533,1274,6437,3.2,Lost
2534,1275,2988,5.92,Pending
2535,1275,6168,2.61,Pending
2536,1275,3127,1.15,Pending
2537,1276,7568,6.29,Won
2538,1276,777,6.72,Won
2539,1276,2126,5.64,Won
2540,1277,964,6.32,Won
2541,1277,3637,6.74,Won
2542,1277,6425,4.08,Won
2543,1278,3288,4.51,Won
2544,1278,2439,4.09,Won
2545,1279,8749,4.36,Lost
2546,1279,2607,6.53,Won
2547,1280,1643,2.96,Void
2548,1280,6142,6.08,Void
2549,1281,2399,7.45,Pending
2550,1281,3138,1.81,Pending
2551,1281,4734,3.86,Pending
2552,1282,7723,4.28,Pending
2553,1283,7697,7.25,Pending
2554,1283,2714,2.2,Pending
2555,1283,3718,6.26,Pending
2556,1284,103,5.12,Lost
2557,1284,5526,3.27,Lost
2558,1284,4031,8.46,Lost
2559,1285,7290,3.5,Won
2560,1285,9507,3.98,Won
2561,1285,7837,5.36,Won
2562,1286,5489,5.9,Pending
2563,1287,4990,2.3,Lost
2564,1287,5243,2.06,Lost
2565,1287,800,6.87,Won
2566,1288,9929,6.08,Pending
2567,1288,2671,1.57,Pending
2568,1289,4599,4.2,Won
2569,1289,4365,8.24,Won
2570,1290,972,4.21,Won
2571,1290,7691,4.18,Won
2572,1291,5362,1.92,Pending
2573,1292,947,5.65,Won
2574,1292,8114,5.28,Won
2575,1292,621,2.91,Won
2576,1293,2280,1.11,Pending
2577,1294,6546,2.12,Pending
2578,1294,5236,2.43,Pending
2579,1295,751,2.46,Won
2580,1295,7949,2.67,Won
2581,1296,3053,7.6,Won
2582,1296,995,6.83,Won
2583,1297,8523,7.47,Pending
2584,1297,8116,7.09,Pending
2585,1297,95,8.12,Pending
2586,1298,9025,6.74,Pending
2587,1299,3244,6.63,Won
2588,1300,4881,2.53,Won
2589,1300,3366,6.64,Won
2590,1301,6413,6.23,Pending
2591,1301,2688,4.55,Pending
2592,1302,5891,5.28,Won
2593,1302,7032,1.15,Won
2594,1303,237,7.68,Void
2595,1303,1075,7.09,Void
2596,1304,2584,8.2,Won
2597,1304,9176,1.42,Won
2598,1304,3251,6.35,Won
2599,1305,3975,3.69,Lost
2600,1305,5030,3.02,Won
2601,1305,1635,7.33,Lost
2602,1306,6918,1.58,Won
2603,1307,4759,1.57,Pending
2604,1308,9442,5.02,Won
2605,1309,3939,5.03,Won
2606,1309,9540,2.45,Won
2607,1309,3768,3.26,Won
2608,1310,7737,7.74,Won
2609,1311,1565,5.8,Lost
2610,1311,2035,6.95,Won
2611,1312,6622,1.24,Won
2612,1312,6460,3.03,Won
2613,1312,7321,7.68,Won
2614,1313,812,7.47,Pending
2615,1313,2342,2.39,Pending
2616,1314,8196,3.68,Won
2617,1314,6858,8.12,Won
2618,1315,6208,7.05,Pending
2619,1315,9296,7.68,Pending
2620,1316,4899,2.74,Won
2621,1317,8446,2.7,Won
2622,1317,5293,6.32,Won
2623,1318,2410,6.53,Lost
2624,1318,2483,7.27,Lost
2625,1319,3476,2.12,Won
2626,1319,3588,7.95,Won
2627,1320,6592,3.97,Pending
2628,1320,703,4.61,Pending
2629,1320,5825,2.09,Pending
2630,1321,4400,5.16,Pending
2631,1321,1549,5.66,Pending
2632,1321,1947,5.47,Pending
2633,1322,471,1.2,Lost
2634,1323,7787,1.51,Won
2635,1323,5118,2.64,Won
2636,1324,1772,4.64,Pending
2637,1325,4722,4.51,Won
2638,1326,7942,5.07,Won
2639,1326,2457,8.2,Won
2640,1327,18,4.01,Won
2641,1327,3304,2.99,Lost
2642,1327,5188,8.3,Lost
2643,1328,7845,6.81,Lost
2644,1328,7887,5.3,Won
2645,1328,7951,4.53,Won
2646,1329,1852,5.16,Lost
2647,1329,6733,8.38,Lost
2648,1329,2643,7.4,Lost
2649,1330,8459,6.18,Won
2650,1330,9188,2.64,Won
2651,1330,3617,2.41,Won
2652,1331,6739,1.56,Won
2653,1332,1167,4.54,Lost
2654,1332,6515,6.27,Lost
2655,1332,4425,4.46,Won
2656,1333,1782,7.29,Pending
2657,1333,5832,8.34,Pending
2658,1334,6319,4.24,Pending
2659,1334,5303,6.63,Pending
2660,1334,947,5.65,Pending
2661,1335,3804,1.55,Won
2662,1336,8955,4.81,Pending
2663,1336,7122,6.17,Pending
2664,1337,2901,7.87,Won
2665,1338,4314,3.34,Won
2666,1338,7067,2.9,Won
2667,1338,3606,7.29,Won
2668,1339,9430,3.45,Won
2669,1339,744,1.46,Won
2670,1339,2532,2.74,Won
2671,1340,7810,4.41,Pending
2672,1340,6347,4.93,Pending
2673,1340,6473,2.99,Pending
2674,1341,4544,7.69,Lost
2675,1341,3814,1.73,Won
2676,1342,9940,2.04,Won
2677,1342,4881,2.53,Lost
2678,1343,6547,4.4,Lost
2679,1344,2646,8.1,Pending
2680,1345,8747,7.99,Lost
2681,1346,4238,7.97,Won
2682,1346,603,7.92,Won
2683,1346,8418,7.06,Won
2684,1347,666,4.75,Won
2685,1347,7294,1.62,Won
2686,1347,7078,8.03,Won
2687,1348,6892,1.72,Won
2688,1348,6728,2.28,Won
2689,1348,6641,7.85,Won
2690,1349,159,6.22,Won
2691,1349,5182,2.34,Lost
2692,1349,9287,3.67,Won
2693,1350,4670,7.37,Pending
2694,1351,6531,4.92,Won
2695,1352,9548,2.0,Won
2696,1352,727,5.61,Won
2697,1352,59,3.88,Won
2698,1353,5852,3.77,Lost
2699,1354,4286,2.7,Pending
2700,1354,2455,1.55,Pending
2701,1354,7536,6.7,Pending
2702,1355,134,1.48,Won
2703,1356,2631,1.88,Pending
2704,1356,2079,2.47,Pending
2705,1357,7534,2.67,Won
2706,1357,8946,7.14,Won
2707,1357,9050,4.69,Won
2708,1358,2738,7.56,Lost
2709,1358,2457,8.2,Lost
2710,1358,7073,6.24,Won
2711,1359,2166,1.43,Pending
2712,1360,7313,1.46,Won
2713,1361,5487,4.22,Won
2714,1362,2318,2.27,Pending
2715,1362,1697,3.33,Pending
2716,1363,7234,5.18,Won
2717,1363,9385,7.89,Won
2718,1364,9729,4.85,Won
2719,1364,8308,2.15,Won
2720,1364,7663,7.77,Lost
2721,1365,7834,5.29,Pending
2722,1365,2679,7.52,Pending
2723,1366,249,5.59,Pending
2724,1366,660,2.19,Pending
2725,1367,4916,3.84,Won
2726,1367,7865,7.4,Won
2727,1368,6778,3.38,Pending
2728,1369,3285,5.39,Pending
2729,1370,7795,4.8,Won
2730,1370,317,2.66,Won
2731,1370,6388,3.28,Won
2732,1371,6801,1.4,Won
2733,1371,5370,2.08,Won
2734,1372,5040,6.85,Void
2735,1372,763,4.79,Void
2736,1372,4750,5.77,Void
2737,1373,2702,7.05,Pending
2738,1374,6229,5.11,Lost
2739,1374,7243,5.93,Lost
2740,1375,2545,7.37,Won
2741,1375,7735,4.66,Won
2742,1376,7702,1.71,Pending
2743,1376,2557,3.77,Pending
2744,1377,8199,2.53,Won
2745,1378,1942,3.98,Lost
2746,1379,3504,1.5,Won
2747,1380,9556,4.7,Pending
2748,1380,307,4.56,Pending
2749,1381,3445,1.94,Pending
2750,1382,859,4.84,Won
2751,1382,4607,3.05,Won
2752,1383,8724,3.09,Pending
2753,1384,5333,3.59,Pending
2754,1384,9615,1.4,Pending
2755,1384,8034,8.4,Pending
2756,1385,6350,8.4,Pending
2757,1385,3782,2.61,Pending
2758,1385,6343,5.07,Pending
2759,1386,4045,5.41,Void
2760,1386,6677,5.83,Void
2761,1386,3779,7.0,Void
2762,1387,5368,2.64,Won
2763,1387,9760,3.61,Won
2764,1387,9523,6.8,Won
2765,1388,4193,7.94,Lost
2766,1388,503,4.7,Won
2767,1389,340,5.06,Lost
2768,1389,6006,4.51,Won
2769,1389,5859,5.6,Lost
2770,1390,3314,3.22,Won
2771,1391,1037,2.59,Pending
2772,1391,3302,4.89,Pending
2773,1391,2926,8.46,Pending
2774,1392,9461,5.52,Lost
2775,1392,1376,2.86,Won
2776,1393,6927,6.31,Won
2777,1393,3551,1.61,Won
2778,1393,6702,8.27,Won
2779,1394,3004,7.83,Pending
2780,1394,2958,6.41,Pending
2781,1395,8954,1.2,Won
2782,1396,2775,2.26,Void
2783,1396,4758,6.5,Void
2784,1397,38,5.21,Pending
2785,1398,5186,7.57,Won
2786,1399,4791,3.41,Pending
2787,1399,3331,1.62,Pending
2788,1399,3251,6.35,Pending
2789,1400,5091,8.25,Won
2790,1400,341,7.79,Won
2791,1401,3212,8.44,Won
2792,1401,1821,7.25,Won
2793,1401,2542,2.75,Won
2794,1402,4186,1.64,Won
2795,1402,3460,4.15,Won
2796,1402,6998,5.66,Won
2797,1403,7533,3.94,Lost
2798,1403,9584,4.01,Won
2799,1403,2366,5.19,Won
2800,1404,4036,8.08,Won
2801,1404,7969,3.52,Won
2802,1404,2166,1.43,Won
2803,1405,3715,2.66,Pending
2804,1406,9596,7.49,Won
2805,1406,4121,3.23,Won
2806,1406,8213,4.68,Won
2807,1407,2012,3.6,Won
2808,1408,4691,8.38,Pending
2809,1408,3779,7.0,Pending
2810,1408,8153,5.83,Pending
2811,1409,2026,5.31,Lost
2812,1410,6840,6.08,Pending
2813,1410,7875,8.41,Pending
2814,1411,8047,5.12,Won
2815,1411,3797,6.67,Won
2816,1412,6065,7.56,Won
2817,1412,3813,2.33,Won
2818,1412,5207,4.48,Won
2819,1413,1247,1.29,Won
2820,1414,1492,5.22,Pending
2821,1414,3029,8.19,Pending
2822,1414,1598,2.43,Pending
2823,1415,4638,4.53,Pending
2824,1415,5960,2.89,Pending
2825,1415,2312,2.01,Pending
2826,1416,6499,6.05,Won
2827,1416,9205,2.67,Won
2828,1416,1204,5.67,Won
2829,1417,4407,5.45,Lost
2830,1417,2312,2.01,Lost
2831,1417,5666,6.37,Won
2832,1418,2197,6.38,Pending
2833,1418,9315,3.88,Pending
2834,1418,7608,4.13,Pending
2835,1419,5460,7.68,Won
2836,1419,1420,2.91,Won
2837,1419,3508,3.36,Won
2838,1420,784,2.65,Won
2839,1421,1334,4.8,Won
2840,1421,464,7.38,Lost
2841,1421,1370,4.25,Lost
2842,1422,9538,8.44,Won
2843,1422,7138,2.67,Won
2844,1423,1096,6.55,Void
2845,1423,6493,5.88,Void
2846,1424,7254,7.08,Won
2847,1424,8966,8.11,Won
2848,1425,2916,8.21,Pending
2849,1426,3460,4.15,Won
2850,1427,7242,4.13,Pending
2851,1427,6257,2.84,Pending
2852,1427,2795,6.97,Pending
2853,1428,5112,2.58,Pending
2854,1429,6838,6.46,Pending
2855,1429,9119,2.99,Pending
2856,1430,7867,7.38,Won
2857,1430,5817,1.86,Won
2858,1431,6489,7.2,Won
2859,1431,5246,8.4,Won
2860,1432,1684,2.01,Won
2861,1432,8206,8.21,Lost
2862,1432,1472,8.29,Lost
2863,1433,7463,5.14,Won
2864,1433,5556,7.76,Won
2865,1433,2563,2.87,Won
2866,1434,9755,6.38,Pending
2867,1435,7714,4.63,Won
2868,1435,8021,3.45,Won
2869,1435,9393,4.06,Won
2870,1436,3568,4.87,Won
2871,1436,1904,8.26,Lost
2872,1437,6684,3.01,Won
2873,1437,8945,3.89,Won
2874,1437,4255,6.7,Won
2875,1438,2619,5.63,Won
2876,1439,7147,3.52,Won
2877,1439,9930,5.07,Won
2878,1440,9163,1.89,Pending
2879,1440,8176,7.72,Pending
2880,1441,171,2.59,Won
2881,1441,37,3.39,Won
2882,1441,9203,5.48,Won
2883,1442,1439,8.28,Won
2884,1442,1485,7.87,Lost
2885,1442,758,2.15,Lost
2886,1443,8539,7.6,Pending
2887,1444,3791,6.17,Won
2888,1445,7969,3.52,Won
2889,1445,322,2.58,Won
2890,1445,5990,4.05,Won
2891,1446,3716,3.14,Lost
2892,1446,7160,1.4,Lost
2893,1446,6091,2.61,Won
2894,1447,4726,5.01,Pending
2895,1447,1795,5.33,Pending
2896,1448,7959,3.83,Pending
2897,1448,9440,4.45,Pending
2898,1448,4469,1.49,Pending
2899,1449,7036,2.39,Won
2900,1450,564,1.17,Pending
2901,1450,251,6.63,Pending
2902,1450,8453,7.64,Pending
2903,1451,3968,3.43,Pending
2904,1451,9245,3.87,Pending
2905,1452,2850,8.39,Pending
2906,1453,8231,8.3,Void
2907,1453,4623,3.05,Void
2908,1454,3795,6.27,Won
2909,1454,2573,7.56,Won
2910,1455,3627,5.81,Won
2911,1456,7861,3.76,Won
2912,1457,1387,1.78,Won
2913,1458,3210,4.03,Pending
2914,1459,9883,4.3,Won
2915,1460,6861,6.55,Pending
2916,1461,1417,3.34,Void
2917,1461,3597,6.22,Void
2918,1462,6000,5.61,Pending
2919,1462,5373,2.77,Pending
2920,1463,4403,5.33,Won
2921,1463,2330,6.35,Won
2922,1463,513,1.63,Won
2923,1464,401,6.03,Won
2924,1465,4023,7.73,Won
2925,1465,8099,8.25,Won
2926,1465,4563,6.86,Won
2927,1466,5990,4.05,Won
2928,1466,6714,2.72,Won
2929,1467,1489,7.87,Won
2930,1468,9607,6.19,Won
2931,1469,1873,5.71,Won
2932,1470,4541,8.16,Pending
2933,1470,1146,1.91,Pending
2934,1471,355,7.96,Lost
2935,1472,8848,3.81,Won
2936,1473,7627,8.45,Pending
2937,1473,7956,4.59,Pending
2938,1474,726,2.08,Pending
2939,1475,3416,4.69,Won
2940,1475,2,3.94,Won
2941,1476,6648,3.06,Pending
2942,1477,5703,2.6,Won
2943,1477,7813,3.92,Won
2944,1478,4725,7.6,Lost
2945,1479,3481,2.95,Won
2946,1479,2871,3.54,Won
2947,1480,6877,4.14,Won
2948,1480,5693,1.35,Won
2949,1481,7221,5.27,Pending
2950,1481,3869,2.98,Pending
2951,1482,9637,5.49,Pending
2952,1482,5506,7.87,Pending
2953,1482,8581,3.69,Pending
2954,1483,9662,8.22,Pending
2955,1483,4231,6.78,Pending
2956,1483,345,1.31,Pending
2957,1484,6226,3.99,Pending
2958,1485,6869,4.15,Won
2959,1485,4313,3.03,Won
2960,1486,5515,6.53,Pending
2961,1487,6680,7.27,Won
2962,1487,8283,3.12,Won
2963,1488,7496,4.85,Won
2964,1488,558,7.81,Lost
2965,1489,8226,5.69,Won
2966,1489,4754,2.32,Won
2967,1489,8223,4.1,Lost
2968,1490,3071,2.82,Won
2969,1490,9763,8.08,Won
2970,1490,9737,3.67,Won
2971,1491,7122,6.17,Pending
2972,1491,972,4.21,Pending
2973,1492,3765,6.75,Pending
2974,1493,1274,3.96,Won
2975,1494,7702,1.71,Pending
2976,1494,7925,3.72,Pending
2977,1495,3813,2.33,Pending
2978,1495,1557,6.79,Pending
2979,1496,9980,5.3,Won
2980,1496,8783,3.54,Lost
2981,1497,6437,3.2,Lost
2982,1497,6816,4.84,Won
2983,1498,186,2.37,Won
2984,1499,1308,6.21,Won
2985,1500,3427,2.86,Won
2986,1500,2389,7.03,Won
2987,1501,3652,5.83,Void
2988,1501,7761,5.43,Void
2989,1501,4721,3.43,Void
2990,1502,6866,4.66,Won
2991,1502,9495,3.23,Won
2992,1503,6238,3.25,Won
2993,1503,6124,2.14,Lost
2994,1504,5605,5.16,Lost
2995,1504,7610,7.55,Lost
2996,1505,7426,2.88,Won
2997,1505,6034,3.8,Lost
2998,1505,5761,8.01,Won
2999,1506,13,1.63,Won
3000,1507,853,5.58,Won
3001,1507,1848,1.43,Won
3002,1508,6111,2.06,Won
3003,1509,2044,8.19,Won
3004,1509,8961,7.46,Won
3005,1510,5493,1.77,Pending
3006,1510,3432,7.91,Pending
3007,1511,3975,3.69,Won
3008,1512,7060,7.49,Pending
3009,1512,5611,6.47,Pending
3010,1512,5628,3.64,Pending
3011,1513,6841,2.44,Won
3012,1513,8387,6.0,Lost
3013,1513,1888,7.63,Won
3014,1514,960,7.13,Lost
3015,1514,1833,5.91,Won
3016,1515,4182,6.11,Pending
3017,1515,731,1.53,Pending
3018,1515,7197,5.94,Pending
3019,1516,1852,5.16,Won
3020,1516,9151,3.6,Won
3021,1517,4029,4.99,Lost
3022,1517,1101,1.16,Won
3023,1518,3001,7.41,Pending
3024,1519,6371,7.26,Pending
3025,1520,8169,1.98,Won
3026,1520,4272,8.42,Lost
3027,1521,8254,3.28,Won
3028,1521,6094,7.38,Won
3029,1521,7224,3.6,Won
3030,1522,4756,1.59,Pending
3031,1522,1136,1.45,Pending
3032,1523,7609,1.82,Won
3033,1523,7884,4.03,Won
3034,1523,5670,2.48,Won
3035,1524,5576,7.16,Won
3036,1524,7803,3.28,Won
3037,1525,4331,3.4,Won
3038,1525,8884,2.38,Won
3039,1525,764,1.17,Won
3040,1526,9211,1.83,Pending
3041,1527,221,4.75,Won
3042,1527,5086,7.59,Won
3043,1528,7061,5.32,Lost
3044,1528,2085,5.82,Lost
3045,1528,9100,2.98,Lost
3046,1529,7202,5.72,Won
3047,1529,6093,5.83,Won
3048,1530,3508,3.36,Lost
3049,1530,3861,2.48,Lost
3050,1530,3372,4.41,Lost
3051,1531,4905,2.24,Pending
3052,1531,7874,1.29,Pending
3053,1532,5126,7.95,Pending
3054,1533,7724,2.34,Won
3055,1533,7300,7.29,Won
3056,1533,6355,5.14,Won
3057,1534,2638,5.89,Void
3058,1534,8864,2.29,Void
3059,1534,5946,5.54,Void
3060,1535,2726,4.7,Void
3061,1536,5745,1.81,Won
3062,1536,7540,8.02,Won
3063,1537,2204,7.9,Won
3064,1537,5941,4.61,Won
3065,1538,9871,5.98,Pending
3066,1538,1250,5.22,Pending
3067,1538,3694,7.82,Pending
3068,1539,317,2.66,Won
3069,1539,3780,6.41,Won
3070,1539,7518,5.9,Won
3071,1540,8715,2.73,Pending
3072,1540,9467,1.81,Pending
3073,1540,9527,8.42,Pending
3074,1541,6289,7.5,Pending
3075,1541,5626,5.34,Pending
3076,1541,2908,3.7,Pending
3077,1542,9069,6.42,Won
3078,1543,9372,6.12,Won
3079,1544,3981,5.79,Lost
3080,1545,5785,5.69,Won
3081,1545,2603,4.14,Won
3082,1545,9716,6.92,Won
3083,1546,6381,2.83,Pending
3084,1546,4920,3.19,Pending
3085,1547,252,4.2,Lost
3086,1547,1338,6.35,Won
3087,1548,1645,3.21,Pending
3088,1549,5885,3.02,Pending
3089,1549,881,5.03,Pending
3090,1550,8240,3.15,Won
3091,1551,554,7.15,Pending
3092,1551,4550,4.44,Pending
3093,1551,954,4.04,Pending
3094,1552,6862,5.19,Won
3095,1552,6210,1.54,Won
3096,1552,3839,5.42,Won
3097,1553,2690,5.25,Won
3098,1553,1467,7.03,Won
3099,1553,4647,4.22,Won
3100,1554,6681,6.44,Pending
3101,1554,3216,5.28,Pending
3102,1555,5936,4.68,Pending
3103,1555,8652,3.13,Pending
3104,1555,1696,4.25,Pending
3105,1556,4360,1.96,Won
3106,1556,2096,5.17,Won
3107,1557,7387,5.99,Pending
3108,1557,246,3.75,Pending
3109,1558,1956,5.23,Won
3110,1558,9180,5.25,Lost
3111,1559,9193,4.31,Won
3112,1559,5817,1.86,Won
3113,1560,1470,5.25,Won
3114,1561,5401,7.36,Won
3115,1561,2798,7.05,Lost
3116,1562,7099,2.16,Won
3117,1563,3982,7.03,Won
3118,1564,3453,2.37,Won
3119,1564,8948,3.38,Won
3120,1564,1615,2.73,Won
3121,1565,4520,2.44,Pending
3122,1566,5011,3.54,Won
3123,1566,2174,6.59,Won
3124,1566,9802,3.6,Won
3125,1567,6790,1.12,Won
3126,1567,899,3.9,Won
3127,1568,1522,1.89,Pending
3128,1568,5069,3.95,Pending
3129,1568,4676,2.26,Pending
3130,1569,4514,5.63,Pending
3131,1569,5617,7.98,Pending
3132,1569,9428,4.37,Pending
3133,1570,9879,5.21,Won
3134,1570,4478,7.94,Won
3135,1570,1335,5.42,Won
3136,1571,2238,7.47,Lost
3137,1572,9506,5.68,Won
3138,1573,4611,7.18,Void
3139,1573,1274,3.96,Void
3140,1573,8228,1.46,Void
3141,1574,3909,8.04,Won
3142,1574,4435,4.25,Won
3143,1574,9854,6.69,Won
3144,1575,9014,4.76,Won
3145,1576,9306,1.14,Lost
3146,1576,6024,1.51,Won
3147,1576,3827,6.1,Lost
3148,1577,1058,5.82,Void
3149,1578,2530,1.5,Pending
3150,1578,4488,5.19,Pending
3151,1578,9450,6.04,Pending
3152,1579,9503,8.18,Lost
3153,1579,8984,3.91,Won
3154,1579,6622,1.24,Won
3155,1580,1807,6.13,Pending
3156,1580,7453,4.09,Pending
3157,1580,5613,2.32,Pending
3158,1581,1765,2.34,Won
3159,1582,6171,2.43,Lost
3160,1582,2100,4.27,Won
3161,1583,3477,7.8,Pending
3162,1583,2983,3.42,Pending
3163,1584,3934,3.22,Won
3164,1584,8713,1.7,Won
3165,1585,2899,5.25,Won
3166,1585,8763,7.94,Won
3167,1585,7319,7.26,Won
3168,1586,2031,2.79,Pending
3169,1586,7689,1.27,Pending
3170,1587,5081,8.24,Void
3171,1587,9419,7.82,Void
3172,1587,7824,4.21,Void
3173,1588,1568,2.54,Lost
3174,1588,7981,7.93,Won
3175,1589,9163,1.89,Won
3176,1589,5588,7.59,Won
3177,1590,2968,1.9,Lost
3178,1591,6521,4.3,Won
3179,1592,2670,6.01,Pending
3180,1593,1409,7.51,Pending
3181,1593,7555,5.87,Pending
3182,1594,7921,4.42,Pending
3183,1594,6243,3.42,Pending
3184,1595,2319,5.42,Won
3185,1595,7183,7.39,Won
3186,1595,1789,1.91,Won
3187,1596,7960,6.7,Pending
3188,1596,7674,1.55,Pending
3189,1597,184,7.53,Won
3190,1598,4387,7.96,Pending
3191,1598,1914,2.51,Pending
3192,1598,9842,5.48,Pending
3193,1599,9657,2.57,Won
3194,1599,9357,2.18,Won
3195,1599,182,8.3,Won
3196,1600,3029,8.19,Won
3197,1601,3955,4.41,Won
3198,1601,710,6.6,Won
3199,1602,4069,2.71,Pending
3200,1602,293,8.17,Pending
3201,1603,6102,6.08,Lost
3202,1604,9342,1.83,Lost
3203,1604,4813,3.38,Lost
3204,1604,6322,3.79,Won
3205,1605,3375,5.19,Won
3206,1605,2314,4.59,Won
3207,1605,7048,4.84,Won
3208,1606,790,4.83,Won
3209,1606,5708,6.79,Won
3210,1606,5383,1.36,Won
3211,1607,8180,6.07,Pending
3212,1607,5226,3.64,Pending
3213,1607,5649,5.03,Pending
3214,1608,5690,3.38,Won
3215,1609,2995,7.66,Won
3216,1609,6531,4.92,Won
3217,1609,3512,4.6,Won
3218,1610,5217,7.06,Won
3219,1611,1222,8.43,Won
3220,1611,1332,7.23,Won
3221,1611,3077,3.38,Won
3222,1612,3941,6.22,Pending
3223,1613,3561,3.31,Lost
3224,1613,9370,3.89,Won
3225,1614,8635,6.26,Pending
3226,1615,9909,4.43,Lost
3227,1615,589,7.39,Lost
3228,1615,4136,6.45,Won
3229,1616,2379,4.99,Won
3230,1616,1499,3.2,Won
3231,1617,3528,3.11,Won
3232,1618,157,7.82,Pending
3233,1619,9608,6.82,Won
3234,1619,5186,7.57,Won
3235,1619,5407,4.06,Won
3236,1620,7529,2.94,Void
3237,1620,8653,3.31,Void
3238,1620,4083,1.44,Void
3239,1621,1828,2.14,Pending
3240,1622,2904,7.38,Pending
3241,1623,5272,8.24,Won
3242,1623,1888,7.63,Won
3243,1623,3420,6.33,Won
3244,1624,7327,2.08,Won
3245,1625,8132,7.74,Won
3246,1625,7925,3.72,Won
3247,1626,868,4.75,Won
3248,1626,4525,8.15,Lost
3249,1626,9199,2.2,Lost
3250,1627,8578,7.13,Pending
3251,1627,6361,1.52,Pending
3252,1627,8341,5.8,Pending
3253,1628,1001,3.94,Won
3254,1629,5954,2.48,Won
3255,1630,558,7.81,Won
3256,1630,1531,3.51,Lost
3257,1630,9052,5.89,Lost
3258,1631,8319,7.88,Won
3259,1631,2682,3.6,Won
3260,1631,2236,6.61,Won
3261,1632,5140,1.75,Pending
3262,1633,8524,1.85,Pending
3263,1633,2865,3.01,Pending
3264,1633,1899,5.46,Pending
3265,1634,3156,8.49,Pending
3266,1634,4276,3.17,Pending
3267,1634,9872,3.51,Pending
3268,1635,5926,7.8,Won
3269,1635,4983,6.87,Won
3270,1636,4498,6.42,Won
3271,1637,5089,7.07,Won
3272,1637,9236,2.16,Won
3273,1637,8462,2.83,Won
3274,1638,2082,6.96,Won
3275,1638,1054,5.16,Won
3276,1639,895,1.91,Won
3277,1640,1238,2.74,Won
3278,1640,7981,7.93,Won
3279,1641,1285,4.44,Won
3280,1641,5036,3.94,Won
3281,1642,4961,6.77,Lost
3282,1643,5107,4.97,Pending
3283,1644,4383,5.27,Won
3284,1645,5048,1.96,Won
3285,1646,7842,3.95,Won
3286,1646,7836,5.5,Won
3287,1647,7949,2.67,Pending
3288,1647,807,7.99,Pending
3289,1648,308,4.44,Won
3290,1648,2053,5.65,Won
3291,1649,3295,7.24,Pending
3292,1649,6735,4.89,Pending
3293,1650,4567,2.45,Won
3294,1650,7679,6.07,Won
3295,1650,8912,5.58,Won
3296,1651,6906,2.6,Pending
3297,1652,2356,3.57,Won
3298,1652,1253,6.04,Won
3299,1652,2273,1.34,Won
3300,1653,5827,4.2,Void
3301,1654,4159,5.5,Lost
3302,1654,4590,7.55,Lost
3303,1655,5057,2.97,Won
3304,1656,503,4.7,Won
3305,1657,5574,4.02,Won
3306,1657,8947,7.33,Lost
3307,1657,848,1.46,Lost
3308,1658,3117,1.92,Pending
3309,1659,3654,3.07,Won
3310,1659,5053,3.44,Won
3311,1659,6016,8.11,Won
3312,1660,1613,4.49,Won
3313,1660,9888,1.85,Won
3314,1660,5334,3.58,Won
3315,1661,640,2.18,Pending
3316,1662,2548,3.18,Won
3317,1663,9575,1.21,Void
3318,1664,1816,6.06,Pending
3319,1664,5705,2.17,Pending
3320,1664,966,2.07,Pending
3321,1665,9024,3.67,Pending
3322,1665,5176,6.02,Pending
3323,1665,7856,3.36,Pending
3324,1666,1664,5.65,Lost
3325,1667,1505,7.91,Pending
3326,1668,8805,8.14,Lost
3327,1669,7803,3.28,Won
3328,1669,7371,5.81,Won
3329,1670,340,5.06,Won
3330,1671,5075,1.94,Pending
3331,1671,3904,1.85,Pending
3332,1671,7610,7.55,Pending
3333,1672,2755,1.35,Lost
3334,1673,3502,6.35,Pending
3335,1673,9057,5.31,Pending
3336,1673,2506,5.25,Pending
3337,1674,3732,1.64,Pending
3338,1674,9037,4.95,Pending
3339,1674,6888,8.38,Pending
3340,1675,1873,5.71,Won
3341,1676,4633,2.57,Void
3342,1676,2033,7.76,Void
3343,1676,6349,7.51,Void
3344,1677,7216,3.53,Lost
3345,1677,2257,2.16,Won
3346,1677,7295,3.06,Lost
3347,1678,4145,3.44,Void
3348,1678,6277,1.46,Void
3349,1679,5107,4.97,Lost
3350,1679,9527,8.42,Lost
3351,1679,4426,4.9,Lost
3352,1680,2673,6.58,Won
3353,1681,3659,2.96,Won
3354,1682,4497,8.48,Won
3355,1683,2476,5.06,Pending
3356,1683,8863,8.15,Pending
3357,1684,6231,6.16,Pending
3358,1685,4573,4.77,Pending
3359,1685,9818,8.35,Pending
3360,1686,6437,3.2,Won
3361,1687,6530,4.97,Won
3362,1687,7849,1.31,Won
3363,1688,456,2.26,Won
3364,1689,8830,7.59,Pending
3365,1689,4766,3.98,Pending
3366,1690,5343,1.42,Won
3367,1691,9591,6.73,Lost
3368,1691,8385,5.57,Lost
3369,1692,444,7.36,Pending
3370,1693,3398,4.08,Won
3371,1693,9214,6.93,Won
3372,1694,8114,5.28,Pending
3373,1695,3651,1.59,Void
3374,1695,5207,4.48,Void
3375,1696,4216,2.12,Won
3376,1696,6741,5.39,Won
3377,1696,8622,5.22,Won
3378,1697,6798,6.28,Won
3379,1697,2807,7.32,Won
3380,1698,3056,2.65,Won
3381,1698,6212,8.11,Won
3382,1699,6012,7.77,Pending
3383,1700,2481,5.13,Won
3384,1700,6184,8.47,Won
3385,1700,2728,1.52,Won
3386,1701,1611,7.48,Won
3387,1701,5826,8.15,Lost
3388,1702,8900,7.21,Won
3389,1703,9565,6.3,Pending
3390,1703,9203,5.48,Pending
3391,1703,6177,7.98,Pending
3392,1704,9581,6.72,Won
3393,1704,4541,8.16,Won
3394,1705,1365,1.6,Won
3395,1705,7323,1.8,Won
3396,1706,1436,2.04,Won
3397,1707,4655,7.3,Won
3398,1708,1639,5.89,Lost
3399,1709,7768,6.4,Lost
3400,1709,4143,5.89,Lost
3401,1709,4948,7.15,Won
3402,1710,1151,7.22,Pending
3403,1710,4040,8.37,Pending
3404,1711,6176,3.27,Void
3405,1712,4467,6.85,Won
3406,1713,5281,6.99,Won
3407,1713,7740,7.89,Won
3408,1713,2062,8.25,Won
3409,1714,5739,7.63,Pending
3410,1714,1601,6.13,Pending
3411,1715,6948,3.65,Pending
3412,1715,1312,8.04,Pending
3413,1715,4911,6.33,Pending
3414,1716,1300,4.81,Won
3415,1716,8393,8.47,Won
3416,1716,8104,2.75,Won
3417,1717,4843,2.57,Won
3418,1717,5975,1.73,Won
3419,1717,8565,7.0,Won
3420,1718,3924,1.2,Lost
3421,1718,7573,1.98,Lost
3422,1719,3848,1.55,Won
3423,1719,5158,7.55,Won
3424,1719,2605,5.33,Won
3425,1720,1973,4.6,Won
3426,1721,9726,2.63,Won
3427,1722,6918,1.58,Pending
3428,1722,8537,3.2,Pending
3429,1723,6860,2.04,Lost
3430,1723,8434,1.12,Lost
3431,1723,1083,4.67,Won
3432,1724,934,6.9,Pending
3433,1725,3019,1.97,Lost
3434,1725,9956,3.63,Lost
3435,1726,5772,4.23,Won
3436,1726,6365,5.72,Won
3437,1726,7300,7.29,Won
3438,1727,9947,6.04,Lost
3439,1727,9332,3.84,Won
3440,1727,1135,1.5,Lost
3441,1728,4154,3.1,Won
3442,1729,508,4.32,Won
3443,1729,9576,2.59,Won
3444,1730,5905,3.12,Won
3445,1731,1694,6.85,Won
3446,1731,8237,4.0,Won
3447,1732,693,5.33,Won
3448,1732,1486,4.0,Won
3449,1732,2151,8.27,Won
3450,1733,7866,1.46,Lost
3451,1734,5475,4.0,Pending
3452,1734,5425,3.59,Pending
3453,1734,5536,2.52,Pending
3454,1735,3230,5.58,Won
3455,1735,2667,5.54,Won
3456,1735,6827,3.65,Won
3457,1736,2064,1.64,Won
3458,1736,3572,3.58,Won
3459,1736,2446,4.58,Won
3460,1737,8867,1.81,Lost
3461,1737,9243,2.39,Won
3462,1738,9699,3.15,Won
3463,1738,7923,2.94,Won
3464,1739,6137,5.9,Won
3465,1740,4809,2.47,Won
3466,1741,9365,3.08,Won
3467,1741,3229,3.36,Won
3468,1741,4045,5.41,Won
3469,1742,436,1.13,Won
3470,1742,6160,3.03,Lost
3471,1742,2099,3.88,Lost
3472,1743,936,5.79,Pending
3473,1743,6247,5.99,Pending
3474,1743,2830,5.8,Pending
3475,1744,9626,4.88,Won
3476,1744,1015,6.61,Won
3477,1745,3669,5.19,Won
3478,1745,4047,8.12,Won
3479,1746,6445,3.94,Pending
3480,1746,5007,6.48,Pending
3481,1746,4683,1.8,Pending
3482,1747,4754,2.32,Void
3483,1747,4040,8.37,Void
3484,1747,1516,8.0,Void
3485,1748,7475,7.39,Pending
3486,1749,7217,4.17,Lost
3487,1750,6397,5.38,Pending
3488,1750,274,8.32,Pending
3489,1751,6269,1.68,Won
3490,1751,6651,2.1,Won
3491,1751,4142,6.25,Won
3492,1752,6142,6.08,Pending
3493,1752,5346,7.67,Pending
3494,1752,9790,8.34,Pending
3495,1753,7351,6.16,Won
3496,1753,7286,6.99,Won
3497,1754,2290,1.33,Pending
3498,1755,4217,4.9,Won
3499,1756,7236,2.47,Won
3500,1756,8077,3.07,Won
3501,1757,2035,6.95,Won
3502,1757,4876,5.14,Won
3503,1758,5113,5.1,Won
3504,1759,4247,4.4,Won
3505,1759,2477,8.12,Won
3506,1759,468,7.05,Won
3507,1760,8401,5.08,Won
3508,1760,3111,6.29,Won
3509,1760,2111,7.92,Won
3510,1761,3510,4.27,Pending
3511,1761,58,5.23,Pending
3512,1761,4140,5.42,Pending
3513,1762,7036,2.39,Lost
3514,1762,9947,6.04,Won
3515,1763,4058,6.66,Won
3516,1763,6173,2.46,Won
3517,1763,7527,5.95,Won
3518,1764,195,1.71,Won
3519,1765,4898,5.81,Won
3520,1766,5038,7.28,Pending
3521,1766,9230,5.67,Pending
3522,1766,567,5.7,Pending
3523,1767,8671,3.41,Won
3524,1767,9420,7.96,Won
3525,1768,3593,5.24,Pending
3526,1768,1214,5.3,Pending
3527,1768,1276,7.54,Pending
3528,1769,1493,1.86,Pending
3529,1769,9498,7.75,Pending
3530,1769,793,5.72,Pending
3531,1770,6098,4.85,Won
3532,1770,3052,4.27,Won
3533,1771,2922,5.86,Won
3534,1772,1947,5.47,Void
3535,1773,5878,6.77,Won
3536,1773,2832,5.04,Won
3537,1773,9771,5.3,Won
3538,1774,5564,6.02,Won
3539,1774,6947,4.46,Won
3540,1774,1381,6.05,Won
3541,1775,3560,4.06,Won
3542,1775,4945,7.36,Won
3543,1776,7858,3.97,Won
3544,1776,3237,1.84,Won
3545,1777,734,3.08,Won
3546,1777,7564,4.95,Won
3547,1777,5502,2.19,Won
3548,1778,5398,2.03,Pending
3549,1778,7331,7.47,Pending
3550,1779,3509,6.77,Won
3551,1780,3991,5.49,Pending
3552,1781,7661,5.11,Pending
3553,1781,5583,8.06,Pending
3554,1782,3952,4.82,Pending
3555,1783,497,4.86,Pending
3556,1783,4899,2.74,Pending
3557,1783,1649,3.5,Pending
3558,1784,3571,6.95,Won
3559,1785,6799,7.15,Won
3560,1786,5985,6.36,Won
3561,1787,1840,1.57,Won
3562,1787,8146,1.23,Won
3563,1788,1752,3.4,Pending
3564,1789,7007,5.3,Won
3565,1789,2916,8.21,Won
3566,1790,8565,7.0,Won
3567,1791,2286,5.58,Won
3568,1792,6312,5.5,Pending
3569,1792,6826,7.36,Pending
3570,1792,4089,4.33,Pending
3571,1793,8158,5.89,Lost
3572,1793,6021,8.18,Won
3573,1794,6382,2.07,Won
3574,1794,8806,6.48,Won
3575,1794,2540,4.15,Won
3576,1795,6873,4.61,Pending
3577,1796,284,8.19,Won
3578,1797,4197,5.11,Won
3579,1797,342,5.61,Won
3580,1798,7846,2.14,Pending
3581,1798,7290,3.5,Pending
3582,1799,89,7.9,Void
3583,1799,1773,7.55,Void
3584,1800,9769,2.97,Lost
3585,1801,8377,5.77,Won
3586,1801,4758,6.5,Won
3587,1802,5753,5.39,Lost
3588,1803,5181,1.81,Pending
3589,1803,2333,4.17,Pending
3590,1804,355,7.96,Won
3591,1805,9,6.94,Void
3592,1806,8459,6.18,Pending
3593,1807,9435,8.3,Won
3594,1807,8202,4.69,Won
3595,1808,6039,1.72,Pending
3596,1808,3939,5.03,Pending
3597,1808,7323,1.8,Pending
3598,1809,6957,1.22,Won
3599,1809,2351,2.19,Won
3600,1809,7096,3.81,Won
3601,1810,4531,5.1,Won
3602,1810,731,1.53,Won
3603,1811,4929,3.55,Won
3604,1811,1336,3.1,Won
3605,1812,1961,2.22,Pending
3606,1812,246,3.75,Pending
3607,1813,6817,3.12,Won
3608,1813,4023,7.73,Won
3609,1814,2938,2.42,Won
3610,1814,8745,7.37,Won
3611,1815,5138,6.31,Won
3612,1815,3586,6.14,Won
3613,1816,8613,7.5,Won
3614,1816,368,6.82,Won
3615,1817,5477,6.01,Won
3616,1817,7230,7.7,Won
3617,1818,7058,6.83,Won
3618,1818,3677,8.46,Won
3619,1818,4859,2.47,Won
3620,1819,3144,2.73,Void
3621,1820,2058,5.88,Pending
3622,1821,6011,7.63,Won
3623,1822,8303,1.7,Won
3624,1822,8740,2.91,Won
3625,1822,9263,7.03,Won
3626,1823,2269,5.96,Lost
3627,1823,4793,1.17,Won
3628,1824,3516,6.91,Won
3629,1824,4339,1.88,Won
3630,1824,4396,3.88,Won
3631,1825,7889,6.85,Pending
3632,1825,55,1.23,Pending
3633,1825,1359,2.32,Pending
3634,1826,2950,4.1,Won
3635,1827,3017,6.95,Won
3636,1828,3085,2.84,Lost
3637,1828,1412,4.84,Lost
3638,1828,1798,5.58,Won
3639,1829,3487,2.17,Pending
3640,1829,9808,6.99,Pending
3641,1829,9993,3.17,Pending
3642,1830,6571,3.07,Won
3643,1831,9842,5.48,Pending
3644,1831,7480,2.38,Pending
3645,1831,121,7.64,Pending
3646,1832,4631,4.09,Won
3647,1833,1392,4.03,Won
3648,1833,910,3.18,Won
3649,1833,2489,5.47,Won
3650,1834,1854,6.44,Pending
3651,1834,8892,8.01,Pending
3652,1835,6865,6.48,Pending
3653,1835,9519,2.87,Pending
3654,1836,22,5.83,Won
3655,1836,7303,5.68,Won
3656,1836,2933,2.84,Won
3657,1837,5756,7.94,Won
3658,1838,3863,5.65,Pending
3659,1839,9913,1.12,Void
3660,1840,8361,8.44,Won
3661,1840,3788,5.33,Won
3662,1840,9012,5.62,Won
3663,1841,2138,2.4,Pending
3664,1842,7608,4.13,Won
3665,1842,6753,2.72,Won
3666,1843,1387,1.78,Pending
3667,1843,7811,3.43,Pending
3668,1843,1275,2.63,Pending
3669,1844,8993,3.28,Pending
3670,1844,5886,4.03,Pending
3671,1845,8488,4.4,Won
3672,1845,4882,7.53,Lost
3673,1845,4954,4.33,Won
3674,1846,6982,2.75,Void
3675,1846,8580,2.16,Void
3676,1847,6436,1.25,Won
3677,1848,1448,4.34,Pending
3678,1848,2713,5.62,Pending
3679,1848,3610,8.1,Pending
3680,1849,4293,6.95,Won
3681,1850,3097,5.41,Won
3682,1851,4383,5.27,Pending
3683,1851,9191,8.45,Pending
3684,1851,8124,4.65,Pending
3685,1852,2311,6.49,Won
3686,1852,1918,7.38,Won
3687,1852,2860,6.35,Won
3688,1853,9060,4.13,Won
3689,1853,9215,7.22,Won
3690,1853,6704,7.58,Won
3691,1854,89,7.9,Pending
3692,1854,1456,8.29,Pending
3693,1855,8042,2.02,Pending
3694,1856,2806,7.77,Pending
3695,1856,7577,2.56,Pending
3696,1857,7255,7.15,Pending
3697,1857,8719,4.34,Pending
3698,1857,9125,1.34,Pending
3699,1858,2521,5.55,Won
3700,1858,9177,8.16,Won
3701,1859,7285,7.23,Void
3702,1859,7448,5.02,Void
3703,1859,2154,3.74,Void
3704,1860,1606,8.07,Won
3705,1861,5261,4.38,Won
3706,1861,1661,6.94,Won
3707,1862,5189,2.34,Won
3708,1862,1561,6.1,Won
3709,1862,7887,5.3,Won
3710,1863,5852,3.77,Won
3711,1863,5034,2.26,Won
3712,1863,4638,4.53,Won
3713,1864,2347,6.57,Won
3714,1865,5318,7.42,Pending
3715,1865,4807,7.1,Pending
3716,1866,9759,4.89,Pending
3717,1866,1588,5.99,Pending
3718,1867,4879,3.76,Pending
3719,1867,6244,3.14,Pending
3720,1867,5600,7.46,Pending
3721,1868,4067,4.55,Pending
3722,1868,5884,1.99,Pending
3723,1868,4295,4.16,Pending
3724,1869,5387,6.3,Void
3725,1869,4963,7.65,Void
3726,1869,4353,3.42,Void
3727,1870,8682,7.58,Lost
3728,1870,4597,4.3,Won
3729,1870,3530,5.83,Won
3730,1871,5572,7.9,Won
3731,1871,1198,7.3,Won
3732,1871,4898,5.81,Won
3733,1872,1007,1.51,Won
3734,1872,1463,6.23,Won
3735,1872,5980,3.89,Won
3736,1873,9978,2.93,Void
3737,1873,5308,4.97,Void
3738,1874,8207,8.39,Won
3739,1874,9635,7.3,Won
3740,1874,6628,5.62,Won
3741,1875,1491,5.83,Pending
3742,1876,5316,5.96,Pending
3743,1877,7284,7.68,Pending
3744,1878,2382,8.24,Pending
3745,1879,4679,1.69,Lost
3746,1880,9356,2.26,Won
3747,1881,2022,2.89,Won
3748,1881,6247,5.99,Won
3749,1882,7155,2.96,Won
3750,1883,8760,8.28,Pending
3751,1883,8906,6.88,Pending
3752,1883,1343,3.46,Pending
3753,1884,6318,7.24,Won
3754,1884,1893,8.17,Won
3755,1884,1068,7.03,Won
3756,1885,2013,3.6,Won
3757,1886,7159,4.66,Won
3758,1886,2520,1.34,Won
3759,1887,9106,3.69,Pending
3760,1888,2743,7.9,Pending
3761,1888,6578,8.17,Pending
3762,1888,8824,5.62,Pending
3763,1889,5121,4.29,Pending
3764,1889,32,3.3,Pending
3765,1890,3897,2.29,Won
3766,1891,6081,4.75,Lost
3767,1891,6155,6.93,Won
3768,1891,6434,2.69,Lost
3769,1892,6100,4.95,Won
3770,1893,6520,1.93,Pending
3771,1893,4747,6.16,Pending
3772,1894,6272,1.34,Pending
3773,1895,1608,6.82,Won
3774,1895,7420,7.59,Lost
3775,1896,6629,3.75,Pending
3776,1897,6976,4.8,Pending
3777,1897,7285,7.23,Pending
3778,1897,2323,1.43,Pending
3779,1898,9726,2.63,Won
3780,1898,1743,5.48,Won
3781,1898,7926,2.09,Lost
3782,1899,4587,2.69,Won
3783,1899,3836,1.65,Won
3784,1900,8372,6.17,Won
3785,1900,1017,7.59,Lost
3786,1901,7072,7.69,Pending
3787,1901,6871,5.8,Pending
3788,1902,8300,6.07,Pending
3789,1903,8066,2.87,Pending
3790,1904,2475,1.12,Lost
3791,1905,8846,2.58,Lost
3792,1905,7793,2.9,Lost
3793,1906,8744,7.91,Won
3794,1906,606,2.47,Won
3795,1906,8324,2.66,Won
3796,1907,2570,5.8,Lost
3797,1907,510,5.91,Won
3798,1907,6868,1.78,Won
3799,1908,9719,1.88,Won
3800,1908,3947,4.78,Won
3801,1908,4075,7.33,Won
3802,1909,9436,6.01,Pending
3803,1910,6353,3.37,Lost
3804,1910,6076,6.26,Won
3805,1910,5792,5.18,Lost
3806,1911,5963,4.51,Pending
3807,1911,7527,5.95,Pending
3808,1912,9343,6.1,Won
3809,1913,7901,5.23,Won
3810,1914,2060,7.03,Won
3811,1914,6979,2.38,Won
3812,1914,4812,1.43,Lost
3813,1915,9249,3.26,Pending
3814,1915,2794,2.45,Pending
3815,1916,911,1.26,Pending
3816,1916,9110,5.41,Pending
3817,1916,8323,7.86,Pending
3818,1917,2470,3.9,Pending
3819,1917,8521,7.9,Pending
3820,1917,8896,3.67,Pending
3821,1918,8505,2.68,Won
3822,1918,4837,7.81,Won
3823,1919,7334,5.5,Pending
3824,1919,2163,3.87,Pending
3825,1919,2080,4.67,Pending
3826,1920,1856,2.27,Won
3827,1921,9443,6.03,Lost
3828,1921,1063,4.43,Won
3829,1921,9963,7.16,Lost
3830,1922,5903,5.14,Pending
3831,1923,8061,6.94,Pending
3832,1924,7091,2.46,Void
3833,1924,9056,6.36,Void
3834,1925,1763,5.13,Pending
3835,1926,1074,4.52,Won
3836,1927,7223,3.03,Pending
3837,1927,1962,4.42,Pending
3838,1927,8436,1.66,Pending
3839,1928,4055,1.21,Won
3840,1929,1683,3.19,Won
3841,1929,5745,1.81,Won
3842,1930,4429,2.25,Pending
3843,1931,9133,7.3,Won
3844,1931,8756,4.53,Won
3845,1931,4339,1.88,Won
3846,1932,1109,3.67,Void
3847,1932,7942,5.07,Void
3848,1932,2754,6.5,Void
3849,1933,6075,4.59,Lost
3850,1933,4597,4.3,Lost
3851,1933,251,6.63,Lost
3852,1934,2945,5.82,Won
3853,1935,8730,7.91,Pending
3854,1935,4649,7.12,Pending
3855,1935,6574,8.28,Pending
3856,1936,3401,6.6,Pending
3857,1936,684,4.71,Pending
3858,1937,7732,7.05,Won
3859,1937,5379,7.76,Won
3860,1938,5970,6.86,Won
3861,1939,1229,2.2,Won
3862,1940,2855,6.02,Pending
3863,1940,1498,3.33,Pending
3864,1940,3494,6.03,Pending
3865,1941,8883,8.32,Won
3866,1942,692,7.76,Won
3867,1943,3221,4.53,Won
3868,1944,2542,2.75,Won
3869,1944,534,7.79,Won
3870,1945,6723,8.12,Lost
3871,1945,4792,6.44,Lost
3872,1945,1001,3.94,Won
3873,1946,2788,4.27,Lost
3874,1947,3977,2.37,Won
3875,1947,1337,3.0,Lost
3876,1948,3682,8.22,Pending
3877,1948,3537,4.79,Pending
3878,1949,3987,1.96,Void
3879,1950,9306,1.14,Won
3880,1951,1555,8.08,Won
3881,1951,7576,7.77,Won
3882,1952,4289,1.67,Won
3883,1952,4017,3.69,Won
3884,1952,7570,1.82,Won
3885,1953,4910,3.1,Won
3886,1953,7010,6.46,Won
3887,1953,4240,3.57,Won
3888,1954,2266,2.73,Won
3889,1955,4371,7.37,Lost
3890,1955,7469,5.39,Won
3891,1955,3333,6.69,Lost
3892,1956,2215,1.48,Won
3893,1956,1197,2.34,Won
3894,1956,5333,3.59,Won
3895,1957,8087,4.86,Won
3896,1958,1075,7.09,Won
3897,1959,3938,8.16,Lost
3898,1960,9751,4.0,Won
3899,1960,1827,7.38,Lost
3900,1961,3545,7.85,Won
3901,1961,7361,2.8,Won
3902,1961,2277,2.11,Won
3903,1962,7438,3.45,Won
3904,1963,3137,3.99,Lost
3905,1963,4325,3.34,Lost
3906,1963,6980,5.38,Lost
3907,1964,9822,3.68,Lost
3908,1964,7873,4.05,Lost
3909,1965,5244,7.0,Lost
3910,1966,6452,3.07,Won
3911,1966,800,6.87,Won
3912,1966,2818,6.52,Won
3913,1967,3826,5.94,Won
3914,1967,2112,5.48,Won
3915,1967,7407,5.9,Won
3916,1968,4383,5.27,Pending
3917,1969,8316,3.5,Pending
3918,1969,3675,5.84,Pending
3919,1970,3795,6.27,Void
3920,1970,6025,1.43,Void
3921,1971,5649,5.03,Lost
3922,1971,4659,7.91,Won
3923,1971,9472,7.02,Won
3924,1972,2404,5.28,Pending
3925,1972,5255,2.56,Pending
3926,1973,9852,1.59,Won
3927,1973,570,1.97,Won
3928,1974,4168,5.53,Won
3929,1975,9849,1.81,Won
3930,1976,3512,4.6,Pending
3931,1976,1137,2.6,Pending
3932,1976,2037,1.2,Pending
3933,1977,9824,7.3,Won
3934,1977,3325,3.82,Won
3935,1977,8451,6.49,Won
3936,1978,7933,7.43,Won
3937,1978,6584,5.58,Won
3938,1978,1859,4.01,Won
3939,1979,2546,1.7,Won
3940,1979,7834,5.29,Won
3941,1980,4337,4.28,Pending
3942,1980,413,2.51,Pending
3943,1981,1429,5.46,Won
3944,1982,7170,2.93,Pending
3945,1982,7724,2.34,Pending
3946,1983,7334,5.5,Won
3947,1984,2128,6.99,Won
3948,1984,1242,7.47,Won
3949,1984,7709,7.86,Won
3950,1985,5520,1.89,Won
3951,1985,8236,5.28,Won
3952,1985,1050,1.93,Won
3953,1986,7234,5.18,Won
3954,1986,212,7.25,Won
3955,1986,6685,1.64,Won
3956,1987,8278,3.49,Pending
3957,1988,3285,5.39,Won
3958,1989,7333,3.59,Won
3959,1990,8451,6.49,Won
3960,1990,6224,6.44,Won
3961,1991,8967,3.79,Lost
3962,1992,961,8.21,Won
3963,1992,9962,3.5,Won
3964,1992,9622,6.02,Won
3965,1993,2685,5.49,Pending
3966,1993,6730,7.22,Pending
3967,1994,6945,5.05,Won
3968,1994,7178,4.2,Won
3969,1994,8765,4.43,Won
3970,1995,2915,2.16,Void
3971,1995,7613,7.11,Void
3972,1996,7565,3.13,Lost
3973,1997,6119,3.51,Won
3974,1997,5947,5.71,Won
3975,1997,3717,4.53,Won
3976,1998,1070,2.43,Pending
3977,1998,7667,4.92,Pending
3978,1999,9200,7.0,Won
3979,2000,3783,5.94,Pending
3980,2000,7156,6.91,Pending
3981,2000,1853,8.46,Pending
3982,2001,629,4.29,Pending
3983,2002,6603,8.07,Won
3984,2003,6856,5.14,Won
3985,2003,1885,1.2,Won
3986,2003,8675,4.89,Won
3987,2004,4083,1.44,Pending
3988,2004,3679,2.01,Pending
3989,2004,24,2.17,Pending
3990,2005,6185,4.85,Pending
3991,2006,2234,4.28,Won
3992,2006,158,5.62,Won
3993,2006,9160,1.93,Won
3994,2007,55,1.23,Won
3995,2007,9723,2.48,Won
3996,2008,5938,4.94,Pending
3997,2009,1391,6.78,Won
3998,2009,241,8.41,Lost
3999,2010,4991,4.15,Won
4000,2010,7960,6.7,Lost
4001,2010,9030,1.78,Lost
4002,2011,3610,8.1,Lost
4003,2011,42,5.23,Lost
4004,2012,102,1.51,Won
4005,2013,6465,8.28,Won
4006,2014,3152,6.62,Pending
4007,2015,6037,6.28,Won
4008,2015,6303,2.05,Won
4009,2015,8012,8.37,Lost
4010,2016,319,1.78,Won
4011,2016,2419,6.74,Won
4012,2017,5642,3.62,Pending
4013,2018,741,2.88,Won
4014,2018,9449,3.85,Won
4015,2018,3886,2.32,Won
4016,2019,4579,8.42,Won
4017,2019,9881,5.33,Won
4018,2019,6935,1.55,Won
4019,2020,98,5.02,Lost
4020,2021,9228,6.21,Won
4021,2021,2530,1.5,Won
4022,2021,6304,2.52,Won
4023,2022,6777,6.68,Won
4024,2022,5755,3.26,Won
4025,2023,8642,6.7,Won
4026,2023,2989,4.74,Won
4027,2023,9106,3.69,Won
4028,2024,2156,3.15,Lost
4029,2025,5391,4.74,Pending
4030,2025,9104,6.67,Pending
4031,2026,2838,3.36,Lost
4032,2026,3845,2.02,Won
4033,2027,1255,7.55,Pending
4034,2027,418,6.88,Pending
4035,2027,7180,3.09,Pending
4036,2028,5018,2.56,Lost
4037,2029,1599,5.66,Won
4038,2030,5828,5.19,Pending
4039,2031,8079,6.01,Won
4040,2031,4809,2.47,Won
4041,2032,6199,2.95,Pending
4042,2032,8481,3.7,Pending
4043,2032,5073,7.82,Pending
4044,2033,9094,4.31,Won
4045,2034,2911,3.53,Won
4046,2035,6893,4.49,Won
4047,2035,1583,6.22,Won
4048,2035,4123,5.75,Won
4049,2036,9147,7.69,Won
4050,2036,1007,1.51,Won
4051,2037,6854,5.93,Won
4052,2038,3186,4.88,Pending
4053,2039,839,7.03,Won
4054,2039,9123,7.92,Won
4055,2039,7077,8.36,Won
4056,2040,9050,4.69,Pending
4057,2040,8068,4.95,Pending
4058,2041,934,6.9,Won
4059,2041,8045,2.32,Won
4060,2041,4891,1.23,Won
4061,2042,1348,2.25,Pending
4062,2042,5415,7.87,Pending
4063,2042,3715,2.66,Pending
4064,2043,4901,8.15,Pending
4065,2043,7364,7.59,Pending
4066,2043,3277,2.68,Pending
4067,2044,5080,5.94,Pending
4068,2045,8099,8.25,Won
4069,2045,213,7.0,Won
4070,2045,3032,7.19,Won
4071,2046,2583,3.07,Pending
4072,2046,4709,3.13,Pending
4073,2047,9934,1.63,Pending
4074,2047,2153,3.75,Pending
4075,2047,6955,4.39,Pending
4076,2048,1666,5.21,Won
4077,2048,8004,1.91,Won
4078,2049,5463,1.94,Won
4079,2049,380,2.03,Won
4080,2050,2526,2.08,Won
4081,2050,3121,7.76,Won
4082,2051,8716,3.16,Void
4083,2052,6008,4.94,Won
4084,2053,7063,7.63,Won
4085,2053,2177,4.84,Won
4086,2053,1374,5.78,Won
4087,2054,8171,5.65,Won
4088,2054,3119,6.74,Won
4089,2054,8279,7.41,Won
4090,2055,7245,4.34,Pending
4091,2055,1418,1.52,Pending
4092,2055,5498,7.8,Pending
4093,2056,38,5.21,Lost
4094,2057,2353,1.29,Won
4095,2057,4995,7.38,Won
4096,2058,4973,4.31,Won
4097,2059,4982,6.88,Pending
4098,2059,8100,4.31,Pending
4099,2060,415,6.42,Won
4100,2061,4669,8.07,Won
4101,2061,7964,1.12,Won
4102,2062,9098,7.38,Won
4103,2063,5000,1.63,Pending
4104,2063,5733,2.43,Pending
4105,2063,878,3.15,Pending
4106,2064,4523,7.89,Won
4107,2064,5175,7.37,Won
4108,2065,1619,3.21,Won
4109,2066,5563,3.52,Pending
4110,2066,3622,2.0,Pending
4111,2066,8530,3.24,Pending
4112,2067,6654,3.48,Won
4113,2068,9469,1.2,Won
4114,2069,8352,6.34,Lost
4115,2069,9989,4.08,Won
4116,2069,8124,4.65,Lost
4117,2070,3428,8.45,Won
4118,2071,4710,6.39,Void
4119,2072,5924,4.63,Pending
4120,2072,9690,3.44,Pending
4121,2072,2032,3.16,Pending
4122,2073,5118,2.64,Lost
4123,2074,6900,8.21,Lost
4124,2074,1658,5.28,Lost
4125,2075,3665,6.28,Won
4126,2076,6229,5.11,Void
4127,2077,3781,5.56,Won
4128,2077,8038,4.23,Lost
4129,2078,7967,2.41,Lost
4130,2078,9578,5.69,Lost
4131,2078,4879,3.76,Lost
4132,2079,4207,3.42,Won
4133,2079,9155,1.21,Won
4134,2079,7445,4.2,Won
4135,2080,3065,5.15,Won
4136,2080,8495,6.85,Won
4137,2081,4701,3.27,Won
4138,2081,7791,1.83,Won
4139,2081,3270,1.3,Won
4140,2082,6241,8.48,Won
4141,2083,7245,4.34,Lost
4142,2083,6037,6.28,Lost
4143,2084,9270,7.58,Pending
4144,2084,2494,6.63,Pending
4145,2084,3110,7.29,Pending
4146,2085,2956,4.55,Won
4147,2085,1890,2.54,Won
4148,2085,8186,4.26,Won
4149,2086,9837,3.53,Won
4150,2086,8641,8.06,Won
4151,2086,1990,6.6,Won
4152,2087,4835,4.26,Won
4153,2087,7010,6.46,Won
4154,2088,4372,4.5,Won
4155,2088,4177,4.94,Won
4156,2088,3616,1.84,Won
4157,2089,8404,2.24,Won
4158,2090,6441,1.24,Void
4159,2091,6038,7.76,Won
4160,2092,5473,2.3,Pending
4161,2092,4390,6.59,Pending
4162,2092,6432,5.13,Pending
4163,2093,5412,8.36,Won
4164,2093,4275,6.41,Won
4165,2094,987,2.73,Won
4166,2095,4965,6.38,Won
4167,2096,3713,4.55,Won
4168,2096,7777,8.24,Won
4169,2097,2405,5.72,Won
4170,2098,5413,5.2,Won
4171,2098,5055,3.63,Lost
4172,2099,1540,8.3,Pending
4173,2100,3168,2.57,Won
4174,2100,792,1.41,Won
4175,2100,9732,6.9,Won
4176,2101,3447,8.06,Pending
4177,2102,5447,8.32,Won
4178,2102,632,7.01,Won
4179,2103,9874,6.08,Won
4180,2103,5783,2.58,Won
4181,2104,4375,6.98,Pending
4182,2105,5490,4.06,Pending
4183,2105,3330,5.47,Pending
4184,2106,7485,3.88,Pending
4185,2107,6736,7.58,Won
4186,2107,305,3.59,Won
4187,2107,5390,2.82,Won
4188,2108,148,1.86,Won
4189,2108,4257,1.27,Won
4190,2108,9202,7.94,Won
4191,2109,7177,2.5,Pending
4192,2109,7049,1.96,Pending
4193,2110,6486,1.51,Pending
4194,2111,1723,5.48,Void
4195,2112,6800,3.12,Lost
4196,2112,8679,6.61,Won
4197,2113,7824,4.21,Lost
4198,2113,7526,6.68,Lost
4199,2114,2981,1.49,Won
4200,2115,5143,3.6,Pending
4201,2115,8234,7.99,Pending
4202,2116,1686,6.64,Pending
4203,2117,1704,4.78,Won
4204,2118,7580,5.68,Pending
4205,2119,1503,4.17,Won
4206,2119,4724,7.38,Won
4207,2120,5877,6.94,Pending
4208,2120,2609,8.16,Pending
4209,2121,9594,7.92,Won
4210,2122,8636,3.75,Won
4211,2123,6959,2.96,Lost
4212,2123,2614,2.85,Lost
4213,2124,9987,3.18,Pending
4214,2124,2972,6.27,Pending
4215,2124,5513,5.36,Pending
4216,2125,1316,7.18,Won
4217,2126,4202,7.79,Lost
4218,2126,2234,4.28,Won
4219,2126,4717,3.19,Won
4220,2127,5611,6.47,Void
4221,2127,7807,5.71,Void
4222,2128,264,1.7,Won
4223,2128,1675,7.43,Won
4224,2128,1176,8.27,Won
4225,2129,2425,3.75,Won
4226,2130,8433,2.93,Void
4227,2131,1063,4.43,Won
4228,2131,3599,6.08,Won
4229,2131,4748,8.46,Won
4230,2132,9591,6.73,Won
4231,2132,6712,6.04,Won
4232,2132,2620,2.23,Won
4233,2133,7594,1.63,Won
4234,2133,5264,6.62,Won
4235,2133,3406,3.36,Won
4236,2134,1976,5.77,Pending
4237,2135,9049,3.39,Pending
4238,2135,6674,3.45,Pending
4239,2136,4521,5.68,Lost
4240,2136,5260,6.12,Won
4241,2136,1818,2.58,Won
4242,2137,195,1.71,Pending
4243,2137,9267,7.82,Pending
4244,2138,1702,2.49,Won
4245,2138,5130,4.46,Won
4246,2139,1695,7.8,Pending
4247,2139,8947,7.33,Pending
4248,2140,6461,4.67,Won
4249,2141,1320,3.03,Pending
4250,2141,2460,5.98,Pending
4251,2142,6335,7.46,Won
4252,2142,8895,3.71,Lost
4253,2142,9484,2.08,Lost
4254,2143,6101,7.84,Won
4255,2143,982,6.69,Won
4256,2143,609,6.1,Won
4257,2144,590,5.85,Pending
4258,2144,9975,8.41,Pending
4259,2144,9253,8.17,Pending
4260,2145,5699,1.44,Void
4261,2145,7172,6.86,Void
4262,2146,6240,2.7,Pending
4263,2146,8246,6.34,Pending
4264,2147,9895,3.13,Won
4265,2147,2804,7.36,Won
4266,2147,9087,4.22,Won
4267,2148,3995,4.41,Pending
4268,2149,709,2.82,Lost
4269,2149,3474,1.59,Lost
4270,2150,3082,2.27,Won
4271,2150,9867,7.76,Won
4272,2150,1717,1.2,Won
4273,2151,3535,3.73,Pending
4274,2152,9273,4.68,Won
4275,2153,5255,2.56,Pending
4276,2153,6804,5.25,Pending
4277,2154,9656,7.64,Lost
4278,2154,9915,1.49,Won
4279,2155,4304,6.45,Pending
4280,2156,8626,2.09,Won
4281,2157,7671,4.7,Won
4282,2157,3294,3.7,Won
4283,2157,218,7.06,Won
4284,2158,658,6.51,Pending
4285,2158,6319,4.24,Pending
4286,2158,4157,5.51,Pending
4287,2159,2229,3.96,Won
4288,2159,2467,7.99,Won
4289,2160,7883,2.63,Won
4290,2160,1092,3.76,Won
4291,2160,5992,6.74,Lost
4292,2161,8686,4.26,Pending
4293,2161,8265,3.4,Pending
4294,2162,8729,2.28,Won
4295,2162,4299,3.94,Won
4296,2162,1021,1.31,Won
4297,2163,1226,2.85,Pending
4298,2163,7909,3.46,Pending
4299,2163,2964,2.06,Pending
4300,2164,4031,8.46,Pending
4301,2164,8475,6.79,Pending
4302,2165,9949,6.29,Won
4303,2165,9360,2.75,Won
4304,2165,7874,1.29,Won
4305,2166,3238,2.84,Pending
4306,2166,6242,8.16,Pending
4307,2167,2346,2.43,Won
4308,2167,6449,5.69,Won
4309,2167,3141,4.08,Won
4310,2168,8189,3.66,Lost
4311,2168,9498,7.75,Won
4312,2168,6522,7.22,Won
4313,2169,3937,1.2,Lost
4314,2169,3034,7.16,Won
4315,2170,8672,3.92,Pending
4316,2170,4400,5.16,Pending
4317,2170,6216,2.48,Pending
4318,2171,8802,4.92,Pending
4319,2171,1908,6.42,Pending
4320,2172,613,5.57,Won
4321,2172,186,2.37,Lost
4322,2173,3404,6.58,Pending
4323,2173,9635,7.3,Pending
4324,2174,1658,5.28,Won
4325,2175,2469,7.68,Lost
4326,2175,7349,2.37,Won
4327,2176,7225,6.21,Pending
4328,2177,7769,1.24,Won
4329,2177,9625,7.6,Lost
4330,2178,4178,7.55,Lost
4331,2178,9186,4.73,Won
4332,2178,2863,7.9,Lost
4333,2179,3116,1.76,Lost
4334,2179,4835,4.26,Lost
4335,2179,1019,1.39,Lost
4336,2180,7317,1.78,Pending
4337,2181,5482,7.73,Won
4338,2181,5407,4.06,Won
4339,2182,4369,6.48,Pending
4340,2182,1190,8.23,Pending
4341,2182,1974,6.24,Pending
4342,2183,4783,3.03,Won
4343,2183,4584,1.74,Won
4344,2184,7613,7.11,Won
4345,2184,9509,7.15,Won
4346,2185,4386,7.84,Lost
4347,2185,9695,5.14,Lost
4348,2186,9893,1.16,Won
4349,2186,8099,8.25,Won
4350,2187,7640,6.97,Pending
4351,2188,170,5.54,Won
4352,2188,4491,1.76,Won
4353,2188,6322,3.79,Won
4354,2189,9590,7.67,Pending
4355,2189,1725,7.03,Pending
4356,2189,28,3.58,Pending
4357,2190,5139,6.37,Pending
4358,2191,852,8.41,Pending
4359,2192,9760,3.61,Won
4360,2192,606,2.47,Won
4361,2193,2391,6.64,Lost
4362,2193,5308,4.97,Won
4363,2193,9100,2.98,Won
4364,2194,9190,2.42,Won
4365,2194,1465,7.87,Won
4366,2195,9684,2.73,Won
4367,2195,7214,2.18,Won
4368,2196,6600,7.66,Pending
4369,2197,1532,5.51,Lost
4370,2197,8571,5.95,Lost
4371,2197,8370,6.28,Won
4372,2198,7673,1.4,Won
4373,2198,442,7.59,Won
4374,2199,3973,3.65,Pending
4375,2199,6894,2.96,Pending
4376,2200,4979,8.03,Lost
4377,2201,6167,5.9,Pending
4378,2202,1567,2.52,Won
4379,2202,9840,2.07,Lost
4380,2203,2236,6.61,Pending
4381,2203,7977,4.9,Pending
4382,2203,5474,1.88,Pending
4383,2204,1356,6.76,Pending
4384,2205,7007,5.3,Pending
4385,2205,9584,4.01,Pending
4386,2205,5989,6.66,Pending
4387,2206,974,7.96,Pending
4388,2207,3010,7.35,Pending
4389,2207,3106,7.13,Pending
4390,2207,1071,6.26,Pending
4391,2208,7129,3.98,Lost
4392,2208,4977,6.98,Won
4393,2209,3729,6.61,Won
4394,2209,8034,8.4,Won
4395,2209,8625,1.27,Won
4396,2210,5950,4.95,Won
4397,2210,2782,7.97,Won
4398,2211,8069,4.05,Won
4399,2212,4328,7.66,Void
4400,2213,5898,1.62,Won
4401,2213,1451,4.05,Lost
4402,2214,9763,8.08,Pending
4403,2214,5779,3.63,Pending
4404,2215,3031,1.82,Void
4405,2216,3677,8.46,Lost
4406,2216,3417,5.88,Lost
4407,2216,3363,6.47,Won
4408,2217,7876,5.28,Won
4409,2218,6210,1.54,Won
4410,2218,6435,6.56,Won
4411,2219,3416,4.69,Won
4412,2219,6546,2.12,Won
4413,2220,4935,5.46,Won
4414,2220,4709,3.13,Lost
4415,2220,7525,3.68,Won
4416,2221,5792,5.18,Pending
4417,2221,9786,4.2,Pending
4418,2221,4888,2.17,Pending
4419,2222,2594,6.11,Won
4420,2222,3527,6.64,Won
4421,2222,885,2.57,Won
4422,2223,7571,2.46,Won
4423,2223,7321,7.68,Won
4424,2223,946,4.91,Won
4425,2224,3336,1.67,Lost
4426,2225,56,5.61,Lost
4427,2226,888,6.54,Won
4428,2226,2308,4.2,Won
4429,2226,4792,6.44,Won
4430,2227,1858,1.81,Won
4431,2227,7822,5.32,Won
4432,2228,809,5.48,Won
4433,2228,420,6.23,Won
4434,2228,4071,6.16,Won
4435,2229,3903,5.89,Won
4436,2229,9644,2.69,Won
4437,2229,8922,3.35,Won
4438,2230,1222,8.43,Lost
4439,2231,3413,5.38,Won
4440,2231,8430,2.67,Won
4441,2232,307,4.56,Won
4442,2232,9078,5.94,Won
4443,2232,5712,6.49,Won
4444,2233,141,1.59,Lost
4445,2233,2557,3.77,Lost
4446,2233,8940,2.21,Lost
4447,2234,7691,4.18,Won
4448,2235,8345,5.71,Won
4449,2235,6058,6.21,Won
4450,2236,2966,7.41,Lost
4451,2236,3153,5.97,Won
4452,2236,9498,7.75,Won
4453,2237,5998,8.39,Lost
4454,2237,1874,4.61,Lost
4455,2238,1091,8.49,Pending
4456,2238,6796,8.45,Pending
4457,2239,4703,7.53,Won
4458,2239,8815,3.69,Won
4459,2239,8205,2.61,Won
4460,2240,9536,7.55,Lost
4461,2240,9641,6.96,Won
4462,2240,8380,1.86,Lost
4463,2241,4277,4.56,Void
4464,2241,7212,7.22,Void
4465,2242,1621,5.1,Won
4466,2242,8795,5.9,Lost
4467,2242,1772,4.64,Won
4468,2243,4728,6.63,Void
4469,2243,7788,2.45,Void
4470,2244,83,4.78,Pending
4471,2244,3394,1.87,Pending
4472,2245,8340,5.23,Won
4473,2245,9109,1.96,Won
4474,2245,9622,6.02,Won
4475,2246,5680,2.65,Won
4476,2246,3849,1.79,Won
4477,2246,1697,3.33,Won
4478,2247,1295,6.08,Pending
4479,2248,166,5.41,Lost
4480,2249,8727,4.93,Won
4481,2249,5248,6.23,Won
4482,2250,9617,8.16,Lost
4483,2250,340,5.06,Won
4484,2250,4053,1.72,Lost
4485,2251,1197,2.34,Lost
4486,2251,438,8.23,Won
4487,2252,9889,2.53,Won
4488,2252,9377,7.56,Won
4489,2253,7346,2.49,Won
4490,2254,5204,7.74,Won
4491,2254,9211,1.83,Won
4492,2255,1022,5.72,Lost
4493,2255,5555,5.35,Won
4494,2256,8202,4.69,Won
4495,2256,9711,7.19,Lost
4496,2256,3098,4.97,Won
4497,2257,7588,6.69,Won
4498,2257,8383,3.86,Won
4499,2258,7252,2.96,Won
4500,2258,6533,7.84,Won
4501,2258,9735,1.28,Won
4502,2259,9137,5.58,Won
4503,2260,3062,7.03,Pending
4504,2260,2781,3.64,Pending
4505,2260,7248,1.5,Pending
4506,2261,2909,2.54,Pending
4507,2261,914,3.79,Pending
4508,2262,317,2.66,Won
4509,2263,1256,2.54,Won
4510,2263,6225,7.4,Won
4511,2264,9012,5.62,Lost
4512,2265,370,2.41,Pending
4513,2265,4102,6.11,Pending
4514,2265,5667,7.93,Pending
4515,2266,2314,4.59,Pending
4516,2267,1593,7.85,Pending
4517,2267,5770,5.97,Pending
4518,2268,4359,6.63,Won
4519,2268,7432,2.72,Won
4520,2268,7194,3.48,Won
4521,2269,2162,5.05,Lost
4522,2270,6414,7.88,Won
4523,2271,7465,2.95,Void
4524,2271,2398,3.98,Void
4525,2272,998,2.3,Won
4526,2272,6239,8.13,Won
4527,2272,8687,4.79,Won
4528,2273,9608,6.82,Void
4529,2273,4503,8.13,Void
4530,2274,5257,8.37,Void
4531,2275,6094,7.38,Lost
4532,2275,701,6.43,Lost
4533,2276,6120,5.36,Pending
4534,2276,75,3.78,Pending
4535,2277,929,5.21,Won
4536,2277,8759,6.08,Won
4537,2277,7355,3.24,Won
4538,2278,3494,6.03,Won
4539,2279,3650,7.93,Pending
4540,2280,1269,4.2,Lost
4541,2280,8292,6.73,Lost
4542,2280,3912,7.95,Won
4543,2281,4858,1.94,Won
4544,2282,3951,4.14,Pending
4545,2282,6633,2.14,Pending
4546,2282,9272,2.26,Pending
4547,2283,6582,7.82,Pending
4548,2283,5116,6.27,Pending
4549,2283,3947,4.78,Pending
4550,2284,49,7.77,Won
4551,2284,1556,1.32,Lost
4552,2284,2095,4.55,Lost
4553,2285,1137,2.6,Won
4554,2286,2407,2.43,Won
4555,2286,7529,2.94,Won
4556,2287,729,1.49,Pending
4557,2288,1187,6.44,Won
4558,2289,9977,4.16,Pending
4559,2289,3129,8.07,Pending
4560,2290,7062,2.77,Won
4561,2290,3731,7.88,Won
4562,2290,5614,6.88,Won
4563,2291,3557,7.24,Pending
4564,2291,9369,1.17,Pending
4565,2292,2351,2.19,Pending
4566,2292,8814,2.47,Pending
4567,2293,1193,1.99,Lost
4568,2293,909,7.92,Lost
4569,2293,1162,2.72,Won
4570,2294,1887,1.23,Pending
4571,2295,524,3.93,Void
4572,2295,3970,1.72,Void
4573,2296,3675,5.84,Pending
4574,2296,4261,7.79,Pending
4575,2297,2705,7.74,Lost
4576,2297,4127,3.36,Won
4577,2297,4556,2.37,Won
4578,2298,4910,3.1,Lost
4579,2299,3101,6.04,Lost
4580,2299,7250,5.22,Won
4581,2300,486,8.44,Won
4582,2300,2191,5.24,Won
4583,2300,1563,7.03,Won
4584,2301,3184,5.73,Lost
4585,2301,3338,2.72,Lost
4586,2301,7283,1.88,Lost
4587,2302,4531,5.1,Won
4588,2302,1228,5.26,Won
4589,2302,8769,1.83,Won
4590,2303,5291,1.87,Pending
4591,2303,6184,8.47,Pending
4592,2304,6910,5.59,Won
4593,2304,5459,2.17,Won
4594,2305,6350,8.4,Pending
4595,2305,4192,3.74,Pending
4596,2306,970,6.83,Won
4597,2306,4531,5.1,Won
4598,2306,4026,7.37,Won
4599,2307,735,1.81,Pending
4600,2307,6056,1.39,Pending
4601,2308,2428,6.1,Pending
4602,2308,7443,7.68,Pending
4603,2308,9232,8.29,Pending
4604,2309,9552,6.13,Pending
4605,2310,8326,7.49,Won
4606,2311,2655,1.64,Lost
4607,2311,6815,6.26,Won
4608,2311,857,3.25,Won
4609,2312,599,6.87,Pending
4610,2312,2033,7.76,Pending
4611,2313,6897,2.25,Void
4612,2314,5154,4.78,Pending
4613,2314,1736,2.14,Pending
4614,2315,3932,2.14,Won
4615,2315,9272,2.26,Won
4616,2315,2531,2.52,Won
4617,2316,3626,1.27,Pending
4618,2316,3840,6.94,Pending
4619,2316,1766,6.6,Pending
4620,2317,7892,6.55,Pending
4621,2318,6095,6.53,Won
4622,2318,2756,1.15,Won
4623,2318,1858,1.81,Won
4624,2319,6088,6.0,Pending
4625,2320,5011,3.54,Won
4626,2320,439,6.22,Won
4627,2320,2767,3.69,Won
4628,2321,88,7.61,Won
4629,2321,6878,1.12,Won
4630,2321,3614,7.23,Won
4631,2322,1882,7.04,Void
4632,2323,3968,3.43,Won
4633,2323,8838,3.99,Lost
4634,2323,1674,3.73,Won
4635,2324,812,7.47,Pending
4636,2325,8507,1.61,Pending
4637,2326,7206,3.52,Won
4638,2327,5725,7.27,Lost
4639,2327,8231,8.3,Won
4640,2328,3261,5.58,Lost
4641,2329,1323,7.09,Pending
4642,2329,7704,3.56,Pending
4643,2330,822,5.07,Won
4644,2330,9231,4.37,Lost
4645,2330,9022,4.52,Won
4646,2331,9123,7.92,Pending
4647,2331,4515,5.48,Pending
4648,2332,1323,7.09,Pending
4649,2333,9442,5.02,Pending
4650,2333,775,2.43,Pending
4651,2333,2854,2.63,Pending
4652,2334,2776,4.48,Won
4653,2334,6787,1.21,Won
4654,2334,2136,6.9,Won
4655,2335,965,4.1,Pending
4656,2336,5186,7.57,Won
4657,2336,9861,5.99,Won
4658,2337,9705,3.82,Pending
4659,2337,495,5.33,Pending
4660,2338,6751,2.36,Pending
4661,2339,9081,6.95,Won
4662,2339,6417,3.59,Won
4663,2340,6399,1.13,Won
4664,2340,4432,1.42,Won
4665,2340,1842,5.2,Won
4666,2341,4337,4.28,Pending
4667,2342,5818,4.64,Won
4668,2342,129,4.85,Won
4669,2343,8327,2.05,Void
4670,2344,3101,6.04,Won
4671,2345,8172,2.93,Won
4672,2346,5780,1.39,Won
4673,2347,6302,7.32,Won
4674,2347,1753,7.62,Won
4675,2348,4087,5.58,Won
4676,2349,8293,4.83,Won
4677,2349,269,2.6,Won
4678,2350,7143,7.74,Won
4679,2350,1730,6.76,Won
4680,2350,4707,3.71,Lost
4681,2351,6711,6.43,Won
4682,2351,9999,2.56,Won
4683,2352,3886,2.32,Won
4684,2352,2404,5.28,Won
4685,2353,5651,1.1,Lost
4686,2353,6062,2.5,Lost
4687,2354,9970,2.53,Won
4688,2354,1633,1.62,Lost
4689,2355,1253,6.04,Void
4690,2355,9626,4.88,Void
4691,2355,9338,7.24,Void
4692,2356,1785,1.92,Won
4693,2356,4691,8.38,Won
4694,2357,8868,3.1,Pending
4695,2357,9909,4.43,Pending
4696,2358,6084,5.0,Won
4697,2358,5290,3.6,Lost
4698,2358,3691,2.5,Won
4699,2359,5524,1.84,Pending
4700,2359,2115,3.23,Pending
4701,2359,9065,1.8,Pending
4702,2360,1150,1.79,Won
4703,2360,779,6.8,Won
4704,2360,3566,7.98,Won
4705,2361,5069,3.95,Won
4706,2362,1418,1.52,Pending
4707,2362,15,3.3,Pending
4708,2362,3673,7.82,Pending
4709,2363,5914,4.49,Void
4710,2363,6680,7.27,Void
4711,2363,979,7.77,Void
4712,2364,7388,8.19,Won
4713,2365,3501,7.44,Pending
4714,2366,7781,1.84,Won
4715,2366,4136,6.45,Won
4716,2366,460,6.19,Won
4717,2367,3826,5.94,Lost
4718,2367,1176,8.27,Won
4719,2368,7774,7.18,Won
4720,2368,3976,5.83,Won
4721,2369,7914,4.63,Void
4722,2369,1515,2.16,Void
4723,2370,5806,4.53,Pending
4724,2370,8057,5.03,Pending
4725,2371,5071,6.97,Won
4726,2371,6798,6.28,Won
4727,2371,6535,4.41,Won
4728,2372,4049,1.7,Lost
4729,2372,9019,5.61,Won
4730,2372,9736,3.16,Won
4731,2373,8970,8.05,Pending
4732,2373,8190,3.49,Pending
4733,2373,3828,5.3,Pending
4734,2374,8201,1.71,Pending
4735,2374,6769,1.8,Pending
4736,2374,6274,8.45,Pending
4737,2375,211,7.76,Won
4738,2375,2211,5.51,Won
4739,2375,2511,7.49,Won
4740,2376,3673,7.82,Won
4741,2376,2884,5.17,Won
4742,2377,3787,2.13,Pending
4743,2377,1883,1.64,Pending
4744,2377,9092,2.57,Pending
4745,2378,6900,8.21,Pending
4746,2378,5132,3.54,Pending
4747,2378,2517,3.91,Pending
4748,2379,2998,4.43,Lost
4749,2380,3331,1.62,Won
4750,2380,2036,8.25,Won
4751,2380,2830,5.8,Won
4752,2381,9347,2.64,Void
4753,2382,5844,7.14,Lost
4754,2382,2736,4.64,Won
4755,2383,6696,5.67,Won
4756,2383,9514,8.11,Won
4757,2384,9621,6.38,Void
4758,2384,9399,4.67,Void
4759,2384,5820,5.14,Void
4760,2385,1874,4.61,Won
4761,2385,4486,1.88,Won
4762,2386,5243,2.06,Won
4763,2386,8462,2.83,Won
4764,2387,4098,7.97,Won
4765,2387,6677,5.83,Won
4766,2387,1321,7.13,Won
4767,2388,8583,6.3,Won
4768,2388,9894,4.71,Won
4769,2389,8680,4.86,Pending
4770,2389,6412,3.65,Pending
4771,2390,4552,4.49,Lost
4772,2391,7787,1.51,Pending
4773,2391,4106,7.34,Pending
4774,2391,5763,7.93,Pending
4775,2392,8358,4.58,Pending
4776,2393,5917,8.1,Won
4777,2394,2990,5.43,Won
4778,2394,3760,7.69,Won
4779,2395,6388,3.28,Pending
4780,2395,7159,4.66,Pending
4781,2395,2751,8.45,Pending
4782,2396,8938,7.41,Lost
4783,2397,9639,1.5,Won
4784,2397,8590,3.62,Won
4785,2398,2518,1.64,Won
4786,2398,5573,3.0,Won
4787,2398,6710,2.69,Won
4788,2399,9711,7.19,Won
4789,2399,7829,4.22,Won
4790,2400,68,3.32,Won
4791,2400,4022,8.38,Won
4792,2401,5810,4.24,Pending
4793,2401,3113,3.58,Pending
4794,2402,2068,4.59,Pending
4795,2402,123,2.7,Pending
4796,2403,1744,4.62,Won
4797,2404,7761,5.43,Pending
4798,2405,1400,7.28,Won
4799,2405,1562,1.39,Won
4800,2406,8130,7.96,Pending
4801,2407,9957,4.89,Won
4802,2407,7529,2.94,Lost
4803,2408,7741,3.59,Pending
4804,2409,6839,4.24,Void
4805,2410,6041,3.72,Lost
4806,2410,5634,1.34,Won
4807,2411,4576,4.39,Won
4808,2411,8872,5.58,Won
4809,2412,2847,5.78,Pending
4810,2413,412,7.36,Pending
4811,2413,7169,8.09,Pending
4812,2414,6118,6.75,Won
4813,2414,2819,5.79,Lost
4814,2415,8580,2.16,Won
4815,2416,714,5.91,Pending
4816,2417,2585,6.21,Won
4817,2418,6398,7.43,Lost
4818,2418,2476,5.06,Lost
4819,2418,7646,4.16,Lost
4820,2419,5710,7.24,Won
4821,2419,9789,3.72,Won
4822,2420,9084,7.05,Pending
4823,2420,7447,5.95,Pending
4824,2421,3945,5.8,Pending
4825,2421,6378,7.06,Pending
4826,2422,5053,3.44,Lost
4827,2422,232,8.04,Won
4828,2423,6458,8.02,Won
4829,2424,9596,7.49,Lost
4830,2424,1102,4.48,Lost
4831,2424,3962,7.08,Won
4832,2425,7843,3.55,Won
4833,2425,8879,5.21,Won
4834,2425,7498,5.78,Won
4835,2426,3262,4.18,Won
4836,2427,3472,3.43,Pending
4837,2427,331,5.02,Pending
4838,2427,5215,8.41,Pending
4839,2428,4667,5.34,Won
4840,2429,2914,4.78,Won
4841,2430,2660,6.76,Pending
4842,2430,2944,2.48,Pending
4843,2431,4926,3.15,Won
4844,2431,151,3.57,Won
4845,2431,2660,6.76,Won
4846,2432,9219,6.75,Lost
4847,2432,9996,6.43,Won
4848,2432,3967,5.13,Won
4849,2433,3486,1.45,Won
4850,2433,9707,4.89,Won
4851,2434,7818,2.47,Pending
4852,2434,3251,6.35,Pending
4853,2434,4743,2.32,Pending
4854,2435,5387,6.3,Won
4855,2435,9376,1.68,Won
4856,2435,954,4.04,Won
4857,2436,4910,3.1,Won
4858,2436,5540,4.9,Won
4859,2436,2201,6.78,Won
4860,2437,6071,7.93,Won
4861,2437,571,7.71,Won
4862,2438,1821,7.25,Lost
4863,2438,4859,2.47,Won
4864,2439,4036,8.08,Pending
4865,2440,3401,6.6,Pending
4866,2440,5538,4.4,Pending
4867,2440,8848,3.81,Pending
4868,2441,7367,7.77,Won
4869,2442,8266,6.12,Lost
4870,2442,9703,3.82,Won
4871,2442,3652,5.83,Won
4872,2443,2858,7.78,Won
4873,2443,9061,6.1,Won
4874,2444,4780,1.27,Won
4875,2445,8829,4.42,Lost
4876,2445,2271,7.28,Lost
4877,2446,5071,6.97,Lost
4878,2446,4299,3.94,Lost
4879,2447,5989,6.66,Won
4880,2447,2075,2.04,Won
4881,2448,440,7.64,Won
4882,2448,6033,3.07,Lost
4883,2449,7910,1.91,Void
4884,2450,9601,7.05,Won
4885,2451,8529,1.5,Won
4886,2451,7221,5.27,Won
4887,2451,9037,4.95,Won
4888,2452,6186,2.5,Lost
4889,2452,9219,6.75,Won
4890,2452,315,3.67,Won
4891,2453,4142,6.25,Won
4892,2454,4518,3.27,Won
4893,2454,5666,6.37,Lost
4894,2455,9859,7.77,Won
4895,2455,9556,4.7,Won
4896,2455,1807,6.13,Won
4897,2456,5057,2.97,Pending
4898,2456,9749,4.41,Pending
4899,2457,7901,5.23,Pending
4900,2458,1590,3.7,Pending
4901,2458,8665,8.34,Pending
4902,2458,1997,6.72,Pending
4903,2459,3879,6.54,Void
4904,2459,2786,7.44,Void
4905,2460,2802,3.45,Won
4906,2460,4790,4.4,Won
4907,2460,8213,4.68,Won
4908,2461,4467,6.85,Lost
4909,2461,8315,7.34,Lost
4910,2462,5660,2.02,Lost
4911,2462,6663,3.73,Lost
4912,2462,7585,4.93,Lost
4913,2463,3252,1.61,Won
4914,2463,3927,1.46,Won
4915,2463,2222,5.77,Won
4916,2464,6016,8.11,Won
4917,2465,6877,4.14,Lost
4918,2465,4578,3.7,Won
4919,2466,5620,5.61,Won
4920,2466,9237,3.31,Won
4921,2467,6584,5.58,Lost
4922,2468,7290,3.5,Won
4923,2468,721,5.45,Lost
4924,2468,2366,5.19,Lost
4925,2469,4528,4.86,Pending
4926,2469,6218,3.26,Pending
4927,2469,3025,5.32,Pending
4928,2470,9389,1.42,Won
4929,2470,6057,3.0,Won
4930,2471,3354,4.45,Void
4931,2471,561,5.01,Void
4932,2472,3580,7.01,Lost
4933,2473,3279,4.6,Void
4934,2473,2922,5.86,Void
4935,2473,5277,4.66,Void
4936,2474,1027,3.74,Won
4937,2474,7526,6.68,Won
4938,2475,3336,1.67,Won
4939,2476,2520,1.34,Pending
4940,2476,1590,3.7,Pending
4941,2476,17,5.92,Pending
4942,2477,5108,7.57,Won
4943,2477,1680,5.68,Won
4944,2477,1235,2.33,Won
4945,2478,4731,7.23,Won
4946,2478,5516,2.45,Won
4947,2478,1769,2.94,Won
4948,2479,4372,4.5,Void
4949,2479,6033,3.07,Void
4950,2479,3946,5.64,Void
4951,2480,394,5.71,Won
4952,2480,6499,6.05,Won
4953,2481,3957,7.23,Won
4954,2482,6636,3.71,Won
4955,2482,8079,6.01,Won
4956,2483,5633,2.05,Pending
4957,2484,2463,1.87,Pending
4958,2484,3297,7.12,Pending
4959,2484,2176,8.49,Pending
4960,2485,3743,4.08,Won
4961,2485,3821,7.08,Won
4962,2485,6950,8.45,Won
4963,2486,6708,2.16,Void
4964,2486,5213,2.3,Void
4965,2487,1960,7.66,Won
4966,2487,4166,1.4,Won
4967,2487,6996,2.53,Won
4968,2488,6210,1.54,Lost
4969,2489,2444,6.96,Won
4970,2489,9166,7.64,Won
4971,2489,9799,8.47,Lost
4972,2490,3730,2.99,Lost
4973,2491,8706,6.57,Void
4974,2491,8660,1.17,Void
4975,2491,8076,6.32,Void
4976,2492,6406,5.59,Pending
4977,2493,6807,3.08,Lost
4978,2493,989,2.86,Won
4979,2494,6253,3.77,Won
4980,2494,2168,8.01,Won
4981,2494,9116,3.12,Won
4982,2495,1007,1.51,Lost
4983,2496,5819,2.81,Lost
4984,2496,1858,1.81,Won
4985,2496,2162,5.05,Lost
4986,2497,4977,6.98,Lost
4987,2498,8093,7.91,Pending
4988,2498,9177,8.16,Pending
4989,2498,9123,7.92,Pending
4990,2499,3364,4.35,Won
4991,2500,7798,4.74,Won
4992,2500,2857,2.85,Won
4993,2501,8852,8.45,Pending
4994,2501,4064,5.54,Pending
4995,2501,5173,3.11,Pending
4996,2502,6423,3.94,Lost
4997,2502,34,7.41,Won
4998,2503,4183,3.16,Won
4999,2503,3063,3.13,Won
5000,2503,399,5.07,Won
5001,2504,7017,6.18,Pending
5002,2504,5642,3.62,Pending
5003,2504,4001,7.53,Pending
5004,2505,3332,6.5,Lost
5005,2505,7076,6.03,Won
5006,2505,4011,5.37,Won
5007,2506,1034,8.39,Won
5008,2507,1344,2.11,Won
5009,2507,5120,4.81,Won
5010,2508,1163,7.46,Void
5011,2509,6169,3.93,Won
5012,2510,7050,6.31,Pending
5013,2511,6566,7.21,Lost
5014,2511,5270,1.27,Won
5015,2512,526,1.11,Pending
5016,2512,2907,6.85,Pending
5017,2513,5908,6.94,Won
5018,2514,738,7.93,Won
5019,2514,4493,4.84,Won
5020,2515,1921,3.65,Pending
5021,2515,9320,4.16,Pending
5022,2516,280,2.69,Pending
5023,2517,685,2.22,Won
5024,2517,2354,8.35,Lost
5025,2518,5574,4.02,Pending
5026,2519,2612,3.4,Won
5027,2520,8171,5.65,Void
5028,2520,8864,2.29,Void
5029,2521,7625,6.37,Won
5030,2522,1217,5.7,Won
5031,2523,5013,3.07,Won
5032,2524,8804,3.14,Pending
5033,2524,7907,8.32,Pending
5034,2524,4654,7.42,Pending
5035,2525,2950,4.1,Lost
5036,2526,4313,3.03,Lost
5037,2526,2995,7.66,Lost
5038,2526,8155,5.7,Lost
5039,2527,2682,3.6,Lost
5040,2528,4539,3.96,Lost
5041,2528,1539,6.25,Lost
5042,2529,9202,7.94,Won
5043,2529,9756,6.19,Won
5044,2529,9866,1.91,Won
5045,2530,2442,1.18,Pending
5046,2531,735,1.81,Void
5047,2531,2823,1.9,Void
5048,2532,8355,6.57,Won
5049,2532,3694,7.82,Won
5050,2532,7599,3.11,Won
5051,2533,1757,1.29,Won
5052,2534,3451,1.8,Pending
5053,2534,7089,6.85,Pending
5054,2535,8329,4.63,Won
5055,2536,2097,7.11,Won
5056,2536,8238,6.8,Won
5057,2537,5118,2.64,Pending
5058,2538,7173,3.39,Pending
5059,2539,4118,5.88,Pending
5060,2539,279,2.17,Pending
5061,2539,3890,7.86,Pending
5062,2540,8828,6.66,Won
5063,2540,5232,1.13,Won
5064,2541,2143,2.24,Pending
5065,2541,303,3.8,Pending
5066,2542,2940,4.27,Lost
5067,2543,166,5.41,Won
5068,2543,2925,7.23,Lost
5069,2544,3224,8.42,Void
5070,2544,7128,5.39,Void
5071,2545,4437,7.44,Lost
5072,2545,64,8.36,Won
5073,2546,1244,1.79,Won
5074,2547,5595,3.89,Lost
5075,2547,7303,5.68,Lost
5076,2547,355,7.96,Lost
5077,2548,1828,2.14,Pending
5078,2548,2215,1.48,Pending
5079,2548,8539,7.6,Pending
5080,2549,3599,6.08,Lost
5081,2549,9025,6.74,Won
5082,2550,5610,7.32,Won
5083,2550,4262,1.53,Won
5084,2550,4827,5.8,Won
5085,2551,4273,7.21,Won
5086,2551,4029,4.99,Won
5087,2552,4316,2.21,Void
5088,2552,5580,3.21,Void
5089,2553,6269,1.68,Won
5090,2553,7826,5.69,Won
5091,2554,4194,3.65,Lost
5092,2554,1382,1.77,Won
5093,2554,3600,8.46,Won
5094,2555,8056,4.66,Void
5095,2555,1079,1.73,Void
5096,2556,8955,4.81,Won
5097,2556,5695,5.79,Won
5098,2556,8875,4.69,Won
5099,2557,9966,7.96,Pending
5100,2557,7588,6.69,Pending
5101,2558,9385,7.89,Won
5102,2559,8830,7.59,Won
5103,2560,9656,7.64,Won
5104,2561,7985,1.56,Won
5105,2561,1950,4.57,Won
5106,2561,7689,1.27,Won
5107,2562,3142,7.94,Won
5108,2562,5052,8.13,Won
5109,2562,1861,4.58,Won
5110,2563,7871,5.47,Won
5111,2564,6940,1.23,Won
5112,2565,3290,5.89,Won
5113,2565,838,7.97,Won
5114,2566,2869,7.29,Won
5115,2566,7653,1.77,Won
5116,2566,1656,1.84,Lost
5117,2567,1113,8.02,Void
5118,2567,6002,7.91,Void
5119,2567,8817,5.44,Void
5120,2568,688,8.38,Lost
5121,2568,1476,4.75,Lost
5122,2569,916,5.61,Pending
5123,2569,1453,7.84,Pending
5124,2569,66,3.44,Pending
5125,2570,5773,6.67,Won
5126,2570,5903,5.14,Won
5127,2571,3523,3.75,Won
5128,2572,6741,5.39,Won
5129,2572,2144,5.16,Won
5130,2573,1025,7.44,Won
5131,2573,4762,4.24,Won
5132,2573,5634,1.34,Won
5133,2574,8295,7.62,Pending
5134,2574,6269,1.68,Pending
5135,2574,8352,6.34,Pending
5136,2575,2748,7.43,Pending
5137,2575,4324,3.51,Pending
5138,2576,2264,7.2,Won
5139,2577,240,1.77,Won
5140,2577,5147,3.75,Won
5141,2578,1819,4.83,Lost
5142,2578,4439,8.04,Won
5143,2579,6946,8.43,Pending
5144,2579,9904,7.83,Pending
5145,2580,6387,2.96,Void
5146,2581,2656,2.82,Pending
5147,2581,3282,5.31,Pending
5148,2581,7393,6.51,Pending
5149,2582,2177,4.84,Won
5150,2582,3148,4.51,Won
5151,2582,4343,4.21,Won
5152,2583,8576,1.87,Won
5153,2583,1258,2.58,Won
5154,2584,1522,1.89,Pending
5155,2585,5610,7.32,Won
5156,2585,7564,4.95,Won
5157,2586,6852,4.05,Won
5158,2587,3484,3.22,Void
5159,2587,4051,6.74,Void
5160,2587,3402,4.71,Void
5161,2588,9139,1.96,Void
5162,2588,8551,3.51,Void
5163,2589,147,4.47,Won
5164,2589,1591,7.75,Won
5165,2590,2757,4.42,Lost
5166,2591,1147,3.76,Pending
5167,2591,2225,2.46,Pending
5168,2592,1941,7.97,Won
5169,2592,7093,7.57,Won
5170,2592,981,4.3,Lost
5171,2593,6354,2.31,Void
5172,2593,4275,6.41,Void
5173,2593,9985,7.12,Void
5174,2594,5262,4.7,Won
5175,2595,7316,3.07,Won
5176,2596,7560,6.54,Won
5177,2596,71,6.9,Won
5178,2596,7156,6.91,Won
5179,2597,461,3.95,Lost
5180,2597,1337,3.0,Lost
5181,2597,6529,4.57,Lost
5182,2598,9629,8.14,Won
5183,2598,2940,4.27,Won
5184,2598,7609,1.82,Won
5185,2599,3998,4.21,Won
5186,2600,1547,5.4,Won
5187,2601,8536,5.09,Lost
5188,2601,9769,2.97,Lost
5189,2601,8674,2.46,Won
5190,2602,4102,6.11,Won
5191,2602,525,6.31,Won
5192,2602,9946,6.98,Won
5193,2603,1588,5.99,Won
5194,2604,3785,7.69,Pending
5195,2604,756,2.39,Pending
5196,2605,3150,5.76,Won
5197,2605,6053,4.61,Lost
5198,2606,4551,1.22,Won
5199,2606,7754,7.26,Won
5200,2606,4161,5.32,Won
5201,2607,1580,3.19,Won
5202,2607,9937,8.2,Won
5203,2607,2390,4.53,Won
5204,2608,124,2.99,Pending
5205,2609,1918,7.38,Won
5206,2610,9742,1.72,Won
5207,2610,6155,6.93,Won
5208,2610,2180,8.35,Won
5209,2611,2447,4.06,Won
5210,2611,4111,7.5,Won
5211,2612,1888,7.63,Pending
5212,2612,1168,7.29,Pending
5213,2612,1599,5.66,Pending
5214,2613,9245,3.87,Lost
5215,2614,8326,7.49,Pending
5216,2614,9776,7.95,Pending
5217,2615,5411,1.95,Won
5218,2615,3609,8.31,Won
5219,2616,1101,1.16,Won
5220,2616,5183,5.36,Won
5221,2617,134,1.48,Won
5222,2617,9853,6.35,Won
5223,2617,936,5.79,Won
5224,2618,2437,1.79,Won
5225,2618,689,6.21,Won
5226,2619,7934,1.98,Won
5227,2619,4486,1.88,Won
5228,2619,453,2.96,Won
5229,2620,5924,4.63,Won
5230,2620,4423,1.16,Won
5231,2621,6078,2.61,Won
5232,2621,3528,3.11,Won
5233,2622,1845,7.06,Void
5234,2622,3684,7.31,Void
5235,2623,5051,4.63,Won
5236,2623,9394,3.18,Won
5237,2623,9376,1.68,Won
5238,2624,7805,5.34,Won
5239,2625,2295,4.36,Void
5240,2625,5884,1.99,Void
5241,2626,8355,6.57,Won
5242,2626,6649,8.41,Won
5243,2626,7711,6.03,Won
5244,2627,3512,4.6,Pending
5245,2627,373,6.81,Pending
5246,2628,7075,5.09,Won
5247,2629,1733,1.24,Pending
5248,2629,7445,4.2,Pending
5249,2630,4397,1.85,Won
5250,2631,7230,7.7,Won
5251,2631,885,2.57,Won
5252,2632,867,6.3,Won
5253,2633,3377,1.41,Won
5254,2634,9587,5.28,Won
5255,2635,3549,6.76,Won
5256,2635,4059,1.55,Won
5257,2636,6137,5.9,Won
5258,2636,7996,7.46,Won
5259,2637,5293,6.32,Void
5260,2638,8515,3.3,Lost
5261,2638,9647,4.85,Lost
5262,2638,1480,6.97,Lost
5263,2639,6195,1.41,Won
5264,2639,6910,5.59,Won
5265,2639,3769,5.44,Won
5266,2640,2574,5.73,Won
5267,2640,3116,1.76,Won
5268,2641,3855,3.98,Won
5269,2642,7498,5.78,Lost
5270,2642,9480,7.56,Won
5271,2643,9258,7.5,Won
5272,2643,9116,3.12,Won
5273,2644,9845,4.49,Won
5274,2644,943,3.14,Won
5275,2644,8067,7.73,Won
5276,2645,9167,3.39,Void
5277,2645,784,2.65,Void
5278,2646,5592,5.21,Won
5279,2646,729,1.49,Won
5280,2647,9876,5.04,Won
5281,2647,3258,6.48,Lost
5282,2648,5486,6.27,Void
5283,2648,8102,6.91,Void
5284,2648,8802,4.92,Void
5285,2649,6665,4.62,Pending
5286,2649,7546,3.49,Pending
5287,2649,6114,3.24,Pending
5288,2650,4094,7.33,Won
5289,2650,6972,7.64,Won
5290,2651,5568,4.98,Won
5291,2651,8715,2.73,Won
5292,2652,4713,1.55,Pending
5293,2653,4362,6.55,Won
5294,2653,8084,2.43,Lost
5295,2653,1643,2.96,Lost
5296,2654,9120,1.2,Pending
5297,2655,5014,5.65,Lost
5298,2656,1330,2.87,Won
5299,2656,8922,3.35,Won
5300,2657,358,4.28,Won
5301,2658,6658,7.59,Void
5302,2659,9005,4.97,Lost
5303,2660,1874,4.61,Won
5304,2660,8640,5.16,Won
5305,2661,7554,6.78,Won
5306,2661,3189,7.48,Won
5307,2662,5954,2.48,Pending
5308,2663,5333,3.59,Won
5309,2663,9153,2.43,Won
5310,2664,536,1.22,Void
5311,2665,3683,7.61,Won
5312,2665,2003,7.43,Won
5313,2665,1933,7.55,Won
5314,2666,3723,8.21,Won
5315,2666,9885,3.28,Won
5316,2666,7494,8.22,Won
5317,2667,7110,6.46,Lost
5318,2668,2375,7.97,Pending
5319,2668,5714,1.58,Pending
5320,2669,5151,7.32,Void
5321,2669,5931,3.56,Void
5322,2669,7436,1.56,Void
5323,2670,230,6.26,Pending
5324,2670,1346,5.92,Pending
5325,2671,4661,4.47,Lost
5326,2671,3796,7.44,Won
5327,2671,8248,3.65,Lost
5328,2672,6187,2.57,Won
5329,2672,6248,8.44,Won
5330,2672,6555,5.05,Won
5331,2673,5679,6.12,Pending
5332,2673,6786,4.91,Pending
5333,2674,279,2.17,Won
5334,2674,7122,6.17,Won
5335,2674,125,4.72,Won
5336,2675,3699,6.54,Won
5337,2676,535,8.09,Won
5338,2676,3710,4.9,Lost
5339,2677,44,4.4,Won
5340,2678,1889,5.13,Lost
5341,2679,7069,2.28,Lost
5342,2679,1204,5.67,Lost
5343,2680,1168,7.29,Pending
5344,2680,58,5.23,Pending
5345,2680,7037,8.3,Pending
5346,2681,6915,4.69,Lost
5347,2681,8538,2.62,Won
5348,2681,6470,5.29,Lost
5349,2682,5318,7.42,Won
5350,2683,5443,4.42,Pending
5351,2683,2461,5.4,Pending
5352,2684,6126,1.5,Won
5353,2685,5872,5.17,Lost
5354,2686,8937,3.03,Won
5355,2686,1010,3.94,Won
5356,2687,2283,2.68,Won
5357,2687,3297,7.12,Won
5358,2687,2519,1.79,Won
5359,2688,8671,3.41,Pending
5360,2689,344,2.28,Won
5361,2689,34,7.41,Won
5362,2689,1624,8.02,Won
5363,2690,5182,2.34,Won
5364,2690,414,2.33,Won
5365,2690,1690,5.84,Won
5366,2691,2013,3.6,Pending
5367,2692,4322,1.49,Won
5368,2692,6105,2.26,Won
5369,2693,883,3.76,Won
5370,2694,5633,2.05,Pending
5371,2694,5743,5.0,Pending
5372,2694,8217,1.24,Pending
5373,2695,981,4.3,Lost
5374,2696,8210,2.24,Pending
5375,2696,2876,4.7,Pending
5376,2696,9537,1.24,Pending
5377,2697,7211,3.48,Void
5378,2697,6403,2.98,Void
5379,2698,9033,8.04,Pending
5380,2699,9760,3.61,Won
5381,2700,6924,3.61,Won
5382,2700,856,2.58,Won
5383,2700,6411,7.96,Won
5384,2701,3655,1.45,Won
5385,2701,553,4.66,Won
5386,2702,7933,7.43,Pending
5387,2702,2094,6.92,Pending
5388,2702,4735,7.55,Pending
5389,2703,4236,2.9,Won
5390,2704,8154,4.93,Won
5391,2704,164,3.29,Won
5392,2705,441,2.25,Won
5393,2705,5566,6.55,Won
5394,2706,3132,3.23,Won
5395,2706,1930,1.5,Won
5396,2707,981,4.3,Pending
5397,2707,6967,7.52,Pending
5398,2707,4719,1.33,Pending
5399,2708,3803,5.25,Lost
5400,2708,7871,5.47,Lost
5401,2708,8507,1.61,Lost
5402,2709,4638,4.53,Pending
5403,2709,7071,2.95,Pending
5404,2709,6272,1.34,Pending
5405,2710,6998,5.66,Pending
5406,2710,7351,6.16,Pending
5407,2710,5726,3.39,Pending
5408,2711,9500,8.09,Won
5409,2711,2435,7.68,Won
5410,2711,4301,1.86,Won
5411,2712,3755,3.47,Won
5412,2712,2058,5.88,Lost
5413,2713,8147,8.43,Lost
5414,2713,1538,2.5,Lost
5415,2713,3509,6.77,Lost
5416,2714,2829,7.23,Won
5417,2714,5031,6.72,Won
5418,2714,8890,2.16,Won
5419,2715,9326,1.76,Won
5420,2715,3897,2.29,Won
5421,2715,35,4.4,Lost
5422,2716,2026,5.31,Won
5423,2717,4359,6.63,Pending
5424,2717,8319,7.88,Pending
5425,2718,2425,3.75,Won
5426,2719,7376,6.78,Pending
5427,2719,2742,2.76,Pending
5428,2719,551,1.28,Pending
5429,2720,4264,4.03,Void
5430,2720,2572,6.69,Void
5431,2720,3251,6.35,Void
5432,2721,1077,8.08,Won
5433,2721,4332,4.55,Won
5434,2721,3706,7.21,Won
5435,2722,1779,7.45,Won
5436,2722,4590,7.55,Won
5437,2722,2544,1.43,Won
5438,2723,8911,3.92,Won
5439,2723,4845,5.83,Won
5440,2724,8859,2.52,Lost
5441,2724,8998,6.05,Lost
5442,2725,1390,7.44,Won
5443,2725,3172,7.05,Won
5444,2725,4334,5.39,Won
5445,2726,1999,1.2,Won
5446,2726,6132,2.15,Won
5447,2726,1397,3.33,Won
5448,2727,752,3.25,Won
5449,2727,2985,5.7,Won
5450,2727,2571,4.87,Won
5451,2728,1532,5.51,Pending
5452,2728,2315,5.83,Pending
5453,2728,345,1.31,Pending
5454,2729,340,5.06,Lost
5455,2730,363,6.08,Won
5456,2730,9289,2.81,Won
5457,2731,8912,5.58,Won
5458,2732,5368,2.64,Won
5459,2732,8021,3.45,Won
5460,2733,9845,4.49,Lost
5461,2733,5182,2.34,Lost
5462,2734,4973,4.31,Won
5463,2735,1640,7.15,Won
5464,2736,2011,4.55,Lost
5465,2736,5185,2.04,Won
5466,2736,3620,5.12,Won
5467,2737,7152,6.74,Pending
5468,2737,8585,3.18,Pending
5469,2737,9073,6.25,Pending
5470,2738,565,7.94,Won
5471,2738,1421,7.38,Won
5472,2739,8649,3.4,Won
5473,2739,9028,3.77,Won
5474,2740,9719,1.88,Won
5475,2741,9988,5.24,Won
5476,2741,3667,7.26,Won
5477,2741,7371,5.81,Won
5478,2742,8993,3.28,Lost
5479,2742,3647,4.6,Lost
5480,2743,2622,1.77,Pending
5481,2743,5373,2.77,Pending
5482,2744,8402,1.7,Won
5483,2744,5157,8.33,Lost
5484,2744,4909,4.83,Lost
5485,2745,1643,2.96,Pending
5486,2746,6197,7.03,Pending
5487,2747,7322,4.85,Lost
5488,2747,3716,3.14,Won
5489,2748,9446,7.99,Won
5490,2748,3523,3.75,Won
5491,2748,7961,5.22,Won
5492,2749,892,8.08,Won
5493,2750,2767,3.69,Pending
5494,2750,421,3.88,Pending
5495,2751,1816,6.06,Pending
5496,2751,6393,5.2,Pending
5497,2751,7648,4.37,Pending
5498,2752,9767,8.3,Won
5499,2752,9612,8.47,Won
5500,2752,845,7.01,Lost
5501,2753,6816,4.84,Won
5502,2753,6904,3.2,Won
5503,2754,1795,5.33,Won
5504,2754,9379,2.02,Won
5505,2755,7625,6.37,Won
5506,2756,8854,2.67,Pending
5507,2757,5760,8.26,Lost
5508,2757,9730,3.32,Lost
5509,2758,6862,5.19,Won
5510,2758,9895,3.13,Won
5511,2758,9426,8.37,Lost
5512,2759,8820,5.15,Won
5513,2759,5614,6.88,Won
5514,2760,8443,8.12,Won
5515,2760,4815,3.26,Won
5516,2761,1475,5.66,Void
5517,2761,7405,6.84,Void
5518,2761,3456,7.83,Void
5519,2762,1552,6.41,Won
5520,2763,3537,4.79,Pending
5521,2763,4415,2.37,Pending
5522,2764,7828,3.26,Won
5523,2764,1929,2.71,Won
5524,2764,2967,5.06,Won
5525,2765,3246,6.75,Won
5526,2765,7272,6.12,Won
5527,2765,5494,3.58,Won
5528,2766,8463,5.18,Pending
5529,2767,6470,5.29,Pending
5530,2767,5742,1.99,Pending
5531,2767,6907,7.31,Pending
5532,2768,9549,6.17,Pending
5533,2769,5437,3.55,Pending
5534,2769,2137,3.93,Pending
5535,2769,3619,5.79,Pending
5536,2770,3013,2.35,Won
5537,2770,7676,6.67,Won
5538,2770,1440,2.7,Won
5539,2771,4478,7.94,Pending
5540,2771,3034,7.16,Pending
5541,2771,8785,1.74,Pending
5542,2772,6255,3.49,Won
5543,2772,7056,1.62,Won
5544,2772,3921,5.17,Won
5545,2773,9653,1.79,Won
5546,2773,2199,4.18,Won
5547,2774,4551,1.22,Pending
5548,2774,3423,3.82,Pending
5549,2775,9012,5.62,Pending
5550,2775,1269,4.2,Pending
5551,2776,3332,6.5,Pending
5552,2776,468,7.05,Pending
5553,2777,7693,6.83,Void
5554,2777,3495,3.18,Void
5555,2777,4681,2.43,Void
5556,2778,7741,3.59,Won
5557,2778,7583,5.37,Won
5558,2779,5846,4.76,Lost
5559,2779,2096,5.17,Won
5560,2780,1985,1.38,Won
5561,2781,106,7.33,Won
5562,2782,5789,3.27,Pending
5563,2783,1804,4.25,Won
5564,2784,2008,6.48,Pending
5565,2785,9391,4.71,Won
5566,2785,9782,1.72,Won
5567,2785,9638,1.9,Won
5568,2786,6778,3.38,Won
5569,2786,4359,6.63,Won
5570,2787,2671,1.57,Pending
5571,2787,4671,3.96,Pending
5572,2788,7020,1.32,Pending
5573,2788,2192,7.7,Pending
5574,2789,561,5.01,Lost
5575,2790,4154,3.1,Won
5576,2790,1404,3.67,Won
5577,2790,3407,4.21,Won
5578,2791,7581,2.45,Won
5579,2791,4797,3.6,Lost
5580,2792,8433,2.93,Won
5581,2792,3782,2.61,Won
5582,2792,9128,6.81,Won
5583,2793,800,6.87,Won
5584,2794,6296,4.53,Won
5585,2795,597,2.54,Won
5586,2795,3102,1.43,Won
5587,2795,9867,7.76,Won
5588,2796,2373,7.25,Pending
5589,2796,3568,4.87,Pending
5590,2796,2208,1.91,Pending
5591,2797,2863,7.9,Won
5592,2797,9143,2.43,Won
5593,2797,1334,4.8,Lost
5594,2798,4407,5.45,Won
5595,2798,1619,3.21,Lost
5596,2798,9396,4.95,Lost
5597,2799,1823,4.61,Won
5598,2800,9391,4.71,Won
5599,2800,6206,2.76,Won
5600,2801,9622,6.02,Pending
5601,2801,7250,5.22,Pending
5602,2802,5366,1.72,Won
5603,2803,2605,5.33,Won
5604,2804,1726,3.38,Won
5605,2804,775,2.43,Won
5606,2805,5550,2.08,Lost
5607,2805,9953,2.01,Lost
5608,2805,5185,2.04,Lost
5609,2806,7176,2.96,Void
5610,2807,4826,1.22,Pending
5611,2807,3049,6.18,Pending
5612,2807,8410,5.17,Pending
5613,2808,1048,2.59,Won
5614,2809,2570,5.8,Lost
5615,2809,89,7.9,Won
5616,2809,1892,7.26,Lost
5617,2810,1793,4.68,Won
5618,2810,9378,6.57,Won
5619,2810,8062,2.21,Won
5620,2811,8873,6.85,Won
5621,2812,4950,6.0,Pending
5622,2812,211,7.76,Pending
5623,2812,7102,3.36,Pending
5624,2813,2391,6.64,Pending
5625,2813,6675,7.92,Pending
5626,2814,9791,6.53,Pending
5627,2814,1689,8.22,Pending
5628,2815,9897,1.35,Won
5629,2815,1087,6.42,Won
5630,2815,2546,1.7,Won
5631,2816,2466,5.88,Pending
5632,2816,4813,3.38,Pending
5633,2817,3787,2.13,Won
5634,2817,3941,6.22,Won
5635,2817,7134,5.12,Lost
5636,2818,7325,4.78,Won
5637,2818,6175,7.27,Lost
5638,2818,4626,6.84,Won
5639,2819,184,7.53,Won
5640,2819,756,2.39,Won
5641,2820,8155,5.7,Void
5642,2820,63,2.85,Void
5643,2820,4945,7.36,Void
5644,2821,2949,8.48,Pending
5645,2821,5534,7.53,Pending
5646,2821,1729,1.82,Pending
5647,2822,165,5.7,Won
5648,2822,2342,2.39,Won
5649,2823,1935,2.99,Won
5650,2824,670,2.87,Pending
5651,2824,2323,1.43,Pending
5652,2824,7125,2.19,Pending
5653,2825,1497,5.25,Pending
5654,2825,429,3.65,Pending
5655,2826,8816,2.81,Lost
5656,2826,7322,4.85,Lost
5657,2826,382,2.23,Lost
5658,2827,4908,3.83,Pending
5659,2828,544,3.28,Won
5660,2828,2274,6.37,Lost
5661,2829,4598,3.47,Won
5662,2829,1731,2.91,Lost
5663,2830,5669,4.99,Won
5664,2830,2881,8.27,Lost
5665,2830,7471,3.04,Lost
5666,2831,3171,7.63,Won
5667,2831,6829,8.0,Won
5668,2831,8128,7.16,Won
5669,2832,9796,2.02,Won
5670,2832,4965,6.38,Won
5671,2832,3851,6.74,Won
5672,2833,3439,1.79,Pending
5673,2833,7680,3.16,Pending
5674,2833,757,3.3,Pending
5675,2834,2045,1.86,Pending
5676,2834,7388,8.19,Pending
5677,2834,9654,2.95,Pending
5678,2835,2464,2.48,Void
5679,2835,8652,3.13,Void
5680,2835,2193,1.7,Void
5681,2836,7697,7.25,Won
5682,2836,1865,4.83,Won
5683,2837,2314,4.59,Won
5684,2838,4147,5.27,Won
5685,2839,988,6.08,Won
5686,2839,661,1.65,Won
5687,2839,1793,4.68,Won
5688,2840,1544,4.92,Won
5689,2840,2657,4.11,Won
5690,2841,7247,4.09,Pending
5691,2841,6510,5.79,Pending
5692,2842,7168,2.04,Won
5693,2842,6333,5.77,Won
5694,2842,5351,5.07,Won
5695,2843,2672,1.2,Pending
5696,2844,6199,2.95,Won
5697,2844,3347,3.14,Won
5698,2844,513,1.63,Won
5699,2845,3713,4.55,Won
5700,2846,2646,8.1,Won
5701,2847,6350,8.4,Won
5702,2848,1760,8.44,Lost
5703,2848,5073,7.82,Lost
5704,2849,7736,1.56,Void
5705,2849,7539,7.45,Void
5706,2849,6677,5.83,Void
5707,2850,440,7.64,Won
5708,2850,3323,6.01,Won
5709,2851,9226,5.03,Won
5710,2851,1659,8.36,Won
5711,2851,7774,7.18,Won
5712,2852,7203,5.51,Won
5713,2852,5526,3.27,Won
5714,2853,3072,7.45,Won
5715,2854,6883,2.28,Won
5716,2855,7016,1.69,Won
5717,2855,3963,6.27,Won
5718,2856,7925,3.72,Void
5719,2857,2841,6.03,Won
5720,2857,3904,1.85,Won
5721,2857,1197,2.34,Won
5722,2858,1089,8.07,Won
5723,2858,2153,3.75,Won
5724,2858,9297,5.95,Won
5725,2859,9112,2.85,Pending
5726,2859,1993,5.21,Pending
5727,2859,3477,7.8,Pending
5728,2860,2409,4.36,Lost
5729,2861,3253,4.46,Won
5730,2861,1370,4.25,Won
5731,2862,1429,5.46,Pending
5732,2862,3457,1.62,Pending
5733,2863,5625,6.77,Won
5734,2863,4230,4.67,Won
5735,2864,3561,3.31,Won
5736,2864,6227,7.91,Won
5737,2864,195,1.71,Won
5738,2865,7815,4.84,Pending
5739,2865,9301,1.25,Pending
5740,2866,1289,5.37,Pending
5741,2866,4497,8.48,Pending
5742,2867,1823,4.61,Pending
5743,2868,5280,7.3,Pending
5744,2868,5083,1.16,Pending
5745,2869,5849,1.93,Won
5746,2870,4938,1.21,Pending
5747,2871,1294,7.74,Won
5748,2871,8934,8.05,Won
5749,2871,8440,6.09,Won
5750,2872,5790,8.15,Pending
5751,2872,7128,5.39,Pending
5752,2872,114,7.11,Pending
5753,2873,6949,8.27,Pending
5754,2873,7727,2.58,Pending
5755,2873,3538,8.03,Pending
5756,2874,1062,1.22,Won
5757,2874,8106,7.1,Lost
5758,2874,282,6.1,Won
5759,2875,8337,5.98,Won
5760,2875,5105,3.74,Won
5761,2875,8599,7.37,Won
5762,2876,9902,1.74,Lost
5763,2876,7239,7.03,Won
5764,2876,6327,6.37,Won
5765,2877,7896,3.45,Lost
5766,2877,5107,4.97,Won
5767,2877,8769,1.83,Won
5768,2878,3397,3.89,Won
5769,2879,3997,3.68,Won
5770,2879,704,1.72,Won
5771,2879,9700,4.07,Won
5772,2880,5746,1.51,Lost
5773,2881,4291,1.52,Pending
5774,2882,4995,7.38,Won
5775,2882,838,7.97,Lost
5776,2882,2101,6.14,Won
5777,2883,4855,6.1,Won
5778,2884,2656,2.82,Void
5779,2884,5383,1.36,Void
5780,2885,7796,4.32,Won
5781,2885,5695,5.79,Won
5782,2885,6343,5.07,Won
5783,2886,4266,1.8,Pending
5784,2886,9281,6.21,Pending
5785,2886,7391,1.11,Pending
5786,2887,4101,7.6,Won
5787,2887,7409,7.69,Won
5788,2888,2625,4.08,Pending
5789,2889,3918,4.8,Won
5790,2889,1683,3.19,Won
5791,2890,5983,6.11,Pending
5792,2891,5343,1.42,Lost
5793,2891,3647,4.6,Lost
5794,2891,5745,1.81,Won
5795,2892,7402,7.0,Pending
5796,2893,9312,6.38,Won
5797,2893,4461,3.82,Lost
5798,2894,2212,6.14,Lost
5799,2894,2326,4.3,Won
5800,2895,7910,1.91,Won
5801,2896,1735,6.62,Pending
5802,2897,3258,6.48,Won
5803,2898,1991,5.45,Lost
5804,2898,3503,2.48,Lost
5805,2899,841,2.62,Void
5806,2899,1673,1.51,Void
5807,2900,1996,2.54,Void
5808,2900,379,7.94,Void
5809,2900,5456,3.9,Void
5810,2901,3774,5.32,Pending
5811,2902,2596,2.62,Won
5812,2902,8765,4.43,Won
5813,2903,1439,8.28,Won
5814,2903,2553,6.96,Won
5815,2904,3552,3.58,Lost
5816,2904,246,3.75,Won
5817,2905,8212,7.01,Won
5818,2906,1250,5.22,Lost
5819,2907,9664,7.68,Won
5820,2907,2315,5.83,Won
5821,2907,3084,5.43,Won
5822,2908,9153,2.43,Lost
5823,2908,5140,1.75,Lost
5824,2908,207,2.28,Won
5825,2909,6971,7.33,Lost
5826,2909,4130,4.92,Lost
5827,2909,4347,4.97,Won
5828,2910,5419,7.43,Pending
5829,2911,6919,6.91,Won
5830,2912,9260,5.03,Won
5831,2913,7877,5.82,Won
5832,2913,883,3.76,Won
5833,2913,7489,5.1,Won
5834,2914,1257,1.58,Won
5835,2914,518,2.01,Won
5836,2914,7707,5.46,Won
5837,2915,7083,1.12,Won
5838,2916,8436,1.66,Won
5839,2916,6706,7.64,Won
5840,2916,8202,4.69,Won
5841,2917,1219,3.27,Lost
5842,2918,406,7.94,Pending
5843,2918,1356,6.76,Pending
5844,2918,1653,7.65,Pending
5845,2919,9455,5.08,Pending
5846,2919,4017,3.69,Pending
5847,2919,9403,3.48,Pending
5848,2920,135,3.81,Pending
5849,2920,3681,4.8,Pending
5850,2921,1530,1.18,Won
5851,2921,5623,3.55,Won
5852,2922,2056,2.32,Pending
5853,2922,9008,7.84,Pending
5854,2923,5245,6.01,Won
5855,2923,2259,4.42,Won
5856,2923,390,4.26,Won
5857,2924,7689,1.27,Won
5858,2924,1763,5.13,Won
5859,2924,7019,8.16,Won
5860,2925,1906,3.73,Won
5861,2925,5801,1.84,Won
5862,2925,951,3.43,Won
5863,2926,3097,5.41,Won
5864,2927,4729,7.98,Pending
5865,2927,8169,1.98,Pending
5866,2928,5648,2.48,Won
5867,2928,4728,6.63,Won
5868,2928,4046,3.27,Won
5869,2929,5678,1.62,Won
5870,2929,3265,6.17,Won
5871,2930,798,1.62,Pending
5872,2930,7879,6.86,Pending
5873,2931,7288,3.78,Lost
5874,2931,4100,5.47,Lost
5875,2931,8492,8.44,Lost
5876,2932,7053,3.52,Won
5877,2932,4961,6.77,Won
5878,2933,2632,6.31,Won
5879,2934,4906,6.55,Won
5880,2934,2297,3.69,Won
5881,2934,3422,1.69,Won
5882,2935,7203,5.51,Pending
5883,2935,5585,1.22,Pending
5884,2936,1488,2.58,Lost
5885,2936,2405,5.72,Lost
5886,2936,8590,3.62,Won
5887,2937,5529,8.4,Won
5888,2937,2805,8.31,Won
5889,2938,7428,8.15,Won
5890,2938,305,3.59,Won
5891,2938,115,1.43,Won
5892,2939,3919,5.28,Won
5893,2939,9405,2.62,Lost
5894,2940,7134,5.12,Pending
5895,2940,7779,8.26,Pending
5896,2941,6934,1.96,Pending
5897,2941,6458,8.02,Pending
5898,2942,4416,6.15,Pending
5899,2942,6290,7.48,Pending
5900,2943,3775,7.85,Won
5901,2943,3316,4.37,Won
5902,2943,2976,4.87,Won
5903,2944,7954,6.76,Pending
5904,2945,1569,8.15,Won
5905,2946,6659,1.76,Pending
5906,2947,7623,2.85,Won
5907,2947,7976,2.34,Won
5908,2948,233,4.24,Won
5909,2948,8838,3.99,Won
5910,2948,5347,7.34,Won
5911,2949,3930,4.95,Void
5912,2949,1563,7.03,Void
5913,2950,1643,2.96,Pending
5914,2950,7545,4.55,Pending
5915,2951,9109,1.96,Won
5916,2952,5620,5.61,Pending
5917,2953,5831,2.92,Lost
5918,2954,4218,7.29,Won
5919,2954,8588,6.31,Won
5920,2954,7820,4.46,Won
5921,2955,4879,3.76,Won
5922,2956,527,6.48,Lost
5923,2957,9715,3.06,Won
5924,2958,8103,3.93,Won
5925,2959,3685,3.42,Won
5926,2960,6539,7.37,Pending
5927,2960,1453,7.84,Pending
5928,2960,2571,4.87,Pending
5929,2961,4422,1.65,Void
5930,2962,5004,4.37,Won
5931,2962,1683,3.19,Won
5932,2963,3631,5.44,Lost
5933,2963,8763,7.94,Lost
5934,2963,6575,6.39,Lost
5935,2964,1116,1.56,Won
5936,2964,6352,6.23,Won
5937,2964,6889,5.16,Won
5938,2965,300,3.27,Won
5939,2965,4091,7.83,Won
5940,2966,9512,3.71,Won
5941,2967,7598,4.94,Pending
5942,2967,4314,3.34,Pending
5943,2967,3096,6.06,Pending
5944,2968,2720,4.82,Pending
5945,2968,1521,6.89,Pending
5946,2968,4243,8.48,Pending
5947,2969,4113,5.63,Pending
5948,2969,6747,6.85,Pending
5949,2970,4988,8.02,Won
5950,2970,8415,2.75,Won
5951,2971,1916,4.01,Won
5952,2971,5578,8.39,Won
5953,2971,6080,4.88,Won
5954,2972,1055,5.1,Pending
5955,2972,2672,1.2,Pending
5956,2973,4405,7.74,Won
5957,2973,5072,7.21,Won
5958,2973,7703,3.17,Won
5959,2974,9855,6.7,Pending
5960,2975,1854,6.44,Lost
5961,2976,2837,7.02,Won
5962,2976,6737,7.2,Won
5963,2977,9446,7.99,Won
5964,2977,3197,8.22,Won
5965,2977,5841,7.4,Won
5966,2978,6018,5.89,Void
5967,2978,3803,5.25,Void
5968,2979,2,3.94,Won
5969,2979,1365,1.6,Lost
5970,2980,8440,6.09,Won
5971,2980,2486,4.49,Lost
5972,2980,9335,1.56,Lost
5973,2981,2632,6.31,Won
5974,2981,5926,7.8,Won
5975,2981,2713,5.62,Won
5976,2982,2269,5.96,Won
5977,2982,3549,6.76,Won
5978,2983,5263,1.37,Won
5979,2983,7840,5.19,Won
5980,2984,9790,8.34,Won
5981,2984,747,8.14,Won
5982,2984,2863,7.9,Won
5983,2985,9152,4.02,Lost
5984,2985,6165,1.82,Won
5985,2986,455,6.03,Won
5986,2986,6917,1.4,Won
5987,2986,1983,6.07,Won
5988,2987,4238,7.97,Pending
5989,2987,2854,2.63,Pending
5990,2988,3241,2.9,Won
5991,2989,5965,2.42,Pending
5992,2990,143,4.72,Pending
5993,2991,9190,2.42,Pending
5994,2992,3273,6.96,Pending
5995,2992,3461,6.01,Pending
5996,2992,1675,7.43,Pending
5997,2993,1701,1.45,Pending
5998,2994,5771,4.83,Lost
5999,2994,2280,1.11,Won
6000,2994,2380,2.5,Lost
6001,2995,8646,5.76,Pending
6002,2995,4665,8.27,Pending
6003,2996,4360,1.96,Won
6004,2996,6622,1.24,Won
6005,2997,653,8.06,Void
6006,2998,2644,1.28,Lost
6007,2999,328,5.84,Void
6008,2999,7452,3.96,Void
6009,2999,1430,4.45,Void
6010,3000,2603,4.14,Won
6011,3000,4977,6.98,Won
6012,3000,597,2.54,Won
6013,3001,3800,1.51,Void
6014,3001,6726,3.88,Void
6015,3001,9652,3.89,Void
6016,3002,4107,4.95,Won
6017,3002,905,1.56,Won
6018,3003,2715,2.35,Pending
6019,3003,7593,6.19,Pending
6020,3003,1667,7.44,Pending
6021,3004,1411,5.14,Pending
6022,3005,8567,1.44,Won
6023,3005,944,3.72,Won
6024,3005,3352,7.25,Won
6025,3006,5798,2.09,Lost
6026,3006,9011,4.52,Lost
6027,3006,2241,7.19,Won
6028,3007,3574,7.85,Void
6029,3008,5029,2.95,Won
6030,3009,8352,6.34,Won
6031,3009,6930,1.57,Won
6032,3009,276,6.43,Won
6033,3010,7861,3.76,Lost
6034,3011,4733,3.75,Lost
6035,3011,983,6.0,Won
6036,3011,3817,3.79,Won
6037,3012,5881,6.4,Won
6038,3012,651,6.85,Won
6039,3013,9846,6.63,Pending
6040,3013,541,6.15,Pending
6041,3013,4624,6.78,Pending
6042,3014,6887,7.99,Won
6043,3014,3621,6.44,Lost
6044,3015,1617,5.16,Void
6045,3015,2981,1.49,Void
6046,3015,4913,3.37,Void
6047,3016,5625,6.77,Pending
6048,3016,1863,6.21,Pending
6049,3017,9009,2.68,Void
6050,3017,8524,1.85,Void
6051,3017,2321,6.99,Void
6052,3018,4490,4.22,Pending
6053,3018,6785,7.58,Pending
6054,3018,6294,8.25,Pending
6055,3019,2570,5.8,Pending
6056,3020,9085,7.06,Won
6057,3021,8880,6.83,Pending
6058,3022,6638,6.97,Won
6059,3022,9253,8.17,Won
6060,3022,3197,8.22,Won
6061,3023,5887,3.66,Pending
6062,3023,854,7.04,Pending
6063,3024,9323,7.99,Pending
6064,3025,9202,7.94,Won
6065,3025,1282,1.97,Won
6066,3025,7730,5.62,Won
6067,3026,2330,6.35,Won
6068,3026,5934,3.52,Won
6069,3027,416,6.88,Pending
6070,3027,5125,6.41,Pending
6071,3027,9314,4.43,Pending
6072,3028,8624,3.24,Won
6073,3029,5454,2.45,Won
6074,3029,1886,6.79,Won
6075,3030,2985,5.7,Lost
6076,3030,9197,1.17,Lost
6077,3030,2776,4.48,Won
6078,3031,1222,8.43,Won
6079,3032,8201,1.71,Pending
6080,3033,871,6.49,Lost
6081,3034,3277,2.68,Won
6082,3034,6298,1.7,Won
6083,3035,7030,1.91,Won
6084,3035,4180,3.25,Won
6085,3036,244,3.34,Pending
6086,3036,1193,1.99,Pending
6087,3036,9250,6.55,Pending
6088,3037,7479,5.59,Lost
6089,3038,9191,8.45,Won
6090,3038,3909,8.04,Won
6091,3038,2864,6.86,Won
6092,3039,4251,4.34,Pending
6093,3040,9846,6.63,Pending
6094,3040,2783,2.86,Pending
6095,3041,5309,6.7,Won
6096,3041,5357,6.76,Won
6097,3041,6323,8.15,Won
6098,3042,6758,4.94,Pending
6099,3043,9529,5.05,Pending
6100,3043,8483,6.93,Pending
6101,3043,177,8.22,Pending
6102,3044,1682,1.81,Pending
6103,3044,3567,2.82,Pending
6104,3044,2014,7.79,Pending
6105,3045,5367,1.16,Won
6106,3045,9464,4.92,Won
6107,3046,9350,7.94,Lost
6108,3046,8585,3.18,Won
6109,3047,8732,5.86,Lost
6110,3047,4937,4.8,Won
6111,3047,1007,1.51,Won
6112,3048,7505,1.52,Pending
6113,3048,9265,7.4,Pending
6114,3048,7672,4.25,Pending
6115,3049,8627,2.04,Lost
6116,3049,8318,3.14,Lost
6117,3050,5599,6.64,Pending
6118,3050,4086,3.09,Pending
6119,3051,3026,5.77,Won
6120,3051,5827,4.2,Won
6121,3051,5980,3.89,Won
6122,3052,6183,3.7,Pending
6123,3053,7151,5.73,Won
6124,3054,7392,7.65,Lost
6125,3055,7967,2.41,Lost
6126,3056,6089,1.58,Won
6127,3057,578,5.45,Pending
6128,3058,3297,7.12,Won
6129,3058,9662,8.22,Won
6130,3058,506,1.81,Won
6131,3059,8107,5.03,Won
6132,3059,2053,5.65,Won
6133,3060,3155,2.02,Won
6134,3061,8849,6.77,Won
6135,3061,3736,2.64,Won
6136,3061,1151,7.22,Won
6137,3062,7690,5.25,Won
6138,3063,5732,5.13,Pending
6139,3063,4930,4.8,Pending
6140,3064,5231,5.16,Won
6141,3064,8130,7.96,Won
6142,3065,4421,2.5,Won
6143,3066,8534,4.99,Won
6144,3067,7468,4.87,Void
6145,3068,4369,6.48,Pending
6146,3068,3798,4.91,Pending
6147,3068,8863,8.15,Pending
6148,3069,5816,8.48,Won
6149,3070,8282,4.92,Pending
6150,3070,9306,1.14,Pending
6151,3070,8759,6.08,Pending
6152,3071,3193,3.2,Won
6153,3071,4822,6.98,Won
6154,3072,6071,7.93,Won
6155,3072,1357,1.17,Lost
6156,3072,1516,8.0,Won
6157,3073,3143,6.59,Won
6158,3074,7658,7.92,Won
6159,3074,2545,7.37,Won
6160,3075,417,8.14,Lost
6161,3075,4361,4.57,Lost
6162,3076,145,4.89,Won
6163,3077,9124,2.71,Won
6164,3078,6968,2.11,Lost
6165,3079,745,3.39,Won
6166,3080,6570,5.88,Lost
6167,3081,2522,6.58,Won
6168,3081,3018,5.12,Won
6169,3082,4943,2.29,Won
6170,3082,7766,5.12,Won
6171,3082,9300,4.57,Won
6172,3083,1698,5.3,Won
6173,3083,5498,7.8,Won
6174,3084,6444,1.8,Won
6175,3085,9721,8.34,Lost
6176,3085,2514,3.23,Lost
6177,3085,349,5.99,Lost
6178,3086,6008,4.94,Won
6179,3086,7403,3.32,Won
6180,3086,2428,6.1,Won
6181,3087,3131,5.14,Won
6182,3087,9971,4.8,Won
6183,3087,3891,5.39,Won
6184,3088,3539,3.03,Pending
6185,3089,521,6.25,Won
6186,3090,1510,6.68,Pending
6187,3091,5034,2.26,Won
6188,3091,3327,5.58,Won
6189,3091,2565,1.56,Won
6190,3092,993,1.67,Won
6191,3092,9207,3.6,Won
6192,3093,7883,2.63,Won
6193,3093,8830,7.59,Won
6194,3094,8199,2.53,Pending
6195,3094,4151,7.82,Pending
6196,3095,1404,3.67,Void
6197,3095,8477,5.5,Void
6198,3095,4675,6.13,Void
6199,3096,1925,1.12,Lost
6200,3096,5582,7.25,Won
6201,3097,1839,1.18,Lost
6202,3097,3913,2.49,Lost
6203,3097,6869,4.15,Won
6204,3098,1391,6.78,Won
6205,3098,1116,1.56,Won
6206,3099,5254,7.35,Pending
6207,3099,1223,8.5,Pending
6208,3100,5328,7.81,Won
6209,3101,2793,2.4,Won
6210,3102,462,1.25,Pending
6211,3103,559,7.89,Won
6212,3103,3512,4.6,Won
6213,3104,2232,4.58,Pending
6214,3104,8118,8.01,Pending
6215,3105,7885,2.6,Won
6216,3105,852,8.41,Won
6217,3105,6198,3.31,Won
6218,3106,5402,3.17,Pending
6219,3106,7942,5.07,Pending
6220,3106,7213,5.03,Pending
6221,3107,4178,7.55,Won
6222,3107,178,5.92,Won
6223,3108,7490,5.54,Lost
6224,3109,9572,4.98,Won
6225,3109,6450,5.28,Won
6226,3109,510,5.91,Won
6227,3110,9532,6.78,Won
6228,3110,2945,5.82,Won
6229,3110,1376,2.86,Lost
6230,3111,9794,2.82,Won
6231,3112,1270,8.3,Pending
6232,3112,8053,4.17,Pending
6233,3113,9637,5.49,Won
6234,3113,9798,6.87,Won
6235,3113,2532,2.74,Won
6236,3114,3434,4.39,Won
6237,3114,3302,4.89,Won
6238,3115,5591,1.13,Pending
6239,3115,5669,4.99,Pending
6240,3116,8442,2.77,Won
6241,3116,1345,7.52,Won
6242,3117,5919,8.18,Lost
6243,3118,6194,7.61,Won
6244,3118,1690,5.84,Lost
6245,3118,4921,6.69,Won
6246,3119,6360,3.34,Won
6247,3119,3441,2.31,Won
6248,3119,7857,4.76,Won
6249,3120,613,5.57,Lost
6250,3121,1163,7.46,Won
6251,3122,2175,4.69,Pending
6252,3122,3758,1.21,Pending
6253,3123,1291,4.44,Pending
6254,3123,5945,8.29,Pending
6255,3124,9598,5.71,Won
6256,3124,7366,1.76,Won
6257,3125,7598,4.94,Pending
6258,3126,8993,3.28,Void
6259,3126,3271,6.61,Void
6260,3126,7235,2.93,Void
6261,3127,9176,1.42,Won
6262,3128,6969,2.57,Won
6263,3128,7250,5.22,Won
6264,3128,7825,7.32,Won
6265,3129,6534,1.28,Won
6266,3130,2087,7.71,Won
6267,3130,9647,4.85,Won
6268,3130,1515,2.16,Won
6269,3131,617,5.56,Won
6270,3132,1254,3.73,Lost
6271,3132,4832,4.7,Lost
6272,3132,5829,6.36,Lost
6273,3133,6786,4.91,Won
6274,3133,9922,3.45,Won
6275,3134,4300,3.51,Won
6276,3135,4029,4.99,Pending
6277,3135,2240,4.03,Pending
6278,3135,4796,2.1,Pending
6279,3136,7376,6.78,Pending
6280,3136,3061,4.12,Pending
6281,3137,5521,8.4,Won
6282,3137,9338,7.24,Won
6283,3138,1101,1.16,Pending
6284,3138,5705,2.17,Pending
6285,3138,6430,3.59,Pending
6286,3139,6450,5.28,Pending
6287,3140,2254,2.59,Won
6288,3140,1437,5.01,Won
6289,3140,3937,1.2,Won
6290,3141,4831,1.11,Won
6291,3141,2394,5.79,Lost
6292,3141,1063,4.43,Lost
6293,3142,6748,3.46,Won
6294,3143,1554,6.25,Won
6295,3143,9243,2.39,Lost
6296,3143,5601,4.45,Lost
6297,3144,4905,2.24,Won
6298,3145,6514,1.56,Won
6299,3145,5524,1.84,Won
6300,3145,1139,1.12,Won
6301,3146,4575,5.73,Pending
6302,3146,6976,4.8,Pending
6303,3146,165,5.7,Pending
6304,3147,8853,4.15,Won
6305,3147,7550,7.23,Lost
6306,3148,3895,3.19,Won
6307,3148,8995,7.7,Won
6308,3149,9089,1.69,Won
6309,3150,8996,6.8,Pending
6310,3150,5627,5.12,Pending
6311,3150,9293,5.04,Pending
6312,3151,9389,1.42,Won
6313,3151,8047,5.12,Won
6314,3152,5457,6.37,Won
6315,3152,6254,2.64,Won
6316,3153,652,7.83,Won
6317,3153,523,7.96,Won
6318,3154,6643,2.21,Pending
6319,3154,9818,8.35,Pending
6320,3154,1397,3.33,Pending
6321,3155,1073,3.95,Won
6322,3155,740,4.69,Won
6323,3156,207,2.28,Won
6324,3156,4164,2.74,Lost
6325,3156,3551,1.61,Won
6326,3157,6969,2.57,Won
6327,3158,6079,7.34,Pending
6328,3158,7464,1.56,Pending
6329,3158,2665,5.81,Pending
6330,3159,4248,3.49,Lost
6331,3159,464,7.38,Lost
6332,3160,8327,2.05,Pending
6333,3160,2256,5.96,Pending
6334,3160,4765,7.39,Pending
6335,3161,9279,4.56,Lost
6336,3162,2275,3.38,Won
6337,3162,9771,5.3,Lost
6338,3162,6576,3.83,Won
6339,3163,3378,3.69,Pending
6340,3163,524,3.93,Pending
6341,3164,7201,6.9,Won
6342,3164,7173,3.39,Won
6343,3165,1762,2.99,Won
6344,3166,4828,4.24,Lost
6345,3166,4738,2.54,Lost
6346,3166,7274,2.57,Lost
6347,3167,8223,4.1,Won
6348,3168,3658,3.73,Lost
6349,3168,9516,5.88,Lost
6350,3169,5062,3.61,Won
6351,3169,5377,2.83,Won
6352,3169,5462,1.67,Won
6353,3170,9075,3.37,Won
6354,3170,4800,1.97,Won
6355,3170,6329,4.85,Won
6356,3171,6149,8.37,Pending
6357,3171,2335,6.24,Pending
6358,3171,4265,1.26,Pending
6359,3172,1122,7.51,Won
6360,3172,6145,2.57,Won
6361,3172,6449,5.69,Won
6362,3173,779,6.8,Lost
6363,3173,8442,2.77,Lost
6364,3173,4398,2.02,Lost
6365,3174,2890,7.99,Won
6366,3174,2359,8.24,Won
6367,3174,43,3.29,Won
6368,3175,8574,2.94,Won
6369,3175,3787,2.13,Won
6370,3176,3584,1.27,Lost
6371,3176,7072,7.69,Lost
6372,3176,7818,2.47,Lost
6373,3177,8940,2.21,Won
6374,3178,5358,4.92,Pending
6375,3179,5948,8.31,Won
6376,3179,4764,1.23,Won
6377,3180,2160,2.88,Won
6378,3181,197,1.44,Lost
6379,3181,4235,1.54,Lost
6380,3182,7348,5.85,Lost
6381,3182,6326,4.57,Lost
6382,3182,41,8.42,Won
6383,3183,5910,6.91,Won
6384,3183,8343,6.36,Won
6385,3183,2721,5.83,Won
6386,3184,6378,7.06,Won
6387,3185,2915,2.16,Won
6388,3186,818,7.28,Won
6389,3187,8391,3.6,Won
6390,3188,9652,3.89,Won
6391,3189,38,5.21,Void
6392,3189,2520,1.34,Void
6393,3189,8573,1.94,Void
6394,3190,5047,4.91,Won
6395,3190,1488,2.58,Lost
6396,3190,3388,5.74,Won
6397,3191,2144,5.16,Won
6398,3192,3506,4.46,Won
6399,3193,4319,2.77,Won
6400,3194,1902,1.76,Won
6401,3195,6040,5.69,Won
6402,3196,3770,4.94,Won
6403,3197,5281,6.99,Pending
6404,3198,5544,4.83,Pending
6405,3198,9250,6.55,Pending
6406,3199,8095,7.63,Lost
6407,3199,2331,2.53,Lost
6408,3200,3031,1.82,Won
6409,3200,9817,1.75,Won
6410,3200,8722,7.51,Won
6411,3201,4860,1.9,Void
6412,3201,6292,4.4,Void
6413,3202,6718,3.33,Won
6414,3202,6378,7.06,Won
6415,3203,1320,3.03,Lost
6416,3204,2744,4.86,Lost
6417,3205,8172,2.93,Won
6418,3205,1477,6.21,Won
6419,3206,4086,3.09,Lost
6420,3206,5650,3.67,Won
6421,3206,8497,2.23,Won
6422,3207,2742,2.76,Won
6423,3207,8289,7.55,Won
6424,3207,7292,5.46,Won
6425,3208,5151,7.32,Won
6426,3208,6421,1.95,Won
6427,3209,6725,8.4,Won
6428,3210,5287,2.0,Pending
6429,3211,9765,2.66,Won
6430,3211,7374,2.3,Won
6431,3212,2180,8.35,Pending
6432,3212,9965,4.55,Pending
6433,3213,1933,7.55,Pending
6434,3213,5659,3.71,Pending
6435,3214,2047,8.22,Won
6436,3215,9961,1.7,Won
6437,3215,9811,3.56,Won
6438,3216,5198,3.13,Pending
6439,3216,8025,6.58,Pending
6440,3217,2488,1.95,Won
6441,3217,897,6.4,Won
6442,3217,5758,2.01,Won
6443,3218,6619,7.9,Won
6444,3218,4513,6.9,Won
6445,3219,9756,6.19,Pending
6446,3219,2168,8.01,Pending
6447,3219,25,3.72,Pending
6448,3220,3888,1.29,Pending
6449,3220,3366,6.64,Pending
6450,3221,4283,1.97,Pending
6451,3222,785,8.47,Pending
6452,3222,6458,8.02,Pending
6453,3223,1010,3.94,Won
6454,3223,5504,4.55,Won
6455,3223,5651,1.1,Won
6456,3224,9082,6.04,Lost
6457,3224,6286,7.35,Lost
6458,3225,2622,1.77,Pending
6459,3226,228,5.59,Won
6460,3226,8540,4.69,Won
6461,3227,9957,4.89,Pending
6462,3227,9245,3.87,Pending
6463,3228,6569,5.37,Won
6464,3228,7013,5.65,Won
6465,3228,9767,8.3,Won
6466,3229,1766,6.6,Won
6467,3229,3208,7.3,Won
6468,3229,8860,2.87,Won
6469,3230,9726,2.63,Lost
6470,3230,4135,7.95,Lost
6471,3230,8661,5.92,Lost
6472,3231,2234,4.28,Pending
6473,3231,6028,5.92,Pending
6474,3231,1475,5.66,Pending
6475,3232,2139,8.47,Won
6476,3232,3339,2.07,Won
6477,3232,95,8.12,Won
6478,3233,4917,7.09,Lost
6479,3233,1045,1.38,Won
6480,3234,4551,1.22,Won
6481,3234,8006,6.37,Won
6482,3235,3375,5.19,Lost
6483,3235,4996,5.79,Won
6484,3236,4215,3.66,Won
6485,3237,568,7.56,Pending
6486,3237,5423,3.6,Pending
6487,3237,515,6.05,Pending
6488,3238,7621,5.27,Won
6489,3238,7341,5.65,Won
6490,3238,1511,2.17,Won
6491,3239,6005,6.37,Won
6492,3239,901,6.04,Won
6493,3240,9251,5.38,Won
6494,3240,3528,3.11,Won
6495,3241,1865,4.83,Pending
6496,3242,6193,4.9,Won
6497,3243,5270,1.27,Pending
6498,3244,7927,6.54,Pending
6499,3244,3310,7.64,Pending
6500,3244,5654,7.29,Pending
6501,3245,7715,5.48,Won
6502,3245,338,1.13,Won
6503,3245,4863,1.43,Won
6504,3246,4003,3.36,Lost
6505,3247,2262,3.06,Lost
6506,3247,4578,3.7,Lost
6507,3247,8547,6.84,Lost
6508,3248,3495,3.18,Won
6509,3249,2963,2.65,Won
6510,3250,6541,1.5,Won
6511,3250,8758,6.2,Won
6512,3251,7104,4.77,Won
6513,3251,9184,6.28,Won
6514,3251,8768,2.12,Won
6515,3252,7473,4.24,Won
6516,3252,8572,6.16,Won
6517,3252,9178,3.82,Won
6518,3253,8014,5.07,Won
6519,3254,4272,8.42,Won
6520,3255,249,5.59,Void
6521,3256,5889,2.99,Won
6522,3256,3956,4.62,Won
6523,3256,9361,3.66,Won
6524,3257,1165,5.01,Won
6525,3257,5919,8.18,Won
6526,3257,8232,4.1,Won
6527,3258,4275,6.41,Won
6528,3259,7468,4.87,Pending
6529,3260,8854,2.67,Won
6530,3261,5347,7.34,Won
6531,3261,4706,2.35,Lost
6532,3262,6845,3.52,Void
6533,3263,779,6.8,Lost
6534,3264,1890,2.54,Won
6535,3264,7033,4.35,Won
6536,3264,9344,4.99,Won
6537,3265,6518,4.54,Won
6538,3265,5462,1.67,Won
6539,3265,379,7.94,Won
6540,3266,9875,5.76,Won
6541,3266,8860,2.87,Won
6542,3266,9471,1.9,Won
6543,3267,8590,3.62,Won
6544,3267,8933,7.61,Won
6545,3268,9051,3.83,Won
6546,3268,5474,1.88,Won
6547,3268,1459,1.2,Won
6548,3269,9479,5.78,Pending
6549,3269,9745,5.21,Pending
6550,3270,6021,8.18,Won
6551,3271,2985,5.7,Pending
6552,3271,1243,7.99,Pending
6553,3272,6659,1.76,Pending
6554,3273,8875,4.69,Won
6555,3274,1110,3.25,Pending
6556,3274,7644,5.08,Pending
6557,3274,8599,7.37,Pending
6558,3275,6356,1.8,Pending
6559,3275,3308,1.95,Pending
6560,3275,3171,7.63,Pending
6561,3276,4669,8.07,Won
6562,3276,1262,5.39,Won
6563,3277,9195,2.64,Won
6564,3277,4976,2.7,Won
6565,3278,8244,5.33,Void
6566,3278,5712,6.49,Void
6567,3279,5166,7.71,Pending
6568,3280,9653,1.79,Won
6569,3280,7763,8.2,Lost
6570,3281,3197,8.22,Void
6571,3281,2863,7.9,Void
6572,3282,7441,5.88,Void
6573,3282,8433,2.93,Void
6574,3282,618,7.63,Void
6575,3283,5656,1.99,Pending
6576,3284,7545,4.55,Pending
6577,3285,8313,1.65,Won
6578,3285,6771,2.25,Won
6579,3286,7450,5.3,Won
6580,3287,3604,6.57,Pending
6581,3287,389,4.64,Pending
6582,3288,3982,7.03,Pending
6583,3288,216,6.96,Pending
6584,3289,3432,7.91,Lost
6585,3290,5039,8.15,Pending
6586,3290,7608,4.13,Pending
6587,3291,5439,3.65,Pending
6588,3292,3569,7.04,Lost
6589,3292,7612,3.22,Won
6590,3293,7483,2.6,Pending
6591,3293,762,8.35,Pending
6592,3294,8674,2.46,Won
6593,3294,3853,2.91,Won
6594,3294,6114,3.24,Lost
6595,3295,1481,5.61,Lost
6596,3296,7010,6.46,Pending
6597,3297,533,5.38,Pending
6598,3297,4129,2.71,Pending
6599,3297,7011,2.81,Pending
6600,3298,6798,6.28,Lost
6601,3298,796,3.85,Won
6602,3298,3736,2.64,Lost
6603,3299,889,2.1,Won
6604,3300,9791,6.53,Pending
6605,3300,590,5.85,Pending
6606,3301,4237,1.8,Won
6607,3302,7668,5.35,Lost
6608,3302,697,8.17,Lost
6609,3302,3316,4.37,Won
6610,3303,7955,5.15,Lost
6611,3303,4087,5.58,Won
6612,3304,3467,3.73,Pending
6613,3305,379,7.94,Won
6614,3305,2242,7.63,Won
6615,3306,875,2.03,Void
6616,3306,9857,8.29,Void
6617,3307,5784,6.15,Pending
6618,3308,8107,5.03,Won
6619,3308,6692,7.42,Won
6620,3309,4372,4.5,Pending
6621,3309,4371,7.37,Pending
6622,3310,7380,5.4,Won
6623,3310,9154,2.91,Won
6624,3310,5397,1.77,Won
6625,3311,1633,1.62,Pending
6626,3311,3651,1.59,Pending
6627,3312,5027,6.03,Won
6628,3312,5397,1.77,Won
6629,3312,4791,3.41,Won
6630,3313,3987,1.96,Pending
6631,3313,7875,8.41,Pending
6632,3314,9363,6.6,Pending
6633,3315,2681,8.43,Won
6634,3316,755,8.24,Won
6635,3317,6994,1.75,Void
6636,3317,4185,3.72,Void
6637,3317,8832,3.07,Void
6638,3318,5584,2.93,Won
6639,3319,7375,8.05,Pending
6640,3319,8136,6.44,Pending
6641,3319,9816,4.36,Pending
6642,3320,8918,8.37,Won
6643,3320,3771,8.01,Won
6644,3320,9869,2.95,Won
6645,3321,5973,5.0,Won
6646,3321,1936,5.72,Lost
6647,3321,1028,7.86,Won
6648,3322,6872,4.7,Won
6649,3322,5794,1.87,Won
6650,3322,6800,3.12,Won
6651,3323,808,5.41,Won
6652,3323,4679,1.69,Won
6653,3324,1345,7.52,Void
6654,3324,4800,1.97,Void
6655,3324,7669,2.6,Void
6656,3325,2919,8.42,Won
6657,3326,5574,4.02,Won
6658,3326,3627,5.81,Won
6659,3327,1131,1.44,Won
6660,3328,1204,5.67,Pending
6661,3328,5970,6.86,Pending
6662,3328,717,8.43,Pending
6663,3329,674,6.99,Won
6664,3329,2087,7.71,Won
6665,3330,228,5.59,Won
6666,3331,2612,3.4,Won
6667,3332,1267,2.81,Won
6668,3333,464,7.38,Pending
6669,3333,3416,4.69,Pending
6670,3334,5023,6.47,Pending
6671,3334,7638,1.46,Pending
6672,3334,1380,4.44,Pending
6673,3335,689,6.21,Won
6674,3335,5207,4.48,Won
6675,3335,1234,4.83,Won
6676,3336,8697,6.05,Void
6677,3336,9630,3.48,Void
6678,3337,4552,4.49,Won
6679,3337,2957,6.14,Won
6680,3337,9585,7.07,Won
6681,3338,7756,4.16,Won
6682,3338,9459,4.04,Won
6683,3339,7088,3.04,Void
6684,3339,3611,3.79,Void
6685,3339,8667,6.04,Void
6686,3340,237,7.68,Won
6687,3341,7584,7.44,Pending
6688,3341,2754,6.5,Pending
6689,3341,9560,4.32,Pending
6690,3342,3532,4.98,Won
6691,3342,7074,8.25,Won
6692,3342,4916,3.84,Won
6693,3343,6850,7.47,Pending
6694,3344,1385,1.41,Won
6695,3344,7776,5.03,Won
6696,3345,848,1.46,Pending
6697,3345,7557,8.45,Pending
6698,3346,6666,3.49,Pending
6699,3346,2098,7.05,Pending
6700,3346,8917,2.01,Pending
6701,3347,190,5.7,Won
6702,3347,1389,4.85,Won
6703,3347,9735,1.28,Won
6704,3348,1015,6.61,Pending
6705,3349,7870,7.1,Void
6706,3350,4297,5.35,Won
6707,3351,9280,2.3,Pending
6708,3351,2470,3.9,Pending
6709,3351,2257,2.16,Pending
6710,3352,7330,2.71,Won
6711,3352,9562,6.73,Won
6712,3353,2680,1.73,Lost
6713,3353,1803,7.92,Won
6714,3353,6040,5.69,Won
6715,3354,3417,5.88,Won
6716,3354,7269,6.35,Won
6717,3354,9047,5.83,Won
6718,3355,6035,6.34,Pending
6719,3356,7545,4.55,Won
6720,3356,3946,5.64,Won
6721,3357,7213,5.03,Won
6722,3357,9958,6.5,Won
6723,3358,6701,7.26,Won
6724,3358,3884,3.89,Won
6725,3358,5963,4.51,Won
6726,3359,7953,2.41,Won
6727,3360,9108,1.56,Lost
6728,3360,5777,7.58,Lost
6729,3361,285,1.59,Pending
6730,3362,4076,5.62,Won
6731,3362,9998,3.67,Lost
6732,3363,4052,2.98,Pending
6733,3363,2400,8.34,Pending
6734,3364,2860,6.35,Won
6735,3364,3768,3.26,Won
6736,3364,2067,4.5,Won
6737,3365,6354,2.31,Pending
6738,3365,3407,4.21,Pending
6739,3365,2250,7.18,Pending
6740,3366,998,2.3,Won
6741,3367,708,6.57,Lost
6742,3367,1154,2.97,Won
6743,3368,631,7.53,Won
6744,3368,724,6.42,Won
6745,3369,8350,2.9,Won
6746,3370,8625,1.27,Lost
6747,3370,1078,1.33,Lost
6748,3371,7160,1.4,Pending
6749,3372,5073,7.82,Won
6750,3372,446,5.88,Won
6751,3372,754,3.03,Won
6752,3373,8448,2.2,Pending
6753,3373,2072,1.55,Pending
6754,3374,9966,7.96,Won
6755,3374,7980,8.06,Won
6756,3375,8804,3.14,Pending
6757,3376,134,1.48,Pending
6758,3377,856,2.58,Void
6759,3377,9815,3.39,Void
6760,3377,5059,5.21,Void
6761,3378,1337,3.0,Pending
6762,3378,5705,2.17,Pending
6763,3379,2608,7.63,Pending
6764,3380,6766,5.92,Pending
6765,3380,4540,6.03,Pending
6766,3381,5075,1.94,Won
6767,3381,6006,4.51,Won
6768,3381,5771,4.83,Won
6769,3382,4248,3.49,Won
6770,3382,8976,3.27,Won
6771,3382,3674,2.31,Won
6772,3383,8103,3.93,Won
6773,3384,7,2.03,Won
6774,3384,4527,1.87,Won
6775,3385,9082,6.04,Won
6776,3385,3421,1.26,Won
6777,3385,9371,3.32,Won
6778,3386,2099,3.88,Pending
6779,3387,1566,7.9,Won
6780,3387,636,7.69,Won
6781,3387,7337,6.86,Won
6782,3388,5415,7.87,Won
6783,3388,8113,6.42,Lost
6784,3389,8088,2.12,Pending
6785,3389,322,2.58,Pending
6786,3389,5912,4.85,Pending
6787,3390,1392,4.03,Lost
6788,3390,4769,3.13,Lost
6789,3390,3227,3.62,Won
6790,3391,2449,8.48,Lost
6791,3392,477,7.38,Won
6792,3392,2003,7.43,Won
6793,3392,4450,3.41,Won
6794,3393,4729,7.98,Won
6795,3394,4222,5.28,Pending
6796,3394,5657,2.81,Pending
6797,3395,9927,1.87,Won
6798,3395,7742,3.46,Won
6799,3395,1475,5.66,Won
6800,3396,9976,1.17,Won
6801,3396,8602,7.87,Lost
6802,3396,8018,7.81,Won
6803,3397,5463,1.94,Won
6804,3398,4497,8.48,Won
6805,3398,2442,1.18,Won
6806,3398,3861,2.48,Won
6807,3399,4687,6.45,Won
6808,3399,2743,7.9,Won
6809,3399,3941,6.22,Won
6810,3400,4727,3.45,Won
6811,3400,8800,6.27,Won
6812,3400,7500,3.11,Won
6813,3401,3592,6.61,Pending
6814,3402,9516,5.88,Pending
6815,3403,4265,1.26,Won
6816,3404,7120,4.18,Won
6817,3404,778,4.41,Lost
6818,3405,6110,6.41,Won
6819,3405,3274,7.64,Won
6820,3406,2598,4.69,Pending
6821,3407,6639,1.15,Pending
6822,3407,883,3.76,Pending
6823,3408,2971,1.59,Pending
6824,3409,7179,1.77,Pending
6825,3409,6995,1.51,Pending
6826,3410,6807,3.08,Won
6827,3410,943,3.14,Won
6828,3410,5561,6.35,Won
6829,3411,804,1.2,Won
6830,3411,292,6.97,Won
6831,3412,8573,1.94,Void
6832,3413,3352,7.25,Won
6833,3413,512,7.96,Won
6834,3414,7606,3.58,Void
6835,3415,3601,3.87,Lost
6836,3415,4400,5.16,Won
6837,3415,6181,5.74,Won
6838,3416,7380,5.4,Lost
6839,3417,2150,7.76,Won
6840,3417,6549,1.97,Won
6841,3417,1907,2.36,Won
6842,3418,7484,7.7,Lost
6843,3418,2045,1.86,Won
6844,3418,8585,3.18,Won
6845,3419,4533,3.95,Won
6846,3419,4159,5.5,Won
6847,3420,3167,1.86,Won
6848,3420,2775,2.26,Won
6849,3421,2196,3.7,Won
6850,3421,8329,4.63,Won
6851,3422,4716,7.04,Pending
6852,3423,1286,3.76,Won
6853,3424,8380,1.86,Won
6854,3425,8219,5.82,Won
6855,3426,72,5.37,Void
6856,3427,9342,1.83,Pending
6857,3428,4150,5.02,Won
6858,3428,9051,3.83,Won
6859,3429,6710,2.69,Pending
6860,3430,2949,8.48,Void
6861,3430,7036,2.39,Void
6862,3431,1531,3.51,Pending
6863,3431,8389,5.17,Pending
6864,3432,740,4.69,Won
6865,3432,1118,6.33,Won
6866,3433,3156,8.49,Won
6867,3434,7408,3.41,Won
6868,3435,4231,6.78,Won
6869,3435,9188,2.64,Won
6870,3436,9056,6.36,Pending
6871,3437,5705,2.17,Won
6872,3437,7368,1.91,Lost
6873,3437,9349,3.56,Won
6874,3438,4614,1.17,Won
6875,3438,2259,4.42,Lost
6876,3439,7074,8.25,Won
6877,3439,5268,4.11,Won
6878,3440,1630,8.27,Won
6879,3440,8491,5.8,Lost
6880,3440,5755,3.26,Lost
6881,3441,7099,2.16,Pending
6882,3441,9752,2.8,Pending
6883,3441,2509,3.5,Pending
6884,3442,8788,2.7,Won
6885,3442,9225,5.61,Won
6886,3443,7893,6.92,Won
6887,3444,7657,7.83,Won
6888,3444,4330,7.69,Won
6889,3444,8057,5.03,Lost
6890,3445,2351,2.19,Won
6891,3445,8613,7.5,Won
6892,3446,629,4.29,Pending
6893,3446,1422,8.34,Pending
6894,3446,6594,3.41,Pending
6895,3447,1885,1.2,Won
6896,3447,856,2.58,Won
6897,3447,2298,1.49,Won
6898,3448,8668,5.61,Lost
6899,3448,9376,1.68,Won
6900,3448,2978,3.98,Won
6901,3449,9686,5.81,Lost
6902,3449,1080,3.61,Lost
6903,3450,2923,4.48,Lost
6904,3450,9261,2.09,Lost
6905,3450,110,5.48,Won
6906,3451,1776,1.53,Won
6907,3451,8664,4.48,Won
6908,3451,6042,3.31,Won
6909,3452,929,5.21,Won
6910,3453,1857,8.06,Won
6911,3453,3264,4.46,Won
6912,3453,9268,1.55,Won
6913,3454,3560,4.06,Lost
6914,3455,8713,1.7,Pending
6915,3455,901,6.04,Pending
6916,3456,9322,5.8,Pending
6917,3456,2744,4.86,Pending
6918,3457,8223,4.1,Won
6919,3458,5754,2.21,Pending
6920,3458,1579,2.41,Pending
6921,3459,1765,2.34,Pending
6922,3460,2379,4.99,Won
6923,3460,783,3.3,Won
6924,3461,7255,7.15,Pending
6925,3462,9150,4.94,Won
6926,3463,3962,7.08,Void
6927,3464,3735,7.04,Pending
6928,3464,1107,6.53,Pending
6929,3464,7426,2.88,Pending
6930,3465,550,2.8,Won
6931,3465,5864,5.35,Won
6932,3465,3976,5.83,Won
6933,3466,6850,7.47,Won
6934,3466,6722,3.99,Won
6935,3467,5275,5.57,Pending
6936,3468,8962,4.4,Pending
6937,3469,3235,2.75,Pending
6938,3469,9571,1.91,Pending
6939,3470,3434,4.39,Pending
6940,3470,2087,7.71,Pending
6941,3471,514,7.69,Pending
6942,3471,1106,6.81,Pending
6943,3471,5597,1.85,Pending
6944,3472,9008,7.84,Won
6945,3472,98,5.02,Won
6946,3472,4424,8.49,Won
6947,3473,7682,6.36,Won
6948,3473,8018,7.81,Won
6949,3474,8483,6.93,Lost
6950,3475,4939,4.94,Pending
6951,3476,8299,7.53,Lost
6952,3477,5084,2.8,Void
6953,3478,2117,3.16,Pending
6954,3478,4108,4.59,Pending
6955,3478,4483,5.13,Pending
6956,3479,750,1.87,Lost
6957,3479,6111,2.06,Lost
6958,3479,29,8.44,Won
6959,3480,6552,6.55,Won
6960,3481,2049,8.41,Pending
6961,3481,9497,6.98,Pending
6962,3481,9533,5.59,Pending
6963,3482,9385,7.89,Pending
6964,3482,4812,1.43,Pending
6965,3482,4574,6.62,Pending
6966,3483,4930,4.8,Won
6967,3483,5093,1.54,Won
6968,3484,7716,4.83,Won
6969,3485,7239,7.03,Pending
6970,3485,5374,3.45,Pending
6971,3485,4749,3.48,Pending
6972,3486,6598,1.75,Won
6973,3486,183,6.74,Won
6974,3487,601,6.5,Won
6975,3487,4191,2.36,Won
6976,3487,6995,1.51,Won
6977,3488,3903,5.89,Won
6978,3488,4009,6.35,Won
6979,3488,6158,3.84,Won
6980,3489,8980,7.73,Void
6981,3489,5041,7.8,Void
6982,3489,1084,2.27,Void
6983,3490,4884,2.28,Won
6984,3490,4170,2.21,Lost
6985,3491,2509,3.5,Void
6986,3491,6034,3.8,Void
6987,3492,3406,3.36,Pending
6988,3492,1260,5.51,Pending
6989,3493,9919,6.72,Won
6990,3493,7394,4.64,Lost
6991,3493,3295,7.24,Won
6992,3494,991,6.11,Won
6993,3494,3478,5.97,Won
6994,3494,6886,3.36,Lost
6995,3495,1395,2.57,Won
6996,3496,5274,5.14,Lost
6997,3496,6872,4.7,Won
6998,3496,3894,2.5,Won
6999,3497,6397,5.38,Pending
7000,3498,1112,6.27,Won
7001,3498,2249,1.93,Lost
7002,3499,6689,4.97,Pending
7003,3499,9150,4.94,Pending
7004,3499,2009,5.97,Pending
7005,3500,4736,5.48,Won
7006,3500,8440,6.09,Won
7007,3500,962,6.74,Won
7008,3501,8873,6.85,Pending
7009,3501,3247,7.62,Pending
7010,3501,2401,7.21,Pending
7011,3502,6152,1.83,Pending
7012,3502,4331,3.4,Pending
7013,3502,5246,8.4,Pending
7014,3503,5624,5.35,Pending
7015,3504,8330,1.45,Won
7016,3504,3382,5.28,Won
7017,3504,7357,2.07,Won
7018,3505,9563,5.1,Won
7019,3505,7069,2.28,Won
7020,3506,7211,3.48,Pending
7021,3507,3154,4.82,Won
7022,3507,2905,4.54,Won
7023,3507,9474,3.48,Won
7024,3508,1407,4.03,Won
7025,3508,2922,5.86,Won
7026,3508,5643,8.1,Won
7027,3509,4047,8.12,Lost
7028,3509,1837,7.44,Won
7029,3509,8434,1.12,Lost
7030,3510,7346,2.49,Lost
7031,3510,9429,5.0,Lost
7032,3511,7901,5.23,Won
7033,3511,1614,4.94,Won
7034,3511,4294,7.62,Won
7035,3512,2877,7.69,Pending
7036,3512,3999,2.59,Pending
7037,3513,7650,7.85,Won
7038,3513,8645,7.66,Won
7039,3514,6021,8.18,Won
7040,3514,5797,8.37,Won
7041,3514,9488,2.16,Won
7042,3515,3261,5.58,Lost
7043,3515,1660,6.91,Won
7044,3515,2493,5.54,Won
7045,3516,8934,8.05,Lost
7046,3516,7261,6.98,Lost
7047,3517,5998,8.39,Won
7048,3518,1564,5.04,Won
7049,3518,2950,4.1,Won
7050,3518,3339,2.07,Won
7051,3519,5215,8.41,Pending
7052,3519,8473,3.42,Pending
7053,3519,8849,6.77,Pending
7054,3520,9244,2.47,Pending
7055,3520,7588,6.69,Pending
7056,3521,4166,1.4,Won
7057,3521,4346,5.86,Won
7058,3522,957,6.56,Won
7059,3522,8416,7.6,Won
7060,3522,7834,5.29,Won
7061,3523,3907,8.38,Pending
7062,3523,7997,3.41,Pending
7063,3523,4630,1.78,Pending
7064,3524,2503,3.13,Won
7065,3525,4996,5.79,Pending
7066,3526,3615,5.38,Pending
7067,3526,5674,4.84,Pending
7068,3527,3066,8.31,Lost
7069,3527,7406,2.18,Won
7070,3528,9108,1.56,Pending
7071,3528,3166,3.08,Pending
7072,3529,9850,3.67,Won
7073,3529,6478,3.65,Lost
7074,3529,6415,1.91,Lost
7075,3530,6955,4.39,Void
7076,3530,9993,3.17,Void
7077,3531,3735,7.04,Won
7078,3532,5102,1.71,Void
7079,3533,2933,2.84,Lost
7080,3533,8982,7.84,Won
7081,3534,9856,6.05,Won
7082,3534,7810,4.41,Won
7083,3534,1261,2.25,Won
7084,3535,3076,1.81,Won
7085,3536,4572,8.43,Lost
7086,3537,6988,5.75,Won
7087,3538,3335,1.17,Won
7088,3538,265,5.37,Won
7089,3538,1206,1.94,Won
7090,3539,7853,3.73,Lost
7091,3540,7430,3.84,Won
7092,3541,5679,6.12,Won
7093,3542,3136,2.94,Won
7094,3543,1967,3.77,Pending
7095,3543,1067,7.09,Pending
7096,3543,284,8.19,Pending
7097,3544,6370,6.89,Pending
7098,3545,2567,7.92,Won
7099,3546,965,4.1,Lost
7100,3547,3540,4.06,Pending
7101,3547,788,6.51,Pending
7102,3548,2252,8.0,Pending
7103,3548,380,2.03,Pending
7104,3548,6223,7.75,Pending
7105,3549,9564,7.33,Won
7106,3549,894,2.47,Won
7107,3550,4773,1.61,Pending
7108,3551,8211,6.49,Lost
7109,3552,9959,2.64,Won
7110,3553,6385,1.87,Pending
7111,3554,5080,5.94,Lost
7112,3555,3845,2.02,Won
7113,3555,487,7.58,Won
7114,3555,5746,1.51,Won
7115,3556,6495,6.44,Won
7116,3557,7413,4.43,Won
7117,3558,8749,4.36,Won
7118,3558,5295,4.04,Lost
7119,3558,2200,3.33,Won
7120,3559,3094,2.35,Won
7121,3559,8970,8.05,Won
7122,3559,8505,2.68,Won
7123,3560,5617,7.98,Lost
7124,3560,7317,1.78,Lost
7125,3561,9112,2.85,Lost
7126,3561,2119,2.24,Lost
7127,3562,4664,2.98,Lost
7128,3562,1127,2.65,Lost
7129,3563,2217,1.68,Won
7130,3564,532,3.95,Won
7131,3564,6602,3.9,Lost
7132,3564,7072,7.69,Lost
7133,3565,6647,6.2,Won
7134,3566,7545,4.55,Lost
7135,3566,4125,8.31,Lost
7136,3567,8368,3.28,Won
7137,3567,9191,8.45,Won
7138,3568,2445,3.26,Won
7139,3568,8739,7.51,Won
7140,3569,9348,6.49,Won
7141,3569,6553,6.81,Won
7142,3570,211,7.76,Lost
7143,3570,1055,5.1,Won
7144,3570,2830,5.8,Lost
7145,3571,768,8.0,Lost
7146,3571,4338,6.87,Won
7147,3571,6984,3.46,Lost
7148,3572,7256,2.77,Won
7149,3572,8882,5.61,Won
7150,3572,6762,3.86,Won
7151,3573,842,6.02,Won
7152,3573,6060,3.05,Won
7153,3573,6730,7.22,Won
7154,3574,6538,2.03,Pending
7155,3574,7703,3.17,Pending
7156,3574,7145,2.58,Pending
7157,3575,2262,3.06,Pending
7158,3575,543,2.78,Pending
7159,3575,5501,6.59,Pending
7160,3576,1619,3.21,Won
7161,3576,6320,7.42,Won
7162,3576,9716,6.92,Won
7163,3577,2300,3.73,Pending
7164,3578,5167,3.08,Won
7165,3578,9462,2.63,Won
7166,3579,5529,8.4,Won
7167,3579,9721,8.34,Won
7168,3580,4870,8.34,Lost
7169,3580,2075,2.04,Lost
7170,3581,6046,7.94,Won
7171,3581,9120,1.2,Won
7172,3581,8517,1.12,Won
7173,3582,467,5.21,Pending
7174,3582,7274,2.57,Pending
7175,3582,4784,6.62,Pending
7176,3583,2216,1.1,Won
7177,3584,7904,8.35,Pending
7178,3584,2663,7.6,Pending
7179,3585,9188,2.64,Pending
7180,3586,7245,4.34,Won
7181,3586,1854,6.44,Won
7182,3587,1990,6.6,Pending
7183,3587,7768,6.4,Pending
7184,3588,8206,8.21,Pending
7185,3588,4141,7.33,Pending
7186,3588,5395,7.1,Pending
7187,3589,5342,8.18,Won
7188,3589,7546,3.49,Lost
7189,3589,1698,5.3,Lost
7190,3590,7994,2.65,Pending
7191,3591,2924,4.13,Pending
7192,3591,2780,5.24,Pending
7193,3592,9896,4.55,Lost
7194,3592,719,2.79,Lost
7195,3592,3762,7.04,Lost
7196,3593,1347,3.22,Won
7197,3593,2623,4.29,Lost
7198,3594,2534,1.28,Won
7199,3594,5175,7.37,Won
7200,3595,5303,6.63,Won
7201,3595,8982,7.84,Won
7202,3596,365,5.39,Lost
7203,3596,7469,5.39,Won
7204,3596,7647,7.82,Won
7205,3597,8928,3.27,Won
7206,3598,3700,8.32,Pending
7207,3598,716,8.24,Pending
7208,3598,411,4.56,Pending
7209,3599,3245,7.14,Won
7210,3599,4126,1.63,Won
7211,3600,1369,5.43,Won
7212,3601,7464,1.56,Won
7213,3601,3155,2.02,Lost
7214,3601,7953,2.41,Won
7215,3602,4358,6.26,Won
7216,3603,2050,5.08,Void
7217,3603,4521,5.68,Void
7218,3603,4018,7.84,Void
7219,3604,3938,8.16,Pending
7220,3604,2059,1.42,Pending
7221,3604,8076,6.32,Pending
7222,3605,9008,7.84,Won
7223,3605,3398,4.08,Won
7224,3605,9709,1.14,Won
7225,3606,8648,3.71,Pending
7226,3606,7003,5.65,Pending
7227,3606,3027,3.62,Pending
7228,3607,9525,8.41,Lost
7229,3607,3895,3.19,Lost
7230,3608,530,2.06,Won
7231,3609,220,2.58,Pending
7232,3609,4734,3.86,Pending
7233,3610,2640,5.35,Pending
7234,3610,5546,3.85,Pending
7235,3610,125,4.72,Pending
7236,3611,2323,1.43,Won
7237,3611,3237,1.84,Won
7238,3611,2870,7.28,Won
7239,3612,9652,3.89,Won
7240,3613,4854,5.87,Won
7241,3614,8711,8.42,Pending
7242,3615,8500,2.38,Pending
7243,3615,2263,8.2,Pending
7244,3616,9981,1.39,Won
7245,3616,3604,6.57,Won
7246,3617,551,1.28,Won
7247,3618,551,1.28,Won
7248,3619,6751,2.36,Won
7249,3619,5096,2.01,Won
7250,3619,4422,1.65,Won
7251,3620,9114,7.23,Pending
7252,3620,3583,2.42,Pending
7253,3620,7141,3.32,Pending
7254,3621,8894,5.86,Pending
7255,3622,7685,5.33,Pending
7256,3623,9220,2.09,Won
7257,3623,2460,5.98,Won
7258,3623,6064,3.82,Won
7259,3624,7235,2.93,Pending
7260,3624,402,5.45,Pending
7261,3625,6534,1.28,Won
7262,3625,3166,3.08,Won
7263,3626,868,4.75,Lost
7264,3627,3069,7.15,Won
7265,3627,169,5.44,Won
7266,3628,1629,4.47,Won
7267,3629,6292,4.4,Pending
7268,3630,8064,5.29,Pending
7269,3631,6612,4.71,Won
7270,3632,4203,6.8,Pending
7271,3633,5093,1.54,Pending
7272,3633,1444,8.19,Pending
7273,3633,15,3.3,Pending
7274,3634,1620,5.84,Won
7275,3635,6844,7.95,Void
7276,3635,3365,6.36,Void
7277,3635,3751,4.17,Void
7278,3636,3101,6.04,Won
7279,3636,6337,5.24,Won
7280,3636,781,8.09,Won
7281,3637,4647,4.22,Pending
7282,3637,3462,5.36,Pending
7283,3637,1366,5.4,Pending
7284,3638,7725,6.36,Won
7285,3638,3578,8.08,Won
7286,3638,9435,8.3,Won
7287,3639,4848,4.6,Won
7288,3639,2147,2.39,Won
7289,3640,9544,7.66,Pending
7290,3641,8648,3.71,Pending
7291,3642,927,5.4,Pending
7292,3642,6057,3.0,Pending
7293,3642,8591,6.81,Pending
7294,3643,7217,4.17,Won
7295,3643,2220,3.54,Won
7296,3644,3565,5.07,Won
7297,3644,8348,2.12,Won
7298,3644,2512,1.18,Won
7299,3645,9272,2.26,Won
7300,3646,2543,3.48,Void
7301,3646,3700,8.32,Void
7302,3647,8874,3.24,Won
7303,3647,3874,4.76,Won
7304,3647,3726,2.4,Won
7305,3648,7305,2.56,Won
7306,3648,7531,8.49,Won
7307,3649,9019,5.61,Lost
7308,3649,2072,1.55,Lost
7309,3649,4048,3.61,Lost
7310,3650,8106,7.1,Lost
7311,3650,9057,5.31,Won
7312,3651,3929,3.84,Won
7313,3651,3422,1.69,Won
7314,3651,8331,2.73,Won
7315,3652,2317,7.13,Won
7316,3652,4600,1.44,Won
7317,3652,4349,5.02,Won
7318,3653,4080,8.0,Won
7319,3654,9977,4.16,Void
7320,3654,6008,4.94,Void
7321,3655,2,3.94,Pending
7322,3655,463,3.64,Pending
7323,3656,9687,7.47,Won
7324,3656,9844,1.5,Won
7325,3656,9305,2.19,Won
7326,3657,4230,4.67,Won
7327,3657,3807,3.27,Won
7328,3657,444,7.36,Won
7329,3658,5624,5.35,Pending
7330,3659,1958,1.97,Won
7331,3660,9866,1.91,Void
7332,3660,1411,5.14,Void
7333,3660,3281,7.76,Void
7334,3661,4353,3.42,Won
7335,3661,1947,5.47,Won
7336,3662,6243,3.42,Pending
7337,3662,5354,4.04,Pending
7338,3662,7106,7.02,Pending
7339,3663,7617,3.3,Void
7340,3664,8378,6.16,Pending
7341,3664,3355,1.19,Pending
7342,3665,7143,7.74,Pending
7343,3665,4380,4.28,Pending
7344,3665,6628,5.62,Pending
7345,3666,4238,7.97,Pending
7346,3666,3462,5.36,Pending
7347,3667,7280,1.73,Pending
7348,3668,679,5.33,Won
7349,3668,5539,8.01,Won
7350,3668,2439,4.09,Won
7351,3669,3327,5.58,Lost
7352,3670,2930,2.71,Pending
7353,3671,8553,7.78,Lost
7354,3672,3093,5.0,Won
7355,3673,8998,6.05,Pending
7356,3673,6488,6.69,Pending
7357,3674,9576,2.59,Pending
7358,3674,6793,6.58,Pending
7359,3675,2301,4.88,Won
7360,3676,5082,2.58,Pending
7361,3676,5249,7.33,Pending
7362,3676,7772,4.85,Pending
7363,3677,3253,4.46,Won
7364,3678,4366,1.27,Won
7365,3678,7183,7.39,Won
7366,3678,320,5.32,Won
7367,3679,5865,6.79,Won
7368,3679,7143,7.74,Won
7369,3680,57,2.23,Won
7370,3681,8625,1.27,Won
7371,3681,7063,7.63,Won
7372,3682,7549,7.9,Pending
7373,3682,9832,5.26,Pending
7374,3682,7423,5.19,Pending
7375,3683,1535,2.11,Won
7376,3683,6775,4.42,Won
7377,3684,4526,6.8,Pending
7378,3685,7637,4.87,Won
7379,3685,1210,6.89,Won
7380,3685,3556,1.4,Lost
7381,3686,749,2.7,Won
7382,3686,9398,7.16,Won
7383,3687,8964,7.99,Lost
7384,3687,3525,7.86,Lost
7385,3688,4577,1.17,Lost
7386,3688,9518,3.54,Lost
7387,3688,468,7.05,Lost
7388,3689,9622,6.02,Won
7389,3689,1722,2.67,Won
7390,3690,4900,1.61,Won
7391,3690,3150,5.76,Won
7392,3690,3411,5.64,Won
7393,3691,3555,2.86,Won
7394,3691,8396,6.77,Won
7395,3691,743,1.2,Won
7396,3692,4742,4.22,Won
7397,3693,3689,6.21,Lost
7398,3693,5731,1.46,Lost
7399,3693,521,6.25,Lost
7400,3694,4217,4.9,Lost
7401,3694,1660,6.91,Lost
7402,3695,277,4.88,Won
7403,3695,6298,1.7,Won
7404,3696,6100,4.95,Pending
7405,3697,2015,4.57,Pending
7406,3697,385,8.14,Pending
7407,3697,6296,4.53,Pending
7408,3698,2108,1.1,Won
7409,3699,1412,4.84,Won
7410,3699,5932,7.96,Won
7411,3699,549,1.89,Won
7412,3700,3963,6.27,Won
7413,3700,9024,3.67,Won
7414,3700,2911,3.53,Won
7415,3701,2626,5.1,Won
7416,3702,5989,6.66,Lost
7417,3703,2713,5.62,Lost
7418,3703,6342,8.06,Won
7419,3704,1747,4.45,Lost
7420,3705,4903,3.92,Lost
7421,3706,8620,5.12,Lost
7422,3706,3474,1.59,Lost
7423,3706,4221,5.47,Won
7424,3707,5450,2.74,Void
7425,3707,709,2.82,Void
7426,3708,2241,7.19,Won
7427,3708,4901,8.15,Won
7428,3709,7386,5.84,Won
7429,3709,8741,7.44,Won
7430,3710,9578,5.69,Won
7431,3710,2923,4.48,Lost
7432,3711,4721,3.43,Void
7433,3711,3702,5.07,Void
7434,3711,213,7.0,Void
7435,3712,8466,8.14,Won
7436,3713,8984,3.91,Won
7437,3714,7788,2.45,Won
7438,3714,2036,8.25,Won
7439,3715,645,4.54,Pending
7440,3716,8837,6.61,Won
7441,3716,502,8.03,Won
7442,3716,1223,8.5,Won
7443,3717,3616,1.84,Won
7444,3717,8754,7.89,Won
7445,3717,3572,3.58,Won
7446,3718,9305,2.19,Won
7447,3719,964,6.32,Won
7448,3719,2125,3.43,Won
7449,3719,5601,4.45,Won
7450,3720,137,3.8,Pending
7451,3720,6529,4.57,Pending
7452,3720,5622,5.61,Pending
7453,3721,3672,1.4,Won
7454,3722,3416,4.69,Lost
7455,3722,1237,1.77,Lost
7456,3723,3945,5.8,Won
7457,3723,1718,6.69,Won
7458,3724,2904,7.38,Won
7459,3724,4866,1.89,Lost
7460,3724,5770,5.97,Won
7461,3725,2985,5.7,Won
7462,3725,4971,7.07,Lost
7463,3725,7982,3.16,Won
7464,3726,298,7.39,Won
7465,3726,2079,2.47,Won
7466,3727,3288,4.51,Won
7467,3727,5363,4.62,Won
7468,3727,3594,4.46,Won
7469,3728,2229,3.96,Pending
7470,3729,5856,5.16,Pending
7471,3729,4591,8.02,Pending
7472,3730,2683,7.45,Won
7473,3730,8970,8.05,Lost
7474,3731,4345,6.22,Won
7475,3732,1461,2.64,Won
7476,3732,1907,2.36,Won
7477,3732,8041,1.39,Won
7478,3733,1824,1.34,Won
7479,3734,7351,6.16,Won
7480,3734,4384,6.75,Won
7481,3734,9308,6.66,Won
7482,3735,8158,5.89,Lost
7483,3735,2184,7.18,Lost
7484,3735,6501,1.79,Lost
7485,3736,8483,6.93,Pending
7486,3736,1166,3.34,Pending
7487,3737,7517,6.43,Won
7488,3737,6121,8.22,Won
7489,3738,5520,1.89,Won
7490,3738,1081,7.29,Won
7491,3738,6083,8.22,Won
7492,3739,9099,6.36,Pending
7493,3740,3574,7.85,Won
7494,3740,4261,7.79,Won
7495,3740,1469,7.13,Won
7496,3741,8248,3.65,Won
7497,3741,9185,6.63,Won
7498,3742,1688,6.55,Pending
7499,3743,737,2.84,Pending
7500,3743,8448,2.2,Pending
7501,3744,3601,3.87,Won
7502,3744,4626,6.84,Won
7503,3745,5557,3.08,Won
7504,3745,3613,5.05,Won
7505,3746,2768,2.56,Won
7506,3746,9284,3.62,Won
7507,3746,9742,1.72,Lost
7508,3747,9594,7.92,Pending
7509,3747,7294,1.62,Pending
7510,3748,8251,3.75,Pending
7511,3749,8383,3.86,Pending
7512,3750,4760,5.11,Won
7513,3751,2089,2.8,Pending
7514,3752,228,5.59,Won
7515,3752,4459,7.2,Won
7516,3752,784,2.65,Won
7517,3753,1743,5.48,Won
7518,3754,8775,4.3,Pending
7519,3754,1711,2.34,Pending
7520,3755,7461,6.22,Pending
7521,3755,5612,6.43,Pending
7522,3755,8444,3.15,Pending
7523,3756,2991,6.8,Won
7524,3756,6103,2.88,Won
7525,3757,229,8.15,Pending
7526,3758,5407,4.06,Pending
7527,3758,7967,2.41,Pending
7528,3758,2811,3.96,Pending
7529,3759,5243,2.06,Won
7530,3759,1732,4.96,Lost
7531,3760,5954,2.48,Void
7532,3761,104,5.56,Won
7533,3761,5228,4.3,Won
7534,3762,9501,4.44,Pending
7535,3763,3085,2.84,Won
7536,3763,6832,7.02,Won
7537,3764,5604,5.74,Lost
7538,3764,9173,7.39,Won
7539,3764,6844,7.95,Lost
7540,3765,8999,4.45,Pending
7541,3765,8268,5.99,Pending
7542,3765,4639,7.82,Pending
7543,3766,5694,7.47,Lost
7544,3766,2547,4.53,Won
7545,3766,4678,7.53,Won
7546,3767,7861,3.76,Pending
7547,3768,3868,5.85,Won
7548,3768,7965,1.78,Won
7549,3769,8444,3.15,Lost
7550,3770,1717,1.2,Won
7551,3770,6878,1.12,Won
7552,3771,3977,2.37,Won
7553,3771,5740,4.23,Won
7554,3772,9875,5.76,Pending
7555,3772,5735,6.25,Pending
7556,3772,66,3.44,Pending
7557,3773,4335,3.73,Won
7558,3774,1817,2.4,Won
7559,3774,9261,2.09,Won
7560,3775,7748,4.51,Won
7561,3775,6885,6.44,Won
7562,3776,6473,2.99,Void
7563,3777,7360,7.31,Won
7564,3777,9269,6.04,Won
7565,3777,3840,6.94,Won
7566,3778,4389,1.5,Pending
7567,3778,5199,4.3,Pending
7568,3778,3411,5.64,Pending
7569,3779,1116,1.56,Pending
7570,3779,1805,1.76,Pending
7571,3779,6945,5.05,Pending
7572,3780,755,8.24,Won
7573,3780,4006,5.96,Won
7574,3780,9103,1.56,Won
7575,3781,6921,6.07,Lost
7576,3781,2879,7.48,Lost
7577,3781,682,7.22,Lost
7578,3782,9964,7.21,Won
7579,3782,2725,4.11,Won
7580,3783,3486,1.45,Won
7581,3783,2700,6.38,Won
7582,3783,3282,5.31,Won
7583,3784,7496,4.85,Won
7584,3784,4899,2.74,Won
7585,3784,7271,7.6,Won
7586,3785,9244,2.47,Pending
7587,3785,1777,6.97,Pending
7588,3786,3462,5.36,Won
7589,3787,9274,1.26,Won
7590,3788,1226,2.85,Won
7591,3788,9321,4.71,Won
7592,3789,4581,4.59,Won
7593,3789,6314,4.83,Won
7594,3790,1228,5.26,Won
7595,3790,5705,2.17,Won
7596,3791,3855,3.98,Won
7597,3791,4728,6.63,Won
7598,3791,1460,3.07,Won
7599,3792,1786,7.61,Won
7600,3792,2245,4.36,Won
7601,3793,9281,6.21,Pending
7602,3794,4309,2.26,Lost
7603,3795,7294,1.62,Pending
7604,3796,8860,2.87,Won
7605,3796,1938,4.48,Won
7606,3796,6538,2.03,Won
7607,3797,665,8.13,Lost
7608,3797,6406,5.59,Lost
7609,3797,9712,2.5,Lost
7610,3798,4045,5.41,Lost
7611,3798,7536,6.7,Lost
7612,3798,2209,7.42,Won
7613,3799,8950,5.07,Won
7614,3799,3408,8.3,Won
7615,3800,6487,7.17,Won
7616,3801,3265,6.17,Pending
7617,3801,9959,2.64,Pending
7618,3801,5430,7.77,Pending
7619,3802,9775,6.42,Won
7620,3803,4212,4.38,Won
7621,3803,1997,6.72,Won
7622,3804,492,1.93,Won
7623,3805,6774,8.05,Lost
7624,3806,6076,6.26,Pending
7625,3806,8917,2.01,Pending
7626,3807,7248,1.5,Pending
7627,3807,2478,2.48,Pending
7628,3807,8012,8.37,Pending
7629,3808,4285,7.64,Pending
7630,3808,3942,4.74,Pending
7631,3809,7844,1.64,Pending
7632,3809,1175,4.4,Pending
7633,3809,5701,2.03,Pending
7634,3810,875,2.03,Won
7635,3811,3758,1.21,Won
7636,3812,6568,3.1,Won
7637,3812,5955,3.63,Won
7638,3812,1577,7.79,Won
7639,3813,495,5.33,Lost
7640,3814,8456,4.73,Won
7641,3814,9036,4.09,Won
7642,3815,6128,6.71,Won
7643,3815,7283,1.88,Lost
7644,3816,2274,6.37,Pending
7645,3816,7499,4.68,Pending
7646,3816,2999,4.25,Pending
7647,3817,414,2.33,Won
7648,3818,5062,3.61,Won
7649,3818,9507,3.98,Won
7650,3819,8621,4.44,Lost
7651,3819,9266,7.65,Lost
7652,3819,6317,3.14,Lost
7653,3820,6753,2.72,Lost
7654,3820,1325,7.76,Lost
7655,3820,2248,1.85,Won
7656,3821,9580,6.42,Won
7657,3821,4649,7.12,Won
7658,3821,9344,4.99,Lost
7659,3822,6505,5.63,Lost
7660,3823,1391,6.78,Won
7661,3824,2552,2.38,Pending
7662,3824,2486,4.49,Pending
7663,3824,6156,8.45,Pending
7664,3825,5356,7.06,Won
7665,3825,107,5.62,Won
7666,3825,6580,1.14,Won
7667,3826,3527,6.64,Pending
7668,3827,5908,6.94,Won
7669,3827,9835,1.95,Won
7670,3827,462,1.25,Won
7671,3828,7594,1.63,Won
7672,3829,4843,2.57,Won
7673,3829,5130,4.46,Won
7674,3830,8972,5.23,Won
7675,3830,7037,8.3,Won
7676,3830,3681,4.8,Won
7677,3831,7280,1.73,Won
7678,3831,3049,6.18,Won
7679,3831,1917,6.21,Won
7680,3832,1901,5.0,Won
7681,3832,8988,6.77,Won
7682,3833,3931,6.02,Won
7683,3834,1074,4.52,Won
7684,3835,8490,1.77,Won
7685,3835,5425,3.59,Won
7686,3835,7630,4.48,Won
7687,3836,9685,7.64,Won
7688,3837,3145,3.11,Won
7689,3837,7787,1.51,Won
7690,3838,6859,2.62,Won
7691,3838,2883,5.29,Won
7692,3838,2463,1.87,Won
7693,3839,4329,1.33,Void
7694,3840,7031,5.25,Pending
7695,3840,2815,3.47,Pending
7696,3840,8074,3.28,Pending
7697,3841,1782,7.29,Won
7698,3842,6765,2.01,Won
7699,3843,4752,6.8,Won
7700,3843,1753,7.62,Won
7701,3843,7712,8.42,Won
7702,3844,8831,3.95,Void
7703,3844,6456,4.55,Void
7704,3844,9947,6.04,Void
7705,3845,7043,3.28,Won
7706,3846,8983,6.94,Won
7707,3847,963,5.56,Won
7708,3848,4525,8.15,Won
7709,3848,9761,4.49,Won
7710,3849,2941,6.13,Won
7711,3849,4847,7.05,Won
7712,3850,5671,1.33,Pending
7713,3850,6220,6.52,Pending
7714,3851,2409,4.36,Won
7715,3851,697,8.17,Won
7716,3852,5188,8.3,Won
7717,3853,5207,4.48,Lost
7718,3853,7300,7.29,Lost
7719,3853,161,5.24,Lost
7720,3854,19,4.8,Won
7721,3855,5527,2.9,Pending
7722,3856,6449,5.69,Won
7723,3856,2161,2.25,Won
7724,3856,4896,3.26,Won
7725,3857,4650,7.18,Lost
7726,3857,3458,2.22,Won
7727,3857,6288,5.64,Lost
7728,3858,8998,6.05,Pending
7729,3858,6316,7.54,Pending
7730,3859,3824,1.46,Won
7731,3859,2035,6.95,Won
7732,3860,8754,7.89,Lost
7733,3860,3002,5.07,Won
7734,3861,2029,3.16,Lost
7735,3861,489,7.72,Lost
7736,3862,7338,4.26,Won
7737,3862,9889,2.53,Won
7738,3863,499,5.95,Void
7739,3864,3782,2.61,Pending
7740,3865,9904,7.83,Lost
7741,3865,5937,1.78,Lost
7742,3865,3467,3.73,Won
7743,3866,9377,7.56,Won
7744,3867,8493,7.16,Won
7745,3867,3434,4.39,Won
7746,3868,1001,3.94,Won
7747,3868,68,3.32,Won
7748,3868,2804,7.36,Won
7749,3869,9274,1.26,Won
7750,3870,5271,3.72,Won
7751,3870,9254,7.69,Won
7752,3870,3002,5.07,Won
7753,3871,1580,3.19,Won
7754,3871,7959,3.83,Won
7755,3871,5441,8.04,Won
7756,3872,649,8.03,Won
7757,3873,7668,5.35,Won
7758,3873,4046,3.27,Won
7759,3873,4727,3.45,Won
7760,3874,1226,2.85,Pending
7761,3875,9761,4.49,Pending
7762,3875,7763,8.2,Pending
7763,3875,2441,3.3,Pending
7764,3876,6144,2.2,Won
7765,3876,5432,1.63,Lost
7766,3877,3033,2.34,Pending
7767,3877,6788,1.87,Pending
7768,3877,408,7.65,Pending
7769,3878,3049,6.18,Won
7770,3878,2964,2.06,Won
7771,3878,1260,5.51,Lost
7772,3879,9921,8.4,Won
7773,3880,4133,2.98,Pending
7774,3880,369,8.18,Pending
7775,3880,4586,7.9,Pending
7776,3881,5841,7.4,Won
7777,3881,4901,8.15,Won
7778,3881,9182,2.13,Won
7779,3882,7724,2.34,Won
7780,3882,1550,5.1,Won
7781,3883,6810,4.85,Won
7782,3884,8620,5.12,Won
7783,3884,9036,4.09,Won
7784,3885,3636,5.21,Won
7785,3885,750,1.87,Won
7786,3885,3570,6.63,Won
7787,3886,9942,1.85,Won
7788,3886,9760,3.61,Won
7789,3886,7218,4.34,Won
7790,3887,2393,5.78,Pending
7791,3887,7034,3.88,Pending
7792,3887,8620,5.12,Pending
7793,3888,5335,7.61,Pending
7794,3888,9657,2.57,Pending
7795,3889,17,5.92,Pending
7796,3889,6241,8.48,Pending
7797,3890,667,3.79,Won
7798,3890,4295,4.16,Won
7799,3890,3032,7.19,Won
7800,3891,2591,7.73,Won
7801,3891,6318,7.24,Lost
7802,3891,3551,1.61,Won
7803,3892,1428,7.87,Lost
7804,3893,6871,5.8,Lost
7805,3893,9517,4.83,Lost
7806,3894,2333,4.17,Won
7807,3894,139,1.75,Won
7808,3895,281,7.08,Won
7809,3896,6866,4.66,Won
7810,3896,2776,4.48,Won
7811,3897,9556,4.7,Pending
7812,3897,315,3.67,Pending
7813,3897,5887,3.66,Pending
7814,3898,9319,3.73,Pending
7815,3898,2537,4.67,Pending
7816,3899,6153,5.13,Won
7817,3899,7166,4.14,Won
7818,3899,8309,7.36,Won
7819,3900,4359,6.63,Pending
7820,3900,1458,5.2,Pending
7821,3901,1665,1.27,Pending
7822,3901,6531,4.92,Pending
7823,3902,6203,8.28,Won
7824,3902,7854,4.04,Won
7825,3902,2903,8.19,Lost
7826,3903,7557,8.45,Pending
7827,3903,1640,7.15,Pending
7828,3903,4328,7.66,Pending
7829,3904,1750,7.38,Lost
7830,3904,6603,8.07,Won
7831,3904,3737,7.6,Won
7832,3905,967,4.24,Won
7833,3906,4639,7.82,Pending
7834,3906,6712,6.04,Pending
7835,3906,9115,6.22,Pending
7836,3907,568,7.56,Pending
7837,3907,953,3.41,Pending
7838,3907,6199,2.95,Pending
7839,3908,8919,5.88,Won
7840,3909,1074,4.52,Pending
7841,3910,3111,6.29,Won
7842,3910,4735,7.55,Won
7843,3911,699,5.41,Won
7844,3911,5171,3.28,Lost
7845,3911,1768,7.21,Lost
7846,3912,509,3.62,Won
7847,3912,5001,5.61,Won
7848,3913,1247,1.29,Won
7849,3913,3589,4.91,Won
7850,3913,6450,5.28,Won
7851,3914,2584,8.2,Won
7852,3914,6844,7.95,Won
7853,3915,3675,5.84,Won
7854,3915,4297,5.35,Won
7855,3916,6294,8.25,Won
7856,3916,4971,7.07,Won
7857,3916,4695,1.72,Won
7858,3917,1494,2.06,Won
7859,3917,9413,5.1,Won
7860,3917,5953,5.1,Won
7861,3918,682,7.22,Lost
7862,3919,4832,4.7,Pending
7863,3919,5965,2.42,Pending
7864,3920,4431,6.26,Lost
7865,3920,1274,3.96,Won
7866,3921,9823,7.31,Won
7867,3921,8226,5.69,Won
7868,3921,77,5.15,Won
7869,3922,6970,6.29,Won
7870,3922,3711,6.1,Lost
7871,3922,351,6.84,Lost
7872,3923,1738,4.15,Won
7873,3923,4656,4.5,Won
7874,3923,4995,7.38,Won
7875,3924,4292,7.13,Pending
7876,3924,2132,8.04,Pending
7877,3924,4017,3.69,Pending
7878,3925,5575,2.13,Won
7879,3925,898,4.81,Won
7880,3926,373,6.81,Won
7881,3926,5706,2.23,Won
7882,3927,5867,2.14,Pending
7883,3928,1908,6.42,Pending
7884,3929,7362,3.5,Won
7885,3929,822,5.07,Won
7886,3930,5594,4.27,Won
7887,3930,7618,4.2,Won
7888,3930,9951,2.41,Lost
7889,3931,7950,5.96,Won
7890,3931,3518,6.43,Won
7891,3932,4007,7.13,Won
7892,3932,795,6.28,Lost
7893,3933,7347,2.37,Won
7894,3934,7963,2.16,Lost
7895,3934,9986,5.19,Won
7896,3935,1921,3.65,Won
7897,3935,3804,1.55,Won
7898,3936,1075,7.09,Won
7899,3936,190,5.7,Won
7900,3937,680,7.93,Won
7901,3937,2490,3.07,Lost
7902,3938,9380,1.83,Won
7903,3939,7210,6.03,Won
7904,3939,5703,2.6,Won
7905,3939,5734,8.04,Won
7906,3940,9862,2.5,Pending
7907,3941,6544,3.76,Pending
7908,3942,3842,3.28,Won
7909,3943,8578,7.13,Won
7910,3943,2646,8.1,Won
7911,3943,7098,2.86,Won
7912,3944,7917,5.55,Won
7913,3945,1748,4.04,Won
7914,3945,60,3.92,Won
7915,3945,6212,8.11,Won
7916,3946,1113,8.02,Won
7917,3946,9449,3.85,Won
7918,3946,5865,6.79,Won
7919,3947,9646,6.69,Won
7920,3948,3813,2.33,Pending
7921,3948,2509,3.5,Pending
7922,3948,4408,5.63,Pending
7923,3949,4311,1.23,Won
7924,3949,4164,2.74,Won
7925,3950,234,1.16,Won
7926,3950,4535,1.17,Won
7927,3950,2375,7.97,Won
7928,3951,4894,3.82,Pending
7929,3951,3877,2.82,Pending
7930,3952,7228,2.22,Won
7931,3952,2289,6.85,Won
7932,3952,9957,4.89,Won
7933,3953,3668,4.8,Lost
7934,3953,9565,6.3,Lost
7935,3954,2267,5.57,Lost
7936,3954,9847,4.77,Lost
7937,3955,8897,4.4,Won
7938,3956,6647,6.2,Lost
7939,3956,8994,6.67,Lost
7940,3957,3681,4.8,Won
7941,3957,8286,5.08,Won
7942,3958,1800,3.13,Won
7943,3959,4519,5.91,Won
7944,3959,4685,4.42,Won
7945,3959,8384,1.41,Won
7946,3960,1732,4.96,Pending
7947,3960,8328,5.81,Pending
7948,3960,4226,5.54,Pending
7949,3961,6668,1.26,Lost
7950,3962,1321,7.13,Won
7951,3962,7510,2.76,Won
7952,3963,7948,8.25,Won
7953,3964,4489,7.1,Won
7954,3965,1453,7.84,Won
7955,3966,9729,4.85,Won
7956,3967,4818,5.51,Pending
7957,3968,7428,8.15,Lost
7958,3969,4614,1.17,Won
7959,3969,134,1.48,Won
7960,3969,1361,3.75,Won
7961,3970,447,2.78,Lost
7962,3971,4790,4.4,Won
7963,3971,1767,3.12,Won
7964,3971,2432,4.62,Won
7965,3972,3801,2.05,Pending
7966,3973,5987,4.28,Won
7967,3973,7283,1.88,Won
7968,3974,7201,6.9,Pending
7969,3974,7666,4.46,Pending
7970,3974,3695,2.31,Pending
7971,3975,1288,2.39,Won
7972,3975,656,3.13,Won
7973,3975,8507,1.61,Won
7974,3976,1069,4.51,Won
7975,3976,1216,2.94,Won
7976,3976,8851,1.45,Won
7977,3977,7317,1.78,Won
7978,3977,2030,5.01,Won
7979,3977,3028,1.91,Won
7980,3978,8804,3.14,Pending
7981,3978,333,5.73,Pending
7982,3978,7982,3.16,Pending
7983,3979,7495,6.62,Won
7984,3980,2505,2.07,Pending
7985,3980,6897,2.25,Pending
7986,3980,1621,5.1,Pending
7987,3981,20,1.41,Won
7988,3981,3853,2.91,Won
7989,3982,8155,5.7,Void
7990,3982,9642,5.71,Void
7991,3983,1488,2.58,Pending
7992,3983,6924,3.61,Pending
7993,3983,4709,3.13,Pending
7994,3984,54,7.52,Pending
7995,3984,2767,3.69,Pending
7996,3985,5831,2.92,Won
7997,3986,4679,1.69,Won
7998,3986,6354,2.31,Won
7999,3986,6173,2.46,Won
8000,3987,1535,2.11,Won
8001,3988,3962,7.08,Won
8002,3989,1054,5.16,Pending
8003,3989,4503,8.13,Pending
8004,3990,628,1.11,Won
8005,3990,8196,3.68,Won
8006,3990,4572,8.43,Won
8007,3991,4673,4.96,Won
8008,3991,9937,8.2,Won
8009,3992,8628,2.5,Won
8010,3992,6866,4.66,Won
8011,3992,2107,4.63,Won
8012,3993,4737,2.89,Won
8013,3993,6272,1.34,Won
8014,3993,5288,2.05,Lost
8015,3994,8520,7.74,Lost
8016,3994,585,2.79,Lost
8017,3995,9865,1.84,Won
8018,3995,4476,8.34,Won
8019,3996,3909,8.04,Won
8020,3996,1142,2.46,Won
8021,3997,1739,3.15,Lost
8022,3997,7598,4.94,Lost
8023,3997,5429,2.12,Lost
8024,3998,1605,3.78,Won
8025,3998,8816,2.81,Won
8026,3998,2285,6.34,Won
8027,3999,5218,7.68,Won
8028,4000,9426,8.37,Pending
8029,4000,8970,8.05,Pending
8030,4001,7927,6.54,Void
8031,4002,6712,6.04,Pending
8032,4003,8191,5.7,Won
8033,4003,1934,5.8,Won
8034,4003,523,7.96,Won
8035,4004,9053,7.31,Won
8036,4004,3277,2.68,Won
8037,4004,3926,2.94,Won
8038,4005,620,1.14,Won
8039,4005,842,6.02,Won
8040,4006,2760,4.23,Lost
8041,4007,8440,6.09,Lost
8042,4007,9769,2.97,Lost
8043,4008,3860,8.08,Won
8044,4009,3267,6.15,Won
8045,4009,7843,3.55,Won
8046,4009,5034,2.26,Won
8047,4010,7930,1.14,Pending
8048,4011,3271,6.61,Pending
8049,4011,2781,3.64,Pending
8050,4012,4786,8.08,Won
8051,4012,9187,7.11,Won
8052,4012,2815,3.47,Won
8053,4013,8840,7.33,Pending
8054,4013,9170,2.15,Pending
8055,4013,6149,8.37,Pending
8056,4014,2252,8.0,Pending
8057,4015,3933,6.72,Won
8058,4016,400,7.03,Void
8059,4016,252,4.2,Void
8060,4017,4402,7.83,Won
8061,4017,621,2.91,Won
8062,4017,7201,6.9,Won
8063,4018,2131,5.0,Lost
8064,4018,5739,7.63,Won
8065,4018,4115,4.58,Lost
8066,4019,7923,2.94,Won
8067,4019,8479,4.78,Won
8068,4020,7770,5.7,Void
8069,4020,5394,3.53,Void
8070,4021,5488,7.42,Won
8071,4022,2550,2.0,Lost
8072,4023,5092,3.55,Won
8073,4024,1246,4.22,Won
8074,4024,8666,4.82,Won
8075,4024,716,8.24,Won
8076,4025,5897,2.15,Pending
8077,4025,7177,2.5,Pending
8078,4025,7311,8.41,Pending
8079,4026,9653,1.79,Won
8080,4027,1186,7.73,Lost
8081,4027,3819,3.6,Won
8082,4028,6692,7.42,Won
8083,4028,2999,4.25,Won
8084,4028,6832,7.02,Won
8085,4029,9359,7.76,Won
8086,4029,8570,2.26,Won
8087,4029,759,2.79,Won
8088,4030,7408,3.41,Won
8089,4030,3499,2.44,Won
8090,4030,5616,7.34,Won
8091,4031,4963,7.65,Won
8092,4031,4140,5.42,Won
8093,4032,6431,5.73,Won
8094,4032,7450,5.3,Won
8095,4033,5031,6.72,Won
8096,4033,9295,7.68,Won
8097,4034,7312,2.34,Pending
8098,4034,628,1.11,Pending
8099,4034,145,4.89,Pending
8100,4035,7775,3.47,Won
8101,4036,4346,5.86,Won
8102,4036,3475,7.33,Won
8103,4037,4807,7.1,Won
8104,4037,3417,5.88,Won
8105,4037,9894,4.71,Won
8106,4038,2737,5.42,Won
8107,4039,1051,4.99,Pending
8108,4039,725,2.93,Pending
8109,4039,321,5.39,Pending
8110,4040,3733,5.61,Lost
8111,4040,8954,1.2,Won
8112,4040,8422,6.43,Lost
8113,4041,8571,5.95,Pending
8114,4041,7858,3.97,Pending
8115,4041,576,5.92,Pending
8116,4042,6070,5.67,Won
8117,4043,4051,6.74,Pending
8118,4044,5692,4.26,Pending
8119,4044,8055,6.01,Pending
8120,4045,9515,7.2,Pending
8121,4045,5613,2.32,Pending
8122,4046,204,3.33,Pending
8123,4047,7759,8.02,Pending
8124,4047,4931,6.37,Pending
8125,4047,596,2.72,Pending
8126,4048,9896,4.55,Pending
8127,4049,1553,3.73,Void
8128,4049,701,6.43,Void
8129,4049,8561,7.86,Void
8130,4050,219,2.01,Won
8131,4050,7474,5.19,Won
8132,4051,24,2.17,Pending
8133,4051,1100,6.33,Pending
8134,4051,8554,7.19,Pending
8135,4052,5557,3.08,Won
8136,4052,8431,1.77,Won
8137,4052,8836,8.37,Won
8138,4053,5298,7.56,Pending
8139,4053,5456,3.9,Pending
8140,4053,1909,8.33,Pending
8141,4054,6766,5.92,Pending
8142,4054,6274,8.45,Pending
8143,4054,4103,5.96,Pending
8144,4055,6265,2.69,Won
8145,4056,5212,4.69,Void
8146,4056,6276,8.5,Void
8147,4056,7717,6.72,Void
8148,4057,6189,3.72,Won
8149,4057,4239,1.24,Won
8150,4057,5782,6.13,Won
8151,4058,3315,4.59,Won
8152,4059,4655,7.3,Won
8153,4060,2328,4.55,Pending
8154,4060,3122,6.13,Pending
8155,4061,9432,2.34,Pending
8156,4062,4933,3.49,Won
8157,4062,5125,6.41,Won
8158,4063,223,8.07,Won
8159,4063,2920,7.54,Won
8160,4064,7158,4.18,Lost
8161,4065,7609,1.82,Won
8162,4066,1425,5.05,Won
8163,4066,385,8.14,Won
8164,4066,3274,7.64,Won
8165,4067,9578,5.69,Won
8166,4067,1001,3.94,Won
8167,4068,6515,6.27,Won
8168,4068,680,7.93,Won
8169,4069,2244,3.03,Won
8170,4069,8343,6.36,Won
8171,4069,5378,1.15,Won
8172,4070,3481,2.95,Lost
8173,4070,2821,2.49,Lost
8174,4071,7235,2.93,Pending
8175,4071,9768,7.28,Pending
8176,4072,2219,2.44,Pending
8177,4072,853,5.58,Pending
8178,4073,9463,8.18,Pending
8179,4074,8608,8.14,Won
8180,4074,7975,7.89,Won
8181,4075,4085,6.92,Won
8182,4075,4191,2.36,Won
8183,4075,8989,4.82,Won
8184,4076,9381,6.95,Won
8185,4076,77,5.15,Won
8186,4076,979,7.77,Won
8187,4077,6398,7.43,Won
8188,4078,8241,5.48,Won
8189,4078,8575,1.94,Won
8190,4078,112,6.6,Won
8191,4079,2403,4.29,Pending
8192,4079,4245,8.46,Pending
8193,4080,1682,1.81,Pending
8194,4080,8476,4.3,Pending
8195,4080,7008,7.92,Pending
8196,4081,5087,4.17,Lost
8197,4081,4047,8.12,Won
8198,4081,8902,5.44,Won
8199,4082,1369,5.43,Void
8200,4082,9075,3.37,Void
8201,4082,5371,2.36,Void
8202,4083,1563,7.03,Won
8203,4083,7159,4.66,Lost
8204,4084,8097,4.59,Pending
8205,4085,9914,6.16,Won
8206,4085,4285,7.64,Won
8207,4085,6087,1.78,Won
8208,4086,8916,8.42,Lost
8209,4086,9719,1.88,Lost
8210,4087,4003,3.36,Won
8211,4088,5541,3.36,Lost
8212,4088,7098,2.86,Won
8213,4088,336,5.01,Won
8214,4089,6280,7.32,Pending
8215,4089,9449,3.85,Pending
8216,4089,4213,3.56,Pending
8217,4090,482,4.12,Pending
8218,4090,1253,6.04,Pending
8219,4091,9091,6.55,Won
8220,4091,6248,8.44,Won
8221,4092,6617,7.26,Pending
8222,4092,8527,4.26,Pending
8223,4093,512,7.96,Won
8224,4093,9908,7.07,Won
8225,4094,8582,5.4,Void
8226,4094,3049,6.18,Void
8227,4095,9943,2.98,Void
8228,4095,7774,7.18,Void
8229,4095,3315,4.59,Void
8230,4096,3345,1.25,Won
8231,4097,7647,7.82,Pending
8232,4097,6617,7.26,Pending
8233,4097,5071,6.97,Pending
8234,4098,63,2.85,Won
8235,4099,8635,6.26,Pending
8236,4099,1030,6.66,Pending
8237,4100,6797,1.33,Won
8238,4100,1877,7.41,Won
8239,4100,4247,4.4,Won
8240,4101,288,3.74,Pending
8241,4102,595,5.38,Pending
8242,4103,8593,4.05,Pending
8243,4104,9331,4.59,Pending
8244,4105,5463,1.94,Void
8245,4105,2379,4.99,Void
8246,4106,9418,1.62,Pending
8247,4106,9705,3.82,Pending
8248,4106,3180,7.16,Pending
8249,4107,1332,7.23,Pending
8250,4108,3620,5.12,Pending
8251,4109,2397,3.51,Won
8252,4109,9924,4.32,Won
8253,4110,1864,7.63,Pending
8254,4110,2231,2.93,Pending
8255,4111,124,2.99,Won
8256,4111,62,6.49,Lost
8257,4111,2800,6.18,Won
8258,4112,1898,8.46,Pending
8259,4113,2711,2.26,Won
8260,4113,8220,5.79,Won
8261,4114,3260,4.18,Void
8262,4115,8429,3.39,Pending
8263,4116,9422,6.71,Won
8264,4116,3582,2.91,Lost
8265,4117,6415,1.91,Won
8266,4117,8659,1.29,Lost
8267,4118,9293,5.04,Lost
8268,4119,7126,5.45,Pending
8269,4119,9521,1.17,Pending
8270,4119,5936,4.68,Pending
8271,4120,1175,4.4,Won
8272,4121,1602,8.47,Pending
8273,4121,4140,5.42,Pending
8274,4121,7222,5.92,Pending
8275,4122,6114,3.24,Won
8276,4122,5383,1.36,Won
8277,4123,1481,5.61,Won
8278,4124,9965,4.55,Lost
8279,4125,8326,7.49,Pending
8280,4125,528,4.06,Pending
8281,4126,3130,7.22,Won
8282,4126,5696,4.25,Won
8283,4127,7074,8.25,Pending
8284,4127,3890,7.86,Pending
8285,4127,8245,6.05,Pending
8286,4128,7309,7.87,Pending
8287,4129,2998,4.43,Won
8288,4130,2103,1.31,Won
8289,4130,5995,1.99,Lost
8290,4131,6667,1.4,Void
8291,4131,4414,2.51,Void
8292,4131,1079,1.73,Void
8293,4132,1193,1.99,Won
8294,4132,3366,6.64,Won
8295,4132,4620,3.35,Won
8296,4133,5496,6.97,Won
8297,4133,1771,1.69,Won
8298,4134,7743,2.79,Won
8299,4134,4189,1.35,Lost
8300,4134,7428,8.15,Won
8301,4135,3347,3.14,Won
8302,4135,7834,5.29,Won
8303,4136,1867,2.37,Won
8304,4136,5572,7.9,Won
8305,4136,7734,2.06,Won
8306,4137,2757,4.42,Lost
8307,4137,3638,3.21,Lost
8308,4138,9306,1.14,Pending
8309,4138,9088,2.06,Pending
8310,4138,8462,2.83,Pending
8311,4139,3378,3.69,Pending
8312,4139,647,4.76,Pending
8313,4140,9395,6.69,Pending
8314,4141,8283,3.12,Won
8315,4141,6510,5.79,Won
8316,4141,8497,2.23,Won
8317,4142,4162,4.45,Won
8318,4142,7153,2.29,Won
8319,4142,6505,5.63,Won
8320,4143,162,8.11,Won
8321,4144,7321,7.68,Pending
8322,4144,3492,4.95,Pending
8323,4145,4943,2.29,Pending
8324,4145,3196,3.98,Pending
8325,4146,2366,5.19,Pending
8326,4146,4879,3.76,Pending
8327,4146,6572,5.08,Pending
8328,4147,3552,3.58,Pending
8329,4148,9587,5.28,Won
8330,4148,7745,5.58,Won
8331,4148,3207,2.49,Won
8332,4149,4182,6.11,Won
8333,4150,1739,3.15,Won
8334,4150,8276,2.7,Won
8335,4151,1386,7.39,Won
8336,4152,9168,7.28,Won
8337,4153,2905,4.54,Pending
8338,4154,3230,5.58,Won
8339,4155,2983,3.42,Won
8340,4156,5416,5.41,Won
8341,4156,1237,1.77,Won
8342,4156,673,4.25,Won
8343,4157,4167,3.57,Won
8344,4157,1278,4.05,Won
8345,4158,5450,2.74,Lost
8346,4158,1292,1.59,Won
8347,4159,7027,4.65,Won
8348,4159,9471,1.9,Won
8349,4159,3584,1.27,Won
8350,4160,1317,8.04,Pending
8351,4160,5248,6.23,Pending
8352,4160,2141,1.21,Pending
8353,4161,8871,8.2,Pending
8354,4161,368,6.82,Pending
8355,4161,296,4.24,Pending
8356,4162,7906,4.53,Void
8357,4162,2608,7.63,Void
8358,4162,3469,4.51,Void
8359,4163,8600,3.74,Won
8360,4163,8262,1.28,Won
8361,4163,2417,2.45,Won
8362,4164,3753,5.72,Won
8363,4165,6550,8.43,Won
8364,4166,6956,6.6,Void
8365,4167,6928,2.09,Won
8366,4168,9753,5.31,Pending
8367,4168,3664,2.16,Pending
8368,4169,8583,6.3,Pending
8369,4169,712,7.56,Pending
8370,4170,928,1.26,Won
8371,4170,2984,8.19,Won
8372,4170,368,6.82,Won
8373,4171,7883,2.63,Won
8374,4171,3492,4.95,Won
8375,4172,3377,1.41,Won
8376,4172,6408,5.11,Won
8377,4172,3680,4.01,Won
8378,4173,1498,3.33,Won
8379,4173,2075,2.04,Won
8380,4173,977,4.18,Won
8381,4174,7756,4.16,Pending
8382,4174,446,5.88,Pending
8383,4174,6009,1.34,Pending
8384,4175,7775,3.47,Lost
8385,4175,5096,2.01,Lost
8386,4175,6891,5.59,Lost
8387,4176,6177,7.98,Pending
8388,4176,3944,3.84,Pending
8389,4176,3487,2.17,Pending
8390,4177,6752,5.87,Void
8391,4177,9393,4.06,Void
8392,4177,3546,5.37,Void
8393,4178,3863,5.65,Pending
8394,4179,3142,7.94,Won
8395,4179,5768,3.46,Won
8396,4180,2325,2.33,Won
8397,4181,2594,6.11,Pending
8398,4181,3812,3.41,Pending
8399,4181,7515,7.28,Pending
8400,4182,9057,5.31,Won
8401,4183,6290,7.48,Won
8402,4183,5952,7.6,Lost
8403,4183,1781,6.63,Won
8404,4184,7234,5.18,Pending
8405,4185,48,7.69,Pending
8406,4185,8414,2.55,Pending
8407,4185,9579,5.61,Pending
8408,4186,8203,3.17,Void
8409,4186,3031,1.82,Void
8410,4187,4644,4.74,Pending
8411,4188,2921,7.45,Won
8412,4189,7868,3.11,Lost
8413,4190,8392,4.72,Void
8414,4191,7403,3.32,Won
8415,4192,1930,1.5,Won
8416,4192,6557,4.15,Lost
8417,4193,8771,2.66,Pending
8418,4193,2704,1.89,Pending
8419,4194,8350,2.9,Won
8420,4195,6148,6.94,Won
8421,4195,5969,1.48,Won
8422,4195,4972,3.43,Won
8423,4196,639,6.37,Pending
8424,4196,5659,3.71,Pending
8425,4196,6452,3.07,Pending
8426,4197,3077,3.38,Pending
8427,4198,4307,6.61,Won
8428,4198,1673,1.51,Won
8429,4198,902,2.57,Won
8430,4199,8363,6.42,Pending
8431,4199,1984,4.02,Pending
8432,4200,9224,6.75,Won
8433,4201,789,8.35,Pending
8434,4201,4324,3.51,Pending
8435,4201,627,2.49,Pending
8436,4202,82,5.36,Won
8437,4202,9675,3.01,Won
8438,4203,1226,2.85,Won
8439,4204,307,4.56,Won
8440,4204,259,4.49,Won
8441,4205,8346,2.22,Won
8442,4205,3372,4.41,Won
8443,4206,1349,2.94,Lost
8444,4206,4826,1.22,Lost
8445,4207,3732,1.64,Won
8446,4207,6251,2.02,Won
8447,4207,8803,1.15,Won
8448,4208,8800,6.27,Won
8449,4209,3050,2.97,Won
8450,4209,5015,6.92,Lost
8451,4209,984,6.13,Lost
8452,4210,1574,6.45,Pending
8453,4211,2019,5.61,Lost
8454,4211,161,5.24,Lost
8455,4212,9426,8.37,Won
8456,4212,861,6.44,Won
8457,4212,1182,7.73,Won
8458,4213,3484,3.22,Won
8459,4213,2598,4.69,Won
8460,4213,4415,2.37,Won
8461,4214,9456,1.61,Won
8462,4214,7899,7.24,Won
8463,4214,3011,8.17,Won
8464,4215,9093,5.75,Won
8465,4215,6314,4.83,Won
8466,4215,9676,5.57,Won
8467,4216,1499,3.2,Pending
8468,4217,257,5.27,Lost
8469,4218,561,5.01,Void
8470,4218,146,4.53,Void
8471,4218,9270,7.58,Void
8472,4219,9169,4.86,Won
8473,4220,3339,2.07,Won
8474,4220,4715,5.43,Won
8475,4220,44,4.4,Won
8476,4221,2229,3.96,Pending
8477,4222,6002,7.91,Won
8478,4222,1865,4.83,Won
8479,4222,2888,4.36,Won
8480,4223,5889,2.99,Pending
8481,4224,5838,7.69,Void
8482,4225,762,8.35,Won
8483,4226,4538,7.09,Pending
8484,4226,6172,1.4,Pending
8485,4227,576,5.92,Won
8486,4228,6958,6.3,Won
8487,4229,8152,8.34,Pending
8488,4229,4279,1.5,Pending
8489,4230,2214,3.36,Won
8490,4230,7594,1.63,Won
8491,4230,1188,6.93,Won
8492,4231,249,5.59,Won
8493,4231,3839,5.42,Won
8494,4232,1414,3.08,Won
8495,4232,5538,4.4,Won
8496,4233,5123,2.25,Pending
8497,4233,6926,1.15,Pending
8498,4233,4725,7.6,Pending
8499,4234,9920,6.32,Pending
8500,4234,2135,2.47,Pending
8501,4234,8659,1.29,Pending
8502,4235,6871,5.8,Won
8503,4235,1352,2.75,Won
8504,4235,2290,1.33,Won
8505,4236,3709,3.98,Lost
8506,4236,418,6.88,Lost
8507,4236,3152,6.62,Lost
8508,4237,7985,1.56,Pending
8509,4237,2678,6.19,Pending
8510,4238,1288,2.39,Pending
8511,4238,9480,7.56,Pending
8512,4239,1008,1.32,Won
8513,4239,7897,5.67,Won
8514,4239,3281,7.76,Won
8515,4240,7523,7.15,Pending
8516,4240,4019,2.58,Pending
8517,4241,3627,5.81,Won
8518,4241,4726,5.01,Lost
8519,4242,8443,8.12,Pending
8520,4242,4554,4.84,Pending
8521,4242,9216,5.08,Pending
8522,4243,6700,7.93,Won
8523,4243,4929,3.55,Lost
8524,4243,4370,7.14,Lost
8525,4244,156,5.36,Pending
8526,4244,7765,3.68,Pending
8527,4244,9321,4.71,Pending
8528,4245,1837,7.44,Lost
8529,4245,7447,5.95,Won
8530,4245,3475,7.33,Won
8531,4246,80,6.74,Lost
8532,4247,1805,1.76,Pending
8533,4247,697,8.17,Pending
8534,4247,9213,7.69,Pending
8535,4248,775,2.43,Lost
8536,4248,208,4.34,Lost
8537,4248,3820,4.38,Lost
8538,4249,9077,2.09,Won
8539,4249,2753,4.08,Won
8540,4250,3912,7.95,Won
8541,4250,6257,2.84,Won
8542,4250,2700,6.38,Won
8543,4251,4631,4.09,Won
8544,4251,271,3.0,Won
8545,4251,1680,5.68,Won
8546,4252,3102,1.43,Won
8547,4252,7705,1.64,Won
8548,4253,1362,3.67,Pending
8549,4253,2389,7.03,Pending
8550,4254,9960,3.07,Won
8551,4255,7594,1.63,Lost
8552,4256,9135,5.76,Pending
8553,4256,2172,1.96,Pending
8554,4256,2002,6.72,Pending
8555,4257,5409,5.17,Pending
8556,4257,6727,6.37,Pending
8557,4258,5337,2.65,Won
8558,4258,9207,3.6,Won
8559,4258,2600,4.82,Won
8560,4259,4195,7.43,Pending
8561,4259,4751,4.45,Pending
8562,4260,9643,3.99,Lost
8563,4260,1662,4.33,Won
8564,4260,5630,6.22,Lost
8565,4261,9825,3.92,Won
8566,4261,2940,4.27,Won
8567,4262,7948,8.25,Won
8568,4263,5238,2.39,Won
8569,4263,1292,1.59,Won
8570,4264,4322,1.49,Won
8571,4264,6874,4.15,Lost
8572,4264,9397,7.46,Won
8573,4265,9668,3.25,Won
8574,4265,8779,6.13,Won
8575,4266,3218,5.02,Pending
8576,4266,4261,7.79,Pending
8577,4267,8183,6.14,Pending
8578,4267,5656,1.99,Pending
8579,4268,6010,5.1,Won
8580,4268,7328,2.24,Won
8581,4269,4794,1.73,Pending
8582,4269,120,2.99,Pending
8583,4269,3585,3.09,Pending
8584,4270,205,2.63,Won
8585,4271,3004,7.83,Pending
8586,4271,277,4.88,Pending
8587,4272,7891,7.62,Won
8588,4272,7527,5.95,Won
8589,4273,563,7.39,Void
8590,4273,1836,7.13,Void
8591,4273,1389,4.85,Void
8592,4274,1193,1.99,Void
8593,4274,3573,4.54,Void
8594,4275,9067,5.22,Won
8595,4275,1652,5.67,Won
8596,4276,8698,6.32,Won
8597,4277,2034,4.31,Won
8598,4278,6787,1.21,Won
8599,4278,5252,4.48,Won
8600,4278,4788,2.37,Won
8601,4279,3180,7.16,Won
8602,4280,793,5.72,Pending
8603,4281,1538,2.5,Void
8604,4281,5721,3.25,Void
8605,4281,4407,5.45,Void
8606,4282,9809,4.45,Won
8607,4283,7254,7.08,Won
8608,4283,4345,6.22,Won
8609,4283,538,3.74,Won
8610,4284,4677,2.68,Won
8611,4284,279,2.17,Won
8612,4285,3602,5.09,Won
8613,4285,7350,6.01,Won
8614,4286,800,6.87,Won
8615,4286,578,5.45,Won
8616,4286,3515,6.67,Won
8617,4287,2685,5.49,Pending
8618,4287,9832,5.26,Pending
8619,4287,1234,4.83,Pending
8620,4288,4643,4.78,Pending
8621,4289,7696,1.31,Pending
8622,4289,7265,7.58,Pending
8623,4289,9109,1.96,Pending
8624,4290,4168,5.53,Won
8625,4290,5080,5.94,Won
8626,4291,1280,4.57,Won
8627,4291,1705,2.38,Won
8628,4291,3615,5.38,Won
8629,4292,3868,5.85,Pending
8630,4292,3512,4.6,Pending
8631,4293,7882,7.66,Won
8632,4294,3832,8.11,Won
8633,4294,2757,4.42,Won
8634,4295,7813,3.92,Won
8635,4296,4905,2.24,Won
8636,4296,9252,4.1,Lost
8637,4296,9946,6.98,Lost
8638,4297,7077,8.36,Lost
8639,4297,7018,2.45,Lost
8640,4298,3156,8.49,Won
8641,4298,9921,8.4,Won
8642,4299,8361,8.44,Won
8643,4300,3024,7.13,Won
8644,4300,3955,4.41,Won
8645,4301,9443,6.03,Won
8646,4302,2027,2.08,Pending
8647,4302,3284,2.07,Pending
8648,4303,288,3.74,Pending
8649,4303,2184,7.18,Pending
8650,4303,3984,5.02,Pending
8651,4304,380,2.03,Pending
8652,4304,946,4.91,Pending
8653,4304,2064,1.64,Pending
8654,4305,7490,5.54,Won
8655,4305,1105,2.6,Won
8656,4306,9342,1.83,Won
8657,4307,2119,2.24,Won
8658,4307,2887,2.31,Lost
8659,4307,2527,5.49,Lost
8660,4308,1196,1.8,Won
8661,4309,7281,7.05,Pending
8662,4309,7731,6.37,Pending
8663,4310,922,8.33,Pending
8664,4310,4520,2.44,Pending
8665,4310,7120,4.18,Pending
8666,4311,7199,4.78,Won
8667,4312,767,6.98,Won
8668,4312,4477,7.37,Won
8669,4313,4892,8.47,Won
8670,4314,8729,2.28,Won
8671,4315,4128,5.13,Won
8672,4315,2626,5.1,Won
8673,4315,5813,3.14,Won
8674,4316,6655,8.05,Pending
8675,4316,428,7.15,Pending
8676,4317,6980,5.38,Won
8677,4317,5817,1.86,Won
8678,4317,9365,3.08,Won
8679,4318,6680,7.27,Won
8680,4318,616,2.97,Won
8681,4318,1191,5.88,Won
8682,4319,3048,5.72,Won
8683,4319,3112,5.54,Won
8684,4320,2932,3.43,Won
8685,4320,5623,3.55,Won
8686,4320,4083,1.44,Won
8687,4321,1078,1.33,Won
8688,4322,7885,2.6,Lost
8689,4322,6204,6.06,Lost
8690,4322,5514,3.32,Won
8691,4323,7961,5.22,Pending
8692,4323,718,4.51,Pending
8693,4323,5145,3.68,Pending
8694,4324,4747,6.16,Lost
8695,4324,6110,6.41,Lost
8696,4324,7387,5.99,Won
8697,4325,6409,6.07,Pending
8698,4325,3003,2.75,Pending
8699,4326,1080,3.61,Lost
8700,4327,2369,1.41,Pending
8701,4327,5780,1.39,Pending
8702,4327,9749,4.41,Pending
8703,4328,3250,1.81,Lost
8704,4328,6042,3.31,Lost
8705,4328,8637,7.33,Won
8706,4329,4737,2.89,Won
8707,4330,3471,1.94,Won
8708,4331,6572,5.08,Won
8709,4331,2281,2.38,Won
8710,4332,6849,5.37,Won
8711,4333,7303,5.68,Pending
8712,4333,9451,7.34,Pending
8713,4334,6654,3.48,Won
8714,4334,6046,7.94,Won
8715,4335,8102,6.91,Won
8716,4336,3108,6.39,Won
8717,4336,1084,2.27,Won
8718,4336,9859,7.77,Won
8719,4337,8328,5.81,Won
8720,4337,5241,3.35,Won
8721,4337,8920,2.7,Won
8722,4338,5836,7.95,Pending
8723,4338,5877,6.94,Pending
8724,4339,1159,1.88,Won
8725,4339,2145,3.1,Lost
8726,4339,3380,6.33,Lost
8727,4340,4218,7.29,Won
8728,4341,3436,2.08,Won
8729,4341,8309,7.36,Won
8730,4342,9158,6.25,Won
8731,4343,6441,1.24,Lost
8732,4343,2463,1.87,Lost
8733,4343,2335,6.24,Won
8734,4344,4306,2.76,Won
8735,4344,7563,4.54,Won
8736,4345,5109,2.04,Won
8737,4346,5817,1.86,Won
8738,4346,3274,7.64,Won
8739,4346,8020,3.74,Won
8740,4347,5199,4.3,Pending
8741,4348,2950,4.1,Pending
8742,4348,6929,5.61,Pending
8743,4349,6439,4.88,Won
8744,4349,5530,6.76,Won
8745,4350,6127,2.63,Won
8746,4350,4691,8.38,Won
8747,4350,8666,4.82,Won
8748,4351,5537,1.78,Won
8749,4351,5821,5.75,Won
8750,4352,1961,2.22,Lost
8751,4353,1035,5.64,Pending
8752,4353,2609,8.16,Pending
8753,4353,2489,5.47,Pending
8754,4354,4779,7.39,Pending
8755,4354,3143,6.59,Pending
8756,4355,6161,6.65,Won
8757,4355,5460,7.68,Won
8758,4356,3700,8.32,Won
8759,4357,6136,3.22,Won
8760,4358,3092,6.04,Won
8761,4358,911,1.26,Won
8762,4358,199,6.27,Won
8763,4359,1378,8.48,Won
8764,4359,9387,1.66,Won
8765,4360,7716,4.83,Won
8766,4360,3207,2.49,Won
8767,4361,167,6.47,Pending
8768,4361,8735,3.08,Pending
8769,4362,751,2.46,Won
8770,4363,3950,3.74,Won
8771,4364,9541,4.35,Won
8772,4364,1770,7.34,Won
8773,4364,3981,5.79,Won
8774,4365,892,8.08,Lost
8775,4365,2156,3.15,Won
8776,4365,5980,3.89,Won
8777,4366,8861,6.12,Void
8778,4367,787,5.85,Pending
8779,4368,7213,5.03,Won
8780,4368,8723,2.32,Won
8781,4369,7472,5.52,Lost
8782,4369,9135,5.76,Lost
8783,4370,6539,7.37,Lost
8784,4370,1865,4.83,Won
8785,4370,7890,6.14,Won
8786,4371,2250,7.18,Pending
8787,4371,8807,3.24,Pending
8788,4371,9585,7.07,Pending
8789,4372,9566,7.94,Won
8790,4372,7054,2.62,Won
8791,4372,417,8.14,Won
8792,4373,230,6.26,Pending
8793,4374,2283,2.68,Won
8794,4374,7552,6.37,Won
8795,4375,7681,5.36,Won
8796,4375,6952,4.65,Won
8797,4376,5207,4.48,Pending
8798,4377,4879,3.76,Lost
8799,4378,9422,6.71,Pending
8800,4378,4375,6.98,Pending
8801,4379,478,1.99,Won
8802,4379,4081,2.71,Won
8803,4379,1161,4.32,Lost
8804,4380,7432,2.72,Won
8805,4380,4610,3.38,Won
8806,4380,5589,5.1,Won
8807,4381,4976,2.7,Won
8808,4382,4400,5.16,Won
8809,4382,8527,4.26,Won
8810,4382,9234,5.22,Won
8811,4383,8121,3.47,Lost
8812,4384,6248,8.44,Lost
8813,4384,1465,7.87,Won
8814,4384,4082,5.03,Lost
8815,4385,1126,5.63,Won
8816,4386,7046,3.04,Won
8817,4387,4544,7.69,Won
8818,4387,2008,6.48,Won
8819,4387,5576,7.16,Won
8820,4388,1280,4.57,Won
8821,4388,7736,1.56,Won
8822,4389,2813,4.96,Lost
8823,4390,1132,2.69,Void
8824,4390,7024,2.5,Void
8825,4391,1596,3.9,Pending
8826,4392,3497,1.85,Won
8827,4392,5753,5.39,Won
8828,4393,3115,2.31,Won
8829,4393,1137,2.6,Won
8830,4394,4634,3.76,Pending
8831,4394,6060,3.05,Pending
8832,4395,606,2.47,Won
8833,4395,6752,5.87,Won
8834,4395,8190,3.49,Won
8835,4396,6452,3.07,Won
8836,4396,7508,3.94,Won
8837,4396,3134,7.38,Won
8838,4397,268,4.26,Pending
8839,4397,9441,6.11,Pending
8840,4398,2306,3.26,Pending
8841,4398,3971,3.05,Pending
8842,4399,1526,3.14,Won
8843,4400,1950,4.57,Won
8844,4400,2420,2.46,Lost
8845,4401,4019,2.58,Won
8846,4401,361,2.52,Won
8847,4402,7850,7.26,Won
8848,4403,3021,6.76,Pending
8849,4403,8148,6.83,Pending
8850,4403,5529,8.4,Pending
8851,4404,6898,6.95,Won
8852,4404,8534,4.99,Won
8853,4405,4113,5.63,Lost
8854,4405,6403,2.98,Won
8855,4405,1804,4.25,Lost
8856,4406,7877,5.82,Won
8857,4406,9239,5.6,Won
8858,4406,6939,4.34,Won
8859,4407,1426,1.56,Won
8860,4408,5166,7.71,Pending
8861,4408,3814,1.73,Pending
8862,4408,7420,7.59,Pending
8863,4409,9064,4.54,Won
8864,4409,7990,2.36,Won
8865,4409,7165,4.83,Won
8866,4410,5805,4.09,Won
8867,4410,2901,7.87,Won
8868,4411,6898,6.95,Won
8869,4411,8049,6.86,Won
8870,4411,1719,5.67,Won
8871,4412,1418,1.52,Pending
8872,4412,8049,6.86,Pending
8873,4413,8888,1.9,Won
8874,4413,5472,7.43,Won
8875,4414,4976,2.7,Pending
8876,4414,480,1.62,Pending
8877,4415,6038,7.76,Won
8878,4415,4928,3.58,Won
8879,4416,7786,5.57,Won
8880,4417,2148,2.66,Pending
8881,4417,9313,1.18,Pending
8882,4418,163,8.32,Pending
8883,4419,2619,5.63,Pending
8884,4419,2007,4.65,Pending
8885,4420,4115,4.58,Lost
8886,4421,1436,2.04,Won
8887,4421,4063,3.13,Won
8888,4421,2584,8.2,Won
8889,4422,378,1.54,Lost
8890,4422,1216,2.94,Lost
8891,4422,9268,1.55,Won
8892,4423,6287,2.81,Pending
8893,4424,3844,7.62,Pending
8894,4424,9211,1.83,Pending
8895,4424,9894,4.71,Pending
8896,4425,2165,6.84,Won
8897,4425,8776,4.32,Won
8898,4426,7385,1.58,Won
8899,4427,7069,2.28,Pending
8900,4427,6714,2.72,Pending
8901,4428,8742,5.24,Pending
8902,4428,3062,7.03,Pending
8903,4428,127,6.19,Pending
8904,4429,4774,2.82,Lost
8905,4429,2131,5.0,Lost
8906,4429,6080,4.88,Lost
8907,4430,1115,5.71,Won
8908,4430,4089,4.33,Won
8909,4431,9911,4.01,Lost
8910,4431,1555,8.08,Lost
8911,4431,3340,2.44,Won
8912,4432,2655,1.64,Won
8913,4433,6816,4.84,Won
8914,4433,2497,7.44,Won
8915,4434,8799,7.71,Lost
8916,4434,3270,1.3,Won
8917,4434,5362,1.92,Lost
8918,4435,2208,1.91,Won
8919,4435,3512,4.6,Won
8920,4436,5511,1.21,Pending
8921,4437,4787,8.16,Pending
8922,4437,6279,5.93,Pending
8923,4438,5417,3.28,Won
8924,4438,1291,4.44,Won
8925,4438,706,1.13,Won
8926,4439,4705,4.22,Won
8927,4439,844,4.75,Won
8928,4440,6824,8.1,Won
8929,4440,3985,2.13,Won
8930,4440,8934,8.05,Won
8931,4441,8611,8.48,Pending
8932,4442,9221,5.07,Won
8933,4443,2680,1.73,Won
8934,4443,3434,4.39,Won
8935,4443,5875,2.56,Won
8936,4444,5279,3.73,Lost
8937,4444,7254,7.08,Lost
8938,4444,379,7.94,Won
8939,4445,5472,7.43,Won
8940,4445,9048,3.39,Lost
8941,4446,4820,2.35,Won
8942,4446,9437,3.94,Won
8943,4446,1451,4.05,Won
8944,4447,3332,6.5,Won
8945,4448,4456,2.67,Pending
8946,4448,3464,5.64,Pending
8947,4449,3776,2.37,Won
8948,4449,2968,1.9,Won
8949,4449,9817,1.75,Won
8950,4450,125,4.72,Lost
8951,4450,7027,4.65,Won
8952,4450,6791,3.13,Lost
8953,4451,9853,6.35,Lost
8954,4451,3603,2.6,Lost
8955,4452,1346,5.92,Won
8956,4452,105,6.28,Won
8957,4452,1589,7.73,Won
8958,4453,4976,2.7,Won
8959,4453,465,4.68,Won
8960,4453,4866,1.89,Won
8961,4454,5143,3.6,Won
8962,4454,5950,4.95,Won
8963,4454,9836,2.22,Won
8964,4455,7265,7.58,Pending
8965,4456,9842,5.48,Won
8966,4456,4426,4.9,Won
8967,4456,8524,1.85,Won
8968,4457,3311,3.71,Won
8969,4457,9750,8.28,Won
8970,4457,7660,6.06,Lost
8971,4458,2860,6.35,Pending
8972,4458,6588,3.8,Pending
8973,4459,369,8.18,Won
8974,4459,925,7.93,Won
8975,4459,5015,6.92,Won
8976,4460,3210,4.03,Lost
8977,4460,1640,7.15,Won
8978,4460,3322,3.51,Won
8979,4461,6671,8.32,Void
8980,4461,6706,7.64,Void
8981,4462,8311,4.41,Pending
8982,4462,6139,7.91,Pending
8983,4463,8819,7.06,Pending
8984,4463,8627,2.04,Pending
8985,4464,4752,6.8,Won
8986,4464,7817,3.3,Won
8987,4465,8451,6.49,Won
8988,4465,1468,5.01,Won
8989,4465,7908,3.7,Won
8990,4466,581,4.46,Won
8991,4466,5462,1.67,Won
8992,4466,3752,6.93,Won
8993,4467,8670,6.22,Won
8994,4467,9745,5.21,Won
8995,4468,8396,6.77,Void
8996,4468,1428,7.87,Void
8997,4468,8828,6.66,Void
8998,4469,2589,8.17,Pending
8999,4469,6289,7.5,Pending
9000,4470,9711,7.19,Pending
9001,4470,1409,7.51,Pending
9002,4470,4295,4.16,Pending
9003,4471,8496,3.11,Won
9004,4471,5142,7.99,Won
9005,4471,3626,1.27,Won
9006,4472,9272,2.26,Won
9007,4472,4456,2.67,Won
9008,4473,728,3.37,Won
9009,4474,3458,2.22,Won
9010,4475,9310,6.64,Lost
9011,4476,8440,6.09,Won
9012,4476,437,4.23,Won
9013,4476,1230,3.4,Won
9014,4477,3338,2.72,Lost
9015,4477,1019,1.39,Lost
9016,4477,5644,6.88,Lost
9017,4478,3911,3.61,Lost
9018,4478,5210,6.34,Won
9019,4478,1183,3.33,Lost
9020,4479,6007,8.11,Lost
9021,4479,8535,3.62,Lost
9022,4480,4301,1.86,Won
9023,4480,3747,8.33,Won
9024,4481,9348,6.49,Lost
9025,4482,4727,3.45,Lost
9026,4482,227,5.16,Won
9027,4483,8534,4.99,Pending
9028,4484,7089,6.85,Pending
9029,4485,9373,4.13,Won
9030,4485,8634,8.37,Lost
9031,4486,3778,7.65,Won
9032,4486,7255,7.15,Won
9033,4486,953,3.41,Won
9034,4487,5018,2.56,Pending
9035,4487,5162,7.34,Pending
9036,4488,8481,3.7,Pending
9037,4489,1206,1.94,Pending
9038,4489,2573,7.56,Pending
9039,4489,1850,7.51,Pending
9040,4490,6031,1.66,Won
9041,4490,8668,5.61,Won
9042,4491,6008,4.94,Won
9043,4491,762,8.35,Won
9044,4492,1757,1.29,Pending
9045,4492,7458,3.06,Pending
9046,4492,2082,6.96,Pending
9047,4493,5035,4.67,Pending
9048,4494,708,6.57,Won
9049,4494,5113,5.1,Won
9050,4495,2260,4.89,Pending
9051,4496,4716,7.04,Pending
9052,4496,5999,5.73,Pending
9053,4496,4760,5.11,Pending
9054,4497,7043,3.28,Pending
9055,4497,1585,1.83,Pending
9056,4498,3552,3.58,Won
9057,4499,4583,4.08,Won
9058,4499,5077,6.15,Won
9059,4500,2391,6.64,Pending
9060,4500,7335,8.18,Pending
9061,4500,5224,1.6,Pending
9062,4501,1135,1.5,Pending
9063,4502,646,1.15,Won
9064,4502,6281,4.72,Won
9065,4503,3742,6.07,Won
9066,4504,2863,7.9,Won
9067,4504,5025,5.52,Won
9068,4504,4538,7.09,Won
9069,4505,7404,4.54,Pending
9070,4505,8816,2.81,Pending
9071,4505,4117,2.37,Pending
9072,4506,7826,5.69,Pending
9073,4506,5426,6.73,Pending
9074,4507,8352,6.34,Won
9075,4508,5831,2.92,Pending
9076,4508,8027,6.64,Pending
9077,4509,7565,3.13,Won
9078,4510,5321,5.44,Won
9079,4510,3218,5.02,Won
9080,4510,7755,5.07,Won
9081,4511,6625,2.51,Won
9082,4511,7867,7.38,Won
9083,4512,1027,3.74,Pending
9084,4513,1311,1.48,Won
9085,4513,6578,8.17,Won
9086,4514,3674,2.31,Lost
9087,4514,9217,7.03,Lost
9088,4514,7912,4.21,Won
9089,4515,7223,3.03,Won
9090,4516,2513,2.89,Lost
9091,4517,6051,7.38,Won
9092,4518,2395,2.38,Pending
9093,4518,6730,7.22,Pending
9094,4519,7768,6.4,Void
9095,4519,3816,2.46,Void
9096,4519,425,4.23,Void
9097,4520,9380,1.83,Won
9098,4520,1938,4.48,Won
9099,4520,7345,6.62,Lost
9100,4521,6505,5.63,Won
9101,4521,1978,6.78,Won
9102,4522,6276,8.5,Pending
9103,4523,1452,8.17,Won
9104,4524,4757,3.5,Pending
9105,4524,6679,7.45,Pending
9106,4524,3229,3.36,Pending
9107,4525,8226,5.69,Pending
9108,4525,8351,6.51,Pending
9109,4526,8193,7.47,Won
9110,4526,5663,2.78,Won
9111,4526,7427,2.13,Won
9112,4527,3592,6.61,Pending
9113,4527,6411,7.96,Pending
9114,4528,4092,4.94,Won
9115,4528,9590,7.67,Won
9116,4529,4449,5.03,Lost
9117,4529,6758,4.94,Lost
9118,4529,3694,7.82,Lost
9119,4530,5074,1.7,Pending
9120,4531,9743,6.18,Lost
9121,4531,1763,5.13,Won
9122,4531,2503,3.13,Won
9123,4532,2028,4.53,Won
9124,4532,6158,3.84,Won
9125,4533,7586,7.7,Pending
9126,4533,4630,1.78,Pending
9127,4533,1976,5.77,Pending
9128,4534,5081,8.24,Won
9129,4534,9819,4.96,Won
9130,4534,4287,7.55,Won
9131,4535,7717,6.72,Void
9132,4535,1701,1.45,Void
9133,4535,2696,7.6,Void
9134,4536,1580,3.19,Void
9135,4537,6889,5.16,Won
9136,4537,244,3.34,Won
9137,4537,6281,4.72,Won
9138,4538,3358,8.46,Lost
9139,4538,3630,2.66,Lost
9140,4538,7277,3.25,Lost
9141,4539,353,4.13,Pending
9142,4539,8752,2.34,Pending
9143,4539,2554,5.97,Pending
9144,4540,1632,1.26,Won
9145,4541,8829,4.42,Pending
9146,4541,2741,3.84,Pending
9147,4541,5383,1.36,Pending
9148,4542,7918,1.54,Won
9149,4543,86,4.38,Lost
9150,4544,4747,6.16,Won
9151,4544,3067,6.06,Won
9152,4545,9059,2.31,Won
9153,4545,5327,4.88,Won
9154,4545,9407,3.22,Won
9155,4546,84,5.52,Pending
9156,4546,6957,1.22,Pending
9157,4546,8934,8.05,Pending
9158,4547,6178,2.85,Won
9159,4548,4662,3.85,Won
9160,4549,4157,5.51,Won
9161,4549,8229,6.48,Lost
9162,4550,3375,5.19,Won
9163,4550,2342,2.39,Won
9164,4551,9727,5.49,Lost
9165,4552,9112,2.85,Lost
9166,4552,9706,1.41,Lost
9167,4552,404,3.46,Lost
9168,4553,429,3.65,Lost
9169,4553,3225,2.3,Lost
9170,4554,6692,7.42,Lost
9171,4555,8753,1.96,Pending
9172,4555,5877,6.94,Pending
9173,4555,7688,3.41,Pending
9174,4556,4817,3.1,Won
9175,4556,3603,2.6,Won
9176,4557,1461,2.64,Lost
9177,4557,313,2.51,Lost
9178,4557,5384,8.24,Lost
9179,4558,6337,5.24,Won
9180,4558,3276,5.4,Won
9181,4559,4554,4.84,Won
9182,4559,1441,8.19,Lost
9183,4559,9678,7.81,Lost
9184,4560,3049,6.18,Lost
9185,4560,5633,2.05,Won
9186,4561,4468,5.22,Won
9187,4562,1991,5.45,Won
9188,4562,5779,3.63,Won
9189,4563,5334,3.58,Pending
9190,4563,3170,7.74,Pending
9191,4563,8830,7.59,Pending
9192,4564,3739,2.27,Lost
9193,4565,4900,1.61,Won
9194,4565,6825,7.0,Won
9195,4566,2964,2.06,Lost
9196,4566,1996,2.54,Won
9197,4566,3220,1.88,Won
9198,4567,2488,1.95,Won
9199,4567,9253,8.17,Won
9200,4568,1737,5.33,Won
9201,4569,8727,4.93,Pending
9202,4569,4995,7.38,Pending
9203,4569,7102,3.36,Pending
9204,4570,2674,3.68,Won
9205,4570,5258,3.61,Won
9206,4571,4651,2.33,Won
9207,4571,6871,5.8,Lost
9208,4571,7955,5.15,Won
9209,4572,4444,3.84,Won
9210,4572,5001,5.61,Won
9211,4573,2351,2.19,Won
9212,4573,9409,1.11,Won
9213,4574,5216,5.39,Pending
9214,4574,64,8.36,Pending
9215,4575,4432,1.42,Won
9216,4575,9410,5.63,Won
9217,4575,3488,2.16,Won
9218,4576,6073,1.14,Won
9219,4576,4263,3.35,Won
9220,4577,1868,2.6,Won
9221,4578,156,5.36,Won
9222,4578,8228,1.46,Won
9223,4578,3125,8.44,Won
9224,4579,1553,3.73,Pending
9225,4580,7417,4.94,Won
9226,4580,8361,8.44,Won
9227,4580,4549,2.82,Won
9228,4581,7124,2.92,Pending
9229,4582,5666,6.37,Pending
9230,4582,5706,2.23,Pending
9231,4582,8235,4.46,Pending
9232,4583,2864,6.86,Won
9233,4583,5264,6.62,Won
9234,4584,8542,6.16,Lost
9235,4584,3948,5.4,Lost
9236,4585,4644,4.74,Pending
9237,4585,28,3.58,Pending
9238,4585,8662,5.42,Pending
9239,4586,4545,4.95,Won
9240,4586,982,6.69,Won
9241,4586,9729,4.85,Lost
9242,4587,1993,5.21,Void
9243,4587,3293,1.29,Void
9244,4587,1349,2.94,Void
9245,4588,6950,8.45,Won
9246,4588,8458,6.35,Won
9247,4588,2523,3.88,Won
9248,4589,8829,4.42,Won
9249,4589,4412,5.01,Won
9250,4590,6568,3.1,Won
9251,4591,1670,2.18,Won
9252,4591,1292,1.59,Won
9253,4591,359,3.46,Won
9254,4592,2624,5.76,Lost
9255,4592,5903,5.14,Lost
9256,4592,6834,1.74,Lost
9257,4593,931,5.38,Lost
9258,4593,3455,5.96,Lost
9259,4594,4322,1.49,Won
9260,4595,2287,4.87,Won
9261,4595,846,5.13,Won
9262,4596,6163,8.44,Won
9263,4596,9278,1.33,Lost
9264,4596,8512,1.68,Won
9265,4597,1100,6.33,Pending
9266,4597,1711,2.34,Pending
9267,4598,3445,1.94,Won
9268,4598,6534,1.28,Won
9269,4598,4248,3.49,Won
9270,4599,3396,5.71,Pending
9271,4600,8344,4.61,Lost
9272,4600,4165,6.86,Won
9273,4600,7940,7.74,Lost
9274,4601,8825,4.27,Won
9275,4602,1351,7.8,Won
9276,4602,9965,4.55,Won
9277,4602,7780,3.27,Won
9278,4603,2034,4.31,Won
9279,4603,5113,5.1,Won
9280,4604,6346,1.74,Won
9281,4605,3736,2.64,Won
9282,4605,3737,7.6,Won
9283,4605,1594,3.53,Won
9284,4606,9493,3.05,Pending
9285,4606,7243,5.93,Pending
9286,4606,4160,1.89,Pending
9287,4607,8690,2.68,Pending
9288,4607,5953,5.1,Pending
9289,4607,8633,6.17,Pending
9290,4608,2182,4.98,Won
9291,4609,4790,4.4,Won
9292,4609,2883,5.29,Won
9293,4609,8634,8.37,Lost
9294,4610,2430,8.44,Won
9295,4610,6925,5.86,Won
9296,4610,5087,4.17,Won
9297,4611,2270,6.26,Won
9298,4611,1592,3.6,Won
9299,4612,9677,3.38,Won
9300,4612,2401,7.21,Won
9301,4613,784,2.65,Pending
9302,4614,5240,2.44,Won
9303,4614,9263,7.03,Won
9304,4615,8934,8.05,Won
9305,4615,3004,7.83,Won
9306,4615,4096,2.7,Won
9307,4616,7,2.03,Pending
9308,4616,7021,1.63,Pending
9309,4616,7969,3.52,Pending
9310,4617,4806,1.94,Won
9311,4618,1997,6.72,Pending
9312,4619,1472,8.29,Pending
9313,4619,6395,4.85,Pending
9314,4620,2411,3.83,Pending
9315,4620,2868,7.83,Pending
9316,4620,9751,4.0,Pending
9317,4621,6985,1.54,Won
9318,4621,286,3.68,Won
9319,4621,6921,6.07,Won
9320,4622,8928,3.27,Won
9321,4623,3181,3.46,Won
9322,4623,2318,2.27,Won
9323,4624,4456,2.67,Pending
9324,4625,5584,2.93,Pending
9325,4625,8867,1.81,Pending
9326,4626,6350,8.4,Pending
9327,4627,4269,1.65,Won
9328,4628,7607,3.48,Pending
9329,4628,9585,7.07,Pending
9330,4628,9994,4.23,Pending
9331,4629,299,5.88,Won
9332,4630,4597,4.3,Won
9333,4630,8755,3.6,Won
9334,4631,6563,6.64,Won
9335,4631,3926,2.94,Won
9336,4632,2245,4.36,Won
9337,4632,6350,8.4,Won
9338,4633,282,6.1,Pending
9339,4633,4435,4.25,Pending
9340,4634,4464,2.69,Lost
9341,4634,3971,3.05,Won
9342,4634,2021,1.23,Lost
9343,4635,8237,4.0,Won
9344,4636,410,7.05,Won
9345,4636,1316,7.18,Won
9346,4636,5828,5.19,Won
9347,4637,145,4.89,Pending
9348,4637,6023,5.94,Pending
9349,4638,1230,3.4,Won
9350,4638,78,5.04,Won
9351,4639,8858,7.01,Pending
9352,4639,7924,1.24,Pending
9353,4639,817,1.87,Pending
9354,4640,9797,6.65,Won
9355,4640,613,5.57,Won
9356,4641,5041,7.8,Won
9357,4642,1864,7.63,Lost
9358,4642,3716,3.14,Won
9359,4643,5611,6.47,Won
9360,4644,6757,4.42,Pending
9361,4644,8580,2.16,Pending
9362,4645,7748,4.51,Won
9363,4645,41,8.42,Won
9364,4645,7943,6.51,Won
9365,4646,4332,4.55,Lost
9366,4647,8727,4.93,Lost
9367,4647,4573,4.77,Lost
9368,4648,3726,2.4,Won
9369,4648,5268,4.11,Won
9370,4648,8336,7.98,Won
9371,4649,4698,4.13,Pending
9372,4650,8474,7.75,Pending
9373,4650,5695,5.79,Pending
9374,4650,9124,2.71,Pending
9375,4651,9934,1.63,Pending
9376,4651,2914,4.78,Pending
9377,4652,240,1.77,Pending
9378,4653,9585,7.07,Won
9379,4654,5032,5.54,Won
9380,4654,80,6.74,Won
9381,4654,7533,3.94,Won
9382,4655,5971,6.46,Lost
9383,4656,7091,2.46,Won
9384,4656,4337,4.28,Won
9385,4657,8901,1.53,Won
9386,4657,2546,1.7,Won
9387,4657,6677,5.83,Won
9388,4658,4978,8.1,Pending
9389,4659,7997,3.41,Pending
9390,4660,5481,1.39,Won
9391,4661,5649,5.03,Pending
9392,4662,7409,7.69,Lost
9393,4663,9627,7.88,Won
9394,4663,4448,6.94,Won
9395,4663,8622,5.22,Won
9396,4664,7510,2.76,Pending
9397,4664,7648,4.37,Pending
9398,4664,6176,3.27,Pending
9399,4665,7267,3.47,Won
9400,4666,9904,7.83,Won
9401,4666,8016,1.15,Won
9402,4666,444,7.36,Won
9403,4667,3059,2.28,Lost
9404,4667,1598,2.43,Lost
9405,4667,506,1.81,Lost
9406,4668,7137,2.88,Won
9407,4668,7451,5.9,Won
9408,4668,8579,2.48,Won
9409,4669,5309,6.7,Lost
9410,4669,9040,3.95,Won
9411,4669,2161,2.25,Lost
9412,4670,9400,2.3,Lost
9413,4670,6346,1.74,Won
9414,4671,3485,7.31,Won
9415,4671,5808,4.37,Won
9416,4671,9138,8.29,Won
9417,4672,5495,6.11,Pending
9418,4672,4928,3.58,Pending
9419,4673,877,7.98,Won
9420,4674,1355,3.15,Pending
9421,4674,1621,5.1,Pending
9422,4675,6992,4.55,Won
9423,4675,6286,7.35,Won
9424,4675,1232,1.34,Won
9425,4676,1615,2.73,Pending
9426,4676,1133,6.11,Pending
9427,4676,518,2.01,Pending
9428,4677,3323,6.01,Won
9429,4677,1069,4.51,Won
9430,4677,61,5.62,Won
9431,4678,2588,2.67,Won
9432,4678,752,3.25,Won
9433,4679,708,6.57,Won
9434,4680,905,1.56,Won
9435,4681,6131,4.84,Won
9436,4681,2075,2.04,Won
9437,4681,8392,4.72,Won
9438,4682,6908,6.89,Pending
9439,4682,9387,1.66,Pending
9440,4682,7882,7.66,Pending
9441,4683,74,8.07,Won
9442,4684,3282,5.31,Won
9443,4684,3220,1.88,Won
9444,4684,2731,3.91,Won
9445,4685,2554,5.97,Lost
9446,4686,2772,1.14,Pending
9447,4686,2814,2.91,Pending
9448,4687,7863,3.32,Pending
9449,4688,2512,1.18,Lost
9450,4688,2951,3.15,Won
9451,4688,4283,1.97,Won
9452,4689,5694,7.47,Won
9453,4689,6089,1.58,Lost
9454,4690,2157,5.15,Pending
9455,4691,9482,1.62,Lost
9456,4691,4188,4.0,Lost
9457,4692,868,4.75,Won
9458,4693,9929,6.08,Void
9459,4694,5684,7.3,Lost
9460,4694,6113,2.69,Lost
9461,4694,7420,7.59,Lost
9462,4695,6384,7.21,Won
9463,4696,3226,4.31,Won
9464,4696,8902,5.44,Won
9465,4697,5734,8.04,Won
9466,4698,4827,5.8,Won
9467,4698,3208,7.3,Won
9468,4699,6445,3.94,Won
9469,4699,5284,3.05,Won
9470,4699,6537,8.13,Won
9471,4700,8651,3.56,Pending
9472,4700,5548,5.68,Pending
9473,4700,6838,6.46,Pending
9474,4701,2587,7.48,Lost
9475,4701,6459,4.97,Won
9476,4702,7758,3.87,Won
9477,4703,3975,3.69,Won
9478,4704,2218,1.89,Pending
9479,4704,370,2.41,Pending
9480,4704,6063,3.54,Pending
9481,4705,2512,1.18,Won
9482,4706,2021,1.23,Won
9483,4706,914,3.79,Won
9484,4706,9945,3.93,Won
9485,4707,3533,2.41,Lost
9486,4707,2591,7.73,Lost
9487,4708,795,6.28,Pending
9488,4709,9683,8.09,Won
9489,4709,3179,5.98,Won
9490,4710,8643,1.92,Won
9491,4710,9828,1.91,Lost
9492,4711,5185,2.04,Lost
9493,4712,7429,8.25,Pending
9494,4712,9724,6.8,Pending
9495,4712,561,5.01,Pending
9496,4713,174,7.05,Won
9497,4713,2491,6.58,Won
9498,4713,6550,8.43,Won
9499,4714,4063,3.13,Pending
9500,4715,337,5.56,Won
9501,4715,7804,1.74,Won
9502,4715,7331,7.47,Lost
9503,4716,3747,8.33,Won
9504,4716,8925,5.64,Won
9505,4716,5779,3.63,Won
9506,4717,4805,8.27,Pending
9507,4718,6410,5.86,Pending
9508,4718,6175,7.27,Pending
9509,4718,1864,7.63,Pending
9510,4719,4282,3.66,Won
9511,4719,8605,3.81,Won
9512,4719,1367,7.34,Won
9513,4720,3201,1.23,Pending
9514,4720,7190,2.96,Pending
9515,4721,698,3.7,Pending
9516,4721,7196,7.7,Pending
9517,4722,4469,1.49,Won
9518,4722,6429,2.84,Won
9519,4723,511,7.26,Pending
9520,4724,781,8.09,Lost
9521,4725,2591,7.73,Won
9522,4726,2204,7.9,Won
9523,4727,6720,5.94,Won
9524,4728,5582,7.25,Pending
9525,4729,3294,3.7,Won
9526,4730,5748,4.31,Won
9527,4731,8047,5.12,Pending
9528,4731,2056,2.32,Pending
9529,4732,5566,6.55,Lost
9530,4733,9397,7.46,Won
9531,4733,6422,7.42,Won
9532,4733,1042,7.81,Won
9533,4734,6447,7.42,Won
9534,4734,2195,5.42,Won
9535,4734,7021,1.63,Won
9536,4735,9040,3.95,Pending
9537,4735,8619,2.67,Pending
9538,4735,3350,5.74,Pending
9539,4736,1005,3.84,Won
9540,4737,10000,5.29,Pending
9541,4737,432,4.12,Pending
9542,4738,7880,3.88,Won
9543,4738,6449,5.69,Won
9544,4738,2857,2.85,Won
9545,4739,2214,3.36,Pending
9546,4739,6722,3.99,Pending
9547,4740,5532,1.35,Lost
9548,4740,5361,6.51,Lost
9549,4740,6475,3.72,Lost
9550,4741,9654,2.95,Won
9551,4741,8637,7.33,Won
9552,4741,4114,6.74,Won
9553,4742,2818,6.52,Pending
9554,4743,9828,1.91,Won
9555,4744,9596,7.49,Won
9556,4745,5705,2.17,Won
9557,4745,5491,3.68,Won
9558,4745,8830,7.59,Won
9559,4746,5000,1.63,Pending
9560,4747,3903,5.89,Won
9561,4747,1923,6.0,Won
9562,4747,1329,7.65,Lost
9563,4748,9622,6.02,Won
9564,4749,2766,7.79,Pending
9565,4750,6,5.93,Pending
9566,4750,3442,7.17,Pending
9567,4750,1666,5.21,Pending
9568,4751,7897,5.67,Pending
9569,4752,7680,3.16,Void
9570,4752,8943,2.82,Void
9571,4752,6304,2.52,Void
9572,4753,1849,5.72,Pending
9573,4754,4999,8.42,Won
9574,4755,3703,3.11,Pending
9575,4755,1788,2.96,Pending
9576,4756,2881,8.27,Lost
9577,4757,5396,3.32,Won
9578,4758,4424,8.49,Pending
9579,4758,8662,5.42,Pending
9580,4759,9403,3.48,Pending
9581,4759,5871,8.0,Pending
9582,4759,6848,5.39,Pending
9583,4760,6059,2.35,Lost
9584,4761,5260,6.12,Won
9585,4761,5188,8.3,Won
9586,4761,784,2.65,Won
9587,4762,9171,1.4,Void
9588,4763,244,3.34,Won
9589,4763,9218,5.18,Won
9590,4764,3544,1.26,Won
9591,4764,5432,1.63,Won
9592,4764,3086,2.2,Won
9593,4765,7977,4.9,Pending
9594,4765,5113,5.1,Pending
9595,4766,2120,8.06,Pending
9596,4766,1015,6.61,Pending
9597,4766,9512,3.71,Pending
9598,4767,7345,6.62,Lost
9599,4767,7113,6.7,Won
9600,4767,4288,8.0,Lost
9601,4768,874,7.12,Won
9602,4768,5401,7.36,Won
9603,4769,9463,8.18,Lost
9604,4770,1943,2.12,Lost
9605,4770,6891,5.59,Lost
9606,4770,1439,8.28,Lost
9607,4771,669,5.66,Won
9608,4771,2947,3.44,Lost
9609,4772,4677,2.68,Lost
9610,4772,1972,5.51,Lost
9611,4772,4580,1.91,Lost
9612,4773,6930,1.57,Won
9613,4773,804,1.2,Won
9614,4774,2937,2.23,Lost
9615,4774,24,2.17,Won
9616,4774,4225,8.29,Won
9617,4775,7207,5.93,Won
9618,4775,8660,1.17,Won
9619,4776,2988,5.92,Won
9620,4776,5618,7.07,Won
9621,4777,8615,7.26,Pending
9622,4777,9472,7.02,Pending
9623,4777,4873,5.21,Pending
9624,4778,5529,8.4,Won
9625,4778,3916,3.94,Won
9626,4778,6974,7.46,Lost
9627,4779,8442,2.77,Pending
9628,4779,9854,6.69,Pending
9629,4779,1815,1.33,Pending
9630,4780,1043,7.03,Won
9631,4780,3268,8.37,Won
9632,4781,9718,1.8,Won
9633,4781,2847,5.78,Won
9634,4782,9031,7.22,Won
9635,4783,6741,5.39,Won
9636,4783,5714,1.58,Won
9637,4784,3896,3.3,Lost
9638,4784,5627,5.12,Won
9639,4785,1822,6.25,Won
9640,4785,3478,5.97,Won
9641,4785,4784,6.62,Won
9642,4786,6123,1.8,Won
9643,4786,9243,2.39,Lost
9644,4787,3152,6.62,Won
9645,4787,5920,1.52,Won
9646,4788,1253,6.04,Won
9647,4788,3777,3.45,Won
9648,4789,8178,4.27,Won
9649,4789,972,4.21,Won
9650,4789,1964,1.83,Won
9651,4790,5317,7.35,Void
9652,4790,6224,6.44,Void
9653,4791,2769,2.84,Won
9654,4791,6236,7.7,Won
9655,4791,758,2.15,Lost
9656,4792,9319,3.73,Won
9657,4792,652,7.83,Won
9658,4792,7388,8.19,Won
9659,4793,1921,3.65,Won
9660,4793,7647,7.82,Won
9661,4794,977,4.18,Pending
9662,4794,8766,5.73,Pending
9663,4794,6731,7.07,Pending
9664,4795,6223,7.75,Won
9665,4795,3499,2.44,Won
9666,4796,8272,7.39,Won
9667,4797,9967,3.2,Won
9668,4797,8992,5.35,Won
9669,4798,8639,2.21,Won
9670,4798,9210,6.94,Won
9671,4798,9554,2.21,Won
9672,4799,5972,6.94,Lost
9673,4800,1933,7.55,Won
9674,4800,1411,5.14,Won
9675,4800,1642,5.26,Won
9676,4801,8817,5.44,Won
9677,4802,3201,1.23,Void
9678,4802,2270,6.26,Void
9679,4802,994,1.64,Void
9680,4803,1381,6.05,Won
9681,4803,7121,4.69,Won
9682,4804,3691,2.5,Won
9683,4805,1175,4.4,Won
9684,4806,248,5.29,Won
9685,4807,6133,5.31,Won
9686,4807,437,4.23,Won
9687,4808,1556,1.32,Void
9688,4808,8788,2.7,Void
9689,4808,4105,1.55,Void
9690,4809,1998,6.17,Won
9691,4810,2223,3.42,Pending
9692,4811,1420,2.91,Pending
9693,4812,5711,7.11,Lost
9694,4812,1675,7.43,Lost
9695,4813,688,8.38,Pending
9696,4814,729,1.49,Won
9697,4814,2638,5.89,Won
9698,4814,8586,4.46,Lost
9699,4815,8887,5.5,Won
9700,4815,8529,1.5,Won
9701,4815,978,8.03,Won
9702,4816,8479,4.78,Pending
9703,4817,8039,3.95,Won
9704,4817,767,6.98,Won
9705,4818,8322,3.36,Won
9706,4818,6590,7.08,Won
9707,4819,6206,2.76,Pending
9708,4819,7971,7.83,Pending
9709,4819,4539,3.96,Pending
9710,4820,783,3.3,Won
9711,4820,8248,3.65,Won
9712,4821,6832,7.02,Pending
9713,4822,5885,3.02,Won
9714,4822,3006,1.12,Lost
9715,4822,4245,8.46,Won
9716,4823,7504,5.12,Won
9717,4823,1538,2.5,Won
9718,4824,2908,3.7,Lost
9719,4824,7546,3.49,Lost
9720,4825,5068,4.3,Won
9721,4825,3852,2.34,Won
9722,4826,9045,7.41,Won
9723,4826,1687,7.11,Won
9724,4827,9894,4.71,Pending
9725,4827,1177,1.16,Pending
9726,4827,2761,5.87,Pending
9727,4828,6269,1.68,Pending
9728,4828,873,4.26,Pending
9729,4829,8993,3.28,Pending
9730,4830,4412,5.01,Pending
9731,4830,8334,3.58,Pending
9732,4830,2168,8.01,Pending
9733,4831,7064,1.87,Pending
9734,4832,1836,7.13,Won
9735,4833,3892,5.87,Won
9736,4834,2737,5.42,Pending
9737,4835,1823,4.61,Won
9738,4836,6029,8.42,Won
9739,4837,7365,8.43,Won
9740,4837,7165,4.83,Won
9741,4838,6067,6.75,Won
9742,4839,1859,4.01,Won
9743,4840,1493,1.86,Pending
9744,4840,9388,6.92,Pending
9745,4840,454,4.72,Pending
9746,4841,957,6.56,Won
9747,4841,5801,1.84,Won
9748,4842,8918,8.37,Won
9749,4842,4624,6.78,Won
9750,4843,6202,4.74,Won
9751,4843,5201,7.67,Won
9752,4844,3348,2.33,Pending
9753,4845,4898,5.81,Won
9754,4845,8419,6.41,Won
9755,4845,5709,7.02,Won
9756,4846,5747,1.96,Lost
9757,4847,7255,7.15,Won
9758,4847,921,5.98,Won
9759,4848,9839,4.33,Won
9760,4849,2836,4.69,Won
9761,4849,2370,7.49,Lost
9762,4849,1977,5.07,Won
9763,4850,4103,5.96,Won
9764,4850,1133,6.11,Won
9765,4850,3149,3.71,Won
9766,4851,8352,6.34,Won
9767,4851,7318,7.09,Lost
9768,4851,5687,7.92,Lost
9769,4852,8402,1.7,Pending
9770,4852,836,7.26,Pending
9771,4853,7224,3.6,Won
9772,4853,9661,2.08,Lost
9773,4854,5138,6.31,Won
9774,4854,9651,2.84,Won
9775,4854,3087,7.12,Won
9776,4855,4590,7.55,Won
9777,4855,4546,7.06,Won
9778,4855,3914,6.45,Lost
9779,4856,6066,2.06,Won
9780,4857,9976,1.17,Pending
9781,4858,2134,5.68,Won
9782,4858,449,7.16,Won
9783,4858,9392,5.26,Won
9784,4859,5665,2.91,Pending
9785,4860,442,7.59,Lost
9786,4860,8682,7.58,Won
9787,4861,9993,3.17,Won
9788,4861,6552,6.55,Won
9789,4862,1342,6.21,Won
9790,4862,5438,5.7,Won
9791,4862,4329,1.33,Won
9792,4863,109,8.05,Won
9793,4863,928,1.26,Won
9794,4863,3614,7.23,Won
9795,4864,12,5.74,Won
9796,4864,5562,2.32,Won
9797,4865,5698,5.77,Won
9798,4866,6243,3.42,Won
9799,4866,7511,1.14,Won
9800,4866,7266,6.61,Won
9801,4867,7729,5.11,Won
9802,4868,8123,6.53,Pending
9803,4869,1342,6.21,Won
9804,4869,9200,7.0,Won
9805,4870,5895,4.08,Pending
9806,4871,6704,7.58,Won
9807,4871,5846,4.76,Lost
9808,4871,5383,1.36,Lost
9809,4872,2788,4.27,Won
9810,4872,1562,1.39,Lost
9811,4872,5710,7.24,Won
9812,4873,3631,5.44,Won
9813,4873,3038,4.92,Won
9814,4873,4466,2.22,Won
9815,4874,2810,5.75,Won
9816,4874,180,2.06,Won
9817,4874,6203,8.28,Won
9818,4875,6284,2.16,Pending
9819,4876,1777,6.97,Won
9820,4877,3939,5.03,Pending
9821,4878,5146,4.74,Pending
9822,4878,9790,8.34,Pending
9823,4878,9659,6.83,Pending
9824,4879,7898,3.77,Won
9825,4879,3664,2.16,Lost
9826,4879,9389,1.42,Won
9827,4880,2258,7.64,Pending
9828,4881,7129,3.98,Won
9829,4881,6848,5.39,Won
9830,4881,3634,3.14,Won
9831,4882,8904,2.64,Void
9832,4883,1050,1.93,Pending
9833,4884,1922,6.29,Won
9834,4885,1413,1.61,Won
9835,4885,8454,1.97,Won
9836,4886,2706,2.66,Won
9837,4886,6546,2.12,Won
9838,4886,2211,5.51,Won
9839,4887,3388,5.74,Pending
9840,4887,632,7.01,Pending
9841,4888,9109,1.96,Won
9842,4888,4295,4.16,Won
9843,4888,6693,1.47,Won
9844,4889,1288,2.39,Pending
9845,4889,3196,3.98,Pending
9846,4889,932,5.27,Pending
9847,4890,8246,6.34,Won
9848,4890,4789,2.2,Won
9849,4890,4454,2.97,Lost
9850,4891,5613,2.32,Won
9851,4891,4352,5.92,Won
9852,4891,385,8.14,Won
9853,4892,569,3.38,Pending
9854,4893,7754,7.26,Won
9855,4893,8486,2.21,Won
9856,4894,2315,5.83,Won
9857,4894,665,8.13,Lost
9858,4895,7269,6.35,Won
9859,4896,5211,4.81,Lost
9860,4897,5807,7.34,Won
9861,4898,6283,7.43,Pending
9862,4898,3691,2.5,Pending
9863,4898,7975,7.89,Pending
9864,4899,6693,1.47,Pending
9865,4899,7903,8.2,Pending
9866,4900,639,6.37,Pending
9867,4900,1433,1.16,Pending
9868,4900,10000,5.29,Pending
9869,4901,1836,7.13,Won
9870,4902,6590,7.08,Won
9871,4902,486,8.44,Won
9872,4902,5422,2.15,Won
9873,4903,5843,7.77,Pending
9874,4903,9125,1.34,Pending
9875,4903,3793,1.85,Pending
9876,4904,3922,5.7,Won
9877,4905,2375,7.97,Pending
9878,4905,1674,3.73,Pending
9879,4906,256,4.13,Won
9880,4907,9742,1.72,Pending
9881,4908,3310,7.64,Pending
9882,4908,7402,7.0,Pending
9883,4908,5235,3.22,Pending
9884,4909,4310,1.97,Pending
9885,4910,3889,8.33,Won
9886,4910,5529,8.4,Lost
9887,4911,9158,6.25,Won
9888,4912,7865,7.4,Won
9889,4912,5779,3.63,Won
9890,4913,2565,1.56,Pending
9891,4914,4597,4.3,Won
9892,4914,9422,6.71,Won
9893,4914,9348,6.49,Won
9894,4915,3142,7.94,Lost
9895,4916,7055,1.33,Won
9896,4916,8200,2.58,Won
9897,4917,7495,6.62,Won
9898,4917,1692,3.39,Won
9899,4917,1894,4.33,Lost
9900,4918,7735,4.66,Won
9901,4919,7065,7.74,Won
9902,4919,5816,8.48,Won
9903,4920,1374,5.78,Lost
9904,4920,257,5.27,Won
9905,4921,5639,2.12,Won
9906,4921,3336,1.67,Won
9907,4921,9231,4.37,Won
9908,4922,9305,2.19,Won
9909,4923,5643,8.1,Pending
9910,4924,6280,7.32,Pending
9911,4924,9704,3.98,Pending
9912,4925,7756,4.16,Pending
9913,4926,7685,5.33,Pending
9914,4926,1117,1.9,Pending
9915,4926,5823,2.11,Pending
9916,4927,8629,4.46,Lost
9917,4928,4534,2.28,Won
9918,4928,5574,4.02,Won
9919,4929,5670,2.48,Void
9920,4929,7095,8.17,Void
9921,4930,9131,6.17,Lost
9922,4931,2537,4.67,Won
9923,4931,6393,5.2,Won
9924,4932,5350,2.39,Void
9925,4932,3755,3.47,Void
9926,4932,8225,2.25,Void
9927,4933,2483,7.27,Won
9928,4933,1116,1.56,Won
9929,4933,2214,3.36,Won
9930,4934,3724,5.46,Pending
9931,4934,5511,1.21,Pending
9932,4935,9083,5.79,Won
9933,4935,5155,7.28,Won
9934,4935,6901,2.18,Won
9935,4936,5843,7.77,Lost
9936,4937,2932,3.43,Won
9937,4938,2753,4.08,Won
9938,4938,4797,3.6,Won
9939,4939,4903,3.92,Won
9940,4940,8159,4.45,Pending
9941,4940,491,1.84,Pending
9942,4940,7741,3.59,Pending
9943,4941,6727,6.37,Won
9944,4941,8190,3.49,Lost
9945,4942,3162,8.15,Pending
9946,4943,1196,1.8,Won
9947,4943,2106,2.74,Won
9948,4944,6246,6.29,Pending
9949,4944,8795,5.9,Pending
9950,4944,6404,6.64,Pending
9951,4945,3726,2.4,Won
9952,4946,9157,1.2,Pending
9953,4946,7863,3.32,Pending
9954,4946,1779,7.45,Pending
9955,4947,4907,6.42,Won
9956,4948,6709,6.74,Pending
9957,4948,6093,5.83,Pending
9958,4949,7429,8.25,Won
9959,4949,6684,3.01,Lost
9960,4949,7524,6.09,Lost
9961,4950,2922,5.86,Pending
9962,4951,2891,7.71,Won
9963,4952,5629,1.32,Won
9964,4952,7245,4.34,Won
9965,4953,8006,6.37,Pending
9966,4954,8771,2.66,Pending
9967,4954,1242,7.47,Pending
9968,4955,1509,3.91,Pending
9969,4956,3384,2.92,Won
9970,4956,1204,5.67,Lost
9971,4957,2657,4.11,Pending
9972,4958,7166,4.14,Won
9973,4958,3679,2.01,Lost
9974,4959,2133,3.57,Void
9975,4959,6643,2.21,Void
9976,4959,1707,1.43,Void
9977,4960,8124,4.65,Pending
9978,4960,5103,3.62,Pending
9979,4960,3604,6.57,Pending
9980,4961,2062,8.25,Won
9981,4961,4635,3.52,Won
9982,4962,8437,4.93,Lost
9983,4962,8469,3.09,Won
9984,4962,8996,6.8,Won
9985,4963,8338,5.04,Won
9986,4964,8648,3.71,Won
9987,4964,1051,4.99,Won
9988,4965,8786,7.5,Won
9989,4965,9098,7.38,Won
9990,4965,1590,3.7,Won
9991,4966,8867,1.81,Pending
9992,4966,4689,3.75,Pending
9993,4966,2481,5.13,Pending
9994,4967,369,8.18,Lost
9995,4968,6085,2.91,Won
9996,4969,9075,3.37,Lost
9997,4969,6708,2.16,Won
9998,4969,5024,1.51,Lost
9999,4970,2811,3.96,Won
10000,4970,6822,4.53,Lost
10001,4970,8326,7.49,Won
10002,4971,1343,3.46,Pending
10003,4971,4761,6.13,Pending
10004,4971,9689,8.3,Pending
10005,4972,6501,1.79,Won
10006,4973,6156,8.45,Won
10007,4974,1412,4.84,Won
10008,4974,3230,5.58,Won
10009,4975,9620,1.17,Won
10010,4976,4069,2.71,Won
10011,4976,9356,2.26,Won
10012,4977,4591,8.02,Pending
10013,4977,2672,1.2,Pending
10014,4978,5010,4.52,Pending
10015,4979,7820,4.46,Lost
10016,4980,1006,2.43,Won
10017,4980,2930,2.71,Won
10018,4981,5683,6.84,Won
10019,4982,5979,6.79,Pending
10020,4983,1698,5.3,Won
10021,4984,6090,6.04,Won
10022,4985,8754,7.89,Won
10023,4985,1228,5.26,Won
10024,4985,4211,6.39,Won
10025,4986,1573,7.57,Pending
10026,4987,4278,4.94,Won
10027,4987,8128,7.16,Won
10028,4988,3567,2.82,Won
10029,4989,6437,3.2,Lost
10030,4989,877,7.98,Lost
10031,4990,4899,2.74,Won
10032,4990,1501,2.53,Won
10033,4991,6537,8.13,Pending
10034,4991,2121,3.43,Pending
10035,4991,7034,3.88,Pending
10036,4992,9367,7.68,Lost
10037,4992,5045,4.46,Lost
10038,4993,2536,8.27,Won
10039,4993,8707,7.38,Lost
10040,4993,6583,3.25,Won
10041,4994,6261,3.47,Won
10042,4995,1137,2.6,Pending
10043,4995,3677,8.46,Pending
10044,4995,9149,2.69,Pending
10045,4996,7082,2.12,Won
10046,4997,7628,1.6,Lost
10047,4998,4378,7.6,Pending
10048,4998,946,4.91,Pending
10049,4999,3125,8.44,Won
10050,4999,1349,2.94,Won
10051,4999,6175,7.27,Lost
10052,5000,291,3.35,Pending
