id_ticket,id_user,total_stake,potential_payout,ticket_status,placed_at
1,506,9.42,181.58,Pending,2026-09-24 20:04:52
2,272,13.75,1821.29,Lost,2026-09-25 21:33:41
3,297,6.17,33.44,Won,2026-09-27 21:49:16
4,670,37.75,1428.26,Lost,2026-09-24 21:07:47
5,53,12.52,1923.21,Lost,2026-09-26 23:09:48
6,332,81.55,29197.71,Lost,2026-09-19 10:11:46
7,243,85.94,268.99,Pending,2026-09-20 02:08:07
8,22,21.52,95.76,Pending,2026-09-27 10:09:15
9,798,59.41,466.96,Won,2026-09-25 11:48:04
10,982,10.43,15.96,Pending,2026-09-20 23:03:24
11,513,48.45,9361.73,Pending,2026-09-24 13:55:15
12,924,51.68,15695.05,Lost,2026-09-25 22:15:43
13,667,43.82,14991.73,Pending,2026-09-21 02:38:51
14,132,24.07,79.43,Lost,2026-09-25 06:26:19
15,337,47.68,385.96,Lost,2026-09-24 16:38:34
16,893,26.28,3462.14,Won,2026-09-21 02:49:09
17,315,54.28,5312.05,Won,2026-09-26 19:46:16
18,389,40.04,7968.46,Won,2026-09-19 21:41:36
19,762,61.06,485.07,Lost,2026-09-26 17:50:07
20,76,77.72,510.62,Lost,2026-09-21 16:06:22
21,584,45.26,5073.57,Won,2026-09-22 21:53:34
22,363,22.62,1450.3,Won,2026-09-19 19:49:53
23,151,93.43,154.16,Cancelled,2026-09-27 08:12:11
24,882,73.43,735.06,Pending,2026-09-20 22:30:56
25,144,87.68,460.32,Lost,2026-09-23 08:16:32
26,82,63.14,13030.96,Won,2026-09-19 01:12:01
27,587,89.51,3777.91,Won,2026-09-24 09:13:59
28,69,32.69,162.12,Won,2026-09-19 08:35:00
29,775,78.25,14318.37,Lost,2026-09-23 12:05:05
30,494,9.15,284.95,Won,2026-09-20 09:13:06
31,65,90.2,6046.36,Won,2026-09-25 10:18:19
32,476,97.63,2931.83,Pending,2026-09-27 10:40:46
33,52,79.87,1600.98,Lost,2026-09-24 07:53:16
34,707,65.94,2398.42,Lost,2026-09-18 22:24:33
35,536,38.47,6940.49,Pending,2026-09-23 15:12:12
36,52,30.11,762.06,Pending,2026-09-28 02:53:55
37,276,55.36,372.57,Lost,2026-09-28 09:15:00
38,968,13.75,1372.75,Pending,2026-09-20 13:19:00
39,155,53.61,25392.47,Won,2026-09-23 04:53:51
40,37,94.99,426.51,Lost,2026-09-20 12:37:11
41,157,14.6,59.57,Lost,2026-09-27 09:28:05
42,689,20.77,149.34,Lost,2026-09-22 03:54:30
43,670,10.01,112.94,Lost,2026-09-24 01:36:56
44,107,86.79,477.35,Pending,2026-09-18 13:38:43
45,745,20.0,1981.89,Pending,2026-09-24 19:08:09
46,379,6.68,55.8,Won,2026-09-20 02:48:12
47,95,41.37,416.12,Lost,2026-09-20 10:05:19
48,22,28.19,957.87,Pending,2026-09-27 17:24:24
49,49,62.71,322.96,Lost,2026-09-20 22:43:58
50,358,64.93,5299.57,Won,2026-09-25 17:57:50
51,541,16.03,5974.72,Lost,2026-09-25 23:39:26
52,603,3.92,258.44,Lost,2026-09-27 14:38:46
53,152,12.07,126.04,Lost,2026-09-27 16:01:34
54,501,32.25,5859.43,Pending,2026-09-25 05:55:44
55,614,64.09,17305.26,Won,2026-09-24 03:51:00
56,60,79.15,5089.03,Won,2026-09-27 16:59:43
57,135,81.25,236.44,Pending,2026-09-23 22:35:25
58,621,53.53,240.35,Pending,2026-09-23 08:16:02
59,441,80.14,7906.74,Pending,2026-09-20 23:14:44
60,775,82.49,1274.77,Won,2026-09-22 05:11:57
61,664,59.93,377.56,Pending,2026-09-23 03:00:42
62,56,55.56,4697.62,Lost,2026-09-23 19:32:14
63,782,61.75,6399.98,Won,2026-09-23 19:57:52
64,60,9.32,221.96,Won,2026-09-28 03:05:43
65,229,94.17,575.38,Won,2026-09-18 10:22:23
66,401,27.42,1008.63,Pending,2026-09-24 06:56:15
67,840,90.1,32599.11,Won,2026-09-27 20:01:39
68,408,2.44,14.52,Pending,2026-09-18 11:43:43
69,904,72.39,3361.19,Lost,2026-09-26 14:00:05
70,648,77.0,195.61,Lost,2026-09-20 08:39:40
71,148,88.12,1486.55,Lost,2026-09-27 05:06:02
72,742,55.23,2721.94,Won,2026-09-20 09:34:45
73,92,90.11,8250.42,Lost,2026-09-23 11:48:05
74,143,79.34,151084.44,Lost,2026-09-27 21:41:55
75,610,98.15,2779.37,Lost,2026-09-27 02:40:36
76,88,59.37,8807.61,Won,2026-09-23 18:18:30
77,866,40.73,5736.32,Lost,2026-09-22 09:05:33
78,860,84.35,1225.27,Cancelled,2026-09-24 07:22:55
79,929,27.08,119.15,Won,2026-09-21 21:49:07
80,636,93.61,1188.52,Pending,2026-09-25 11:39:34
81,10,4.26,35.44,Won,2026-09-20 00:11:53
82,271,84.3,16707.09,Lost,2026-09-21 02:46:39
83,614,96.9,144.38,Won,2026-09-18 11:46:44
84,949,23.66,7650.94,Cancelled,2026-09-25 09:44:51
85,956,88.53,2401.58,Lost,2026-09-18 13:20:47
86,233,88.29,3407.07,Pending,2026-09-22 15:18:55
87,269,57.28,50434.77,Lost,2026-09-21 02:56:56
88,292,93.55,17244.48,Lost,2026-09-27 09:00:03
89,717,16.0,2803.23,Pending,2026-09-19 21:42:24
90,818,44.87,728.19,Lost,2026-09-23 00:52:00
91,308,78.15,5434.99,Pending,2026-09-18 12:13:55
92,692,62.54,13496.64,Cancelled,2026-09-19 12:18:21
93,407,19.45,48.04,Pending,2026-09-18 22:22:02
94,162,75.25,123.08,Won,2026-09-27 23:51:59
95,87,83.81,2397.89,Won,2026-09-23 10:00:16
96,573,64.33,1315.45,Won,2026-09-21 17:15:08
97,504,30.02,7875.4,Pending,2026-09-27 06:59:20
98,906,27.18,18129.52,Lost,2026-09-26 16:48:05
99,136,88.89,306.67,Lost,2026-09-25 15:22:24
100,563,75.55,17986.1,Cancelled,2026-09-21 23:38:55
101,412,18.77,144.36,Won,2026-09-21 18:25:54
102,854,98.69,774.03,Won,2026-09-21 21:34:32
103,215,5.44,74.97,Won,2026-09-28 02:13:07
104,698,66.45,57953.65,Lost,2026-09-22 22:11:35
105,689,38.41,6621.83,Pending,2026-09-24 10:27:56
106,632,85.25,140.66,Won,2026-09-26 04:01:41
107,414,36.32,2931.79,Pending,2026-09-25 07:51:23
108,880,95.3,6940.06,Cancelled,2026-09-20 18:26:06
109,915,24.97,2514.99,Pending,2026-09-22 12:59:54
110,8,54.58,404.98,Won,2026-09-20 11:34:19
111,862,74.86,317.41,Won,2026-09-26 11:53:58
112,862,68.26,3762.71,Won,2026-09-27 07:36:45
113,661,6.03,652.95,Won,2026-09-24 00:20:57
114,819,69.55,523.71,Cancelled,2026-09-21 20:37:33
115,690,89.8,1231.54,Pending,2026-09-23 13:46:13
116,959,92.02,3967.9,Won,2026-09-26 06:21:53
117,965,50.51,620.73,Cancelled,2026-09-27 21:18:37
118,760,15.94,429.79,Won,2026-09-21 08:58:39
119,1000,98.73,4738.97,Won,2026-09-26 09:26:11
120,628,38.86,23253.73,Won,2026-09-27 02:06:38
121,474,26.86,1398.84,Lost,2026-09-23 20:20:52
122,346,74.35,411.9,Pending,2026-09-20 17:18:37
123,92,74.99,60727.63,Won,2026-09-22 03:28:35
124,630,85.77,4904.96,Pending,2026-09-27 05:27:48
125,698,22.83,186.7,Cancelled,2026-09-27 11:35:10
126,864,12.31,374.08,Won,2026-09-21 16:13:56
127,907,90.02,29248.48,Won,2026-09-19 12:46:40
128,321,46.92,616.25,Lost,2026-09-20 14:23:14
129,604,82.83,352.03,Won,2026-09-20 09:12:31
130,246,34.26,432.18,Cancelled,2026-09-23 06:20:19
131,855,45.47,4316.05,Pending,2026-09-22 03:46:08
132,617,70.13,10396.49,Won,2026-09-26 21:54:45
133,10,46.38,302.86,Won,2026-09-28 01:33:50
134,350,26.0,90.52,Pending,2026-09-25 12:23:35
135,776,37.51,683.27,Pending,2026-09-18 13:13:03
136,216,96.78,24129.25,Won,2026-09-22 03:40:02
137,864,21.88,123.62,Won,2026-09-22 21:41:28
138,658,43.73,1755.94,Pending,2026-09-28 03:17:48
139,292,84.51,1557.72,Pending,2026-09-26 19:16:46
140,657,72.54,2137.65,Lost,2026-09-28 07:04:07
141,372,76.45,6514.22,Pending,2026-09-28 09:14:33
142,327,92.04,983.43,Lost,2026-09-24 20:00:57
143,201,38.3,114.52,Lost,2026-09-20 09:53:38
144,187,53.37,227.89,Lost,2026-09-24 10:01:29
145,558,93.18,336.38,Won,2026-09-24 18:10:27
146,638,45.25,8150.01,Pending,2026-09-27 21:21:07
147,893,69.45,1424.04,Pending,2026-09-27 21:18:47
148,513,54.47,224.96,Won,2026-09-26 14:32:47
149,502,60.36,523.63,Won,2026-09-25 18:01:30
150,871,29.68,70.34,Pending,2026-09-28 09:37:58
151,694,90.06,2825.12,Lost,2026-09-23 10:17:36
152,720,69.65,17889.11,Won,2026-09-27 17:42:24
153,855,29.71,1705.48,Pending,2026-09-24 08:14:20
154,638,66.3,23671.77,Won,2026-09-20 04:52:00
155,349,64.59,29747.25,Won,2026-09-20 11:15:57
156,547,80.16,10288.04,Cancelled,2026-09-24 08:15:01
157,598,5.99,43.67,Pending,2026-09-22 12:07:52
158,989,37.61,5514.04,Won,2026-09-21 05:53:27
159,846,91.9,761.85,Won,2026-09-18 10:09:06
160,317,11.45,60.34,Lost,2026-09-27 05:22:48
161,503,81.85,221.81,Pending,2026-09-20 08:56:56
162,961,25.91,607.82,Won,2026-09-23 04:58:37
163,151,63.92,12902.34,Pending,2026-09-26 03:21:59
164,264,98.94,5866.84,Pending,2026-09-26 20:50:27
165,175,90.3,1830.31,Won,2026-09-27 13:50:30
166,142,59.07,1354.17,Pending,2026-09-27 23:53:23
167,939,63.6,4293.9,Lost,2026-09-26 07:05:33
168,120,17.28,658.14,Won,2026-09-20 06:44:46
169,544,81.78,1866.01,Won,2026-09-25 10:21:43
170,459,2.12,951.21,Lost,2026-09-19 04:24:35
171,481,7.7,2264.34,Pending,2026-09-20 17:42:24
172,841,81.42,17664.48,Pending,2026-09-22 14:17:57
173,669,94.53,1799.32,Won,2026-09-26 21:54:27
174,656,40.14,1804.83,Won,2026-09-24 06:56:21
175,54,87.22,50807.37,Pending,2026-09-28 00:22:44
176,678,46.79,386.95,Lost,2026-09-24 13:44:42
177,316,68.98,2251.54,Lost,2026-09-21 08:43:08
178,257,65.03,28742.74,Won,2026-09-24 09:26:56
179,448,91.22,8977.1,Lost,2026-09-28 07:39:43
180,812,64.54,2160.93,Won,2026-09-22 16:53:44
181,455,2.75,208.56,Lost,2026-09-19 01:44:39
182,831,44.26,184.12,Won,2026-09-26 07:07:42
183,997,70.04,1437.83,Lost,2026-09-18 11:58:30
184,140,77.65,367.28,Lost,2026-09-22 00:55:28
185,476,71.03,133.54,Lost,2026-09-18 11:53:43
186,261,72.68,5338.12,Pending,2026-09-26 10:55:43
187,444,65.72,4176.55,Won,2026-09-25 00:29:25
188,46,21.51,48.18,Won,2026-09-28 08:50:02
189,942,82.38,11105.05,Lost,2026-09-19 09:07:56
190,188,63.21,339.82,Lost,2026-09-20 00:17:43
191,47,3.82,2154.24,Pending,2026-09-27 04:55:27
192,588,85.02,6178.21,Pending,2026-09-27 02:45:44
193,96,10.64,2480.64,Lost,2026-09-26 23:32:58
194,784,66.16,872.89,Lost,2026-09-23 07:28:41
195,304,28.24,160.39,Pending,2026-09-23 16:54:08
196,379,71.86,148.03,Won,2026-09-18 10:33:25
197,79,40.26,3385.6,Won,2026-09-20 05:59:51
198,450,32.6,220.05,Cancelled,2026-09-27 02:33:08
199,20,78.18,3658.77,Won,2026-09-19 04:20:11
200,931,3.81,2019.37,Won,2026-09-23 19:57:24
201,458,88.08,29295.91,Pending,2026-09-26 14:41:18
202,520,20.36,19224.0,Pending,2026-09-18 23:27:26
203,114,9.91,181.25,Lost,2026-09-24 10:25:25
204,987,89.29,32576.59,Lost,2026-09-19 22:46:52
205,505,49.23,294.09,Won,2026-09-27 16:24:54
206,118,55.33,9931.8,Pending,2026-09-26 02:14:27
207,119,68.57,3834.3,Won,2026-09-25 23:04:22
208,636,68.1,20411.86,Won,2026-09-24 18:48:20
209,601,57.75,228.11,Won,2026-09-24 12:39:03
210,102,75.79,4542.6,Pending,2026-09-25 11:27:30
211,947,2.18,27.94,Cancelled,2026-09-22 04:10:50
212,400,59.49,72748.01,Pending,2026-09-23 09:56:59
213,605,55.93,8949.61,Pending,2026-09-19 16:59:16
214,417,40.25,3765.14,Lost,2026-09-20 12:04:18
215,848,89.64,4993.7,Pending,2026-09-24 23:30:01
216,507,49.67,330.31,Pending,2026-09-25 00:37:58
217,727,57.86,2582.0,Won,2026-09-19 14:35:08
218,844,81.3,196.75,Won,2026-09-20 19:49:45
219,193,59.98,484.04,Won,2026-09-28 07:44:02
220,697,76.17,602.5,Won,2026-09-20 16:08:23
221,981,3.29,58.9,Lost,2026-09-22 04:37:06
222,323,20.63,4839.95,Lost,2026-09-20 11:20:25
223,16,48.08,476.21,Won,2026-09-21 19:50:42
224,625,62.9,78.0,Won,2026-09-22 01:03:00
225,744,23.14,79.83,Pending,2026-09-23 21:55:43
226,328,18.73,162.23,Won,2026-09-27 19:16:56
227,920,35.1,554.3,Pending,2026-09-26 06:37:51
228,816,56.82,19528.92,Won,2026-09-25 20:31:16
229,194,2.03,2287.7,Won,2026-09-21 16:34:05
230,512,99.38,762.24,Won,2026-09-26 08:42:51
231,572,73.66,532.89,Won,2026-09-23 20:54:57
232,320,95.81,385.7,Lost,2026-09-23 12:33:49
233,878,99.53,1378.53,Lost,2026-09-23 18:19:31
234,109,45.25,1265.57,Won,2026-09-19 02:06:09
235,619,56.93,291.48,Won,2026-09-25 06:34:46
236,98,61.92,484.21,Pending,2026-09-23 03:37:45
237,49,64.31,2111.79,Won,2026-09-28 08:02:42
238,730,14.48,16.8,Pending,2026-09-26 12:30:14
239,257,74.94,298.26,Pending,2026-09-21 14:46:18
240,546,81.28,586.03,Pending,2026-09-22 19:15:55
241,746,74.19,2509.17,Lost,2026-09-25 21:31:03
242,491,5.63,802.11,Won,2026-09-25 10:09:05
243,863,43.61,91.14,Pending,2026-09-27 05:29:05
244,217,9.08,55.32,Pending,2026-09-27 02:27:21
245,486,12.22,3577.43,Pending,2026-09-22 12:53:25
246,275,54.27,198.09,Lost,2026-09-22 14:45:28
247,150,17.23,2485.81,Pending,2026-09-24 06:25:57
248,318,92.14,111173.48,Won,2026-09-22 11:22:34
249,873,26.74,19560.28,Won,2026-09-20 04:50:29
250,187,92.39,386.19,Lost,2026-09-25 21:14:28
251,434,40.32,19213.54,Pending,2026-09-25 07:15:20
252,428,61.5,279.82,Cancelled,2026-09-27 23:59:27
253,174,64.59,6875.28,Won,2026-09-18 16:33:47
254,836,50.81,259.13,Won,2026-09-22 05:51:49
255,425,51.9,52628.17,Won,2026-09-19 15:03:13
256,654,37.62,5495.92,Won,2026-09-28 07:19:07
257,888,53.25,751.34,Won,2026-09-26 06:19:31
258,482,20.64,38.6,Pending,2026-09-21 07:31:25
259,180,22.63,1586.71,Pending,2026-09-24 08:15:17
260,552,86.08,47995.39,Pending,2026-09-25 01:30:30
261,655,55.31,9303.81,Won,2026-09-24 03:25:44
262,77,29.45,103.37,Won,2026-09-25 00:44:23
263,130,78.22,305.84,Lost,2026-09-27 15:20:40
264,814,19.95,113.91,Lost,2026-09-25 02:12:12
265,150,27.42,38686.06,Pending,2026-09-27 10:46:43
266,887,48.55,1771.03,Pending,2026-09-22 10:23:23
267,604,74.66,10017.55,Lost,2026-09-24 08:28:44
268,88,56.03,3917.69,Lost,2026-09-27 13:27:59
269,224,89.75,3798.16,Pending,2026-09-18 20:26:44
270,778,92.19,109.71,Won,2026-09-25 03:36:52
271,274,50.84,2209.9,Won,2026-09-24 04:13:40
272,381,86.54,42681.62,Cancelled,2026-09-21 10:53:27
273,576,87.96,210.22,Won,2026-09-25 04:36:59
274,130,18.0,50.4,Lost,2026-09-26 12:52:12
275,953,28.52,103.53,Won,2026-09-19 11:50:32
276,64,75.29,9295.73,Pending,2026-09-22 18:51:55
277,27,58.31,28373.62,Pending,2026-09-23 16:16:01
278,516,41.3,7488.05,Lost,2026-09-22 11:50:11
279,987,76.92,146.92,Lost,2026-09-20 04:45:02
280,8,39.97,970.36,Lost,2026-09-26 18:08:21
281,21,48.61,272.7,Won,2026-09-23 09:30:23
282,884,73.66,260.02,Won,2026-09-26 07:32:41
283,540,88.17,609.25,Won,2026-09-22 11:20:55
284,819,19.6,107.04,Pending,2026-09-27 13:27:29
285,423,77.36,10546.77,Pending,2026-09-27 16:13:23
286,937,72.92,522.11,Lost,2026-09-25 19:52:19
287,178,60.35,112.85,Lost,2026-09-28 02:56:51
288,986,37.77,4448.46,Lost,2026-09-27 04:56:00
289,548,37.44,69.26,Pending,2026-09-23 13:25:13
290,77,74.1,423.11,Cancelled,2026-09-20 12:54:09
291,517,49.61,175.12,Lost,2026-09-21 13:49:05
292,23,38.42,2019.77,Won,2026-09-22 22:35:46
293,277,45.55,60.13,Won,2026-09-23 05:36:05
294,769,95.92,2831.24,Pending,2026-09-18 23:42:04
295,151,71.11,15204.26,Won,2026-09-18 16:27:47
296,169,75.44,1667.96,Won,2026-09-26 03:57:23
297,52,58.64,7902.96,Lost,2026-09-20 18:35:08
298,65,22.39,1928.55,Won,2026-09-22 18:46:29
299,2,90.32,1752.57,Lost,2026-09-19 09:57:13
300,10,55.11,6321.6,Pending,2026-09-21 23:23:17
301,507,76.37,340.61,Pending,2026-09-20 22:05:26
302,822,17.43,490.8,Won,2026-09-23 01:54:18
303,426,45.71,7524.54,Lost,2026-09-22 01:17:48
304,638,89.48,12645.83,Pending,2026-09-27 12:55:57
305,743,40.67,780.4,Won,2026-09-24 20:03:39
306,915,67.21,44118.83,Won,2026-09-24 20:31:00
307,850,76.23,993.89,Won,2026-09-23 05:52:35
308,626,8.16,2386.14,Pending,2026-09-24 01:35:10
309,704,68.04,229.29,Pending,2026-09-19 17:18:57
310,213,94.86,4258.79,Lost,2026-09-22 02:24:57
311,492,61.56,797.3,Cancelled,2026-09-24 13:39:08
312,345,21.0,114.24,Lost,2026-09-18 14:45:41
313,614,52.82,101.94,Cancelled,2026-09-27 11:15:38
314,567,17.41,2291.06,Lost,2026-09-26 16:35:19
315,314,53.7,914.09,Pending,2026-09-22 11:48:06
316,767,60.14,12056.51,Won,2026-09-26 03:29:41
317,599,16.85,2279.5,Lost,2026-09-27 22:17:27
318,539,23.98,343.33,Lost,2026-09-21 00:52:47
319,913,88.78,3270.62,Won,2026-09-24 02:44:15
320,289,34.06,13865.01,Won,2026-09-25 14:51:17
321,560,39.87,2114.65,Lost,2026-09-20 00:54:01
322,788,53.16,1108.45,Pending,2026-09-20 09:18:41
323,228,34.35,359.13,Lost,2026-09-26 16:31:21
324,670,79.47,11652.13,Lost,2026-09-23 08:33:59
325,333,98.1,16484.48,Won,2026-09-20 15:18:52
326,167,58.07,644.69,Pending,2026-09-24 06:09:54
327,659,20.59,150.92,Lost,2026-09-22 22:29:09
328,278,31.26,19039.14,Lost,2026-09-26 18:50:17
329,848,36.82,414.11,Pending,2026-09-23 09:23:14
330,347,50.17,2111.66,Pending,2026-09-23 20:02:20
331,673,34.68,2821.67,Lost,2026-09-27 22:23:36
332,42,34.19,633.15,Pending,2026-09-19 03:19:11
333,222,41.1,1863.83,Pending,2026-09-19 19:26:01
334,463,29.49,1153.49,Pending,2026-09-26 22:45:35
335,38,20.84,5502.6,Lost,2026-09-20 14:00:43
336,968,34.22,10121.12,Pending,2026-09-23 22:38:28
337,43,52.65,10804.02,Pending,2026-09-21 21:49:59
338,927,74.56,38412.85,Won,2026-09-25 08:34:02
339,453,4.59,5489.44,Lost,2026-09-23 04:03:34
340,963,61.57,488.87,Pending,2026-09-24 08:45:08
341,229,72.0,69637.52,Won,2026-09-19 14:57:25
342,474,63.37,71335.41,Won,2026-09-28 01:47:44
343,597,41.95,8341.96,Lost,2026-09-24 22:51:30
344,286,24.07,853.57,Cancelled,2026-09-27 16:07:09
345,804,29.19,177.77,Won,2026-09-27 01:10:53
346,589,88.56,1100.37,Won,2026-09-23 06:05:09
347,266,71.44,3138.3,Pending,2026-09-19 16:17:59
348,491,33.54,61.38,Lost,2026-09-23 16:35:43
349,631,99.3,6706.69,Won,2026-09-18 20:34:50
350,851,68.13,1222.86,Cancelled,2026-09-22 23:11:12
351,582,12.27,478.0,Lost,2026-09-23 05:37:09
352,899,2.23,115.87,Lost,2026-09-24 07:49:29
353,112,72.48,8029.52,Pending,2026-09-27 16:07:42
354,849,99.91,374.56,Won,2026-09-28 07:28:07
355,491,15.59,62.2,Pending,2026-09-20 03:59:15
356,692,9.82,2662.84,Lost,2026-09-20 03:16:18
357,595,94.41,3325.82,Pending,2026-09-24 02:58:05
358,793,6.86,329.15,Pending,2026-09-21 03:41:55
359,211,7.47,552.24,Pending,2026-09-23 04:01:41
360,719,88.92,83474.69,Won,2026-09-24 22:22:07
361,973,75.89,5025.64,Pending,2026-09-21 14:15:24
362,881,78.24,161.96,Cancelled,2026-09-23 04:28:27
363,657,75.2,8668.43,Lost,2026-09-22 06:25:20
364,769,10.52,3498.57,Lost,2026-09-28 07:48:18
365,648,33.42,79.87,Won,2026-09-21 20:43:57
366,155,46.41,9251.04,Won,2026-09-27 13:32:44
367,721,44.28,904.94,Lost,2026-09-24 12:48:37
368,27,53.37,65641.71,Lost,2026-09-23 04:48:08
369,289,20.37,3221.5,Pending,2026-09-21 11:13:51
370,387,15.83,57.46,Lost,2026-09-24 09:34:09
371,104,69.52,743.11,Lost,2026-09-28 05:51:31
372,148,62.75,16447.41,Lost,2026-09-27 21:12:50
373,803,62.05,65834.5,Won,2026-09-19 04:26:08
374,238,70.45,3032.04,Pending,2026-09-24 03:13:13
375,724,71.13,867.25,Lost,2026-09-20 22:44:53
376,832,30.82,874.5,Won,2026-09-25 15:39:02
377,926,42.12,485.31,Won,2026-09-19 23:38:02
378,794,91.11,22331.01,Lost,2026-09-21 18:09:35
379,645,98.12,29739.87,Pending,2026-09-24 02:04:39
380,547,2.43,34.09,Won,2026-09-27 01:49:27
381,835,26.2,1220.11,Lost,2026-09-27 02:04:25
382,179,68.58,2113.8,Pending,2026-09-26 21:33:17
383,153,54.28,98.79,Pending,2026-09-26 18:18:37
384,816,4.37,683.09,Won,2026-09-18 22:01:14
385,224,81.79,28385.54,Lost,2026-09-26 20:27:32
386,74,52.43,403.71,Pending,2026-09-22 14:25:51
387,995,76.1,21274.93,Lost,2026-09-23 08:17:20
388,87,82.0,1712.29,Lost,2026-09-23 18:05:47
389,99,51.5,1340.57,Cancelled,2026-09-27 06:45:19
390,814,94.63,1419.89,Pending,2026-09-25 06:36:10
391,741,20.48,552.5,Lost,2026-09-26 19:49:58
392,82,11.58,376.73,Won,2026-09-28 07:28:08
393,898,39.86,697.73,Cancelled,2026-09-25 14:28:26
394,159,27.32,1584.22,Won,2026-09-19 18:19:59
395,809,25.74,9005.66,Won,2026-09-19 08:56:27
396,762,88.76,161.54,Won,2026-09-26 15:48:50
397,273,90.27,9787.99,Won,2026-09-25 01:19:34
398,457,72.71,1576.03,Won,2026-09-18 23:21:05
399,568,56.88,27926.02,Won,2026-09-26 11:31:57
400,433,90.25,734.64,Lost,2026-09-21 23:32:13
401,154,32.05,1781.79,Pending,2026-09-23 02:34:58
402,543,77.05,6768.23,Cancelled,2026-09-24 12:37:52
403,100,60.41,10410.25,Lost,2026-09-25 10:34:20
404,595,82.04,824.73,Won,2026-09-25 17:49:44
405,336,95.17,134.19,Cancelled,2026-09-28 03:30:39
406,151,28.02,12848.52,Won,2026-09-26 06:03:09
407,710,14.54,65.58,Lost,2026-09-26 09:03:20
408,903,5.05,8.76,Lost,2026-09-21 02:45:43
409,270,82.44,366.86,Won,2026-09-20 08:08:48
410,932,49.23,21898.49,Lost,2026-09-24 17:09:02
411,950,38.0,4499.43,Pending,2026-09-20 03:42:53
412,207,50.71,337.22,Lost,2026-09-22 14:06:05
413,811,55.55,211.09,Won,2026-09-22 16:20:17
414,108,16.44,833.21,Pending,2026-09-19 06:53:04
415,429,91.45,860.25,Lost,2026-09-24 00:05:01
416,486,91.33,62364.02,Pending,2026-09-22 11:33:35
417,624,44.07,12181.62,Pending,2026-09-27 04:15:49
418,441,49.74,351.16,Pending,2026-09-19 21:21:30
419,92,79.2,350.06,Pending,2026-09-19 22:36:27
420,333,30.38,4405.41,Won,2026-09-27 10:59:34
421,817,19.81,158.79,Lost,2026-09-26 18:25:21
422,208,61.72,873.36,Won,2026-09-20 02:22:59
423,554,18.07,6606.06,Cancelled,2026-09-24 22:39:12
424,32,48.14,32014.34,Lost,2026-09-26 13:06:32
425,501,93.57,2659.75,Pending,2026-09-27 14:10:21
426,1000,49.79,1079.32,Pending,2026-09-27 04:48:51
427,779,42.38,1914.56,Pending,2026-09-26 03:51:56
428,40,77.26,26924.57,Won,2026-09-24 09:02:40
429,919,70.91,212.02,Won,2026-09-18 18:24:51
430,152,23.1,187.57,Won,2026-09-27 04:16:10
431,977,39.53,321.39,Pending,2026-09-21 15:32:24
432,521,61.12,449.69,Lost,2026-09-23 23:52:57
433,444,23.71,2841.34,Pending,2026-09-19 21:57:35
434,323,94.11,352.91,Lost,2026-09-25 05:04:27
435,281,20.41,592.93,Lost,2026-09-18 18:52:07
436,105,21.52,3709.71,Lost,2026-09-23 23:31:47
437,678,91.94,84933.42,Pending,2026-09-21 05:51:57
438,506,26.09,174.02,Pending,2026-09-23 13:00:50
439,949,7.88,149.65,Won,2026-09-19 11:54:47
440,623,37.86,735.95,Lost,2026-09-20 13:23:04
441,438,73.63,2207.52,Lost,2026-09-22 07:32:15
442,288,19.34,823.47,Won,2026-09-24 16:48:17
443,600,30.31,4976.88,Lost,2026-09-21 10:44:00
444,491,80.73,603.05,Pending,2026-09-27 21:29:15
445,236,25.14,1206.74,Pending,2026-09-23 03:07:16
446,352,36.82,13231.96,Lost,2026-09-19 18:07:16
447,552,42.93,5274.19,Won,2026-09-28 04:30:36
448,664,70.85,1112.17,Pending,2026-09-19 12:56:12
449,545,47.75,90.25,Pending,2026-09-24 10:28:36
450,413,31.49,6911.35,Won,2026-09-20 08:09:13
451,296,82.03,9363.64,Won,2026-09-25 15:13:13
452,232,63.96,208.51,Won,2026-09-25 10:58:31
453,73,66.85,153630.75,Pending,2026-09-22 10:39:08
454,924,44.81,814.03,Pending,2026-09-20 15:34:39
455,291,93.27,2118.2,Pending,2026-09-28 06:17:20
456,179,22.36,4864.36,Pending,2026-09-24 06:21:00
457,430,64.94,392.58,Pending,2026-09-25 16:44:08
458,172,44.51,3086.09,Won,2026-09-22 09:37:20
459,703,99.07,3755.25,Lost,2026-09-19 19:42:34
460,337,87.71,474.51,Lost,2026-09-22 05:42:05
461,562,30.75,102.7,Lost,2026-09-21 05:32:06
462,766,95.25,1468.05,Won,2026-09-18 12:56:21
463,325,48.94,1948.6,Won,2026-09-20 12:30:55
464,973,39.8,402.52,Pending,2026-09-23 01:24:40
465,232,97.14,13031.51,Lost,2026-09-22 21:33:42
466,715,27.97,76.36,Lost,2026-09-27 15:51:55
467,583,78.82,1526.74,Won,2026-09-27 19:52:12
468,747,55.02,4371.22,Pending,2026-09-23 12:27:45
469,749,17.85,82.47,Pending,2026-09-18 17:50:04
470,372,46.64,270.98,Pending,2026-09-23 14:58:29
471,329,94.02,720.19,Lost,2026-09-26 02:46:37
472,819,65.2,8411.96,Won,2026-09-24 20:04:20
473,763,31.71,105.91,Won,2026-09-25 13:40:02
474,334,92.9,768.28,Pending,2026-09-18 21:33:26
475,157,99.69,700.82,Pending,2026-09-27 03:56:41
476,85,33.21,161.53,Won,2026-09-22 15:08:48
477,680,73.96,1389.74,Pending,2026-09-20 14:36:36
478,691,65.41,5520.44,Pending,2026-09-22 06:39:23
479,503,36.9,198.15,Pending,2026-09-26 12:47:38
480,636,63.44,14727.43,Pending,2026-09-23 01:37:54
481,645,93.21,2085.84,Won,2026-09-23 16:02:08
482,309,48.64,10416.69,Lost,2026-09-20 10:00:52
483,779,82.56,235.3,Pending,2026-09-18 10:38:30
484,777,15.68,1340.34,Pending,2026-09-24 21:45:15
485,120,23.68,6827.07,Lost,2026-09-25 14:06:26
486,415,51.08,57113.77,Won,2026-09-25 13:40:56
487,956,98.4,1042.83,Pending,2026-09-25 06:21:12
488,827,21.29,16868.19,Won,2026-09-25 19:28:12
489,381,74.53,9514.61,Cancelled,2026-09-26 05:37:56
490,85,81.64,178316.59,Won,2026-09-20 19:51:52
491,744,17.87,2047.95,Won,2026-09-27 06:45:04
492,437,43.06,6316.84,Cancelled,2026-09-20 15:49:21
493,876,51.66,53152.82,Lost,2026-09-26 13:30:07
494,247,10.51,5715.8,Lost,2026-09-25 13:44:49
495,130,80.71,21341.36,Won,2026-09-22 11:01:44
496,679,33.8,81.46,Pending,2026-09-24 00:15:49
497,376,34.93,933.64,Lost,2026-09-19 11:51:46
498,773,38.59,83.35,Pending,2026-09-26 00:55:01
499,777,4.16,978.56,Lost,2026-09-22 18:07:17
500,20,29.17,98.01,Won,2026-09-18 17:09:48
501,219,53.5,4688.8,Won,2026-09-22 16:09:35
502,777,23.73,161.06,Pending,2026-09-25 23:40:30
503,362,67.31,50860.83,Won,2026-09-27 19:03:42
504,724,51.62,500.21,Lost,2026-09-24 23:32:54
505,392,15.43,3227.13,Lost,2026-09-19 22:43:36
506,514,95.41,8904.36,Pending,2026-09-25 04:37:49
507,427,16.43,2228.14,Lost,2026-09-25 07:23:31
508,363,6.04,3677.61,Lost,2026-09-25 00:36:37
509,310,34.14,2227.42,Lost,2026-09-26 03:10:08
510,46,20.39,920.74,Lost,2026-09-24 05:57:16
511,595,69.4,14021.02,Won,2026-09-27 21:00:17
512,417,17.41,1284.92,Pending,2026-09-25 17:39:03
513,569,10.87,466.05,Cancelled,2026-09-21 10:52:22
514,977,92.32,2286.95,Lost,2026-09-26 07:13:39
515,883,55.71,2538.05,Cancelled,2026-09-25 21:51:16
516,460,48.01,4490.0,Pending,2026-09-27 18:10:27
517,453,44.47,353.09,Won,2026-09-26 15:36:18
518,380,57.05,15438.78,Cancelled,2026-09-20 17:01:30
519,487,38.13,2283.9,Won,2026-09-28 03:09:01
520,944,52.32,488.77,Lost,2026-09-19 20:57:10
521,126,86.1,87459.93,Won,2026-09-22 07:44:10
522,215,36.03,222.67,Won,2026-09-22 06:00:19
523,2,73.86,3472.12,Won,2026-09-26 18:50:20
524,297,89.96,29863.06,Won,2026-09-20 09:42:08
525,457,83.99,645.04,Pending,2026-09-26 04:46:17
526,377,40.42,538.01,Pending,2026-09-24 11:16:43
527,305,55.04,1585.04,Pending,2026-09-25 17:30:49
528,534,79.84,5101.47,Pending,2026-09-24 18:28:31
529,136,45.5,319.41,Pending,2026-09-21 16:16:04
530,704,91.35,35830.69,Lost,2026-09-20 22:37:22
531,231,20.34,24.41,Pending,2026-09-26 10:13:11
532,729,64.44,1046.3,Pending,2026-09-27 20:11:14
533,904,82.93,101085.76,Pending,2026-09-20 20:32:02
534,396,80.77,1936.15,Cancelled,2026-09-24 07:16:24
535,106,92.29,23214.3,Lost,2026-09-25 00:25:24
536,1,82.17,1314.25,Lost,2026-09-19 12:30:26
537,930,46.25,82145.42,Pending,2026-09-24 11:48:50
538,461,16.13,137.39,Won,2026-09-21 20:18:27
539,467,92.95,3440.23,Won,2026-09-21 20:34:29
540,830,75.93,22174.34,Won,2026-09-18 17:14:33
541,212,14.14,1771.36,Won,2026-09-20 22:41:36
542,980,89.34,1813.92,Pending,2026-09-22 04:14:22
543,488,64.18,1027.84,Won,2026-09-26 07:13:16
544,450,13.3,2177.81,Won,2026-09-20 20:01:00
545,606,36.56,1659.92,Won,2026-09-25 03:16:28
546,173,96.92,2537.9,Won,2026-09-22 21:32:56
547,444,70.53,47948.51,Won,2026-09-23 01:18:05
548,40,47.01,368.09,Lost,2026-09-22 05:19:23
549,81,29.24,354.18,Pending,2026-09-27 03:59:28
550,581,40.33,5638.54,Won,2026-09-26 11:22:45
551,378,96.54,11593.03,Pending,2026-09-21 16:13:38
552,75,52.36,21296.89,Pending,2026-09-21 16:54:44
553,850,38.39,1866.3,Lost,2026-09-25 07:14:38
554,182,59.62,15042.25,Pending,2026-09-20 22:29:57
555,337,39.43,225.15,Won,2026-09-21 07:12:01
556,366,91.54,227253.59,Won,2026-09-26 08:22:06
557,263,32.52,250.4,Lost,2026-09-23 01:49:37
558,113,63.29,3701.92,Pending,2026-09-27 00:43:35
559,522,79.0,2623.87,Won,2026-09-21 05:37:02
560,178,89.57,15090.22,Pending,2026-09-26 05:03:24
561,524,23.17,52.83,Won,2026-09-20 10:52:50
562,483,97.54,402.84,Won,2026-09-26 00:00:25
563,296,38.62,1095.46,Lost,2026-09-27 09:13:15
564,15,91.76,11257.32,Pending,2026-09-23 03:07:22
565,426,91.05,25806.71,Lost,2026-09-25 04:12:21
566,921,52.98,11485.09,Won,2026-09-21 17:38:45
567,842,67.22,2290.05,Lost,2026-09-24 02:28:37
568,579,25.62,21501.45,Lost,2026-09-20 00:04:27
569,602,79.55,979.1,Won,2026-09-18 17:40:25
570,312,14.97,41.02,Cancelled,2026-09-27 06:28:29
571,283,16.44,1106.94,Lost,2026-09-21 07:18:28
572,763,57.64,1127.35,Won,2026-09-21 17:25:46
573,254,11.72,239.89,Won,2026-09-18 11:22:35
574,525,29.66,2666.79,Lost,2026-09-23 07:40:11
575,69,35.33,172.41,Pending,2026-09-18 17:38:58
576,739,67.11,148.98,Won,2026-09-24 17:34:57
577,108,9.26,4297.52,Lost,2026-09-19 03:17:38
578,69,8.1,1268.02,Pending,2026-09-22 00:18:13
579,803,94.71,1164.82,Lost,2026-09-18 23:33:37
580,742,72.57,26749.2,Lost,2026-09-25 13:36:44
581,654,76.61,24041.77,Won,2026-09-21 03:57:27
582,727,77.71,450.72,Lost,2026-09-25 14:55:32
583,752,39.27,4692.53,Won,2026-09-21 05:47:19
584,205,86.89,14677.63,Lost,2026-09-20 09:14:48
585,641,37.61,1127.03,Won,2026-09-18 10:15:54
586,258,59.5,2493.64,Won,2026-09-24 06:19:39
587,758,70.77,317.05,Won,2026-09-25 17:51:34
588,979,51.19,476.79,Pending,2026-09-22 06:23:00
589,230,30.29,200.52,Lost,2026-09-22 22:21:20
590,951,23.64,138.29,Won,2026-09-27 21:24:48
591,436,41.34,6679.62,Lost,2026-09-22 01:44:03
592,279,20.46,1308.44,Pending,2026-09-24 22:17:11
593,197,7.49,4482.9,Lost,2026-09-26 15:14:22
594,286,13.31,2089.27,Pending,2026-09-21 11:06:16
595,185,66.24,60077.24,Pending,2026-09-23 22:47:28
596,737,42.57,191.56,Pending,2026-09-27 12:13:29
597,444,4.8,1558.34,Pending,2026-09-21 07:23:13
598,176,68.51,1396.26,Won,2026-09-27 05:25:07
599,905,8.77,2685.66,Pending,2026-09-23 07:50:58
600,587,97.31,426.22,Won,2026-09-27 03:28:41
601,207,42.42,22267.92,Lost,2026-09-26 17:25:34
602,700,35.69,1314.23,Lost,2026-09-25 02:20:03
603,76,44.45,284.04,Pending,2026-09-22 07:58:15
604,896,14.35,8058.64,Won,2026-09-19 09:54:48
605,524,29.86,2792.73,Won,2026-09-27 02:10:53
606,287,90.63,102596.47,Lost,2026-09-22 10:18:35
607,596,40.27,753.45,Lost,2026-09-26 03:57:40
608,436,75.06,781.36,Won,2026-09-26 18:07:53
609,80,7.99,88.79,Won,2026-09-28 01:29:26
610,467,75.03,477.94,Lost,2026-09-23 13:58:27
611,435,56.96,8038.41,Won,2026-09-26 20:43:36
612,94,64.82,5981.07,Pending,2026-09-21 17:47:21
613,444,35.2,176.35,Cancelled,2026-09-24 01:33:44
614,624,41.02,279.76,Lost,2026-09-25 09:45:50
615,666,89.11,724.46,Lost,2026-09-22 12:34:28
616,65,89.95,417.37,Lost,2026-09-19 01:12:58
617,439,56.63,1194.54,Won,2026-09-18 13:53:26
618,327,8.68,40.8,Won,2026-09-26 11:51:59
619,430,56.88,408.31,Pending,2026-09-25 19:01:27
620,303,49.7,237.57,Pending,2026-09-23 12:21:58
621,288,82.07,5934.87,Pending,2026-09-20 04:04:58
622,782,86.76,860.49,Lost,2026-09-26 15:05:03
623,166,42.96,20022.38,Won,2026-09-24 05:46:40
624,268,23.35,57.44,Won,2026-09-26 15:21:56
625,227,86.1,3796.55,Pending,2026-09-22 16:41:31
626,153,87.16,1875.07,Pending,2026-09-22 20:17:59
627,575,36.8,3086.0,Lost,2026-09-25 08:03:00
628,135,44.69,332.49,Won,2026-09-18 14:23:28
629,546,68.98,918.31,Pending,2026-09-24 02:58:48
630,141,54.76,1901.35,Lost,2026-09-21 06:44:35
631,860,96.4,507.96,Won,2026-09-26 22:58:35
632,966,47.26,38906.1,Pending,2026-09-18 12:20:15
633,972,27.12,191.2,Lost,2026-09-24 02:50:15
634,600,79.46,250.3,Pending,2026-09-20 00:41:23
635,884,14.35,133.67,Pending,2026-09-20 10:24:41
636,101,62.88,2307.85,Pending,2026-09-22 17:36:47
637,888,86.69,3967.25,Won,2026-09-27 21:23:19
638,642,47.45,937.56,Won,2026-09-23 18:11:25
639,317,2.21,16.46,Pending,2026-09-22 19:36:46
640,614,82.2,1869.72,Pending,2026-09-20 04:09:49
641,426,25.89,52.04,Pending,2026-09-21 09:52:33
642,337,7.7,4412.21,Lost,2026-09-27 02:26:15
643,529,49.78,13986.31,Won,2026-09-24 18:21:47
644,990,55.24,200851.94,Pending,2026-09-23 05:20:44
645,187,53.11,1109.73,Pending,2026-09-26 01:26:21
646,554,67.03,6556.13,Lost,2026-09-23 00:13:14
647,160,30.75,204.38,Won,2026-09-19 16:53:03
648,245,19.85,328.01,Lost,2026-09-19 21:07:17
649,838,40.05,1379.01,Lost,2026-09-23 13:51:27
650,468,33.5,147.06,Pending,2026-09-21 11:55:55
651,148,23.63,19258.57,Won,2026-09-20 18:38:03
652,155,7.97,12903.8,Won,2026-09-26 12:24:15
653,214,79.2,414.22,Pending,2026-09-20 23:37:04
654,120,35.6,10226.76,Won,2026-09-26 02:43:40
655,938,74.07,2518.45,Won,2026-09-19 05:33:52
656,9,43.48,2739.35,Lost,2026-09-28 03:44:31
657,822,18.07,668.36,Won,2026-09-22 23:00:49
658,857,72.86,374.5,Won,2026-09-27 22:18:06
659,461,43.77,30139.93,Won,2026-09-27 06:03:26
660,498,33.99,838.38,Won,2026-09-28 02:50:43
661,781,76.4,616.55,Lost,2026-09-23 07:30:57
662,765,97.43,1211.23,Lost,2026-09-28 09:49:40
663,824,22.14,222.61,Pending,2026-09-27 03:36:43
664,854,2.25,72.12,Pending,2026-09-19 10:32:19
665,916,13.36,113.16,Won,2026-09-27 04:11:26
666,16,16.51,29.88,Won,2026-09-20 10:10:31
667,256,58.99,3917.42,Won,2026-09-22 15:44:56
668,938,12.03,28049.61,Won,2026-09-26 20:51:32
669,452,80.36,6996.77,Pending,2026-09-21 08:44:13
670,718,43.03,17240.2,Won,2026-09-22 05:55:30
671,836,73.99,1676.23,Won,2026-09-20 07:46:37
672,564,44.96,3292.05,Won,2026-09-24 16:01:05
673,219,13.11,11033.55,Pending,2026-09-21 16:41:44
674,783,82.63,341.26,Pending,2026-09-19 16:51:39
675,542,99.3,4743.12,Pending,2026-09-26 13:09:57
676,948,42.42,1941.27,Pending,2026-09-20 08:15:00
677,325,76.31,883.2,Cancelled,2026-09-25 17:49:47
678,995,47.97,146.31,Lost,2026-09-27 09:57:11
679,450,2.44,56.55,Won,2026-09-19 16:30:58
680,705,39.78,2021.46,Won,2026-09-20 00:53:56
681,526,11.95,3811.58,Pending,2026-09-20 21:42:07
682,341,88.78,4936.05,Lost,2026-09-23 05:00:44
683,8,10.58,5819.6,Pending,2026-09-18 17:07:09
684,497,14.16,4165.87,Pending,2026-09-26 05:51:24
685,765,83.36,25791.62,Won,2026-09-27 05:51:16
686,988,64.2,7005.43,Pending,2026-09-21 21:02:49
687,541,16.71,104.44,Lost,2026-09-21 21:53:42
688,753,99.33,6805.05,Pending,2026-09-22 05:20:57
689,707,19.23,200.58,Won,2026-09-24 15:01:59
690,256,63.97,1603.2,Cancelled,2026-09-24 20:18:18
691,119,42.52,1973.2,Won,2026-09-27 02:30:09
692,588,41.12,64.15,Won,2026-09-22 19:21:00
693,43,66.29,25102.55,Lost,2026-09-24 22:45:00
694,176,81.13,12794.41,Pending,2026-09-19 10:47:32
695,687,61.98,206.39,Lost,2026-09-25 21:28:54
696,69,73.27,19332.75,Won,2026-09-21 10:13:08
697,183,84.84,3071.78,Pending,2026-09-22 06:31:39
698,117,52.9,225.35,Pending,2026-09-20 18:46:31
699,524,88.88,2882.59,Lost,2026-09-22 06:14:14
700,672,67.68,622.78,Lost,2026-09-19 20:52:23
701,399,30.03,2075.96,Won,2026-09-23 05:35:22
702,867,45.67,11352.86,Won,2026-09-21 10:28:46
703,416,97.39,12691.05,Won,2026-09-21 22:49:37
704,792,61.44,355.74,Won,2026-09-20 13:28:07
705,989,52.17,310.59,Won,2026-09-19 03:22:20
706,449,28.89,73007.52,Won,2026-09-27 18:27:09
707,701,72.43,531.14,Pending,2026-09-24 14:03:16
708,343,69.9,5992.25,Won,2026-09-28 05:56:29
709,20,11.2,74.93,Won,2026-09-24 04:45:17
710,665,57.27,33920.78,Pending,2026-09-28 03:08:51
711,153,27.99,5704.55,Pending,2026-09-21 02:50:47
712,488,3.6,194.76,Pending,2026-09-27 19:12:34
713,449,91.07,2552.76,Lost,2026-09-28 02:38:57
714,854,96.47,4854.23,Won,2026-09-28 05:32:00
715,602,63.86,35423.93,Pending,2026-09-25 06:03:14
716,108,50.02,1181.02,Won,2026-09-19 11:58:11
717,489,64.85,11449.63,Pending,2026-09-22 06:36:13
718,715,61.68,156010.62,Won,2026-09-20 10:28:11
719,829,16.87,123.66,Won,2026-09-23 21:13:59
720,542,16.72,164.77,Won,2026-09-25 08:19:07
721,685,40.72,216.63,Pending,2026-09-24 06:17:28
722,126,44.54,8058.78,Won,2026-09-24 17:57:02
723,742,26.29,3875.16,Lost,2026-09-22 02:51:55
724,672,7.95,34.82,Won,2026-09-24 15:33:25
725,350,96.98,516.9,Won,2026-09-28 01:14:38
726,740,29.66,34546.46,Lost,2026-09-23 21:26:08
727,417,13.8,176.05,Lost,2026-09-27 03:43:14
728,149,46.72,1514.85,Won,2026-09-27 09:46:12
729,203,66.98,25709.58,Won,2026-09-23 04:05:13
730,133,50.11,370.75,Lost,2026-09-19 00:04:29
731,808,65.25,485.46,Won,2026-09-25 04:51:30
732,638,21.73,3280.31,Pending,2026-09-22 15:54:05
733,34,47.36,107.98,Pending,2026-09-24 02:10:03
734,181,33.45,267.6,Pending,2026-09-19 01:18:59
735,385,56.3,1772.9,Lost,2026-09-22 15:20:00
736,114,31.4,140.67,Lost,2026-09-18 23:13:18
737,941,40.25,474.37,Won,2026-09-21 17:26:33
738,887,47.82,6076.98,Lost,2026-09-27 09:45:37
739,261,88.84,175.9,Pending,2026-09-22 14:31:41
740,19,65.19,13292.73,Pending,2026-09-26 06:28:05
741,397,63.49,8714.48,Won,2026-09-19 18:45:36
742,671,88.15,4655.55,Won,2026-09-23 22:58:43
743,770,38.8,6183.85,Pending,2026-09-21 18:20:43
744,35,70.18,12417.48,Won,2026-09-24 09:38:34
745,459,7.74,1875.22,Lost,2026-09-27 10:14:34
746,350,24.27,3046.63,Lost,2026-09-23 04:21:52
747,317,67.65,17237.86,Won,2026-09-23 05:04:15
748,568,77.19,8423.6,Pending,2026-09-26 14:48:58
749,830,85.32,483.76,Won,2026-09-19 20:25:27
750,85,42.98,1372.57,Won,2026-09-24 05:26:04
751,92,16.74,51.73,Won,2026-09-27 10:56:19
752,652,40.73,27676.42,Pending,2026-09-18 14:19:12
753,476,84.8,195.04,Won,2026-09-24 13:15:30
754,289,76.32,384.65,Pending,2026-09-24 11:50:16
755,470,10.88,86.71,Pending,2026-09-18 12:13:29
756,940,6.46,211.77,Lost,2026-09-24 19:13:49
757,58,82.36,95984.31,Won,2026-09-18 17:43:40
758,147,8.82,27.61,Pending,2026-09-20 17:12:30
759,257,10.66,27.5,Won,2026-09-23 02:30:08
760,92,63.31,632.67,Lost,2026-09-26 20:29:58
761,113,82.89,64140.86,Won,2026-09-20 01:44:17
762,873,80.05,59821.93,Won,2026-09-27 16:17:36
763,608,36.9,2119.94,Lost,2026-09-21 01:31:21
764,530,7.34,1204.14,Pending,2026-09-20 20:02:58
765,45,64.99,339.9,Won,2026-09-20 06:37:18
766,96,37.36,14744.95,Won,2026-09-19 09:58:34
767,484,90.01,27206.53,Lost,2026-09-21 20:36:18
768,358,63.22,164774.43,Pending,2026-09-22 21:01:47
769,469,26.86,158.21,Won,2026-09-27 01:39:20
770,655,15.1,1717.22,Won,2026-09-22 09:08:32
771,607,17.87,534.06,Pending,2026-09-24 16:29:55
772,49,33.74,895.84,Lost,2026-09-22 04:25:39
773,570,43.82,21548.0,Pending,2026-09-27 19:25:24
774,565,10.74,748.16,Won,2026-09-19 08:53:52
775,814,12.33,14.3,Lost,2026-09-27 05:53:29
776,671,85.99,11798.84,Pending,2026-09-27 20:37:04
777,715,91.56,412.75,Pending,2026-09-18 23:14:28
778,765,56.29,1183.61,Won,2026-09-25 15:43:09
779,835,22.54,874.82,Won,2026-09-21 12:47:14
780,392,35.89,8350.06,Lost,2026-09-21 17:00:01
781,190,86.98,674.96,Lost,2026-09-19 20:16:08
782,120,59.98,265.11,Won,2026-09-22 00:06:21
783,291,52.64,112487.67,Won,2026-09-19 17:30:44
784,571,67.07,325.29,Won,2026-09-28 09:49:44
785,1000,15.55,227.79,Won,2026-09-21 10:54:54
786,905,66.2,102.61,Lost,2026-09-25 03:32:12
787,680,86.92,11650.47,Pending,2026-09-24 16:58:20
788,732,56.51,24736.79,Won,2026-09-21 00:49:28
789,826,29.51,51.35,Lost,2026-09-26 05:34:51
790,674,4.99,226.58,Pending,2026-09-21 21:35:32
791,538,79.68,3573.76,Pending,2026-09-24 19:59:52
792,386,39.37,12911.51,Cancelled,2026-09-25 21:08:37
793,647,58.4,35527.14,Pending,2026-09-22 09:22:47
794,255,9.45,135.9,Won,2026-09-19 02:05:53
795,598,60.49,451.86,Won,2026-09-24 16:56:54
796,470,37.81,8788.51,Pending,2026-09-23 15:07:02
797,162,3.64,15.72,Won,2026-09-26 06:32:55
798,84,71.1,3875.6,Lost,2026-09-22 00:59:20
799,265,52.41,278.3,Won,2026-09-21 05:40:46
800,728,91.09,464.56,Won,2026-09-24 14:21:05
801,426,69.1,89.14,Lost,2026-09-27 12:25:21
802,710,40.18,159.11,Pending,2026-09-24 02:30:46
803,497,43.6,157.83,Lost,2026-09-22 07:33:18
804,411,16.76,158.09,Lost,2026-09-21 02:00:39
805,874,71.02,291.18,Pending,2026-09-26 14:17:45
806,737,96.03,25749.23,Won,2026-09-23 10:49:51
807,401,52.58,1284.18,Pending,2026-09-18 13:55:43
808,300,90.18,5602.75,Won,2026-09-26 04:04:59
809,475,54.5,758.35,Lost,2026-09-19 08:07:44
810,165,43.62,242.45,Won,2026-09-22 18:48:05
811,249,87.48,532.86,Cancelled,2026-09-20 05:35:53
812,74,58.55,98.95,Won,2026-09-23 03:59:18
813,850,58.05,26572.58,Pending,2026-09-20 10:01:17
814,404,21.37,535.63,Won,2026-09-22 01:37:57
815,662,60.47,1246.01,Won,2026-09-26 11:46:34
816,19,39.83,15526.23,Lost,2026-09-21 07:44:20
817,964,49.73,11290.77,Won,2026-09-21 06:33:30
818,918,98.02,607.72,Cancelled,2026-09-27 15:19:27
819,695,64.54,10883.76,Lost,2026-09-22 08:46:09
820,347,58.8,20946.41,Won,2026-09-20 02:17:29
821,250,35.43,1741.58,Lost,2026-09-25 20:13:40
822,679,96.42,41337.65,Cancelled,2026-09-20 03:10:41
823,158,56.04,14857.41,Lost,2026-09-26 15:05:09
824,125,28.26,82.41,Cancelled,2026-09-20 17:18:38
825,260,48.76,513.75,Won,2026-09-27 18:17:20
826,829,59.43,26086.23,Won,2026-09-22 15:38:59
827,345,21.91,420.77,Lost,2026-09-26 03:22:47
828,431,49.26,7662.73,Won,2026-09-25 05:00:00
829,392,87.46,509.89,Pending,2026-09-24 17:10:08
830,684,54.47,85.52,Won,2026-09-21 17:35:17
831,607,50.13,711.73,Won,2026-09-25 19:24:17
832,137,64.43,336.97,Pending,2026-09-25 11:52:36
833,953,72.19,645.05,Won,2026-09-19 19:26:05
834,247,18.99,1285.48,Won,2026-09-20 03:06:17
835,157,76.05,3583.48,Won,2026-09-18 18:12:44
836,90,16.03,7907.67,Pending,2026-09-24 03:08:16
837,815,38.16,119.44,Won,2026-09-24 00:40:32
838,968,69.55,4826.22,Lost,2026-09-27 15:45:53
839,482,21.74,1748.4,Pending,2026-09-21 02:21:46
840,738,38.28,1503.56,Won,2026-09-26 02:05:53
841,45,66.4,1223.03,Won,2026-09-26 21:36:16
842,456,38.63,681.37,Pending,2026-09-27 15:27:40
843,258,96.44,23888.38,Pending,2026-09-23 09:00:53
844,514,76.57,297.95,Won,2026-09-19 19:05:54
845,597,57.38,765.33,Pending,2026-09-22 20:48:56
846,122,62.03,87183.28,Won,2026-09-28 05:39:03
847,196,50.11,15330.18,Won,2026-09-22 08:15:10
848,115,72.14,10182.08,Lost,2026-09-19 06:10:54
849,480,86.13,9723.68,Lost,2026-09-22 21:35:12
850,967,34.41,6839.89,Pending,2026-09-27 13:06:28
851,538,96.85,848.1,Won,2026-09-26 19:08:24
852,489,99.24,30778.18,Cancelled,2026-09-24 03:18:09
853,71,11.83,3746.02,Cancelled,2026-09-25 09:22:08
854,834,90.57,3849.81,Pending,2026-09-21 03:08:50
855,580,28.15,17684.51,Pending,2026-09-22 09:30:14
856,519,58.2,477.24,Won,2026-09-22 21:21:48
857,139,94.97,33175.52,Won,2026-09-24 03:35:31
858,267,41.65,1791.5,Pending,2026-09-20 17:43:05
859,289,10.82,72.93,Lost,2026-09-23 22:57:49
860,540,78.5,1058.26,Pending,2026-09-23 23:27:50
861,178,73.08,301.82,Lost,2026-09-21 19:38:54
862,900,73.59,11687.6,Pending,2026-09-20 17:53:56
863,602,50.76,8443.81,Pending,2026-09-20 17:18:01
864,879,38.04,4530.2,Won,2026-09-24 11:38:48
865,326,76.02,383.14,Won,2026-09-26 00:33:32
866,931,36.46,1339.02,Won,2026-09-19 05:33:18
867,371,56.27,459.73,Won,2026-09-24 06:28:32
868,273,79.69,1957.92,Won,2026-09-21 16:57:59
869,615,23.46,4508.66,Pending,2026-09-27 14:54:52
870,288,52.72,8802.72,Pending,2026-09-24 11:31:08
871,787,53.01,1253.22,Lost,2026-09-24 15:22:58
872,823,44.84,165.91,Pending,2026-09-20 16:53:07
873,685,42.28,115.85,Pending,2026-09-24 10:15:12
874,393,79.33,5722.68,Lost,2026-09-23 02:35:01
875,716,29.29,217.54,Cancelled,2026-09-21 08:03:23
876,893,94.39,175083.68,Lost,2026-09-24 13:42:13
877,684,23.49,1049.93,Cancelled,2026-09-25 04:25:53
878,447,79.4,70913.89,Won,2026-09-22 20:12:07
879,928,45.92,355.88,Pending,2026-09-26 22:23:04
880,435,74.34,509.97,Cancelled,2026-09-19 18:49:07
881,400,94.58,2191.04,Won,2026-09-27 05:17:01
882,434,80.23,55943.13,Pending,2026-09-19 11:39:53
883,313,10.6,85.12,Won,2026-09-23 16:43:28
884,636,66.13,2002.43,Lost,2026-09-22 16:36:53
885,360,44.41,26304.15,Pending,2026-09-24 15:35:04
886,129,57.19,25158.24,Won,2026-09-23 16:40:01
887,446,20.48,87.87,Pending,2026-09-24 10:24:08
888,100,38.54,16926.6,Won,2026-09-22 15:33:35
889,558,17.26,282.65,Won,2026-09-18 18:56:16
890,457,13.05,72.56,Pending,2026-09-24 05:23:53
891,851,44.69,602.2,Lost,2026-09-23 19:16:16
892,325,97.64,7653.45,Lost,2026-09-24 06:49:16
893,223,94.55,2325.28,Won,2026-09-19 17:50:08
894,25,10.71,45.52,Won,2026-09-20 10:47:41
895,993,30.27,1202.56,Won,2026-09-22 14:12:08
896,538,81.1,618.79,Lost,2026-09-26 11:45:34
897,756,18.91,1250.58,Pending,2026-09-19 06:12:11
898,763,48.66,162.04,Pending,2026-09-21 02:28:56
899,487,64.85,334.41,Pending,2026-09-18 17:11:20
900,89,47.82,11668.0,Lost,2026-09-22 17:59:51
901,974,42.99,221.4,Pending,2026-09-18 12:48:50
902,507,99.24,15978.07,Won,2026-09-26 07:24:29
903,358,54.92,3953.21,Won,2026-09-22 23:11:47
904,11,56.26,1308.92,Lost,2026-09-23 18:53:45
905,674,54.94,9850.48,Won,2026-09-27 15:44:56
906,293,5.43,45.67,Lost,2026-09-21 01:39:27
907,674,76.68,1097.89,Lost,2026-09-24 15:12:56
908,707,56.62,3161.76,Lost,2026-09-19 08:31:28
909,338,10.22,93.34,Won,2026-09-25 13:11:55
910,5,86.84,6089.4,Lost,2026-09-21 03:19:52
911,753,83.08,362.23,Won,2026-09-24 12:21:34
912,643,75.8,3130.04,Won,2026-09-21 08:10:09
913,170,78.3,16525.62,Won,2026-09-22 06:17:16
914,525,84.88,395.54,Lost,2026-09-25 19:47:23
915,108,52.38,412.23,Won,2026-09-25 01:48:33
916,166,85.99,135.0,Lost,2026-09-21 23:46:19
917,956,22.75,2762.15,Cancelled,2026-09-18 21:30:03
918,118,48.44,324.12,Pending,2026-09-28 03:23:52
919,101,69.53,5421.81,Pending,2026-09-24 22:22:51
920,147,15.38,16934.1,Won,2026-09-25 08:28:32
921,434,16.22,11176.32,Won,2026-09-19 17:25:47
922,253,96.62,625.13,Won,2026-09-20 07:12:44
923,279,66.11,917.24,Pending,2026-09-20 14:38:42
924,797,95.28,1690.69,Lost,2026-09-24 00:14:14
925,609,69.77,269.03,Lost,2026-09-20 17:57:54
926,9,85.6,4697.0,Pending,2026-09-24 12:20:39
927,251,64.01,8107.93,Won,2026-09-19 00:14:14
928,954,7.61,121.12,Won,2026-09-26 23:10:44
929,843,18.04,224.95,Pending,2026-09-19 19:58:43
930,561,19.23,4129.01,Lost,2026-09-20 03:59:33
931,99,35.06,95.07,Won,2026-09-18 11:33:28
932,301,45.88,290.88,Lost,2026-09-22 23:46:09
933,410,41.54,101.36,Pending,2026-09-26 07:50:40
934,879,13.05,175.26,Lost,2026-09-25 13:44:20
935,995,97.64,4202.06,Pending,2026-09-28 01:31:47
936,584,57.33,1998.46,Lost,2026-09-25 04:54:54
937,955,63.71,6729.48,Lost,2026-09-27 22:07:45
938,260,98.87,449.86,Pending,2026-09-25 17:31:03
939,308,96.45,8885.27,Lost,2026-09-19 23:56:28
940,691,73.71,12118.69,Pending,2026-09-26 23:11:34
941,122,70.42,532.28,Pending,2026-09-24 06:05:50
942,486,96.85,139.46,Pending,2026-09-25 20:14:24
943,375,78.15,4931.19,Cancelled,2026-09-24 11:00:35
944,733,51.64,33648.25,Lost,2026-09-27 17:52:13
945,634,24.53,527.1,Pending,2026-09-25 07:55:03
946,518,65.17,828.96,Won,2026-09-23 23:00:05
947,642,78.39,21887.42,Lost,2026-09-21 19:56:15
948,176,3.04,39.75,Won,2026-09-24 11:21:58
949,700,82.95,41169.74,Lost,2026-09-21 15:28:31
950,453,37.59,925.38,Won,2026-09-23 22:19:05
951,764,29.89,3377.95,Won,2026-09-19 13:52:28
952,600,62.83,28390.04,Won,2026-09-27 14:56:39
953,951,31.96,27941.98,Lost,2026-09-22 21:47:56
954,891,79.23,1079.3,Pending,2026-09-22 07:52:51
955,290,76.26,13110.29,Pending,2026-09-22 22:34:40
956,406,37.57,165.31,Lost,2026-09-20 05:10:43
957,987,91.47,718.95,Lost,2026-09-26 10:33:24
958,975,27.13,12289.09,Pending,2026-09-26 04:26:42
959,887,21.94,1228.36,Pending,2026-09-26 16:10:24
960,700,35.96,628.01,Won,2026-09-24 19:53:38
961,215,74.19,1602.5,Pending,2026-09-19 07:52:02
962,501,74.96,4290.5,Lost,2026-09-24 11:31:25
963,730,79.07,514.75,Pending,2026-09-22 21:01:42
964,441,35.03,844.38,Won,2026-09-24 07:10:09
965,14,23.19,3096.9,Won,2026-09-23 09:04:20
966,720,23.52,1144.46,Lost,2026-09-21 22:51:16
967,934,7.94,1077.97,Cancelled,2026-09-19 21:30:08
968,680,93.96,745.1,Lost,2026-09-25 04:34:50
969,885,69.02,323.7,Won,2026-09-24 22:34:26
970,579,10.74,295.46,Pending,2026-09-18 13:05:42
971,447,91.77,4080.09,Won,2026-09-21 03:55:21
972,600,81.98,1008.89,Won,2026-09-21 14:57:40
973,59,57.54,556.8,Pending,2026-09-23 12:33:58
974,340,85.92,6231.55,Won,2026-09-26 09:49:35
975,462,74.6,47434.24,Won,2026-09-27 09:13:21
976,260,78.96,2311.43,Pending,2026-09-20 08:43:25
977,356,93.44,4575.32,Won,2026-09-19 03:49:12
978,11,36.78,250.12,Won,2026-09-24 19:06:14
979,163,89.0,79928.61,Won,2026-09-21 04:56:25
980,34,24.89,585.64,Pending,2026-09-21 08:20:25
981,691,43.26,773.69,Won,2026-09-25 21:57:17
982,406,15.11,1142.85,Cancelled,2026-09-28 01:47:42
983,14,70.32,2166.64,Won,2026-09-22 19:49:06
984,721,87.42,12538.87,Pending,2026-09-26 20:52:58
985,758,37.6,158.3,Won,2026-09-24 13:21:14
986,304,3.73,27.98,Won,2026-09-21 06:27:15
987,88,15.92,668.84,Pending,2026-09-27 21:24:41
988,876,12.73,2274.98,Won,2026-09-21 16:54:39
989,922,63.49,179.04,Cancelled,2026-09-20 00:10:46
990,264,58.88,687.48,Lost,2026-09-19 21:33:49
991,499,79.44,597.39,Won,2026-09-21 15:48:05
992,506,58.56,6650.1,Won,2026-09-25 17:40:39
993,188,21.58,83.61,Lost,2026-09-19 09:42:10
994,250,8.04,220.19,Lost,2026-09-19 23:44:16
995,218,56.76,328.64,Won,2026-09-23 00:00:46
996,177,10.08,701.86,Won,2026-09-24 03:12:07
997,434,68.53,198.05,Won,2026-09-19 07:42:37
998,488,75.86,3235.74,Cancelled,2026-09-25 01:27:01
999,490,19.07,554.07,Pending,2026-09-27 00:35:36
1000,363,60.31,14759.25,Pending,2026-09-19 07:43:14
1001,163,88.98,82637.67,Won,2026-09-27 04:56:04
1002,448,7.45,2364.93,Pending,2026-09-25 14:43:06
1003,488,9.56,7296.78,Pending,2026-09-24 01:33:42
1004,151,8.87,135.33,Won,2026-09-28 05:59:59
1005,57,65.58,1044.36,Won,2026-09-18 20:45:27
1006,624,41.97,25891.22,Pending,2026-09-19 04:33:07
1007,93,73.89,1742.25,Won,2026-09-20 10:58:09
1008,852,20.43,4441.16,Pending,2026-09-22 11:01:53
1009,664,90.4,4658.9,Pending,2026-09-25 11:13:03
1010,807,55.01,2142.52,Pending,2026-09-26 16:36:59
1011,966,47.42,750.98,Won,2026-09-19 09:34:00
1012,856,87.88,5388.06,Lost,2026-09-26 23:21:27
1013,728,78.58,586.21,Pending,2026-09-19 10:03:02
1014,92,79.53,1616.63,Won,2026-09-21 16:30:59
1015,465,4.03,21.28,Won,2026-09-26 05:47:25
1016,287,56.03,551.64,Lost,2026-09-28 09:39:27
1017,96,38.72,1343.03,Lost,2026-09-25 10:31:28
1018,693,56.33,7693.5,Pending,2026-09-19 13:33:45
1019,424,25.49,709.37,Lost,2026-09-19 18:22:35
1020,551,59.39,5619.61,Lost,2026-09-18 14:34:55
1021,108,81.25,5155.65,Won,2026-09-22 23:07:54
1022,479,69.12,2930.25,Won,2026-09-23 04:09:04
1023,184,34.1,50288.7,Lost,2026-09-21 02:10:47
1024,454,58.57,247.75,Pending,2026-09-26 16:49:44
1025,366,31.81,15921.86,Pending,2026-09-27 02:21:02
1026,867,49.33,3824.5,Won,2026-09-27 11:54:26
1027,225,49.48,28310.68,Pending,2026-09-22 22:23:36
1028,966,77.4,2769.06,Won,2026-09-19 15:10:20
1029,263,19.92,1092.73,Lost,2026-09-21 05:54:18
1030,65,50.12,331.29,Won,2026-09-26 12:41:57
1031,787,19.21,27.66,Pending,2026-09-18 17:30:11
1032,641,11.96,19.02,Won,2026-09-28 03:25:42
1033,21,12.67,2195.31,Won,2026-09-22 06:35:57
1034,782,91.92,1204.65,Lost,2026-09-23 22:30:45
1035,948,14.08,107.99,Won,2026-09-26 12:42:28
1036,202,21.21,58.33,Cancelled,2026-09-18 21:49:28
1037,665,44.29,171.85,Won,2026-09-18 22:39:21
1038,42,67.82,686.66,Pending,2026-09-19 11:14:23
1039,502,71.91,6789.43,Lost,2026-09-26 08:06:26
1040,498,90.98,2866.63,Won,2026-09-23 10:03:03
1041,316,27.5,782.36,Lost,2026-09-20 04:47:12
1042,831,18.67,2065.83,Won,2026-09-24 11:35:29
1043,347,18.98,28299.41,Lost,2026-09-19 13:18:55
1044,906,74.03,1080.19,Pending,2026-09-27 08:11:09
1045,240,80.57,60452.39,Lost,2026-09-21 12:52:25
1046,533,44.09,354.04,Won,2026-09-23 00:50:37
1047,517,52.26,362.68,Lost,2026-09-24 13:26:23
1048,539,50.41,414.87,Pending,2026-09-25 12:34:52
1049,106,80.49,52668.25,Pending,2026-09-27 10:52:36
1050,536,40.75,10629.94,Lost,2026-09-26 20:21:31
1051,489,22.41,119.67,Lost,2026-09-18 22:23:33
1052,707,92.93,32081.52,Pending,2026-09-27 12:40:16
1053,345,24.92,1408.38,Won,2026-09-22 20:24:53
1054,549,96.54,778.11,Won,2026-09-27 17:03:39
1055,350,69.11,10208.85,Pending,2026-09-28 01:14:52
1056,369,5.98,1540.78,Lost,2026-09-19 16:53:29
1057,191,62.08,1793.86,Pending,2026-09-24 09:47:53
1058,751,88.56,625.23,Pending,2026-09-25 23:24:05
1059,254,65.04,4610.2,Won,2026-09-26 08:32:14
1060,267,38.36,309.18,Pending,2026-09-21 13:28:20
1061,327,79.36,474.08,Won,2026-09-25 04:21:13
1062,737,54.2,235.23,Cancelled,2026-09-19 08:34:09
1063,74,40.33,2466.89,Pending,2026-09-21 19:03:38
1064,736,39.23,367.7,Lost,2026-09-19 09:46:48
1065,893,88.66,17706.7,Lost,2026-09-21 21:14:23
1066,939,8.44,352.03,Lost,2026-09-27 21:58:06
1067,304,82.95,20657.73,Lost,2026-09-22 16:06:49
1068,739,82.57,180.83,Lost,2026-09-27 21:26:30
1069,158,57.74,146662.27,Won,2026-09-23 11:14:12
1070,543,28.9,2410.38,Lost,2026-09-26 10:22:01
1071,880,87.83,151.07,Pending,2026-09-19 21:26:04
1072,794,14.59,185.34,Pending,2026-09-20 04:11:22
1073,937,56.65,328.0,Won,2026-09-24 02:24:31
1074,600,64.36,343.04,Pending,2026-09-25 14:28:24
1075,2,78.42,185.07,Won,2026-09-26 23:42:27
1076,364,83.76,548.63,Won,2026-09-27 10:14:29
1077,984,55.07,136.57,Won,2026-09-24 10:45:19
1078,799,83.56,4507.49,Won,2026-09-24 08:00:12
1079,830,57.11,10037.92,Pending,2026-09-19 16:30:08
1080,310,22.41,1455.75,Pending,2026-09-19 16:57:22
1081,223,66.01,25677.39,Pending,2026-09-22 15:20:19
1082,276,23.1,2013.4,Won,2026-09-27 22:48:46
1083,186,72.24,2419.43,Pending,2026-09-19 23:18:20
1084,545,64.39,468.76,Won,2026-09-22 04:06:37
1085,937,95.4,2557.58,Pending,2026-09-25 05:43:56
1086,637,77.49,20546.12,Pending,2026-09-21 10:05:53
1087,994,30.63,118.84,Lost,2026-09-20 09:33:09
1088,206,32.74,1850.18,Lost,2026-09-18 19:31:40
1089,200,75.08,7862.44,Won,2026-09-24 20:54:23
1090,177,97.11,4826.57,Won,2026-09-18 20:02:16
1091,954,99.94,238104.54,Won,2026-09-21 18:30:11
1092,619,95.63,1614.04,Pending,2026-09-23 10:42:26
1093,398,19.53,132.8,Lost,2026-09-22 08:32:49
1094,158,95.64,467.68,Won,2026-09-22 01:04:41
1095,682,45.24,23090.79,Won,2026-09-27 18:11:36
1096,488,69.7,455.14,Won,2026-09-21 17:12:24
1097,292,95.69,570.31,Won,2026-09-26 18:45:04
1098,727,29.07,22032.62,Won,2026-09-19 15:02:09
1099,544,47.8,19321.39,Cancelled,2026-09-18 11:34:18
1100,376,98.61,1700.23,Lost,2026-09-24 17:27:10
1101,763,47.44,251.76,Won,2026-09-19 13:06:58
1102,30,30.86,23165.65,Pending,2026-09-27 14:40:14
1103,248,89.64,8661.39,Won,2026-09-27 01:13:12
1104,205,61.93,5236.97,Pending,2026-09-27 14:44:45
1105,730,77.07,5593.97,Pending,2026-09-23 11:19:32
1106,851,48.48,167.26,Won,2026-09-21 03:42:15
1107,768,53.54,10510.74,Won,2026-09-23 21:45:04
1108,253,4.54,181.82,Won,2026-09-19 09:47:26
1109,503,27.59,185.4,Won,2026-09-23 23:38:49
1110,635,8.17,52.37,Pending,2026-09-24 03:33:25
1111,98,52.84,881.88,Lost,2026-09-24 00:35:08
1112,969,91.46,14488.31,Won,2026-09-22 13:47:24
1113,620,64.57,31350.54,Pending,2026-09-20 22:17:41
1114,373,63.25,4102.52,Won,2026-09-23 20:44:18
1115,330,78.57,395.21,Lost,2026-09-19 12:18:21
1116,327,75.97,578.13,Cancelled,2026-09-25 02:19:03
1117,171,79.49,1275.56,Pending,2026-09-19 03:19:43
1118,56,90.0,364.5,Lost,2026-09-19 01:05:02
1119,798,96.83,66607.39,Lost,2026-09-27 12:23:40
1120,252,71.0,3150.42,Pending,2026-09-24 10:58:19
1121,953,71.09,4333.98,Lost,2026-09-23 15:23:32
1122,701,47.12,23891.22,Lost,2026-09-18 16:38:33
1123,716,38.18,872.47,Won,2026-09-27 16:36:00
1124,577,31.64,39.87,Pending,2026-09-26 10:11:21
1125,66,54.95,83.52,Won,2026-09-22 00:16:51
1126,449,22.57,10828.08,Pending,2026-09-24 09:03:44
1127,74,26.78,160.68,Lost,2026-09-26 07:44:40
1128,778,69.82,2698.92,Won,2026-09-26 01:19:45
1129,467,9.18,1790.68,Pending,2026-09-23 13:12:29
1130,35,3.88,24.09,Pending,2026-09-26 08:33:43
1131,894,16.01,115.27,Pending,2026-09-21 21:16:53
1132,69,26.84,99.31,Pending,2026-09-24 17:07:21
1133,491,92.9,38813.75,Lost,2026-09-20 19:05:01
1134,827,75.63,36445.12,Pending,2026-09-25 19:32:16
1135,877,56.25,146.25,Cancelled,2026-09-22 18:45:08
1136,989,75.57,31248.0,Won,2026-09-25 03:48:34
1137,293,77.91,4495.28,Won,2026-09-21 01:51:46
1138,990,24.66,45292.64,Pending,2026-09-24 19:55:43
1139,535,43.43,15032.99,Won,2026-09-23 06:45:34
1140,399,47.82,3060.09,Pending,2026-09-24 03:38:01
1141,130,59.05,180.1,Won,2026-09-19 05:43:06
1142,915,90.67,2603.75,Pending,2026-09-24 18:00:13
1143,507,24.13,124.86,Lost,2026-09-26 15:25:19
1144,944,44.05,9743.07,Won,2026-09-21 10:06:06
1145,343,83.66,2296.46,Won,2026-09-21 00:15:57
1146,513,66.46,3597.39,Lost,2026-09-27 22:32:42
1147,629,53.19,448.05,Cancelled,2026-09-18 22:19:11
1148,219,83.46,657.66,Lost,2026-09-26 12:39:41
1149,659,11.37,1346.89,Lost,2026-09-23 02:55:35
1150,249,43.16,39517.45,Lost,2026-09-22 14:55:11
1151,835,57.31,3122.53,Pending,2026-09-22 07:46:12
1152,251,47.57,2229.07,Won,2026-09-27 02:47:20
1153,754,98.5,554.55,Won,2026-09-22 20:12:09
1154,23,58.48,18143.09,Lost,2026-09-28 01:11:57
1155,206,70.25,233.93,Pending,2026-09-22 13:21:54
1156,393,86.44,346.62,Won,2026-09-26 02:33:45
1157,75,33.52,6036.04,Pending,2026-09-21 08:12:50
1158,585,63.14,783.66,Pending,2026-09-23 16:15:20
1159,738,31.1,1390.84,Won,2026-09-21 11:20:58
1160,743,70.73,15349.35,Pending,2026-09-23 09:21:04
1161,282,31.3,155.25,Won,2026-09-20 10:02:54
1162,596,49.24,69.92,Lost,2026-09-21 04:59:37
1163,12,68.96,29134.02,Won,2026-09-27 22:23:48
1164,571,91.56,120074.03,Pending,2026-09-25 09:09:50
1165,106,65.28,49930.71,Won,2026-09-18 23:42:40
1166,342,28.62,6652.17,Pending,2026-09-18 22:18:53
1167,406,29.14,674.4,Won,2026-09-19 22:28:25
1168,344,53.86,385.64,Won,2026-09-20 16:02:32
1169,381,44.03,360.17,Won,2026-09-22 15:20:21
1170,589,38.38,263.01,Won,2026-09-22 11:06:57
1171,737,61.43,2342.12,Pending,2026-09-23 03:28:15
1172,565,47.36,1483.35,Won,2026-09-24 08:30:20
1173,582,28.22,22956.74,Won,2026-09-19 20:49:07
1174,168,94.05,13526.52,Won,2026-09-19 21:58:13
1175,254,31.55,1064.24,Pending,2026-09-26 17:30:11
1176,594,52.02,182.59,Won,2026-09-18 17:57:47
1177,778,48.13,254.13,Lost,2026-09-26 14:53:48
1178,736,56.21,36526.22,Won,2026-09-23 06:11:15
1179,643,41.01,7648.79,Pending,2026-09-20 20:47:07
1180,929,51.32,3977.58,Pending,2026-09-28 08:33:59
1181,946,98.21,3517.51,Lost,2026-09-26 11:59:34
1182,318,14.65,3842.44,Won,2026-09-19 08:55:12
1183,952,37.8,178.09,Won,2026-09-21 01:33:19
1184,32,98.22,3571.57,Won,2026-09-25 14:36:45
1185,43,49.09,2915.11,Pending,2026-09-22 20:11:07
1186,986,87.34,193.89,Won,2026-09-24 03:26:19
1187,305,25.85,1351.13,Lost,2026-09-22 02:16:43
1188,455,69.58,1922.96,Pending,2026-09-21 06:16:26
1189,58,40.08,32966.99,Won,2026-09-22 21:06:08
1190,793,68.22,394.99,Lost,2026-09-25 06:46:09
1191,328,48.38,1127.7,Pending,2026-09-18 14:54:03
1192,113,96.06,82627.19,Lost,2026-09-18 14:12:09
1193,889,86.41,29863.75,Lost,2026-09-21 03:49:13
1194,297,39.77,291.91,Won,2026-09-26 05:32:50
1195,909,89.99,14756.23,Pending,2026-09-21 21:29:04
1196,532,41.84,4702.82,Pending,2026-09-23 16:33:48
1197,679,92.15,1058.27,Won,2026-09-28 02:59:01
1198,605,13.45,99.93,Pending,2026-09-22 08:10:23
1199,663,71.79,1273.11,Won,2026-09-23 02:45:53
1200,365,87.76,382.63,Pending,2026-09-27 09:41:43
1201,611,88.78,581.05,Won,2026-09-20 20:44:19
1202,867,90.95,2067.47,Won,2026-09-20 22:46:15
1203,265,99.21,18826.06,Cancelled,2026-09-19 17:23:10
1204,496,74.39,2614.29,Lost,2026-09-24 02:28:04
1205,869,32.46,8970.62,Won,2026-09-23 17:41:34
1206,473,37.37,10411.43,Won,2026-09-21 19:07:18
1207,353,45.83,103.12,Won,2026-09-21 12:45:37
1208,983,35.93,1678.08,Pending,2026-09-21 22:42:08
1209,170,76.23,32377.67,Won,2026-09-24 19:15:21
1210,436,5.01,185.64,Lost,2026-09-25 03:41:34
1211,939,49.26,80.79,Lost,2026-09-18 15:44:10
1212,475,58.81,71.75,Lost,2026-09-25 22:59:26
1213,318,93.25,308.66,Pending,2026-09-22 02:51:22
1214,7,72.0,594.82,Won,2026-09-22 09:45:56
1215,758,10.0,1126.46,Pending,2026-09-25 11:14:42
1216,705,94.02,32265.08,Won,2026-09-25 19:53:36
1217,664,89.59,214.12,Won,2026-09-22 02:10:51
1218,870,21.81,952.67,Won,2026-09-19 04:42:00
1219,142,30.47,141.99,Lost,2026-09-21 18:52:09
1220,366,66.0,1548.51,Lost,2026-09-25 02:23:53
1221,521,23.96,84.58,Won,2026-09-25 03:37:29
1222,388,51.28,3344.19,Lost,2026-09-27 09:38:06
1223,293,98.85,734.46,Won,2026-09-22 07:59:41
1224,388,24.74,486.53,Won,2026-09-19 19:03:08
1225,582,11.96,177.41,Pending,2026-09-19 05:18:42
1226,825,79.96,387.01,Lost,2026-09-25 02:47:38
1227,730,64.27,827.56,Lost,2026-09-25 18:15:47
1228,926,76.63,5789.94,Cancelled,2026-09-25 03:22:37
1229,107,2.06,4.12,Won,2026-09-27 18:10:38
1230,394,82.82,4907.13,Pending,2026-09-26 13:07:52
1231,426,2.5,58.76,Pending,2026-09-20 05:29:00
1232,283,67.63,398.34,Pending,2026-09-19 10:45:13
1233,566,30.85,213.01,Lost,2026-09-28 07:24:11
1234,474,16.47,526.63,Cancelled,2026-09-25 15:15:40
1235,227,16.79,408.78,Lost,2026-09-18 18:36:01
1236,514,12.05,572.31,Pending,2026-09-20 22:23:04
1237,550,59.24,17712.0,Won,2026-09-27 01:45:12
1238,475,53.2,4123.01,Pending,2026-09-26 09:37:57
1239,700,84.29,20409.93,Won,2026-09-26 20:09:00
1240,517,84.72,5943.97,Pending,2026-09-18 13:17:08
1241,583,97.44,7377.34,Pending,2026-09-19 11:06:09
1242,938,79.23,1255.67,Cancelled,2026-09-26 17:52:22
1243,101,71.49,1406.27,Won,2026-09-19 04:03:53
1244,61,92.3,16415.63,Won,2026-09-22 01:19:27
1245,271,30.25,209.09,Pending,2026-09-20 20:46:28
1246,245,85.6,1612.09,Pending,2026-09-22 20:37:27
1247,512,16.33,1227.67,Cancelled,2026-09-27 16:06:01
1248,958,76.39,113.82,Cancelled,2026-09-19 14:37:40
1249,273,21.75,6518.96,Won,2026-09-19 13:15:15
1250,594,22.01,115.77,Won,2026-09-18 21:17:23
1251,529,66.6,6571.1,Lost,2026-09-20 20:03:54
1252,681,97.46,408.36,Won,2026-09-22 16:23:46
1253,867,45.54,618.14,Pending,2026-09-21 13:35:53
1254,656,88.3,324.94,Won,2026-09-28 09:30:31
1255,952,51.96,330.99,Lost,2026-09-23 03:10:58
1256,287,53.37,53212.31,Lost,2026-09-18 15:07:01
1257,729,51.17,124.34,Pending,2026-09-23 13:53:09
1258,585,82.29,2024.34,Won,2026-09-24 12:53:05
1259,602,8.97,136.54,Pending,2026-09-18 10:28:15
1260,985,32.33,665.93,Lost,2026-09-21 05:18:40
1261,830,16.43,26687.92,Lost,2026-09-20 14:23:16
1262,89,21.09,22508.94,Won,2026-09-27 00:15:05
1263,718,22.86,1409.25,Lost,2026-09-23 13:53:18
1264,921,43.7,15736.04,Won,2026-09-23 23:22:52
1265,247,67.92,5035.62,Pending,2026-09-23 22:49:56
1266,846,51.72,260.67,Won,2026-09-20 21:33:21
1267,85,44.31,11087.42,Lost,2026-09-21 20:38:42
1268,456,85.81,622.12,Lost,2026-09-19 19:30:34
1269,396,2.7,67.91,Lost,2026-09-19 00:30:44
1270,95,89.81,30175.74,Won,2026-09-25 19:59:24
1271,333,6.44,23.18,Pending,2026-09-27 11:30:04
1272,102,32.43,101.51,Lost,2026-09-21 15:02:15
1273,37,90.05,4134.71,Won,2026-09-20 21:23:43
1274,816,24.88,609.65,Lost,2026-09-25 11:20:01
1275,143,84.7,71581.26,Pending,2026-09-22 10:34:53
1276,323,70.97,237.04,Won,2026-09-24 20:31:51
1277,14,39.96,246.2,Won,2026-09-21 17:43:01
1278,322,52.71,13555.46,Won,2026-09-19 05:14:49
1279,461,33.07,195.77,Lost,2026-09-19 12:12:00
1280,671,92.71,35242.41,Cancelled,2026-09-25 11:51:14
1281,975,50.05,1029.8,Pending,2026-09-26 04:04:49
1282,449,37.63,58240.17,Pending,2026-09-21 19:21:04
1283,820,99.55,6023.36,Pending,2026-09-28 02:30:57
1284,628,96.06,22586.8,Lost,2026-09-19 11:47:49
1285,566,25.65,2362.06,Won,2026-09-25 23:13:59
1286,840,40.04,7453.9,Pending,2026-09-25 22:58:56
1287,1,90.86,935.33,Lost,2026-09-19 17:56:51
1288,126,98.37,1515.24,Pending,2026-09-20 10:31:24
1289,392,18.32,152.97,Lost,2026-09-18 20:37:02
1290,451,97.02,738.32,Won,2026-09-23 05:16:03
1291,904,30.54,86.12,Pending,2026-09-18 18:29:21
1292,351,54.65,392.93,Won,2026-09-26 11:54:31
1293,654,8.64,597.35,Pending,2026-09-26 09:33:54
1294,441,10.86,27.91,Pending,2026-09-25 06:09:53
1295,877,3.79,113.74,Won,2026-09-25 14:35:26
1296,884,12.89,770.58,Won,2026-09-22 19:53:41
1297,306,65.37,486.03,Pending,2026-09-18 22:16:02
1298,418,18.32,12079.35,Pending,2026-09-25 18:44:12
1299,717,53.97,14704.34,Lost,2026-09-19 07:13:33
1300,26,7.12,2607.83,Won,2026-09-23 10:43:47
1301,485,2.96,601.73,Pending,2026-09-24 05:48:29
1302,902,26.86,1953.24,Won,2026-09-27 09:08:49
1303,223,84.22,4745.31,Cancelled,2026-09-22 11:13:38
1304,459,39.81,662.88,Won,2026-09-21 09:58:00
1305,511,99.41,469.22,Lost,2026-09-19 23:20:23
1306,727,88.23,97.94,Won,2026-09-24 21:59:23
1307,961,40.02,4231.44,Pending,2026-09-22 12:54:02
1308,830,58.25,481.73,Lost,2026-09-25 01:22:57
1309,744,31.23,289.46,Won,2026-09-27 11:56:25
1310,146,36.3,11321.4,Lost,2026-09-22 14:53:13
1311,611,50.24,11826.62,Lost,2026-09-25 23:56:26
1312,228,7.91,1581.72,Won,2026-09-22 15:25:53
1313,1,69.53,33986.63,Pending,2026-09-24 16:06:37
1314,558,89.47,16161.77,Won,2026-09-22 09:14:24
1315,501,12.16,1263.71,Pending,2026-09-27 23:47:11
1316,372,72.11,2994.29,Won,2026-09-28 09:38:38
1317,511,80.85,645.18,Won,2026-09-25 02:08:22
1318,234,70.07,33535.48,Lost,2026-09-27 08:38:32
1319,749,74.66,30766.26,Won,2026-09-25 00:30:48
1320,639,79.96,9311.76,Pending,2026-09-23 15:35:08
1321,127,21.25,230.35,Pending,2026-09-25 13:59:54
1322,977,33.36,4368.88,Lost,2026-09-26 17:04:24
1323,749,57.39,457.97,Won,2026-09-20 06:03:34
1324,861,28.55,2173.97,Pending,2026-09-25 07:30:03
1325,166,33.3,2040.5,Won,2026-09-26 20:22:34
1326,864,83.47,6295.6,Won,2026-09-27 22:18:11
1327,549,79.65,661.89,Lost,2026-09-26 23:15:45
1328,450,55.95,4200.65,Lost,2026-09-20 04:31:50
1329,1,21.93,719.69,Lost,2026-09-18 10:14:08
1330,716,73.87,243.03,Won,2026-09-20 05:58:08
1331,896,66.15,1731.81,Won,2026-09-22 04:10:02
1332,794,82.1,1957.79,Lost,2026-09-24 11:55:05
1333,426,50.94,37681.08,Pending,2026-09-27 08:14:10
1334,408,52.09,67623.37,Pending,2026-09-22 06:07:31
1335,102,50.74,480.72,Lost,2026-09-18 23:47:01
1336,891,13.56,824.0,Pending,2026-09-24 10:04:49
1337,125,92.89,560.13,Won,2026-09-20 06:59:50
1338,825,22.66,353.3,Won,2026-09-19 00:25:32
1339,247,14.86,178.99,Won,2026-09-24 03:55:32
1340,466,38.63,1991.14,Pending,2026-09-23 08:04:03
1341,251,67.43,506.4,Lost,2026-09-20 06:07:48
1342,483,11.98,1227.98,Lost,2026-09-24 18:43:46
1343,739,73.63,88.36,Lost,2026-09-20 07:46:06
1344,796,46.36,4810.7,Pending,2026-09-25 03:54:23
1345,920,45.24,2466.08,Lost,2026-09-21 11:51:12
1346,545,60.24,800.81,Won,2026-09-28 08:49:19
1347,365,7.59,6200.5,Won,2026-09-21 19:00:26
1348,915,33.09,2737.25,Won,2026-09-19 13:10:44
1349,888,66.59,992.86,Lost,2026-09-25 11:32:26
1350,144,25.9,160.84,Pending,2026-09-22 15:01:35
1351,400,84.3,1598.38,Won,2026-09-18 23:50:11
1352,392,9.81,135.0,Won,2026-09-19 23:44:28
1353,778,71.04,3136.2,Lost,2026-09-20 14:28:02
1354,926,18.09,2450.84,Pending,2026-09-19 22:56:41
1355,472,15.15,797.01,Lost,2026-09-21 11:25:26
1356,404,89.98,654.15,Pending,2026-09-27 07:08:01
1357,230,90.78,13648.33,Won,2026-09-25 00:34:02
1358,137,44.3,4904.89,Lost,2026-09-22 11:31:56
1359,943,34.45,2142.51,Pending,2026-09-21 06:53:19
1360,502,9.83,112.63,Won,2026-09-21 18:02:07
1361,420,32.53,1863.43,Lost,2026-09-27 06:07:24
1362,328,9.95,5609.07,Pending,2026-09-23 06:08:15
1363,837,19.65,177.52,Won,2026-09-18 15:03:59
1364,413,87.25,1936.3,Lost,2026-09-27 16:19:41
1365,816,68.0,393.64,Pending,2026-09-21 01:28:32
1366,628,98.27,29074.41,Pending,2026-09-19 19:52:58
1367,605,10.49,2917.99,Won,2026-09-19 20:54:47
1368,534,59.74,23928.66,Pending,2026-09-19 06:38:41
1369,923,47.64,209.02,Pending,2026-09-26 15:42:50
1370,288,63.75,154.91,Won,2026-09-26 13:12:55
1371,626,34.04,957.65,Lost,2026-09-28 04:39:03
1372,699,63.66,462.17,Cancelled,2026-09-25 17:10:06
1373,985,9.66,383.63,Pending,2026-09-23 22:52:14
1374,101,91.24,34206.02,Lost,2026-09-27 05:23:20
1375,326,9.38,24.29,Won,2026-09-25 07:28:20
1376,605,27.3,190.83,Pending,2026-09-19 03:44:33
1377,872,5.83,10600.84,Lost,2026-09-28 09:48:45
1378,237,9.88,124.9,Lost,2026-09-24 18:37:36
1379,312,13.9,2600.4,Won,2026-09-22 17:49:32
1380,703,87.09,717.62,Pending,2026-09-22 05:47:41
1381,80,12.73,42.77,Pending,2026-09-25 01:13:59
1382,412,96.77,439.34,Won,2026-09-23 09:59:23
1383,71,33.91,11169.45,Pending,2026-09-20 09:29:23
1384,605,71.97,4760.14,Pending,2026-09-24 23:03:45
1385,415,87.76,169.38,Pending,2026-09-19 20:44:45
1386,927,51.61,192.51,Cancelled,2026-09-23 12:05:44
1387,90,31.06,88.52,Won,2026-09-19 16:07:03
1388,716,62.92,369.97,Lost,2026-09-27 14:38:34
1389,736,61.12,6275.88,Lost,2026-09-18 14:36:03
1390,168,19.53,1786.96,Won,2026-09-21 20:39:49
1391,467,19.81,59.91,Pending,2026-09-25 02:09:20
1392,698,41.23,634.41,Lost,2026-09-24 10:26:04
1393,928,98.87,1538.37,Won,2026-09-27 08:26:53
1394,261,90.52,429.97,Pending,2026-09-22 15:44:17
1395,386,38.95,233.31,Lost,2026-09-25 14:20:31
1396,536,7.33,595.79,Cancelled,2026-09-27 21:58:43
1397,181,30.1,9350.84,Pending,2026-09-27 13:06:32
1398,748,85.52,13562.79,Lost,2026-09-19 06:20:47
1399,365,99.56,23469.91,Pending,2026-09-19 00:04:47
1400,28,16.83,222.03,Lost,2026-09-23 22:28:50
1401,589,46.63,953.61,Lost,2026-09-19 03:13:33
1402,343,56.06,79116.68,Lost,2026-09-27 10:26:18
1403,483,94.41,4282.34,Lost,2026-09-19 12:39:53
1404,283,13.88,193.15,Lost,2026-09-25 00:44:37
1405,151,71.49,136.55,Pending,2026-09-25 14:50:17
1406,291,2.91,219.57,Won,2026-09-19 11:14:02
1407,391,25.66,22766.47,Won,2026-09-20 03:15:12
1408,414,33.66,60.59,Pending,2026-09-18 10:30:03
1409,841,9.47,407.76,Lost,2026-09-27 14:44:31
1410,544,20.85,1180.26,Pending,2026-09-27 03:55:39
1411,322,10.6,83.53,Won,2026-09-23 03:05:41
1412,284,97.09,753.42,Won,2026-09-24 00:44:14
1413,308,49.08,710.46,Won,2026-09-19 22:44:21
1414,81,67.65,515.27,Pending,2026-09-19 14:09:29
1415,730,29.55,1270.89,Pending,2026-09-22 14:21:20
1416,208,4.14,625.64,Won,2026-09-21 05:19:16
1417,520,57.79,99.4,Lost,2026-09-26 11:19:14
1418,923,79.77,4226.2,Pending,2026-09-26 13:08:53
1419,16,75.21,2366.69,Won,2026-09-23 11:56:34
1420,139,6.91,332.68,Won,2026-09-26 05:06:33
1421,119,5.65,22.63,Lost,2026-09-19 08:02:01
1422,417,34.65,58.9,Won,2026-09-19 00:51:30
1423,536,88.28,4067.27,Cancelled,2026-09-21 15:32:23
1424,40,49.36,798.66,Won,2026-09-28 00:47:28
1425,591,86.25,444.19,Pending,2026-09-27 00:31:00
1426,620,43.43,64.28,Won,2026-09-23 22:37:27
1427,335,59.63,12321.22,Pending,2026-09-19 23:51:32
1428,707,34.2,7673.31,Pending,2026-09-18 17:58:16
1429,916,66.76,108.15,Pending,2026-09-18 22:19:48
1430,176,41.35,2022.28,Won,2026-09-19 00:06:48
1431,274,10.27,1301.28,Won,2026-09-26 15:36:13
1432,983,80.81,227.88,Lost,2026-09-26 16:43:37
1433,840,24.79,6077.51,Won,2026-09-26 23:17:45
1434,263,71.82,57610.4,Pending,2026-09-25 13:18:26
1435,728,44.49,1335.18,Won,2026-09-27 14:37:13
1436,856,74.73,15438.96,Lost,2026-09-28 00:00:28
1437,193,58.78,10912.92,Won,2026-09-22 12:52:27
1438,496,96.06,327.56,Won,2026-09-28 06:52:28
1439,274,85.65,26197.98,Won,2026-09-24 10:24:49
1440,221,92.62,3407.49,Pending,2026-09-20 08:15:11
1441,220,41.38,145.66,Won,2026-09-27 02:33:05
1442,317,86.9,393.33,Lost,2026-09-23 23:42:24
1443,572,41.67,348.78,Pending,2026-09-22 08:27:32
1444,61,88.48,4410.15,Won,2026-09-20 06:10:53
1445,923,90.13,242.45,Won,2026-09-20 02:00:43
1446,767,25.57,446.35,Lost,2026-09-24 15:40:01
1447,998,40.22,265.05,Pending,2026-09-23 07:15:24
1448,189,51.01,1318.1,Pending,2026-09-20 13:54:42
1449,823,20.41,163.89,Won,2026-09-26 10:05:07
1450,602,64.53,3782.87,Pending,2026-09-27 09:17:17
1451,15,28.02,1368.65,Pending,2026-09-26 00:06:05
1452,917,98.47,1094.43,Pending,2026-09-22 23:45:52
1453,354,63.68,382.72,Cancelled,2026-09-24 10:32:57
1454,618,70.55,12601.29,Won,2026-09-24 18:21:22
1455,721,22.4,74.59,Lost,2026-09-22 00:04:13
1456,453,71.55,3420.23,Won,2026-09-22 14:38:09
1457,252,79.53,15146.48,Won,2026-09-22 16:32:54
1458,134,44.06,226.03,Pending,2026-09-28 01:39:21
1459,890,23.84,2822.26,Won,2026-09-21 00:07:04
1460,244,9.73,165.07,Pending,2026-09-24 04:35:59
1461,950,90.05,67406.03,Cancelled,2026-09-26 17:38:32
1462,381,50.11,2422.36,Pending,2026-09-19 08:20:28
1463,264,28.23,2658.08,Won,2026-09-18 22:43:21
1464,584,99.1,42585.57,Won,2026-09-27 17:05:27
1465,649,92.95,576.75,Won,2026-09-26 02:48:58
1466,648,19.11,145.43,Lost,2026-09-21 23:02:28
1467,414,86.44,870.46,Won,2026-09-22 14:45:28
1468,771,54.91,2658.35,Won,2026-09-25 22:22:05
1469,125,81.34,19602.34,Won,2026-09-26 08:49:20
1470,308,16.2,73.06,Pending,2026-09-26 16:44:15
1471,647,68.52,525.55,Lost,2026-09-25 04:01:31
1472,132,84.18,2153.54,Won,2026-09-25 23:23:51
1473,494,27.74,742.32,Pending,2026-09-19 12:51:48
1474,891,63.47,1304.52,Pending,2026-09-23 05:08:38
1475,75,32.72,6135.69,Won,2026-09-23 14:33:37
1476,399,75.67,4451.46,Pending,2026-09-27 23:38:43
1477,142,93.34,26562.79,Won,2026-09-21 13:49:33
1478,106,88.23,10129.45,Lost,2026-09-23 14:42:53
1479,72,89.92,221.2,Won,2026-09-26 13:23:39
1480,417,43.27,4652.05,Won,2026-09-24 10:34:43
1481,700,49.62,27679.04,Pending,2026-09-24 22:24:59
1482,689,4.94,145.55,Pending,2026-09-20 07:25:43
1483,245,19.82,4550.77,Pending,2026-09-26 19:54:41
1484,849,64.91,8641.47,Pending,2026-09-19 23:36:21
1485,580,65.12,1466.87,Won,2026-09-27 22:47:46
1486,20,63.57,33657.96,Pending,2026-09-26 03:03:28
1487,247,16.4,117.42,Won,2026-09-24 11:43:42
1488,417,22.39,1256.83,Lost,2026-09-19 21:19:37
1489,964,51.79,704.76,Lost,2026-09-20 16:27:00
1490,453,74.15,628.79,Won,2026-09-20 19:53:45
1491,965,50.14,2053.15,Pending,2026-09-22 13:28:37
1492,450,61.95,100696.24,Pending,2026-09-27 16:40:09
1493,622,6.35,48.26,Lost,2026-09-21 01:24:15
1494,59,18.17,7823.11,Pending,2026-09-28 01:57:04
1495,343,66.15,3654.78,Pending,2026-09-18 15:02:32
1496,173,91.6,707.15,Lost,2026-09-25 16:16:55
1497,114,38.8,255.28,Lost,2026-09-27 07:51:47
1498,529,93.01,32723.86,Won,2026-09-21 17:15:36
1499,846,37.86,1861.22,Won,2026-09-20 14:24:20
1500,727,12.63,121.9,Won,2026-09-27 02:36:55
1501,606,46.31,475.4,Cancelled,2026-09-21 03:09:18
1502,208,49.0,1665.53,Lost,2026-09-28 05:57:56
1503,652,12.58,242.2,Lost,2026-09-24 21:41:30
1504,660,28.42,115.39,Lost,2026-09-23 07:30:52
1505,822,74.97,3381.21,Lost,2026-09-20 08:32:31
1506,289,62.82,166.47,Won,2026-09-20 18:21:42
1507,825,37.56,13313.7,Won,2026-09-28 06:27:39
1508,196,8.27,58.63,Won,2026-09-23 10:23:19
1509,506,76.52,103056.96,Won,2026-09-24 23:26:21
1510,892,20.03,17129.09,Pending,2026-09-25 13:39:17
1511,75,58.1,23210.51,Won,2026-09-27 00:09:03
1512,186,35.76,624.14,Pending,2026-09-28 09:26:04
1513,235,93.05,124.69,Lost,2026-09-26 17:36:25
1514,194,88.24,13365.15,Lost,2026-09-19 04:29:33
1515,56,55.64,43498.81,Pending,2026-09-25 17:53:13
1516,813,17.51,985.5,Won,2026-09-24 09:56:10
1517,243,17.86,44.83,Lost,2026-09-23 22:46:35
1518,884,94.38,13492.0,Pending,2026-09-21 05:27:11
1519,631,67.92,349.11,Pending,2026-09-24 14:01:22
1520,423,61.39,2343.82,Lost,2026-09-22 11:23:20
1521,650,56.84,2032.93,Won,2026-09-23 11:41:40
1522,696,58.09,14942.35,Pending,2026-09-24 13:12:12
1523,345,55.94,1019.45,Won,2026-09-24 09:45:57
1524,550,57.87,1420.06,Won,2026-09-21 09:06:20
1525,273,36.5,9519.58,Won,2026-09-19 08:08:38
1526,48,83.88,503.14,Pending,2026-09-24 02:24:22
1527,941,54.37,3005.34,Won,2026-09-21 21:57:00
1528,910,53.24,650.01,Lost,2026-09-20 02:22:58
1529,886,21.96,1819.05,Won,2026-09-26 09:46:49
1530,974,27.81,518.05,Lost,2026-09-19 07:05:18
1531,733,87.47,28385.97,Pending,2026-09-21 13:27:24
1532,833,29.02,338.1,Pending,2026-09-27 01:08:25
1533,811,27.36,262.47,Won,2026-09-27 20:29:48
1534,621,52.6,1929.25,Cancelled,2026-09-27 19:29:11
1535,96,92.48,31099.98,Cancelled,2026-09-18 16:45:09
1536,483,39.21,393.0,Won,2026-09-27 08:16:50
1537,684,91.5,5935.02,Won,2026-09-24 00:59:20
1538,669,26.54,132.43,Pending,2026-09-19 09:45:33
1539,737,85.96,1820.24,Won,2026-09-24 06:47:10
1540,533,52.37,147.68,Pending,2026-09-21 22:07:00
1541,366,84.26,219.37,Pending,2026-09-23 03:58:11
1542,972,74.81,524.78,Won,2026-09-22 08:18:21
1543,721,83.76,3966.03,Won,2026-09-26 03:40:29
1544,714,8.08,623.23,Lost,2026-09-22 23:15:19
1545,692,36.96,2639.22,Won,2026-09-18 23:26:23
1546,308,9.81,44.81,Pending,2026-09-24 08:33:19
1547,538,93.06,4865.27,Lost,2026-09-24 07:50:57
1548,194,43.43,1233.07,Pending,2026-09-27 21:12:07
1549,435,49.98,5904.92,Pending,2026-09-19 10:21:15
1550,969,5.27,704.65,Won,2026-09-27 14:37:00
1551,465,98.15,909.14,Pending,2026-09-19 11:19:24
1552,322,87.82,3974.91,Won,2026-09-27 15:16:08
1553,93,52.01,346.39,Won,2026-09-23 11:11:24
1554,359,72.61,503.04,Pending,2026-09-26 21:49:30
1555,892,56.59,23312.61,Pending,2026-09-21 04:36:24
1556,95,10.24,5398.87,Won,2026-09-26 03:30:04
1557,744,66.45,15234.02,Pending,2026-09-22 06:26:34
1558,799,91.78,638.79,Lost,2026-09-28 01:24:20
1559,271,13.19,96.81,Won,2026-09-28 00:52:27
1560,236,96.36,4912.91,Won,2026-09-26 21:52:45
1561,54,42.15,1195.89,Lost,2026-09-24 18:56:47
1562,250,25.9,4541.08,Lost,2026-09-24 10:42:14
1563,13,68.98,3255.76,Won,2026-09-22 15:27:14
1564,264,52.58,55786.87,Won,2026-09-27 04:14:04
1565,254,20.39,12391.2,Pending,2026-09-23 11:29:30
1566,150,5.86,24.29,Won,2026-09-24 15:36:46
1567,980,63.88,4215.74,Won,2026-09-20 17:56:57
1568,6,60.69,20799.59,Pending,2026-09-21 12:19:26
1569,847,64.97,467.13,Pending,2026-09-22 10:22:15
1570,404,25.54,1030.95,Won,2026-09-25 08:36:42
1571,644,49.72,1355.21,Lost,2026-09-27 04:41:58
1572,177,75.55,354.33,Won,2026-09-20 03:35:01
1573,152,36.75,156133.99,Cancelled,2026-09-27 10:30:51
1574,720,66.21,836.12,Won,2026-09-21 04:13:54
1575,492,70.42,6947.4,Won,2026-09-26 17:31:40
1576,975,70.61,18634.05,Lost,2026-09-25 05:25:21
1577,803,16.44,44.06,Cancelled,2026-09-27 22:10:00
1578,421,9.73,103.96,Pending,2026-09-18 17:33:02
1579,451,71.29,7914.39,Lost,2026-09-27 07:41:23
1580,51,20.85,1109.19,Pending,2026-09-19 22:44:50
1581,35,99.67,3470.64,Lost,2026-09-26 12:48:33
1582,674,62.17,3768.15,Lost,2026-09-19 02:32:08
1583,17,42.44,57605.73,Pending,2026-09-24 21:32:04
1584,781,26.49,135.36,Won,2026-09-26 08:20:33
1585,763,49.95,2541.16,Won,2026-09-25 09:45:32
1586,37,66.35,8854.01,Pending,2026-09-25 16:47:39
1587,659,83.93,102463.85,Cancelled,2026-09-24 08:15:39
1588,303,61.46,907.03,Lost,2026-09-24 01:14:13
1589,870,48.57,11713.37,Won,2026-09-22 18:04:53
1590,666,82.15,291.63,Lost,2026-09-24 20:52:26
1591,639,65.72,7809.63,Won,2026-09-20 21:38:16
1592,471,54.55,111.28,Pending,2026-09-28 02:34:05
1593,513,52.28,300.52,Pending,2026-09-21 12:26:46
1594,546,16.47,397.09,Pending,2026-09-24 07:58:41
1595,322,56.49,12941.33,Won,2026-09-22 10:46:20
1596,610,12.74,243.2,Pending,2026-09-20 18:03:17
1597,566,94.81,14452.84,Won,2026-09-22 19:02:47
1598,870,60.64,625.88,Pending,2026-09-25 03:01:07
1599,687,6.91,12.23,Won,2026-09-27 22:50:14
1600,790,48.05,7638.54,Lost,2026-09-23 19:46:32
1601,82,22.9,836.16,Won,2026-09-26 11:55:56
1602,705,64.2,1079.79,Pending,2026-09-21 20:42:56
1603,366,34.85,454.44,Lost,2026-09-21 03:50:36
1604,304,45.54,366.39,Lost,2026-09-25 05:23:28
1605,890,37.41,504.09,Won,2026-09-24 22:44:56
1606,405,20.07,14653.45,Won,2026-09-24 22:19:44
1607,929,79.77,815.37,Pending,2026-09-27 07:03:46
1608,609,37.46,11168.36,Lost,2026-09-19 06:47:36
1609,591,86.55,12022.0,Won,2026-09-22 08:42:03
1610,491,86.29,196.74,Won,2026-09-24 23:50:41
1611,698,94.61,2005.64,Won,2026-09-21 19:50:36
1612,66,59.26,1010.09,Pending,2026-09-24 11:34:08
1613,218,12.14,1465.32,Lost,2026-09-23 01:34:19
1614,304,31.77,210.0,Pending,2026-09-24 11:08:29
1615,914,13.72,12481.05,Lost,2026-09-25 05:07:59
1616,365,46.75,237.02,Won,2026-09-24 08:03:01
1617,628,62.61,3070.25,Won,2026-09-21 23:29:21
1618,313,81.6,50957.91,Pending,2026-09-26 16:06:10
1619,768,86.92,10368.41,Won,2026-09-26 02:49:48
1620,646,61.36,301.89,Cancelled,2026-09-27 19:20:57
1621,124,2.97,2633.74,Pending,2026-09-28 07:42:22
1622,288,70.86,2831.08,Pending,2026-09-19 14:16:48
1623,602,4.01,69.67,Won,2026-09-28 01:51:28
1624,98,33.99,1993.05,Won,2026-09-22 09:36:28
1625,122,75.04,2192.89,Won,2026-09-18 15:17:51
1626,42,50.18,7208.03,Lost,2026-09-21 15:03:41
1627,350,50.25,299.73,Pending,2026-09-24 08:56:42
1628,63,95.85,21086.41,Lost,2026-09-19 15:03:42
1629,240,23.29,792.0,Won,2026-09-26 06:00:09
1630,591,73.29,536.74,Lost,2026-09-28 03:04:22
1631,60,15.29,74.77,Won,2026-09-22 20:25:03
1632,551,69.52,12784.85,Pending,2026-09-23 11:34:24
1633,1,21.54,197.41,Pending,2026-09-21 03:40:01
1634,117,69.35,373.1,Pending,2026-09-25 16:47:54
1635,773,12.32,554.01,Won,2026-09-25 01:13:26
1636,575,40.18,1336.76,Won,2026-09-18 17:58:48
1637,833,83.99,514.86,Won,2026-09-28 07:28:49
1638,628,82.78,2133.1,Won,2026-09-18 14:53:44
1639,761,76.56,1443.49,Won,2026-09-23 22:34:06
1640,348,9.5,5927.7,Won,2026-09-19 07:42:05
1641,636,24.26,441.15,Won,2026-09-19 01:56:06
1642,617,49.45,145.38,Lost,2026-09-26 11:32:36
1643,354,15.05,18433.73,Pending,2026-09-19 18:33:47
1644,216,12.35,243.66,Lost,2026-09-23 12:47:40
1645,341,18.42,1031.24,Won,2026-09-23 08:30:27
1646,110,68.27,508.84,Won,2026-09-19 21:46:49
1647,4,66.97,93502.18,Pending,2026-09-23 16:21:01
1648,928,79.81,7912.28,Won,2026-09-24 09:14:06
1649,263,77.11,626.13,Pending,2026-09-26 09:53:47
1650,681,19.86,544.37,Won,2026-09-23 04:24:20
1651,991,86.28,3102.73,Pending,2026-09-25 14:24:12
1652,981,69.55,3378.0,Won,2026-09-18 18:59:03
1653,177,32.04,4235.26,Cancelled,2026-09-21 16:05:49
1654,175,70.83,9488.1,Lost,2026-09-28 07:42:25
1655,925,78.99,8166.63,Won,2026-09-19 22:10:35
1656,428,18.25,376.4,Won,2026-09-26 06:54:13
1657,464,33.17,1207.37,Lost,2026-09-25 08:15:01
1658,791,81.16,314.09,Pending,2026-09-22 23:41:03
1659,938,20.58,103.46,Won,2026-09-27 19:45:36
1660,182,32.94,614.91,Lost,2026-09-20 11:20:48
1661,484,53.33,153.59,Pending,2026-09-24 09:19:17
1662,493,89.56,1573.08,Won,2026-09-28 00:03:43
1663,315,38.04,5019.07,Cancelled,2026-09-20 22:52:40
1664,10,8.09,258.64,Pending,2026-09-24 03:49:55
1665,624,73.97,12224.94,Pending,2026-09-20 06:44:31
1666,247,70.0,114260.49,Lost,2026-09-23 13:46:11
1667,282,21.08,102.03,Pending,2026-09-26 13:26:47
1668,329,71.61,15700.57,Lost,2026-09-18 23:45:27
1669,660,12.66,19.45,Won,2026-09-24 23:35:00
1670,860,50.15,36213.91,Lost,2026-09-20 15:16:37
1671,945,5.66,787.93,Pending,2026-09-27 06:08:23
1672,623,17.15,122.86,Lost,2026-09-27 23:18:34
1673,358,31.48,20593.44,Pending,2026-09-25 20:03:00
1674,163,47.9,1387.71,Pending,2026-09-28 05:26:56
1675,918,65.75,33199.9,Won,2026-09-19 18:07:21
1676,891,5.32,128.04,Cancelled,2026-09-22 12:57:58
1677,146,70.85,713.99,Lost,2026-09-18 22:15:55
1678,155,54.02,945.17,Cancelled,2026-09-27 14:18:44
1679,488,61.61,195.3,Lost,2026-09-22 13:41:44
1680,181,38.78,615.03,Lost,2026-09-21 04:13:00
1681,91,17.97,747.93,Won,2026-09-18 19:42:43
1682,714,32.54,320.06,Won,2026-09-23 03:39:25
1683,160,80.18,8275.02,Pending,2026-09-26 07:33:11
1684,814,57.21,1218.6,Pending,2026-09-24 10:19:16
1685,146,9.41,1037.15,Pending,2026-09-25 07:18:07
1686,613,95.38,3955.14,Won,2026-09-18 10:17:10
1687,800,75.97,419.35,Won,2026-09-18 17:39:25
1688,487,96.69,45121.81,Won,2026-09-27 15:53:04
1689,705,7.05,312.9,Pending,2026-09-23 10:41:53
1690,481,59.8,21966.92,Won,2026-09-28 08:59:42
1691,436,59.92,25266.04,Lost,2026-09-28 01:00:47
1692,642,8.55,61.13,Pending,2026-09-25 11:05:42
1693,65,7.53,3881.38,Won,2026-09-27 20:39:25
1694,408,51.41,1772.91,Pending,2026-09-25 10:14:45
1695,182,76.3,11823.67,Cancelled,2026-09-25 19:57:54
1696,148,28.72,234.93,Won,2026-09-25 18:58:33
1697,318,46.08,17249.96,Won,2026-09-24 04:41:15
1698,307,79.62,555.42,Won,2026-09-25 05:42:21
1699,739,15.14,1872.99,Pending,2026-09-20 00:10:02
1700,451,27.71,1631.52,Won,2026-09-24 13:24:50
1701,409,10.12,84.4,Lost,2026-09-25 21:37:32
1702,187,34.39,817.92,Lost,2026-09-25 04:28:56
1703,959,12.45,1002.03,Pending,2026-09-26 09:57:54
1704,318,16.48,829.02,Won,2026-09-21 09:57:52
1705,826,79.14,2280.42,Won,2026-09-22 08:42:02
1706,276,12.4,97.28,Lost,2026-09-25 14:14:41
1707,359,8.21,81.63,Won,2026-09-23 02:21:09
1708,196,99.06,13597.49,Lost,2026-09-28 01:05:28
1709,231,83.77,7539.35,Lost,2026-09-24 09:47:02
1710,98,40.57,163.09,Pending,2026-09-20 20:15:09
1711,568,26.05,648.93,Cancelled,2026-09-20 02:55:35
1712,464,63.73,11165.53,Won,2026-09-20 05:50:26
1713,936,70.7,2271.34,Won,2026-09-19 16:53:29
1714,325,51.11,18616.48,Pending,2026-09-26 02:19:05
1715,319,19.67,2478.98,Pending,2026-09-20 06:25:45
1716,802,58.15,25669.23,Won,2026-09-25 04:14:20
1717,388,8.74,95.09,Won,2026-09-24 08:41:58
1718,205,59.94,7195.22,Lost,2026-09-18 17:26:52
1719,205,85.46,15340.71,Won,2026-09-25 10:19:17
1720,255,76.33,5210.18,Won,2026-09-19 11:47:12
1721,988,62.31,18854.17,Won,2026-09-26 23:26:07
1722,16,78.25,6829.52,Pending,2026-09-22 07:32:49
1723,58,5.79,4220.08,Lost,2026-09-26 15:52:09
1724,460,20.4,237.61,Pending,2026-09-20 13:26:32
1725,537,73.2,33405.13,Lost,2026-09-26 06:43:32
1726,831,44.04,22233.8,Won,2026-09-18 19:06:33
1727,384,81.58,512.32,Lost,2026-09-22 20:21:07
1728,630,68.62,2351.59,Lost,2026-09-18 22:03:44
1729,849,23.06,144.12,Won,2026-09-21 13:54:54
1730,212,6.48,213.52,Won,2026-09-27 19:12:07
1731,426,73.81,23486.6,Won,2026-09-20 10:14:15
1732,438,32.14,5820.52,Won,2026-09-22 09:59:13
1733,351,93.12,226.28,Lost,2026-09-27 15:15:03
1734,467,43.5,4813.68,Pending,2026-09-22 03:53:51
1735,835,29.66,8494.95,Won,2026-09-22 02:40:27
1736,26,71.79,570.73,Won,2026-09-26 20:50:04
1737,845,73.22,1685.54,Lost,2026-09-18 15:00:46
1738,804,10.7,178.51,Won,2026-09-21 08:50:24
1739,646,20.72,6947.92,Won,2026-09-27 11:49:39
1740,232,64.27,479.45,Won,2026-09-22 23:36:48
1741,689,79.75,9767.23,Won,2026-09-27 19:39:20
1742,914,48.3,94150.79,Lost,2026-09-28 04:35:42
1743,577,14.48,12167.46,Pending,2026-09-26 04:42:27
1744,730,42.04,326.23,Lost,2026-09-23 23:49:37
1745,945,42.37,11469.99,Won,2026-09-22 22:39:50
1746,638,33.27,13895.03,Pending,2026-09-28 07:24:49
1747,333,41.76,316.61,Cancelled,2026-09-21 10:03:21
1748,498,32.76,834.25,Pending,2026-09-22 07:00:52
1749,597,4.87,850.09,Lost,2026-09-21 19:56:49
1750,777,92.68,331.79,Pending,2026-09-23 12:33:11
1751,152,47.62,2640.05,Won,2026-09-27 14:33:44
1752,237,18.14,323.23,Pending,2026-09-21 20:40:31
1753,679,24.27,199.5,Won,2026-09-20 04:44:16
1754,743,84.98,2986.43,Pending,2026-09-27 15:20:03
1755,288,33.57,51.7,Won,2026-09-21 02:12:42
1756,404,13.63,294.58,Won,2026-09-25 11:21:56
1757,581,32.54,697.09,Lost,2026-09-27 02:38:32
1758,836,7.99,4485.44,Won,2026-09-20 02:46:23
1759,921,7.53,54.37,Won,2026-09-25 15:57:06
1760,869,16.07,481.48,Won,2026-09-26 01:06:37
1761,180,41.76,406.51,Pending,2026-09-27 17:34:31
1762,656,8.32,140.71,Lost,2026-09-26 16:27:40
1763,984,32.06,385.82,Won,2026-09-24 19:07:17
1764,621,53.22,1489.47,Won,2026-09-27 23:44:17
1765,101,79.61,90122.78,Won,2026-09-27 12:21:59
1766,813,54.47,720.41,Pending,2026-09-27 00:23:43
1767,118,65.4,444.72,Lost,2026-09-20 04:11:33
1768,252,77.69,910.36,Pending,2026-09-23 23:32:01
1769,576,85.38,9679.56,Pending,2026-09-19 13:05:02
1770,755,29.1,484.4,Won,2026-09-22 05:11:44
1771,695,63.08,1134.18,Won,2026-09-23 16:20:53
1772,680,97.33,1948.55,Cancelled,2026-09-27 13:36:47
1773,680,60.27,2196.19,Won,2026-09-23 04:59:17
1774,74,42.57,992.92,Won,2026-09-21 07:48:01
1775,701,34.45,18537.82,Won,2026-09-23 20:27:47
1776,220,57.81,65.33,Won,2026-09-24 05:28:09
1777,167,30.62,46661.69,Won,2026-09-20 13:38:27
1778,648,62.45,2173.04,Pending,2026-09-27 18:03:33
1779,606,46.48,1512.3,Won,2026-09-27 08:25:07
1780,997,54.92,3526.22,Pending,2026-09-26 18:20:07
1781,43,85.83,503.82,Pending,2026-09-25 15:23:23
1782,552,89.32,17869.89,Pending,2026-09-24 03:13:10
1783,927,60.55,9897.72,Pending,2026-09-27 04:54:07
1784,707,27.96,1482.89,Won,2026-09-27 23:22:05
1785,311,76.08,1092.81,Won,2026-09-25 15:06:31
1786,398,15.58,1768.42,Lost,2026-09-24 10:33:43
1787,333,31.54,1350.89,Won,2026-09-22 19:48:43
1788,60,30.16,3248.03,Pending,2026-09-27 10:05:11
1789,830,52.08,341.12,Won,2026-09-18 19:30:37
1790,244,95.88,5910.18,Won,2026-09-23 07:20:56
1791,976,25.33,61084.28,Lost,2026-09-19 14:17:28
1792,937,7.39,752.16,Pending,2026-09-20 13:57:04
1793,701,72.65,313.34,Lost,2026-09-22 13:48:07
1794,955,58.43,1594.77,Won,2026-09-27 00:45:50
1795,663,70.06,1689.59,Pending,2026-09-20 10:18:56
1796,514,67.3,331.12,Won,2026-09-22 06:50:18
1797,949,9.99,118.64,Won,2026-09-19 17:19:07
1798,235,36.76,351.67,Pending,2026-09-19 13:02:32
1799,643,77.04,796.81,Cancelled,2026-09-25 23:25:08
1800,642,90.5,830.28,Lost,2026-09-25 13:23:05
1801,884,54.29,2244.77,Won,2026-09-19 19:54:01
1802,932,9.46,53.45,Lost,2026-09-27 09:02:10
1803,198,54.32,94725.61,Pending,2026-09-21 04:04:35
1804,689,57.37,4306.12,Won,2026-09-26 08:57:01
1805,710,26.97,3415.98,Cancelled,2026-09-25 10:05:17
1806,88,4.09,4303.52,Pending,2026-09-20 11:01:31
1807,356,82.71,1274.75,Lost,2026-09-24 02:20:22
1808,441,99.55,537.57,Pending,2026-09-21 16:08:40
1809,305,31.77,77.52,Won,2026-09-26 19:56:26
1810,228,32.69,715.18,Won,2026-09-18 11:14:54
1811,147,80.13,229.97,Won,2026-09-28 02:34:04
1812,10,70.47,541.21,Pending,2026-09-22 00:21:16
1813,620,47.92,349.34,Won,2026-09-24 05:01:28
1814,803,91.94,400.86,Won,2026-09-26 14:28:26
1815,928,51.71,2235.89,Won,2026-09-18 16:14:00
1816,828,58.85,8038.85,Lost,2026-09-22 05:44:18
1817,787,11.65,6067.13,Won,2026-09-24 03:23:07
1818,827,24.38,716.03,Won,2026-09-19 06:27:25
1819,40,81.54,605.52,Cancelled,2026-09-22 05:48:52
1820,896,37.43,2815.41,Pending,2026-09-21 04:34:05
1821,955,6.18,70.99,Won,2026-09-26 05:20:35
1822,305,32.74,6450.88,Lost,2026-09-22 23:30:11
1823,5,79.74,1008.25,Lost,2026-09-27 09:03:49
1824,482,23.94,48.6,Won,2026-09-24 09:59:07
1825,517,59.31,2168.57,Pending,2026-09-28 00:07:15
1826,406,98.35,3290.95,Won,2026-09-24 08:47:16
1827,810,11.86,22.65,Won,2026-09-21 13:08:46
1828,594,90.55,10241.53,Lost,2026-09-28 09:11:43
1829,787,44.22,352.43,Pending,2026-09-22 08:46:55
1830,440,8.3,124.96,Won,2026-09-27 17:38:53
1831,229,61.86,327.24,Pending,2026-09-21 04:02:37
1832,366,51.62,34144.14,Won,2026-09-23 07:30:51
1833,60,44.58,457.71,Won,2026-09-24 06:37:00
1834,988,18.1,522.91,Pending,2026-09-28 00:28:38
1835,673,86.05,2377.67,Pending,2026-09-20 04:47:22
1836,148,75.31,1979.71,Won,2026-09-19 11:16:40
1837,99,53.64,2569.96,Lost,2026-09-18 12:15:58
1838,887,69.88,17947.33,Pending,2026-09-26 14:54:13
1839,833,90.12,2800.48,Cancelled,2026-09-23 18:00:03
1840,662,63.95,4717.59,Won,2026-09-19 17:26:50
1841,343,59.66,1027.11,Pending,2026-09-22 10:58:03
1842,532,21.61,4447.55,Lost,2026-09-21 19:05:38
1843,694,16.57,4804.22,Pending,2026-09-19 03:09:40
1844,463,92.19,39363.02,Pending,2026-09-22 17:17:44
1845,133,93.1,39351.28,Lost,2026-09-23 01:55:18
1846,457,16.77,500.33,Cancelled,2026-09-24 07:33:35
1847,2,69.04,16365.59,Won,2026-09-25 07:36:59
1848,90,23.8,2905.87,Pending,2026-09-25 05:35:15
1849,41,63.32,2151.94,Won,2026-09-24 00:59:13
1850,18,90.36,1872.14,Won,2026-09-25 18:14:39
1851,709,66.23,12986.36,Pending,2026-09-23 13:24:14
1852,50,2.17,265.77,Won,2026-09-23 07:10:58
1853,41,13.1,102.44,Won,2026-09-23 16:07:41
1854,619,36.42,419.55,Pending,2026-09-26 22:13:30
1855,54,18.61,1093.85,Pending,2026-09-24 00:00:21
1856,975,32.04,2632.39,Pending,2026-09-25 03:01:05
1857,122,68.0,17005.38,Pending,2026-09-21 07:45:20
1858,624,9.63,722.49,Won,2026-09-19 17:22:54
1859,676,46.76,9428.42,Cancelled,2026-09-22 12:52:55
1860,75,83.94,11589.77,Won,2026-09-22 19:26:08
1861,78,33.65,2342.98,Won,2026-09-26 17:15:22
1862,26,31.59,2998.1,Won,2026-09-23 14:11:42
1863,283,91.96,665.79,Won,2026-09-18 23:31:09
1864,992,97.35,19182.8,Won,2026-09-23 05:38:19
1865,403,24.91,2587.84,Pending,2026-09-25 16:20:06
1866,445,80.6,2897.75,Pending,2026-09-27 15:03:31
1867,52,95.56,754.89,Pending,2026-09-23 17:29:11
1868,602,30.07,1358.13,Pending,2026-09-26 04:19:18
1869,433,13.25,36969.77,Cancelled,2026-09-21 09:48:53
1870,447,13.94,10996.89,Lost,2026-09-25 11:14:26
1871,593,72.02,25718.41,Won,2026-09-27 23:29:34
1872,93,43.51,266.28,Won,2026-09-23 14:25:15
1873,13,72.18,563.73,Cancelled,2026-09-21 23:48:54
1874,447,95.11,3040.73,Won,2026-09-25 00:33:20
1875,422,27.37,3612.72,Pending,2026-09-23 00:32:17
1876,255,7.07,1578.82,Pending,2026-09-26 06:46:15
1877,942,45.47,52.75,Pending,2026-09-22 22:38:25
1878,160,69.24,3849.46,Pending,2026-09-23 16:49:14
1879,299,49.33,2119.46,Lost,2026-09-25 03:53:00
1880,730,25.29,139.35,Won,2026-09-21 18:15:25
1881,311,19.53,48.24,Won,2026-09-26 14:02:16
1882,412,5.32,216.7,Won,2026-09-21 22:29:50
1883,317,39.18,3612.19,Pending,2026-09-20 05:51:00
1884,805,19.84,324.74,Won,2026-09-27 01:38:54
1885,889,36.52,93.13,Lost,2026-09-18 18:48:30
1886,430,20.78,6138.31,Won,2026-09-25 21:29:25
1887,903,99.0,7525.69,Pending,2026-09-26 19:36:38
1888,434,89.59,23633.41,Pending,2026-09-26 22:07:42
1889,394,95.1,3122.56,Pending,2026-09-23 21:11:52
1890,666,95.23,4680.9,Won,2026-09-23 14:31:54
1891,566,37.11,1057.12,Lost,2026-09-25 23:49:14
1892,627,85.38,133.19,Lost,2026-09-20 01:53:45
1893,604,62.07,346.97,Pending,2026-09-20 16:17:13
1894,226,65.84,8789.63,Pending,2026-09-22 14:41:46
1895,780,27.53,215.01,Lost,2026-09-24 14:13:31
1896,82,82.75,3856.18,Pending,2026-09-18 17:12:02
1897,997,26.41,631.55,Pending,2026-09-22 12:19:56
1898,268,98.47,16228.07,Lost,2026-09-28 08:58:07
1899,340,61.15,51485.76,Won,2026-09-24 17:59:05
1900,151,32.14,192.13,Lost,2026-09-28 09:18:01
1901,565,80.11,10011.24,Pending,2026-09-27 12:21:56
1902,346,34.19,971.78,Pending,2026-09-24 00:24:34
1903,534,94.34,792.46,Pending,2026-09-18 11:14:09
1904,952,55.0,823.28,Lost,2026-09-22 08:29:15
1905,721,45.88,306.94,Lost,2026-09-21 08:11:26
1906,702,19.93,3331.39,Won,2026-09-20 16:30:56
1907,649,20.09,363.17,Lost,2026-09-18 23:36:49
1908,57,29.71,538.31,Won,2026-09-21 14:18:27
1909,531,82.15,13168.83,Pending,2026-09-25 12:16:05
1910,964,32.58,77.21,Lost,2026-09-27 10:47:19
1911,12,45.65,57171.12,Pending,2026-09-23 09:09:05
1912,38,3.3,8.61,Lost,2026-09-26 06:25:27
1913,799,74.86,24680.18,Won,2026-09-25 22:47:19
1914,566,7.65,3084.47,Lost,2026-09-26 20:51:53
1915,655,36.65,2583.07,Pending,2026-09-20 05:35:57
1916,59,44.05,1202.28,Pending,2026-09-25 22:57:52
1917,906,65.41,349.29,Pending,2026-09-20 15:03:59
1918,402,86.64,617.74,Lost,2026-09-25 15:02:47
1919,597,96.4,4164.38,Pending,2026-09-24 05:36:23
1920,509,84.26,25366.58,Won,2026-09-19 03:57:06
1921,980,50.49,377.67,Lost,2026-09-23 21:15:53
1922,82,97.93,1251.04,Pending,2026-09-23 18:13:41
1923,687,87.38,6915.21,Pending,2026-09-19 08:46:49
1924,589,63.12,12077.59,Cancelled,2026-09-21 14:19:42
1925,658,61.96,14709.98,Pending,2026-09-22 12:47:30
1926,540,14.27,2437.9,Won,2026-09-20 18:29:24
1927,900,28.37,162.56,Pending,2026-09-22 07:12:58
1928,133,17.45,405.02,Lost,2026-09-21 16:42:17
1929,680,14.05,2084.27,Won,2026-09-23 20:29:34
1930,862,8.15,2587.75,Pending,2026-09-28 01:32:17
1931,714,94.31,7736.44,Won,2026-09-26 22:34:06
1932,852,67.54,12181.83,Cancelled,2026-09-27 13:20:32
1933,728,50.34,42506.32,Lost,2026-09-27 23:59:31
1934,507,11.78,712.36,Won,2026-09-25 22:22:40
1935,378,73.72,4009.08,Pending,2026-09-22 01:13:59
1936,644,62.07,1709.16,Pending,2026-09-27 02:27:45
1937,65,13.76,32.47,Won,2026-09-23 12:20:38
1938,617,25.14,2346.09,Lost,2026-09-21 08:00:16
1939,156,64.57,4342.06,Lost,2026-09-27 14:48:19
1940,634,21.96,944.23,Pending,2026-09-25 21:10:06
1941,196,22.85,80.2,Won,2026-09-23 10:06:18
1942,910,47.73,12376.38,Lost,2026-09-26 12:20:02
1943,91,8.34,1129.85,Won,2026-09-21 00:16:57
1944,29,88.05,346.92,Won,2026-09-24 04:19:27
1945,318,23.63,639.49,Lost,2026-09-23 14:15:41
1946,505,46.52,7091.85,Lost,2026-09-25 16:54:21
1947,969,75.01,15184.09,Lost,2026-09-24 02:29:19
1948,564,40.88,121.41,Pending,2026-09-19 00:02:00
1949,550,10.33,1981.39,Cancelled,2026-09-23 17:22:04
1950,465,68.15,70566.64,Won,2026-09-18 17:30:12
1951,595,27.33,5576.4,Won,2026-09-28 06:27:12
1952,929,37.22,540.87,Won,2026-09-19 08:30:46
1953,595,8.52,28.03,Won,2026-09-20 06:14:25
1954,930,32.01,167.09,Lost,2026-09-20 00:44:48
1955,161,35.05,101.29,Lost,2026-09-26 01:42:02
1956,123,17.88,1091.85,Won,2026-09-24 14:51:47
1957,161,8.75,298.59,Won,2026-09-18 17:55:10
1958,791,27.35,1851.49,Won,2026-09-22 23:27:09
1959,820,17.9,103.64,Lost,2026-09-25 11:01:03
1960,433,40.43,14460.78,Lost,2026-09-18 12:44:28
1961,410,47.38,2927.7,Won,2026-09-19 18:39:01
1962,646,46.03,443.49,Won,2026-09-25 22:06:39
1963,759,93.45,244.84,Lost,2026-09-21 04:47:10
1964,633,64.62,2334.62,Lost,2026-09-21 23:00:46
1965,649,83.06,6364.66,Lost,2026-09-27 04:45:43
1966,926,70.15,568.22,Won,2026-09-22 02:15:55
1967,469,40.18,148.88,Won,2026-09-25 17:10:17
1968,903,82.57,616.8,Pending,2026-09-20 21:36:33
1969,231,79.53,394.47,Pending,2026-09-24 03:30:03
1970,948,90.35,224.07,Cancelled,2026-09-18 10:59:11
1971,323,93.08,1108.3,Lost,2026-09-27 21:56:27
1972,852,96.06,236.31,Pending,2026-09-18 19:07:02
1973,922,32.75,56.0,Lost,2026-09-20 02:41:35
1974,62,97.38,2827.82,Won,2026-09-27 01:37:34
1975,656,38.05,14245.73,Lost,2026-09-20 09:14:35
1976,584,99.9,5862.24,Pending,2026-09-21 01:46:51
1977,737,48.49,3768.9,Won,2026-09-20 07:36:01
1978,198,24.75,719.89,Won,2026-09-23 00:40:19
1979,582,64.98,76.03,Won,2026-09-18 22:23:30
1980,110,30.33,62.48,Pending,2026-09-19 23:37:28
1981,532,26.3,3495.19,Won,2026-09-21 19:57:06
1982,576,34.83,1764.55,Pending,2026-09-26 11:57:19
1983,167,68.42,92309.11,Won,2026-09-21 16:47:13
1984,480,24.41,4686.52,Won,2026-09-24 09:57:47
1985,798,89.32,660.97,Won,2026-09-19 20:14:28
1986,819,17.53,86.77,Won,2026-09-23 20:24:58
1987,91,51.19,355.3,Pending,2026-09-21 07:17:41
1988,400,63.75,10954.14,Won,2026-09-19 12:39:27
1989,904,25.97,11193.16,Won,2026-09-21 22:00:35
1990,26,94.14,303.13,Won,2026-09-27 23:17:44
1991,456,50.44,251.7,Lost,2026-09-25 11:10:04
1992,917,5.77,5518.48,Won,2026-09-27 14:19:19
1993,393,80.27,558.68,Pending,2026-09-28 03:07:11
1994,854,38.08,56653.43,Lost,2026-09-27 10:16:40
1995,965,43.07,153.76,Cancelled,2026-09-25 23:46:16
1996,215,86.64,4991.69,Lost,2026-09-21 17:33:59
1997,830,99.28,8617.38,Won,2026-09-21 05:33:29
1998,17,50.25,12857.08,Pending,2026-09-21 16:50:36
1999,503,16.08,393.88,Won,2026-09-24 08:56:19
2000,576,44.81,4204.05,Pending,2026-09-21 19:12:30
2001,768,59.53,485.17,Pending,2026-09-18 14:45:48
2002,666,96.66,45901.99,Won,2026-09-24 20:32:04
2003,269,56.92,200.36,Won,2026-09-24 13:20:45
2004,392,71.32,110143.76,Pending,2026-09-27 21:09:43
2005,1000,73.36,377.8,Pending,2026-09-19 17:07:59
2006,955,36.45,591.54,Won,2026-09-25 22:19:06
2007,372,56.29,2542.1,Won,2026-09-23 09:15:57
2008,196,84.51,9695.14,Pending,2026-09-27 03:24:44
2009,292,40.71,59.03,Lost,2026-09-19 09:16:45
2010,268,77.15,16362.24,Lost,2026-09-25 20:11:40
2011,54,54.2,3226.03,Lost,2026-09-22 18:30:33
2012,710,79.19,1223.85,Won,2026-09-22 01:38:16
2013,169,27.43,1068.8,Won,2026-09-22 19:46:27
2014,248,80.01,522.64,Pending,2026-09-20 17:32:23
2015,755,89.05,455.05,Lost,2026-09-22 13:02:53
2016,814,10.04,4931.27,Won,2026-09-25 12:52:28
2017,738,56.72,9117.06,Pending,2026-09-18 21:11:42
2018,848,60.31,6777.01,Won,2026-09-22 14:15:18
2019,664,63.69,6474.6,Lost,2026-09-26 00:37:55
2020,215,68.97,1339.06,Lost,2026-09-21 03:46:08
2021,207,27.75,810.21,Won,2026-09-19 13:33:15
2022,989,76.36,2394.15,Won,2026-09-20 14:55:51
2023,701,76.93,8773.06,Won,2026-09-22 17:45:35
2024,234,7.68,400.07,Lost,2026-09-26 15:38:37
2025,575,68.79,1932.92,Pending,2026-09-25 18:31:18
2026,946,17.65,2859.29,Lost,2026-09-23 14:00:54
2027,184,7.03,146.05,Pending,2026-09-20 05:50:49
2028,122,53.32,410.03,Lost,2026-09-22 14:02:47
2029,437,78.36,1410.96,Won,2026-09-24 09:42:55
2030,416,87.99,33421.99,Pending,2026-09-22 14:52:56
2031,642,75.62,17508.0,Lost,2026-09-21 19:34:14
2032,288,31.23,14511.07,Pending,2026-09-24 19:25:47
2033,249,38.26,141.45,Lost,2026-09-21 23:43:04
2034,122,78.18,604.33,Won,2026-09-22 08:38:27
2035,594,19.93,269.41,Won,2026-09-21 07:21:33
2036,260,82.95,5610.95,Lost,2026-09-25 02:30:51
2037,84,93.45,19808.49,Won,2026-09-23 10:59:10
2038,899,60.1,171148.84,Pending,2026-09-21 04:54:16
2039,102,29.36,108.63,Won,2026-09-22 18:34:35
2040,589,27.0,126.09,Pending,2026-09-19 03:15:02
2041,181,45.5,8116.73,Won,2026-09-25 07:28:17
2042,841,27.48,125.58,Pending,2026-09-20 16:52:40
2043,431,66.33,84955.44,Pending,2026-09-24 09:02:51
2044,259,30.17,4817.61,Pending,2026-09-19 16:19:11
2045,652,25.85,152.52,Won,2026-09-27 21:29:37
2046,887,26.07,2535.03,Pending,2026-09-23 09:44:51
2047,231,83.69,3647.35,Pending,2026-09-19 05:39:32
2048,119,49.88,23405.54,Won,2026-09-26 14:04:08
2049,429,54.27,1389.67,Won,2026-09-18 15:56:17
2050,80,33.83,1174.46,Won,2026-09-25 23:17:15
2051,186,97.63,37824.62,Cancelled,2026-09-26 10:30:47
2052,238,89.78,2752.34,Won,2026-09-23 08:50:32
2053,968,94.35,3467.83,Won,2026-09-26 18:53:47
2054,606,17.12,1559.11,Won,2026-09-19 08:35:34
2055,349,54.15,16024.7,Pending,2026-09-18 18:29:00
2056,822,73.84,2385.44,Lost,2026-09-27 03:40:33
2057,123,4.1,20.95,Won,2026-09-25 18:31:28
2058,261,8.66,308.48,Won,2026-09-25 13:43:15
2059,192,43.38,245.96,Pending,2026-09-24 10:55:52
2060,914,10.25,55.26,Won,2026-09-20 14:27:25
2061,814,63.64,13476.47,Won,2026-09-20 23:35:38
2062,271,6.78,11.53,Lost,2026-09-20 20:32:11
2063,125,70.1,229.23,Pending,2026-09-21 04:13:56
2064,626,14.9,13517.04,Won,2026-09-22 04:14:57
2065,273,68.87,2785.22,Won,2026-09-18 18:40:24
2066,95,88.81,62958.39,Pending,2026-09-21 21:24:27
2067,397,90.59,294.42,Won,2026-09-22 06:56:27
2068,428,90.32,11089.34,Won,2026-09-24 03:02:45
2069,132,10.94,90.58,Lost,2026-09-22 11:10:03
2070,306,38.01,17667.49,Won,2026-09-18 18:58:04
2071,281,18.69,76.44,Cancelled,2026-09-22 19:17:41
2072,505,57.32,391.21,Pending,2026-09-24 08:58:52
2073,627,45.6,478.61,Lost,2026-09-26 23:55:22
2074,654,49.15,6042.68,Lost,2026-09-25 13:34:38
2075,552,43.65,1183.32,Won,2026-09-27 13:32:13
2076,957,47.86,2519.92,Cancelled,2026-09-20 12:14:57
2077,488,27.82,350.03,Lost,2026-09-22 20:18:29
2078,978,92.25,1385.85,Lost,2026-09-28 06:29:12
2079,944,5.24,504.38,Won,2026-09-21 16:33:17
2080,743,48.04,122.02,Won,2026-09-24 00:46:51
2081,885,28.65,181.35,Won,2026-09-21 11:04:26
2082,89,26.19,73.59,Won,2026-09-21 05:52:41
2083,63,82.58,13376.31,Lost,2026-09-21 15:54:52
2084,173,27.97,2356.21,Pending,2026-09-21 21:01:06
2085,968,18.32,115.78,Won,2026-09-20 10:01:45
2086,578,89.53,4371.91,Won,2026-09-28 02:12:19
2087,925,76.73,226.48,Won,2026-09-23 07:26:14
2088,868,91.53,47370.97,Lost,2026-09-27 15:32:53
2089,947,83.54,659.13,Won,2026-09-20 07:58:53
2090,556,51.66,162.73,Cancelled,2026-09-22 20:45:48
2091,364,8.06,397.74,Won,2026-09-24 17:40:27
2092,582,49.89,123.73,Pending,2026-09-24 15:21:40
2093,234,63.29,1963.48,Won,2026-09-24 11:12:52
2094,905,35.71,1475.58,Won,2026-09-20 06:10:56
2095,419,73.76,2595.32,Won,2026-09-26 17:24:15
2096,241,56.16,2965.69,Won,2026-09-25 15:53:43
2097,502,33.13,18219.15,Won,2026-09-21 05:39:19
2098,448,20.15,8792.44,Lost,2026-09-19 17:04:33
2099,800,67.32,549.71,Pending,2026-09-19 23:00:11
2100,471,5.06,24.64,Won,2026-09-20 14:48:15
2101,276,99.89,677.25,Pending,2026-09-22 04:52:27
2102,399,49.25,10020.97,Won,2026-09-27 03:10:24
2103,861,86.41,4093.7,Lost,2026-09-23 15:17:57
2104,255,82.28,1323.74,Pending,2026-09-18 14:18:37
2105,345,91.1,4926.49,Pending,2026-09-24 23:09:56
2106,761,46.09,219.85,Pending,2026-09-18 13:22:13
2107,134,51.49,161.68,Won,2026-09-26 14:20:06
2108,211,19.75,39444.11,Won,2026-09-20 00:45:56
2109,175,84.58,14170.3,Pending,2026-09-24 03:45:19
2110,876,2.11,1239.76,Pending,2026-09-20 17:34:03
2111,830,58.19,2292.48,Cancelled,2026-09-25 04:22:42
2112,648,86.24,66080.96,Lost,2026-09-24 05:43:09
2113,888,25.21,611.5,Lost,2026-09-22 18:11:56
2114,125,79.48,238.44,Lost,2026-09-22 15:28:11
2115,416,53.28,572.03,Pending,2026-09-18 22:34:01
2116,571,81.62,56990.06,Pending,2026-09-27 15:09:17
2117,336,37.63,106.49,Lost,2026-09-24 07:42:34
2118,275,74.6,450.58,Pending,2026-09-27 06:09:53
2119,416,58.16,510.39,Won,2026-09-24 13:07:22
2120,764,97.29,8129.48,Pending,2026-09-20 20:56:11
2121,761,17.14,1565.7,Won,2026-09-19 00:29:48
2122,328,6.5,51.95,Lost,2026-09-28 04:57:38
2123,930,98.68,734.18,Lost,2026-09-21 00:15:18
2124,846,23.04,4493.09,Pending,2026-09-23 00:33:29
2125,879,72.42,2746.48,Won,2026-09-22 21:39:07
2126,577,9.54,34.53,Lost,2026-09-23 11:22:37
2127,775,9.73,282.89,Cancelled,2026-09-19 03:22:16
2128,893,6.86,36.15,Won,2026-09-19 18:31:49
2129,733,80.98,148.75,Won,2026-09-19 07:54:58
2130,480,19.74,1605.61,Cancelled,2026-09-18 23:22:27
2131,381,17.35,1562.85,Won,2026-09-20 10:16:21
2132,553,93.32,1720.58,Won,2026-09-19 23:05:04
2133,680,72.72,2622.69,Won,2026-09-25 10:56:27
2134,140,94.17,37825.26,Pending,2026-09-20 15:43:11
2135,608,97.18,602.52,Pending,2026-09-21 10:16:38
2136,693,91.67,3345.64,Lost,2026-09-22 00:02:49
2137,654,21.34,1067.51,Pending,2026-09-25 04:33:23
2138,820,96.19,1278.6,Won,2026-09-22 14:26:06
2139,929,46.7,293.28,Pending,2026-09-22 08:10:27
2140,536,62.41,128.56,Lost,2026-09-25 05:36:44
2141,673,20.58,2469.8,Pending,2026-09-25 19:38:07
2142,117,13.31,5130.19,Lost,2026-09-20 09:30:06
2143,715,19.11,100.9,Won,2026-09-25 13:13:37
2144,707,54.47,791.86,Pending,2026-09-24 05:13:10
2145,580,3.79,197.57,Cancelled,2026-09-22 17:22:26
2146,482,88.01,12515.53,Pending,2026-09-20 09:44:02
2147,970,46.2,22041.25,Won,2026-09-27 07:49:30
2148,389,48.73,446.3,Pending,2026-09-27 01:49:35
2149,79,96.82,12561.34,Lost,2026-09-26 09:39:43
2150,585,33.92,3537.38,Won,2026-09-24 13:36:41
2151,179,34.14,1564.15,Pending,2026-09-24 04:58:04
2152,804,7.11,2449.31,Won,2026-09-25 06:19:26
2153,664,5.58,261.87,Pending,2026-09-19 08:14:53
2154,977,59.96,133.11,Lost,2026-09-22 20:23:58
2155,960,98.85,4266.52,Pending,2026-09-19 15:45:56
2156,267,58.35,959.67,Won,2026-09-24 23:54:14
2157,254,86.93,12360.72,Won,2026-09-22 03:16:09
2158,591,38.38,232.58,Pending,2026-09-21 13:05:54
2159,263,84.42,6697.3,Won,2026-09-20 06:35:24
2160,169,46.33,7231.9,Lost,2026-09-19 09:37:31
2161,583,89.3,12399.0,Pending,2026-09-24 23:14:25
2162,863,41.31,197.46,Won,2026-09-25 06:33:28
2163,192,4.82,25.88,Pending,2026-09-25 14:41:51
2164,725,21.75,48729.93,Pending,2026-09-27 17:25:46
2165,147,70.08,9541.15,Lost,2026-09-20 11:20:32
2166,620,11.26,138.86,Pending,2026-09-24 13:46:15
2167,180,10.07,448.53,Won,2026-09-27 21:05:36
2168,719,17.5,3267.53,Lost,2026-09-22 00:23:43
2169,569,54.41,16632.6,Lost,2026-09-23 23:25:35
2170,947,62.1,17706.85,Pending,2026-09-18 10:05:45
2171,179,84.34,662.07,Pending,2026-09-22 10:52:17
2172,391,98.6,11852.25,Lost,2026-09-19 02:13:59
2173,678,50.72,766.89,Pending,2026-09-26 14:10:41
2174,315,89.4,4946.84,Won,2026-09-26 23:32:34
2175,111,20.66,2806.02,Lost,2026-09-21 14:36:42
2176,220,29.67,517.65,Pending,2026-09-21 12:31:25
2177,517,93.01,15463.24,Lost,2026-09-26 20:27:01
2178,596,56.62,8697.12,Lost,2026-09-20 14:44:07
2179,812,84.87,22759.62,Lost,2026-09-21 09:54:50
2180,711,98.36,1549.76,Pending,2026-09-24 18:47:49
2181,763,19.05,1660.38,Won,2026-09-21 13:10:55
2182,889,67.59,4992.67,Pending,2026-09-20 16:56:44
2183,746,24.48,686.97,Won,2026-09-25 21:31:21
2184,68,32.3,57234.45,Won,2026-09-25 02:31:14
2185,430,77.32,1753.48,Lost,2026-09-27 07:51:59
2186,204,99.02,1234.74,Won,2026-09-18 10:26:01
2187,691,49.43,14918.0,Pending,2026-09-23 11:02:36
2188,676,9.38,2536.77,Won,2026-09-27 00:33:47
2189,636,55.39,200.51,Pending,2026-09-25 17:56:05
2190,70,56.28,22820.35,Pending,2026-09-27 01:34:55
2191,645,85.15,670.98,Pending,2026-09-23 21:21:19
2192,165,2.13,13.74,Won,2026-09-19 07:36:38
2193,667,21.95,5022.87,Lost,2026-09-25 02:28:05
2194,839,12.53,78.3,Won,2026-09-20 19:35:54
2195,18,94.96,284.88,Lost,2026-09-26 08:06:21
2196,771,15.26,89.12,Pending,2026-09-25 22:16:11
2197,830,76.71,1032.43,Lost,2026-09-23 05:02:58
2198,392,3.33,25.74,Won,2026-09-21 00:02:41
2199,635,80.99,122602.95,Pending,2026-09-21 02:00:54
2200,445,63.58,29128.67,Lost,2026-09-21 01:32:55
2201,996,23.2,424.98,Pending,2026-09-18 12:14:08
2202,733,49.31,839.2,Lost,2026-09-23 01:36:34
2203,429,20.4,5502.04,Pending,2026-09-25 18:32:29
2204,533,20.39,1304.33,Pending,2026-09-22 02:29:37
2205,101,53.08,5680.22,Pending,2026-09-23 16:56:09
2206,674,58.86,6936.36,Pending,2026-09-26 22:21:45
2207,106,26.05,31.0,Pending,2026-09-23 21:17:06
2208,234,3.43,8075.6,Lost,2026-09-26 03:58:19
2209,582,79.74,156.29,Won,2026-09-20 14:58:07
2210,465,11.98,603.74,Won,2026-09-26 19:04:25
2211,173,55.3,25991.67,Won,2026-09-27 15:06:26
2212,981,46.74,4931.81,Cancelled,2026-09-25 12:13:15
2213,114,26.54,15709.02,Lost,2026-09-19 12:25:02
2214,980,43.43,3401.86,Pending,2026-09-25 12:14:54
2215,963,33.81,18411.08,Cancelled,2026-09-24 01:56:30
2216,660,83.63,1238.14,Lost,2026-09-22 09:38:04
2217,897,64.73,1299.2,Won,2026-09-23 18:08:52
2218,314,89.14,4432.49,Won,2026-09-19 12:01:00
2219,847,84.61,6588.03,Won,2026-09-19 18:41:11
2220,837,38.96,195.19,Lost,2026-09-18 10:40:19
2221,313,28.46,1607.12,Pending,2026-09-22 17:05:56
2222,917,37.47,294.51,Won,2026-09-24 01:34:19
2223,862,50.07,1783.32,Won,2026-09-22 11:48:26
2224,250,12.84,5698.38,Lost,2026-09-21 17:14:00
2225,543,5.68,169.09,Lost,2026-09-25 17:29:18
2226,556,98.63,765.37,Won,2026-09-24 13:24:19
2227,701,39.75,3853.5,Won,2026-09-28 00:25:50
2228,654,72.68,2657.1,Won,2026-09-23 18:41:06
2229,461,75.23,528.87,Won,2026-09-24 17:33:08
2230,293,86.17,3171.45,Lost,2026-09-25 21:40:39
2231,69,49.41,9694.95,Lost,2026-09-26 19:26:15
2232,349,68.14,325.71,Won,2026-09-19 15:41:39
2233,476,37.9,636.88,Lost,2026-09-19 09:05:48
2234,178,40.19,1323.38,Won,2026-09-20 19:06:13
2235,218,15.43,86.56,Won,2026-09-24 17:10:32
2236,678,13.42,599.65,Lost,2026-09-19 13:35:47
2237,587,70.11,9923.1,Lost,2026-09-20 21:38:28
2238,972,70.74,22995.76,Pending,2026-09-28 06:16:04
2239,735,77.18,476.97,Won,2026-09-21 20:28:23
2240,114,20.41,39133.72,Lost,2026-09-21 17:08:45
2241,796,95.9,245.5,Cancelled,2026-09-19 15:37:37
2242,94,28.55,4315.54,Lost,2026-09-22 22:45:06
2243,775,76.47,1655.47,Cancelled,2026-09-23 14:14:14
2244,449,58.94,88.33,Pending,2026-09-21 04:49:13
2245,88,97.43,2334.23,Lost,2026-09-27 12:56:45
2246,209,97.24,60730.84,Won,2026-09-25 16:32:12
2247,484,15.85,833.62,Pending,2026-09-23 13:07:22
2248,443,90.29,23685.84,Lost,2026-09-24 17:56:30
2249,246,38.37,2533.54,Won,2026-09-21 13:40:18
2250,366,55.56,16195.95,Lost,2026-09-20 08:01:05
2251,732,36.1,2474.35,Lost,2026-09-23 13:22:54
2252,955,38.0,67064.09,Won,2026-09-24 02:58:23
2253,683,68.47,58432.08,Won,2026-09-25 05:08:44
2254,863,36.91,1022.62,Won,2026-09-26 23:44:59
2255,332,52.55,3076.76,Lost,2026-09-27 19:37:30
2256,286,66.32,29155.51,Lost,2026-09-24 07:34:39
2257,490,42.91,6745.13,Won,2026-09-24 08:28:58
2258,589,70.04,4146.65,Won,2026-09-23 23:35:24
2259,105,94.78,4577.87,Won,2026-09-26 17:15:23
2260,565,67.55,6591.4,Pending,2026-09-21 15:48:44
2261,889,99.98,221307.8,Pending,2026-09-20 14:51:22
2262,649,56.15,5188.66,Lost,2026-09-20 02:17:19
2263,140,24.81,1625.39,Won,2026-09-18 11:20:22
2264,954,91.81,62354.76,Lost,2026-09-25 22:59:39
2265,813,16.74,65.62,Pending,2026-09-26 10:59:29
2266,188,19.29,135.99,Pending,2026-09-27 21:33:37
2267,76,64.27,35773.37,Pending,2026-09-19 09:11:19
2268,941,82.59,3833.84,Won,2026-09-21 03:09:10
2269,387,68.07,511.21,Lost,2026-09-24 21:57:49
2270,176,55.61,990.34,Won,2026-09-25 18:19:25
2271,607,66.85,5956.62,Cancelled,2026-09-19 21:32:28
2272,452,78.48,3727.81,Won,2026-09-20 12:49:44
2273,29,88.62,2064.35,Cancelled,2026-09-19 08:45:12
2274,257,40.99,1885.95,Cancelled,2026-09-26 20:58:02
2275,434,8.33,114.41,Lost,2026-09-24 17:08:01
2276,117,77.8,2873.27,Pending,2026-09-21 03:17:45
2277,387,37.19,817.98,Won,2026-09-19 00:34:14
2278,159,5.11,62.47,Won,2026-09-26 00:56:34
2279,692,49.93,2413.31,Pending,2026-09-24 04:54:43
2280,340,6.07,39.82,Lost,2026-09-23 08:10:25
2281,379,36.39,1138.68,Won,2026-09-19 20:50:40
2282,412,18.61,294.27,Pending,2026-09-24 09:47:57
2283,717,78.14,3397.2,Pending,2026-09-22 02:40:08
2284,389,19.65,27511.27,Lost,2026-09-20 23:11:17
2285,846,91.0,331.24,Lost,2026-09-23 05:45:03
2286,511,76.4,343.8,Won,2026-09-22 09:49:04
2287,569,74.79,1181.71,Pending,2026-09-20 00:33:39
2288,143,66.93,167.33,Lost,2026-09-27 02:38:49
2289,124,67.26,41011.13,Pending,2026-09-20 04:39:18
2290,631,8.57,1641.21,Won,2026-09-22 15:13:31
2291,434,64.55,161.38,Pending,2026-09-27 09:36:46
2292,645,57.79,803.08,Pending,2026-09-27 22:58:22
2293,306,32.88,1034.2,Lost,2026-09-18 10:14:29
2294,390,33.03,1194.99,Pending,2026-09-18 10:44:23
2295,937,5.87,188.26,Cancelled,2026-09-25 18:07:19
2296,270,58.48,809.73,Pending,2026-09-23 20:13:15
2297,829,52.06,394.61,Lost,2026-09-21 05:35:22
2298,471,87.47,23725.66,Lost,2026-09-25 23:19:50
2299,61,62.62,301.2,Lost,2026-09-20 23:53:36
2300,622,23.3,146.44,Won,2026-09-25 21:58:25
2301,470,50.87,2977.21,Lost,2026-09-18 15:47:58
2302,424,66.34,967.56,Lost,2026-09-24 07:57:12
2303,851,95.92,384.64,Pending,2026-09-26 04:29:57
2304,295,47.77,33004.1,Won,2026-09-19 03:57:35
2305,861,78.82,1212.69,Pending,2026-09-19 06:43:16
2306,608,84.17,99102.95,Won,2026-09-20 23:35:11
2307,551,44.37,1104.95,Pending,2026-09-19 16:49:28
2308,967,44.62,1134.08,Pending,2026-09-22 13:46:16
2309,670,2.12,54.65,Pending,2026-09-25 18:26:29
2310,514,67.87,1001.19,Won,2026-09-23 04:36:34
2311,700,57.87,27470.31,Lost,2026-09-25 03:11:44
2312,334,57.91,3696.99,Pending,2026-09-21 13:25:06
2313,203,62.97,29250.57,Cancelled,2026-09-19 04:42:58
2314,325,71.38,54889.58,Pending,2026-09-25 08:19:01
2315,739,18.92,1129.99,Won,2026-09-25 23:21:18
2316,773,65.41,82.42,Pending,2026-09-22 06:23:56
2317,559,67.93,142.65,Pending,2026-09-28 06:15:15
2318,228,24.71,181.77,Won,2026-09-19 18:55:47
2319,915,16.22,660.59,Pending,2026-09-23 21:46:43
2320,464,34.5,21052.69,Won,2026-09-18 13:48:02
2321,762,90.59,667.65,Won,2026-09-26 10:51:01
2322,363,8.23,726.7,Cancelled,2026-09-20 13:57:08
2323,321,13.12,330.54,Lost,2026-09-27 13:39:54
2324,593,23.93,4352.37,Pending,2026-09-26 00:47:48
2325,323,44.77,50585.69,Pending,2026-09-20 09:07:36
2326,42,20.77,762.69,Won,2026-09-24 06:10:24
2327,825,46.6,5155.32,Lost,2026-09-21 22:36:54
2328,820,5.21,244.5,Lost,2026-09-25 02:48:44
2329,383,92.11,601.48,Pending,2026-09-20 00:57:12
2330,498,13.37,308.38,Lost,2026-09-22 06:42:21
2331,627,63.89,2139.07,Pending,2026-09-25 13:14:50
2332,552,25.88,190.22,Pending,2026-09-25 00:17:54
2333,170,8.17,887.0,Pending,2026-09-21 00:19:03
2334,295,79.25,5601.7,Won,2026-09-22 16:12:44
2335,380,83.39,335.23,Pending,2026-09-25 16:29:08
2336,395,20.05,2317.8,Won,2026-09-23 05:59:14
2337,279,66.42,149.52,Pending,2026-09-25 11:36:15
2338,371,49.08,14579.93,Pending,2026-09-27 20:45:37
2339,453,43.88,3287.53,Won,2026-09-24 02:22:51
2340,464,47.07,4833.43,Won,2026-09-26 02:45:47
2341,459,41.11,9110.7,Pending,2026-09-24 00:56:35
2342,614,46.62,288.11,Won,2026-09-19 15:34:17
2343,59,69.92,3432.52,Cancelled,2026-09-21 22:22:58
2344,487,84.42,10575.78,Won,2026-09-21 19:42:51
2345,314,63.17,1778.87,Won,2026-09-27 13:19:50
2346,732,94.63,484.51,Lost,2026-09-21 20:57:12
2347,324,46.7,69.12,Won,2026-09-24 16:33:30
2348,370,64.01,917.2,Won,2026-09-22 11:26:13
2349,841,56.27,171.06,Won,2026-09-27 00:53:56
2350,824,97.39,29502.57,Lost,2026-09-21 03:44:39
2351,684,12.21,78.39,Won,2026-09-24 12:30:17
2352,504,15.94,879.27,Lost,2026-09-26 15:11:26
2353,537,22.32,3932.98,Lost,2026-09-20 13:22:21
2354,166,21.78,4386.49,Lost,2026-09-25 02:10:07
2355,350,55.19,17755.1,Cancelled,2026-09-20 06:08:24
2356,554,80.25,1286.33,Won,2026-09-23 15:55:46
2357,358,20.29,117.28,Pending,2026-09-20 13:08:23
2358,557,19.73,510.26,Lost,2026-09-23 15:04:47
2359,998,91.79,175.32,Pending,2026-09-19 12:19:39
2360,658,27.04,3339.0,Won,2026-09-22 08:59:58
2361,501,89.57,9034.07,Lost,2026-09-18 15:24:06
2362,578,5.8,1577.2,Pending,2026-09-22 01:57:07
2363,927,44.08,316.94,Cancelled,2026-09-26 06:06:34
2364,234,95.53,27371.89,Lost,2026-09-27 22:44:43
2365,342,28.35,41.39,Pending,2026-09-23 15:48:45
2366,952,7.85,1041.79,Won,2026-09-24 11:05:21
2367,382,36.85,76.28,Lost,2026-09-18 16:27:18
2368,451,88.3,287.86,Won,2026-09-23 15:04:50
2369,848,43.81,1008.64,Cancelled,2026-09-25 03:51:59
2370,947,9.07,83.53,Pending,2026-09-23 03:59:51
2371,324,34.37,693.0,Won,2026-09-25 12:57:02
2372,676,9.32,2239.83,Lost,2026-09-18 23:39:01
2373,419,63.4,445.07,Pending,2026-09-19 20:04:31
2374,942,48.61,183.89,Pending,2026-09-25 01:47:36
2375,543,29.59,1590.65,Won,2026-09-27 12:35:36
2376,964,16.86,203.91,Won,2026-09-25 09:54:08
2377,174,19.86,1547.29,Pending,2026-09-22 13:39:20
2378,108,59.37,1447.6,Pending,2026-09-24 22:51:09
2379,366,13.98,98.98,Lost,2026-09-25 07:43:01
2380,367,84.54,551.2,Won,2026-09-20 04:18:08
2381,572,3.81,102.16,Cancelled,2026-09-22 00:59:32
2382,410,85.67,256.91,Lost,2026-09-19 08:49:31
2383,176,44.18,11871.72,Won,2026-09-24 05:51:22
2384,509,63.77,440.01,Cancelled,2026-09-28 07:53:34
2385,305,76.98,21691.57,Won,2026-09-19 17:29:55
2386,378,84.52,131.85,Won,2026-09-27 05:21:09
2387,90,19.09,4661.88,Won,2026-09-21 07:48:58
2388,621,36.0,1454.69,Won,2026-09-26 15:06:22
2389,800,17.65,3997.01,Pending,2026-09-26 12:06:58
2390,522,38.41,71.06,Lost,2026-09-20 13:21:54
2391,287,64.99,13227.38,Pending,2026-09-26 07:22:29
2392,508,21.4,1591.69,Pending,2026-09-18 13:24:21
2393,940,6.32,300.36,Lost,2026-09-27 04:52:35
2394,521,80.78,12139.51,Won,2026-09-27 10:01:36
2395,234,25.72,1042.49,Pending,2026-09-25 01:07:04
2396,871,45.59,3710.07,Lost,2026-09-19 15:13:05
2397,512,59.44,444.02,Won,2026-09-19 07:26:44
2398,401,43.45,311.97,Won,2026-09-23 01:32:55
2399,559,54.03,933.99,Lost,2026-09-24 19:23:35
2400,962,60.23,169088.87,Won,2026-09-28 03:47:35
2401,486,4.73,6.24,Pending,2026-09-26 07:08:44
2402,570,69.88,655.12,Pending,2026-09-24 17:04:39
2403,299,17.55,6545.02,Won,2026-09-19 12:09:02
2404,555,9.81,76.08,Pending,2026-09-19 01:00:02
2405,515,51.24,1275.89,Lost,2026-09-26 05:41:34
2406,890,70.37,15368.26,Pending,2026-09-27 11:59:54
2407,744,25.25,2959.14,Lost,2026-09-24 09:20:55
2408,259,21.74,169.79,Pending,2026-09-25 21:07:18
2409,78,21.88,953.91,Cancelled,2026-09-24 20:31:28
2410,59,23.23,154.25,Lost,2026-09-21 04:46:39
2411,121,57.32,174.83,Won,2026-09-24 16:58:47
2412,337,58.89,166.07,Pending,2026-09-24 10:09:36
2413,71,40.17,6198.69,Pending,2026-09-28 08:22:40
2414,911,38.68,12736.46,Lost,2026-09-27 07:31:58
2415,862,52.9,440.66,Won,2026-09-27 13:58:25
2416,317,70.81,379.58,Pending,2026-09-18 22:41:16
2417,954,58.8,145363.75,Lost,2026-09-25 09:25:11
2418,121,91.38,2576.15,Lost,2026-09-21 05:45:33
2419,232,8.29,924.56,Won,2026-09-22 08:05:54
2420,817,85.39,29700.71,Pending,2026-09-25 15:57:38
2421,442,36.26,1252.02,Pending,2026-09-27 13:27:41
2422,898,83.11,3610.27,Lost,2026-09-24 11:38:12
2423,705,6.8,757.67,Won,2026-09-18 13:46:36
2424,203,61.08,48159.62,Lost,2026-09-21 19:29:40
2425,14,57.69,1710.88,Won,2026-09-20 04:01:35
2426,541,3.07,57.84,Won,2026-09-28 08:19:09
2427,786,35.65,5404.16,Pending,2026-09-25 19:06:00
2428,21,75.16,1469.08,Won,2026-09-19 03:25:44
2429,953,42.01,9154.94,Won,2026-09-19 02:47:26
2430,74,95.35,2665.13,Pending,2026-09-18 13:48:59
2431,724,81.75,278.77,Lost,2026-09-26 16:03:48
2432,297,53.88,3165.34,Lost,2026-09-18 10:42:06
2433,165,18.7,702.1,Won,2026-09-26 01:07:01
2434,33,20.58,1369.01,Pending,2026-09-23 13:29:58
2435,160,24.06,462.28,Lost,2026-09-26 09:07:26
2436,135,37.16,605.71,Won,2026-09-27 11:33:12
2437,228,3.08,166.38,Won,2026-09-27 21:54:08
2438,310,97.55,209.73,Lost,2026-09-22 22:46:41
2439,719,59.32,85979.27,Pending,2026-09-28 05:01:00
2440,451,10.76,20226.63,Pending,2026-09-20 08:36:55
2441,637,30.13,2177.78,Lost,2026-09-18 22:28:53
2442,693,76.39,7325.06,Lost,2026-09-27 09:35:43
2443,399,16.65,1551.22,Won,2026-09-22 22:22:05
2444,8,2.75,7.78,Won,2026-09-25 03:07:26
2445,883,23.73,163.11,Lost,2026-09-24 16:57:43
2446,821,59.89,8217.58,Lost,2026-09-28 06:18:01
2447,175,19.18,12761.3,Won,2026-09-25 15:58:34
2448,670,18.48,1022.52,Lost,2026-09-24 11:24:14
2449,64,42.81,16433.45,Cancelled,2026-09-21 19:45:38
2450,698,91.74,1427.07,Won,2026-09-27 18:39:21
2451,933,7.64,37.51,Won,2026-09-27 12:36:12
2452,638,47.87,6386.15,Lost,2026-09-20 02:43:11
2453,809,69.39,271.31,Won,2026-09-18 13:51:06
2454,639,38.73,2695.43,Lost,2026-09-25 07:33:05
2455,64,38.2,6569.8,Won,2026-09-25 14:47:37
2456,82,28.46,7662.77,Pending,2026-09-28 09:30:52
2457,764,79.29,516.42,Pending,2026-09-20 08:23:07
2458,186,81.2,18629.3,Pending,2026-09-26 03:00:59
2459,323,52.37,438.86,Cancelled,2026-09-18 14:30:09
2460,298,52.4,1517.53,Won,2026-09-24 08:16:06
2461,915,67.34,7088.05,Lost,2026-09-24 18:53:22
2462,747,40.5,8666.25,Lost,2026-09-20 16:53:49
2463,534,60.22,77.68,Won,2026-09-27 09:13:32
2464,628,88.28,2329.48,Won,2026-09-23 19:08:19
2465,408,67.97,31857.18,Lost,2026-09-28 04:37:53
2466,323,18.63,11629.22,Won,2026-09-20 08:40:30
2467,111,5.73,3942.29,Lost,2026-09-25 11:23:37
2468,369,99.6,26697.65,Lost,2026-09-21 10:16:44
2469,301,9.88,242.53,Pending,2026-09-21 14:43:52
2470,510,2.06,265.53,Won,2026-09-26 23:07:58
2471,856,75.67,655.82,Cancelled,2026-09-22 09:53:00
2472,921,42.64,245.18,Lost,2026-09-26 05:59:11
2473,81,57.52,461.6,Cancelled,2026-09-20 18:44:35
2474,773,79.14,8010.41,Won,2026-09-26 04:23:29
2475,306,25.47,8010.1,Won,2026-09-18 10:45:37
2476,474,43.06,23116.38,Pending,2026-09-27 04:15:48
2477,631,70.19,3567.76,Lost,2026-09-26 18:32:12
2478,596,35.57,55.13,Won,2026-09-23 09:20:32
2479,982,8.09,211.65,Cancelled,2026-09-23 03:49:39
2480,567,27.8,1074.49,Won,2026-09-25 01:17:24
2481,119,51.65,141.52,Lost,2026-09-26 12:06:12
2482,308,53.4,40446.32,Won,2026-09-24 18:58:20
2483,421,13.84,2484.76,Pending,2026-09-21 04:22:56
2484,579,77.45,1583.64,Pending,2026-09-19 00:18:53
2485,97,47.33,24895.31,Won,2026-09-21 04:49:14
2486,848,14.54,436.55,Cancelled,2026-09-26 07:06:07
2487,211,3.69,43.66,Won,2026-09-26 04:01:52
2488,990,24.15,12370.64,Lost,2026-09-23 04:04:05
2489,728,47.6,361.76,Lost,2026-09-21 14:38:55
2490,663,98.29,6765.56,Lost,2026-09-25 11:48:52
2491,264,13.44,1780.19,Cancelled,2026-09-22 10:38:33
2492,694,73.61,72677.61,Pending,2026-09-25 22:29:48
2493,190,92.68,8795.73,Lost,2026-09-22 16:15:28
2494,181,12.36,28.43,Won,2026-09-27 10:30:04
2495,290,7.04,97.81,Lost,2026-09-24 02:58:36
2496,388,97.85,2077.0,Lost,2026-09-25 01:26:35
2497,81,7.73,164.23,Lost,2026-09-26 06:36:41
2498,377,21.17,209.84,Pending,2026-09-24 18:58:33
2499,650,45.74,329.31,Lost,2026-09-20 01:09:06
2500,666,45.15,115.13,Lost,2026-09-20 18:46:48
2501,238,48.61,107941.99,Pending,2026-09-23 08:36:44
2502,905,72.9,165406.96,Lost,2026-09-27 16:35:15
2503,983,13.25,283.29,Won,2026-09-23 04:09:43
2504,813,37.43,281.56,Pending,2026-09-28 00:36:22
2505,156,55.81,873.18,Lost,2026-09-28 05:17:19
2506,188,14.88,464.91,Won,2026-09-20 02:29:27
2507,250,17.01,264.91,Won,2026-09-26 00:39:54
2508,81,6.9,1421.87,Cancelled,2026-09-19 05:01:19
2509,701,40.16,1885.72,Won,2026-09-27 03:01:41
2510,573,90.78,16269.64,Pending,2026-09-27 20:39:48
2511,542,67.23,23999.8,Lost,2026-09-24 17:46:43
2512,846,61.33,3073.96,Pending,2026-09-20 06:03:29
2513,629,76.51,2891.92,Won,2026-09-28 09:36:23
2514,123,82.77,3894.59,Won,2026-09-24 08:26:30
2515,676,88.1,507.46,Pending,2026-09-20 12:58:17
2516,171,53.75,377.86,Pending,2026-09-19 10:20:50
2517,221,20.77,1482.5,Lost,2026-09-20 20:00:40
2518,384,12.48,4988.88,Pending,2026-09-23 08:16:32
2519,446,56.38,19054.88,Lost,2026-09-24 14:59:07
2520,169,15.67,164.51,Cancelled,2026-09-18 14:09:43
2521,543,82.44,394.72,Won,2026-09-22 00:49:06
2522,686,93.71,4167.3,Won,2026-09-27 12:09:00
2523,49,78.45,331.06,Won,2026-09-26 00:50:26
2524,73,17.73,115.95,Pending,2026-09-27 07:24:46
2525,603,28.17,1135.06,Lost,2026-09-23 04:13:14
2526,473,62.41,355.74,Lost,2026-09-20 00:17:06
2527,881,92.96,251.92,Lost,2026-09-24 19:03:34
2528,933,66.9,17114.48,Lost,2026-09-28 09:03:21
2529,599,19.31,38.23,Won,2026-09-25 18:59:55
2530,687,11.87,259.18,Pending,2026-09-22 00:24:16
2531,848,81.03,2111.71,Cancelled,2026-09-25 17:48:17
2532,74,7.74,150.48,Won,2026-09-20 05:13:13
2533,546,60.41,15603.73,Won,2026-09-19 15:18:44
2534,263,58.39,618.9,Pending,2026-09-21 21:09:43
2535,863,54.01,1736.63,Won,2026-09-25 07:25:09
2536,393,40.83,51.04,Won,2026-09-27 22:15:07
2537,57,89.32,78136.25,Pending,2026-09-26 16:41:43
2538,545,40.44,6326.06,Pending,2026-09-22 19:08:07
2539,146,88.05,517.73,Pending,2026-09-27 09:36:13
2540,156,65.08,25348.95,Won,2026-09-21 17:48:18
2541,642,55.09,1355.94,Pending,2026-09-27 22:27:14
2542,17,75.38,2312.18,Lost,2026-09-21 15:05:56
2543,643,94.06,1113.07,Lost,2026-09-23 20:44:51
2544,16,30.96,50.46,Cancelled,2026-09-23 19:27:48
2545,396,19.57,118.4,Lost,2026-09-20 03:18:30
2546,934,63.58,7294.4,Won,2026-09-19 08:35:50
2547,684,77.23,5583.17,Lost,2026-09-25 01:03:47
2548,25,99.45,292.38,Pending,2026-09-20 03:40:01
2549,766,19.4,5474.34,Lost,2026-09-20 02:45:14
2550,352,81.75,377.69,Won,2026-09-26 09:14:38
2551,235,54.03,390.1,Lost,2026-09-27 03:41:50
2552,321,72.64,235.35,Cancelled,2026-09-18 13:31:27
2553,102,69.44,113.19,Won,2026-09-24 18:38:21
2554,424,9.13,606.13,Lost,2026-09-18 12:52:40
2555,56,40.85,12350.43,Cancelled,2026-09-26 23:19:47
2556,857,18.89,515.7,Won,2026-09-22 09:42:45
2557,770,45.63,12828.91,Pending,2026-09-26 06:32:45
2558,865,56.5,428.83,Won,2026-09-24 08:56:01
2559,541,34.32,283.14,Won,2026-09-19 07:17:40
2560,912,49.33,1468.57,Lost,2026-09-19 19:46:45
2561,94,96.36,6540.72,Won,2026-09-24 07:30:13
2562,670,85.88,20394.81,Won,2026-09-23 14:52:49
2563,469,23.22,1975.94,Lost,2026-09-25 10:09:12
2564,496,37.34,43.69,Won,2026-09-20 03:19:18
2565,723,30.94,309.26,Won,2026-09-22 16:22:42
2566,482,98.78,7144.08,Lost,2026-09-20 08:04:31
2567,225,76.26,11939.12,Cancelled,2026-09-19 14:00:09
2568,134,71.56,360.66,Lost,2026-09-23 12:42:17
2569,737,70.66,2391.07,Pending,2026-09-25 07:37:30
2570,916,78.76,7222.69,Lost,2026-09-23 03:44:41
2571,744,70.08,7218.24,Won,2026-09-23 21:12:55
2572,291,56.02,336.12,Won,2026-09-18 15:28:22
2573,84,43.62,35817.03,Won,2026-09-27 15:28:21
2574,494,96.6,989.42,Pending,2026-09-25 04:52:12
2575,796,86.43,14587.51,Pending,2026-09-19 22:20:35
2576,594,65.08,3406.63,Won,2026-09-20 18:55:36
2577,517,12.02,63.47,Won,2026-09-19 08:04:26
2578,458,6.59,449.58,Lost,2026-09-27 11:50:14
2579,898,81.02,27092.09,Pending,2026-09-21 17:05:48
2580,740,32.44,53.53,Cancelled,2026-09-25 01:09:53
2581,232,90.61,49541.38,Pending,2026-09-21 02:39:56
2582,797,68.68,574.85,Won,2026-09-18 18:00:35
2583,103,89.33,173.3,Won,2026-09-25 12:34:54
2584,638,96.99,114.45,Pending,2026-09-27 13:45:27
2585,539,42.1,1614.62,Won,2026-09-23 15:10:43
2586,895,26.6,127.68,Lost,2026-09-22 09:26:18
2587,630,70.81,297.4,Cancelled,2026-09-25 22:50:49
2588,509,16.27,393.64,Cancelled,2026-09-24 16:56:49
2589,803,18.98,851.88,Won,2026-09-19 14:41:33
2590,766,28.29,5440.82,Lost,2026-09-26 09:21:27
2591,585,4.88,1992.28,Pending,2026-09-22 18:26:24
2592,688,83.14,847.05,Lost,2026-09-27 18:06:22
2593,119,18.0,2192.52,Cancelled,2026-09-22 18:23:10
2594,764,86.17,1301.89,Won,2026-09-24 13:08:12
2595,797,95.3,266.84,Won,2026-09-22 18:16:24
2596,522,21.48,64.01,Won,2026-09-18 23:12:40
2597,583,15.71,501.6,Lost,2026-09-25 03:25:20
2598,567,39.46,927.07,Won,2026-09-22 12:29:27
2599,479,94.33,114.14,Won,2026-09-25 13:19:00
2600,164,47.22,1483.37,Won,2026-09-19 08:35:11
2601,661,4.42,243.63,Lost,2026-09-24 07:02:23
2602,560,19.82,3766.92,Won,2026-09-24 01:25:09
2603,347,10.16,321.3,Won,2026-09-24 23:17:34
2604,586,23.48,204.05,Pending,2026-09-23 01:36:54
2605,341,97.86,31964.0,Lost,2026-09-28 07:27:20
2606,280,38.28,176.47,Won,2026-09-20 23:22:37
2607,664,88.87,4356.83,Won,2026-09-27 22:34:44
2608,864,9.76,415.77,Pending,2026-09-28 08:32:56
2609,606,11.21,59.41,Won,2026-09-23 14:54:40
2610,212,94.49,1219.68,Won,2026-09-20 16:03:19
2611,227,99.38,254.41,Won,2026-09-28 01:53:58
2612,252,80.18,3931.07,Pending,2026-09-22 09:18:41
2613,806,99.68,5737.3,Lost,2026-09-27 02:45:56
2614,884,88.63,1105.02,Pending,2026-09-24 09:34:36
2615,958,92.04,1043.32,Lost,2026-09-27 03:10:52
2616,209,61.94,2438.54,Lost,2026-09-27 08:08:20
2617,492,72.57,1520.31,Won,2026-09-19 23:19:42
2618,720,29.32,7009.03,Lost,2026-09-23 02:54:48
2619,453,72.02,140.44,Won,2026-09-28 09:26:19
2620,797,2.42,222.99,Won,2026-09-18 20:35:31
2621,570,53.21,384.18,Won,2026-09-22 12:51:51
2622,610,99.46,1766.33,Cancelled,2026-09-25 15:47:27
2623,352,78.53,504.16,Won,2026-09-23 04:49:50
2624,497,39.7,479.95,Lost,2026-09-21 19:45:29
2625,716,5.3,464.38,Cancelled,2026-09-25 10:38:01
2626,564,57.49,18310.58,Won,2026-09-21 01:32:43
2627,639,94.4,4383.99,Pending,2026-09-26 06:26:35
2628,291,95.33,40664.92,Won,2026-09-26 03:27:40
2629,795,9.85,26.2,Pending,2026-09-23 16:00:20
2630,631,97.59,5673.74,Won,2026-09-23 17:49:21
2631,57,93.9,44548.06,Won,2026-09-25 10:30:35
2632,256,46.6,2371.01,Won,2026-09-24 17:52:18
2633,527,24.02,2235.23,Won,2026-09-19 00:16:31
2634,223,75.29,1215.02,Won,2026-09-26 00:44:28
2635,340,64.95,328.79,Won,2026-09-22 21:41:45
2636,501,94.71,388.03,Won,2026-09-19 07:32:10
2637,15,62.61,691.74,Cancelled,2026-09-20 06:15:26
2638,516,3.29,17.09,Lost,2026-09-20 14:33:00
2639,724,60.57,167.17,Won,2026-09-18 22:43:57
2640,607,55.94,9177.06,Won,2026-09-27 19:48:05
2641,220,30.72,23830.57,Won,2026-09-28 03:16:25
2642,757,9.96,469.43,Lost,2026-09-20 07:55:36
2643,305,86.9,570.06,Won,2026-09-22 11:15:50
2644,182,31.82,819.66,Won,2026-09-22 15:10:10
2645,381,73.3,15507.28,Cancelled,2026-09-23 10:18:06
2646,987,88.73,36657.95,Won,2026-09-18 20:28:41
2647,449,99.67,3835.92,Lost,2026-09-22 18:42:26
2648,17,8.92,14.99,Cancelled,2026-09-25 22:20:27
2649,34,56.83,2813.49,Pending,2026-09-26 09:37:15
2650,614,64.22,8799.43,Won,2026-09-27 15:42:39
2651,980,90.19,53459.11,Won,2026-09-23 22:32:17
2652,96,81.28,36435.4,Pending,2026-09-18 10:47:43
2653,845,55.65,285.48,Lost,2026-09-24 23:32:45
2654,509,99.71,83127.45,Pending,2026-09-18 10:21:13
2655,837,62.88,487.95,Lost,2026-09-24 12:15:34
2656,237,25.97,3773.41,Won,2026-09-23 15:24:56
2657,112,86.68,162.96,Won,2026-09-23 11:26:00
2658,621,62.64,11850.75,Cancelled,2026-09-20 05:58:07
2659,626,61.14,18157.3,Lost,2026-09-20 02:38:06
2660,116,25.18,62.95,Won,2026-09-26 10:51:50
2661,569,86.77,11641.63,Won,2026-09-24 01:10:21
2662,405,5.57,809.4,Pending,2026-09-21 05:01:08
2663,496,12.14,370.1,Won,2026-09-24 21:44:09
2664,301,73.6,2050.5,Cancelled,2026-09-21 01:54:00
2665,165,28.87,1247.62,Won,2026-09-18 13:42:45
2666,217,26.97,57.45,Won,2026-09-20 22:07:37
2667,379,49.63,24338.17,Lost,2026-09-28 03:36:46
2668,452,31.79,1247.78,Pending,2026-09-21 13:36:42
2669,89,87.66,11072.63,Cancelled,2026-09-23 01:58:42
2670,30,76.73,25255.96,Pending,2026-09-27 12:50:32
2671,114,80.55,662.93,Lost,2026-09-26 03:30:46
2672,529,74.79,148.83,Won,2026-09-25 06:21:57
2673,667,30.63,555.93,Pending,2026-09-18 17:22:52
2674,56,100.0,6670.89,Won,2026-09-27 18:21:26
2675,144,79.53,864.01,Won,2026-09-21 16:27:10
2676,707,40.7,17097.78,Lost,2026-09-18 12:54:01
2677,379,41.65,28318.73,Won,2026-09-25 05:36:46
2678,684,51.96,9472.73,Lost,2026-09-27 21:59:38
2679,410,3.25,10.76,Lost,2026-09-24 17:56:50
2680,175,94.76,19230.78,Pending,2026-09-21 05:43:03
2681,400,39.72,755.09,Lost,2026-09-26 00:17:20
2682,252,49.29,6057.57,Lost,2026-09-26 22:47:56
2683,976,41.45,256.99,Pending,2026-09-18 20:59:57
2684,616,85.34,653.7,Won,2026-09-28 04:06:07
2685,718,97.04,10184.32,Lost,2026-09-19 16:54:52
2686,936,13.01,2412.3,Won,2026-09-27 02:51:17
2687,792,80.93,3446.72,Won,2026-09-24 14:08:49
2688,134,38.51,9382.44,Pending,2026-09-26 02:12:10
2689,254,78.42,185.31,Won,2026-09-18 10:34:40
2690,804,11.27,1713.9,Won,2026-09-26 18:08:59
2691,981,71.12,2607.47,Pending,2026-09-27 18:56:11
2692,449,63.64,3059.78,Lost,2026-09-21 18:15:04
2693,250,45.71,212.09,Won,2026-09-18 14:52:58
2694,57,75.43,5244.1,Pending,2026-09-27 11:31:00
2695,720,17.24,93.23,Lost,2026-09-22 03:02:12
2696,209,19.14,4176.05,Pending,2026-09-23 19:44:57
2697,974,88.97,12643.1,Cancelled,2026-09-22 16:55:56
2698,422,14.58,683.36,Pending,2026-09-21 20:32:28
2699,77,63.55,10839.07,Won,2026-09-23 02:04:27
2700,715,63.14,476.71,Won,2026-09-21 16:45:18
2701,161,71.25,15776.41,Won,2026-09-21 02:33:42
2702,697,82.95,19932.35,Pending,2026-09-22 18:01:18
2703,483,17.5,6296.57,Won,2026-09-20 06:10:52
2704,107,2.46,6.25,Won,2026-09-20 00:23:13
2705,964,41.53,1290.76,Won,2026-09-19 16:02:26
2706,216,21.45,109.18,Won,2026-09-23 06:00:57
2707,994,24.59,3503.57,Pending,2026-09-22 20:48:37
2708,468,35.77,135.95,Lost,2026-09-26 17:18:30
2709,94,51.56,18678.53,Pending,2026-09-21 20:58:17
2710,117,37.43,10110.65,Pending,2026-09-26 04:05:30
2711,209,50.65,1160.48,Won,2026-09-27 13:39:28
2712,532,95.81,84600.27,Lost,2026-09-20 05:51:27
2713,574,85.72,311.16,Lost,2026-09-24 11:30:52
2714,650,98.3,25840.32,Won,2026-09-27 18:20:50
2715,117,97.63,611.16,Lost,2026-09-22 06:03:18
2716,535,96.9,437.99,Won,2026-09-28 02:33:14
2717,523,74.48,929.15,Pending,2026-09-23 19:06:34
2718,577,28.8,91.87,Won,2026-09-24 21:03:06
2719,721,37.08,74.9,Pending,2026-09-23 17:03:00
2720,256,3.57,26.67,Cancelled,2026-09-18 22:36:54
2721,215,49.87,134.15,Won,2026-09-23 14:39:53
2722,108,85.08,149130.95,Won,2026-09-23 17:09:06
2723,81,45.28,135.84,Won,2026-09-22 02:03:41
2724,697,14.85,75.29,Lost,2026-09-23 03:57:09
2725,139,52.18,24199.42,Won,2026-09-19 18:52:26
2726,275,72.22,360.38,Won,2026-09-19 05:06:10
2727,336,47.21,27723.2,Won,2026-09-20 03:57:33
2728,267,62.64,620.14,Pending,2026-09-21 04:59:05
2729,353,38.65,20616.29,Lost,2026-09-25 21:09:50
2730,125,80.36,629.22,Won,2026-09-28 08:36:15
2731,466,27.92,60.59,Won,2026-09-19 20:11:44
2732,519,13.2,54.65,Won,2026-09-27 02:12:28
2733,334,61.89,1318.33,Lost,2026-09-20 04:22:33
2734,896,35.75,1285.76,Won,2026-09-27 06:02:33
2735,710,68.16,492.12,Won,2026-09-22 18:17:28
2736,696,67.06,120.04,Lost,2026-09-23 08:11:07
2737,529,84.04,654.2,Pending,2026-09-26 20:53:15
2738,284,40.11,48.53,Won,2026-09-26 14:14:08
2739,253,64.88,2990.63,Won,2026-09-24 01:09:40
2740,57,20.6,13060.54,Won,2026-09-28 08:49:38
2741,245,22.53,12130.71,Won,2026-09-20 23:48:39
2742,828,45.85,53.19,Lost,2026-09-20 23:28:36
2743,883,21.46,21107.38,Pending,2026-09-18 19:52:10
2744,619,2.78,634.59,Lost,2026-09-27 00:49:47
2745,649,35.0,481.24,Pending,2026-09-21 21:00:06
2746,669,55.02,1389.12,Pending,2026-09-27 23:21:58
2747,697,67.68,26417.81,Lost,2026-09-27 17:40:54
2748,78,87.62,316.31,Won,2026-09-23 20:57:50
2749,892,42.13,4121.15,Won,2026-09-21 10:56:20
2750,391,17.76,105.67,Pending,2026-09-24 18:25:32
2751,937,31.72,352.09,Pending,2026-09-19 15:13:56
2752,110,58.88,25030.42,Lost,2026-09-24 04:09:30
2753,217,59.43,1719.82,Lost,2026-09-25 08:33:28
2754,981,37.95,262.14,Won,2026-09-19 19:53:47
2755,544,48.89,17408.94,Won,2026-09-21 01:13:34
2756,809,36.53,45.66,Pending,2026-09-25 02:23:18
2757,873,15.83,67.59,Lost,2026-09-22 11:54:40
2758,550,55.57,15703.73,Lost,2026-09-27 13:53:21
2759,947,28.63,4460.89,Won,2026-09-27 06:30:26
2760,417,61.97,444.32,Won,2026-09-19 12:27:04
2761,864,47.79,2916.96,Cancelled,2026-09-25 00:08:07
2762,546,69.08,17383.59,Won,2026-09-18 18:33:03
2763,526,33.72,33962.03,Pending,2026-09-24 09:13:40
2764,1,90.2,348.17,Won,2026-09-21 13:13:01
2765,839,69.11,5465.56,Won,2026-09-22 09:23:46
2766,738,3.3,10.13,Pending,2026-09-25 03:02:39
2767,532,58.97,1883.72,Pending,2026-09-25 09:23:36
2768,465,73.59,248.0,Pending,2026-09-20 00:13:50
2769,457,58.94,125654.64,Pending,2026-09-21 08:58:10
2770,794,15.83,135.33,Won,2026-09-25 07:04:11
2771,657,53.69,273.82,Pending,2026-09-26 01:45:19
2772,985,13.51,109.7,Won,2026-09-27 18:56:29
2773,645,46.44,233.13,Lost,2026-09-24 01:14:26
2774,175,20.55,159.47,Pending,2026-09-22 20:47:59
2775,216,18.09,5964.98,Pending,2026-09-19 18:11:33
2776,861,50.67,431.33,Pending,2026-09-27 17:04:32
2777,280,11.3,776.4,Cancelled,2026-09-19 08:38:51
2778,377,99.41,4698.43,Won,2026-09-26 11:42:21
2779,75,47.98,14231.23,Lost,2026-09-27 17:21:06
2780,738,20.08,322.84,Won,2026-09-21 17:03:48
2781,703,2.73,11.77,Won,2026-09-24 06:27:58
2782,193,11.24,32.6,Pending,2026-09-27 04:16:09
2783,383,58.89,2076.81,Won,2026-09-26 19:35:20
2784,918,55.84,14303.51,Pending,2026-09-26 22:50:40
2785,642,58.71,758.35,Won,2026-09-26 23:18:28
2786,796,26.49,588.63,Won,2026-09-22 21:43:20
2787,577,68.44,1900.41,Pending,2026-09-19 21:24:55
2788,456,78.18,2098.26,Pending,2026-09-25 09:54:45
2789,401,67.05,4158.84,Lost,2026-09-28 01:38:18
2790,808,65.74,28329.36,Won,2026-09-21 13:15:03
2791,496,24.82,1082.34,Lost,2026-09-22 15:32:14
2792,227,38.07,390.65,Won,2026-09-23 08:19:01
2793,513,83.11,1340.84,Won,2026-09-24 23:41:46
2794,688,30.36,9531.52,Lost,2026-09-22 22:31:33
2795,817,94.01,911.49,Won,2026-09-19 16:12:20
2796,175,18.52,47.04,Pending,2026-09-18 16:12:24
2797,326,62.04,3206.68,Lost,2026-09-25 23:07:33
2798,279,2.44,19.5,Lost,2026-09-21 06:34:54
2799,742,41.47,78798.34,Won,2026-09-22 13:31:39
2800,186,43.57,66703.36,Won,2026-09-23 08:12:17
2801,344,31.57,7488.69,Pending,2026-09-26 19:15:11
2802,317,68.62,98.81,Won,2026-09-18 15:00:31
2803,535,76.19,451.04,Won,2026-09-19 05:18:48
2804,233,90.1,436.08,Won,2026-09-23 06:32:39
2805,921,98.6,3794.58,Lost,2026-09-20 18:46:09
2806,716,7.71,13685.42,Cancelled,2026-09-24 08:45:52
2807,985,13.59,83.31,Pending,2026-09-22 22:33:11
2808,471,44.23,8147.08,Won,2026-09-19 10:41:16
2809,835,71.59,3505.01,Lost,2026-09-21 14:56:48
2810,895,71.38,2625.31,Won,2026-09-25 19:36:42
2811,7,99.3,8149.93,Lost,2026-09-22 21:15:32
2812,211,23.26,323.33,Pending,2026-09-20 13:22:30
2813,991,97.6,31014.63,Pending,2026-09-21 08:51:52
2814,499,79.63,662.52,Pending,2026-09-18 10:53:23
2815,970,41.26,6741.77,Won,2026-09-26 08:05:38
2816,400,56.73,290.8,Pending,2026-09-24 16:09:13
2817,546,78.14,19850.2,Lost,2026-09-20 22:24:14
2818,171,38.09,120.36,Lost,2026-09-21 03:21:05
2819,417,88.97,561.4,Won,2026-09-26 14:24:35
2820,736,24.84,748.58,Cancelled,2026-09-19 20:57:07
2821,576,75.57,4250.96,Pending,2026-09-25 05:46:34
2822,870,74.74,9260.2,Won,2026-09-21 01:38:21
2823,227,31.62,11067.79,Lost,2026-09-19 11:45:13
2824,825,92.47,566.84,Pending,2026-09-23 02:21:29
2825,625,60.12,7796.7,Pending,2026-09-27 12:21:43
2826,701,76.04,5171.35,Lost,2026-09-24 14:19:10
2827,381,13.99,114.16,Pending,2026-09-27 01:49:50
2828,914,65.94,151.66,Lost,2026-09-20 05:47:33
2829,658,94.12,4066.01,Lost,2026-09-28 09:47:58
2830,187,88.92,34561.4,Lost,2026-09-20 16:29:55
2831,277,68.84,340.76,Won,2026-09-26 15:20:12
2832,941,94.77,1381.53,Won,2026-09-21 07:21:37
2833,141,66.66,1017.18,Pending,2026-09-21 19:17:50
2834,741,77.33,11422.76,Pending,2026-09-19 07:35:28
2835,193,78.0,119507.03,Cancelled,2026-09-26 09:44:37
2836,832,6.51,908.14,Won,2026-09-21 04:11:27
2837,478,58.75,2232.76,Won,2026-09-26 01:29:38
2838,509,15.87,132.51,Won,2026-09-24 21:32:32
2839,892,77.71,72154.55,Won,2026-09-22 22:38:24
2840,185,8.81,19.03,Won,2026-09-18 20:22:15
2841,940,65.09,1030.79,Pending,2026-09-22 21:32:44
2842,762,40.69,858.31,Won,2026-09-24 01:41:36
2843,269,64.83,31407.94,Pending,2026-09-21 07:36:59
2844,535,84.14,8769.19,Won,2026-09-26 22:06:45
2845,685,93.3,16376.93,Won,2026-09-22 07:51:50
2846,119,71.39,135752.34,Won,2026-09-19 10:58:49
2847,765,95.84,807.93,Won,2026-09-22 16:36:39
2848,573,6.08,12.82,Lost,2026-09-25 07:19:58
2849,71,95.99,19891.21,Cancelled,2026-09-24 18:55:49
2850,682,27.88,44607.54,Won,2026-09-20 13:18:12
2851,526,98.85,921.81,Won,2026-09-26 17:52:27
2852,913,62.26,154.4,Won,2026-09-21 22:18:19
2853,788,63.12,2627.31,Lost,2026-09-27 01:03:21
2854,50,89.88,2355.79,Won,2026-09-22 09:06:52
2855,224,4.15,115.8,Won,2026-09-25 14:51:29
2856,937,20.87,24.21,Cancelled,2026-09-24 11:31:46
2857,697,30.45,18840.16,Won,2026-09-24 17:04:52
2858,698,11.17,6144.01,Won,2026-09-21 01:12:35
2859,115,35.21,1759.95,Pending,2026-09-21 15:22:53
2860,835,7.82,239.44,Lost,2026-09-20 21:07:43
2861,423,62.74,1595.88,Won,2026-09-19 17:06:57
2862,306,36.77,70.23,Pending,2026-09-21 08:12:42
2863,563,16.21,448.61,Won,2026-09-26 07:35:56
2864,110,60.9,407.42,Won,2026-09-24 10:27:06
2865,205,14.0,57.96,Pending,2026-09-21 01:46:21
2866,835,78.53,8478.86,Pending,2026-09-24 02:01:51
2867,195,35.6,639.59,Pending,2026-09-27 00:40:59
2868,465,29.11,85.0,Pending,2026-09-23 17:28:59
2869,173,61.24,502.18,Lost,2026-09-21 19:11:35
2870,90,18.46,128.3,Pending,2026-09-18 13:52:00
2871,874,87.72,949.92,Won,2026-09-25 02:05:13
2872,398,63.7,52200.72,Pending,2026-09-21 08:06:14
2873,323,5.74,1425.39,Pending,2026-09-20 00:47:26
2874,408,42.78,167.27,Lost,2026-09-18 16:42:05
2875,340,64.59,41678.64,Won,2026-09-28 09:09:56
2876,209,80.89,7672.89,Lost,2026-09-26 01:41:18
2877,744,98.16,73126.35,Lost,2026-09-26 21:55:50
2878,959,29.06,160.12,Won,2026-09-18 11:29:13
2879,586,45.87,41997.49,Won,2026-09-24 23:38:52
2880,5,76.74,214.87,Lost,2026-09-26 18:38:45
2881,21,39.28,4867.58,Pending,2026-09-20 03:11:07
2882,637,19.7,3203.81,Lost,2026-09-26 03:27:16
2883,342,44.55,3811.6,Won,2026-09-19 07:07:29
2884,122,18.92,350.45,Cancelled,2026-09-23 13:24:35
2885,707,7.68,63.36,Won,2026-09-25 23:48:20
2886,113,9.76,2259.32,Pending,2026-09-20 20:26:28
2887,955,46.16,2513.3,Lost,2026-09-20 14:37:45
2888,866,54.4,3181.81,Pending,2026-09-25 13:29:40
2889,132,42.98,35197.36,Won,2026-09-27 17:10:59
2890,69,20.7,1236.09,Pending,2026-09-19 11:09:48
2891,99,50.97,5098.08,Lost,2026-09-19 14:30:30
2892,699,49.44,17459.45,Pending,2026-09-24 08:12:41
2893,854,59.64,258.84,Lost,2026-09-19 04:43:06
2894,366,31.14,179.37,Lost,2026-09-19 16:57:56
2895,328,25.9,6377.98,Won,2026-09-27 07:27:46
2896,793,75.85,2048.58,Pending,2026-09-24 17:38:40
2897,193,25.36,1287.8,Won,2026-09-25 17:07:33
2898,656,43.79,124.14,Lost,2026-09-24 03:57:27
2899,460,63.19,897.35,Cancelled,2026-09-27 14:46:18
2900,535,23.68,1343.77,Cancelled,2026-09-27 06:36:14
2901,689,31.25,164.69,Pending,2026-09-22 03:35:51
2902,960,48.71,12005.22,Won,2026-09-23 03:52:20
2903,136,31.7,453.54,Won,2026-09-22 21:05:43
2904,399,4.98,997.71,Lost,2026-09-27 21:40:03
2905,620,5.12,890.01,Won,2026-09-20 04:48:08
2906,642,13.07,88.61,Lost,2026-09-19 03:32:49
2907,421,69.78,366.35,Won,2026-09-20 19:39:44
2908,444,29.29,189.17,Lost,2026-09-18 19:08:53
2909,27,63.09,615.59,Lost,2026-09-21 04:44:07
2910,943,59.99,17362.85,Pending,2026-09-20 00:35:01
2911,277,96.59,1288.32,Won,2026-09-26 18:17:13
2912,182,31.86,6056.6,Won,2026-09-27 18:47:41
2913,936,63.51,49929.31,Won,2026-09-22 16:58:45
2914,252,98.89,15293.39,Won,2026-09-26 06:12:53
2915,623,6.76,81.09,Lost,2026-09-20 10:15:25
2916,537,91.66,3032.89,Won,2026-09-25 03:39:28
2917,315,83.35,12379.39,Lost,2026-09-18 13:23:24
2918,533,35.24,2219.16,Pending,2026-09-28 08:52:05
2919,450,16.46,356.64,Pending,2026-09-27 16:55:02
2920,79,84.72,1777.09,Pending,2026-09-21 23:37:38
2921,85,45.99,504.45,Won,2026-09-26 02:02:46
2922,302,87.26,103168.72,Pending,2026-09-22 03:28:09
2923,748,55.63,11131.31,Won,2026-09-21 17:32:34
2924,885,68.62,3048.88,Won,2026-09-23 06:04:50
2925,338,38.73,216.11,Won,2026-09-18 23:02:44
2926,97,29.95,141.36,Won,2026-09-23 18:55:48
2927,450,36.6,2983.47,Pending,2026-09-25 22:57:15
2928,827,91.89,425.45,Won,2026-09-22 09:33:00
2929,899,6.81,211.43,Won,2026-09-18 19:34:41
2930,416,55.37,255.81,Pending,2026-09-20 12:42:24
2931,905,43.41,457.1,Lost,2026-09-26 21:27:26
2932,978,63.73,2365.45,Won,2026-09-27 19:28:02
2933,229,6.29,20.07,Won,2026-09-24 21:41:17
2934,42,66.71,56026.13,Won,2026-09-25 05:18:42
2935,571,87.89,373.53,Pending,2026-09-21 15:10:56
2936,711,79.84,10418.08,Lost,2026-09-25 04:54:36
2937,480,62.26,70.98,Won,2026-09-26 03:19:04
2938,435,64.75,9570.53,Won,2026-09-20 14:05:45
2939,230,77.17,118.07,Lost,2026-09-24 06:32:16
2940,47,21.57,2025.28,Pending,2026-09-24 01:27:40
2941,450,61.19,123.6,Pending,2026-09-19 11:04:53
2942,684,17.57,105.95,Pending,2026-09-26 17:14:29
2943,345,38.65,24024.96,Won,2026-09-21 11:13:49
2944,838,39.76,2534.05,Pending,2026-09-25 18:25:38
2945,109,59.95,12687.88,Won,2026-09-26 02:46:59
2946,34,41.84,111.29,Pending,2026-09-23 11:59:48
2947,516,82.38,196.89,Won,2026-09-25 12:50:38
2948,710,97.87,632.24,Lost,2026-09-24 20:01:53
2949,585,91.07,726.74,Cancelled,2026-09-18 11:53:52
2950,842,70.01,86136.46,Pending,2026-09-21 02:40:29
2951,907,37.54,4771.54,Lost,2026-09-21 19:34:06
2952,173,78.77,1236.25,Pending,2026-09-26 02:19:22
2953,57,53.17,293.5,Lost,2026-09-24 06:57:43
2954,26,96.34,624.28,Won,2026-09-19 09:57:05
2955,925,9.21,122.03,Won,2026-09-20 00:50:56
2956,629,94.87,22092.54,Lost,2026-09-19 21:03:01
2957,879,44.09,6513.84,Won,2026-09-18 22:32:33
2958,912,8.91,34.57,Won,2026-09-18 23:28:01
2959,200,98.26,4332.11,Won,2026-09-22 00:19:50
2960,882,14.63,2376.79,Pending,2026-09-23 17:23:41
2961,293,35.3,290.87,Cancelled,2026-09-24 11:36:01
2962,572,24.62,5501.39,Won,2026-09-18 20:29:41
2963,506,84.36,3531.31,Lost,2026-09-24 03:28:07
2964,141,38.95,195.92,Won,2026-09-18 12:34:03
2965,634,82.03,326.48,Won,2026-09-22 11:32:18
2966,272,55.29,1842.48,Won,2026-09-26 22:24:51
2967,554,53.83,1315.15,Pending,2026-09-19 19:42:20
2968,474,21.65,541.71,Pending,2026-09-23 15:35:11
2969,246,26.97,1219.11,Pending,2026-09-24 17:36:00
2970,13,93.28,1248.06,Won,2026-09-22 06:53:10
2971,778,67.74,20211.29,Won,2026-09-26 17:08:55
2972,511,90.78,21387.83,Pending,2026-09-22 22:05:56
2973,543,83.59,1102.72,Won,2026-09-19 18:24:26
2974,526,24.17,2519.32,Pending,2026-09-22 15:26:28
2975,492,22.72,1496.06,Lost,2026-09-20 00:02:38
2976,106,75.4,6409.6,Won,2026-09-26 17:38:43
2977,157,42.84,80.54,Won,2026-09-25 18:09:42
2978,943,63.3,400.69,Cancelled,2026-09-21 07:20:53
2979,566,19.13,1229.71,Lost,2026-09-22 22:54:03
2980,23,75.74,1513.56,Lost,2026-09-28 09:04:20
2981,599,6.91,2205.41,Won,2026-09-22 06:23:18
2982,864,48.03,1210.3,Lost,2026-09-19 05:52:20
2983,998,20.16,294.68,Won,2026-09-19 01:25:44
2984,162,61.69,10340.3,Won,2026-09-23 06:50:26
2985,404,21.75,33389.02,Lost,2026-09-19 04:20:19
2986,104,4.76,133.58,Won,2026-09-23 02:40:21
2987,5,51.29,478.75,Pending,2026-09-25 14:01:50
2988,426,81.13,9572.98,Won,2026-09-26 21:21:35
2989,184,65.23,691.67,Pending,2026-09-25 19:16:54
2990,835,6.61,21762.38,Pending,2026-09-21 17:37:32
2991,597,80.64,20981.18,Pending,2026-09-20 17:22:19
2992,469,31.48,10443.3,Pending,2026-09-27 14:01:08
2993,873,94.2,26082.26,Pending,2026-09-24 15:45:24
2994,934,9.13,39.72,Lost,2026-09-22 16:41:11
2995,807,56.31,159.36,Pending,2026-09-26 01:13:17
2996,56,91.47,1871.21,Won,2026-09-21 19:35:10
2997,734,99.66,2215.87,Cancelled,2026-09-21 08:29:47
2998,956,91.35,280.44,Lost,2026-09-18 14:50:21
2999,337,5.2,16.9,Cancelled,2026-09-25 12:23:47
3000,445,10.75,56.01,Won,2026-09-27 19:40:37
3001,310,68.57,3686.9,Cancelled,2026-09-21 16:44:14
3002,716,11.35,342.6,Won,2026-09-24 20:15:27
3003,846,38.82,195.65,Pending,2026-09-25 00:20:37
3004,180,71.83,23641.07,Pending,2026-09-22 07:45:49
3005,359,33.52,85.81,Won,2026-09-22 17:00:06
3006,439,38.29,112972.95,Lost,2026-09-21 16:52:48
3007,582,63.74,28362.16,Cancelled,2026-09-28 00:46:18
3008,624,91.54,1954.15,Won,2026-09-23 23:28:55
3009,406,20.62,29250.14,Won,2026-09-24 14:09:36
3010,337,51.83,2261.32,Lost,2026-09-28 02:42:42
3011,120,73.09,296.01,Lost,2026-09-18 23:43:40
3012,875,99.47,942.22,Won,2026-09-22 20:00:32
3013,494,60.23,503.4,Pending,2026-09-20 16:11:40
3014,303,25.96,625.22,Lost,2026-09-20 14:07:17
3015,591,19.23,182.87,Cancelled,2026-09-18 13:55:24
3016,398,88.43,439.5,Pending,2026-09-24 18:49:12
3017,885,90.72,2372.02,Cancelled,2026-09-22 18:17:09
3018,162,40.62,2163.47,Pending,2026-09-25 17:09:37
3019,54,92.49,779.69,Pending,2026-09-25 09:44:15
3020,456,81.73,510.89,Lost,2026-09-19 07:59:42
3021,237,13.09,32104.68,Pending,2026-09-23 15:26:13
3022,250,31.37,34437.69,Won,2026-09-26 02:55:03
3023,343,19.08,149.21,Pending,2026-09-20 04:24:26
3024,465,55.87,2404.26,Pending,2026-09-19 08:53:55
3025,786,85.59,1032.0,Won,2026-09-26 17:46:44
3026,119,27.8,8269.36,Won,2026-09-21 18:05:05
3027,794,92.95,414.56,Pending,2026-09-22 15:57:32
3028,749,67.87,50363.79,Won,2026-09-20 21:58:15
3029,876,25.56,1197.96,Lost,2026-09-26 05:17:41
3030,64,87.15,13539.46,Lost,2026-09-19 17:06:42
3031,883,53.07,1864.67,Won,2026-09-26 17:04:22
3032,808,67.48,10519.82,Pending,2026-09-25 00:11:05
3033,269,86.45,16922.35,Lost,2026-09-22 21:35:35
3034,445,94.59,14838.24,Won,2026-09-27 14:53:02
3035,780,22.89,4469.64,Won,2026-09-18 14:13:37
3036,168,97.27,15144.45,Pending,2026-09-20 06:43:11
3037,129,73.28,4535.64,Lost,2026-09-26 08:06:33
3038,603,39.15,7990.04,Won,2026-09-23 18:07:53
3039,666,61.39,14076.35,Pending,2026-09-21 01:30:31
3040,228,15.95,322.8,Pending,2026-09-20 06:11:05
3041,607,95.53,6368.94,Won,2026-09-23 18:53:47
3042,447,10.18,281.48,Pending,2026-09-18 21:30:33
3043,1000,75.88,1463.38,Pending,2026-09-26 18:46:07
3044,158,93.37,25519.01,Pending,2026-09-26 07:55:42
3045,392,25.98,741.07,Won,2026-09-24 12:57:58
3046,122,32.66,581.55,Lost,2026-09-24 17:48:34
3047,403,38.21,631.1,Lost,2026-09-28 01:41:19
3048,240,54.04,275.06,Pending,2026-09-23 08:59:28
3049,398,33.69,23019.6,Lost,2026-09-22 00:38:31
3050,220,64.91,1229.62,Pending,2026-09-22 20:27:59
3051,471,90.68,446.15,Won,2026-09-22 14:29:01
3052,3,81.83,234.03,Pending,2026-09-18 18:26:08
3053,781,86.34,16565.78,Won,2026-09-18 23:31:49
3054,351,40.45,3970.49,Lost,2026-09-20 09:06:08
3055,274,71.67,1023.79,Lost,2026-09-19 15:22:44
3056,403,88.76,1457.93,Lost,2026-09-21 05:50:15
3057,411,86.59,9572.99,Pending,2026-09-22 10:05:06
3058,296,96.34,26485.76,Won,2026-09-19 20:08:02
3059,889,70.04,39219.9,Lost,2026-09-19 01:38:58
3060,719,10.76,12.48,Won,2026-09-23 06:50:23
3061,554,94.4,1522.29,Won,2026-09-23 21:34:51
3062,736,55.13,288.88,Lost,2026-09-28 03:52:14
3063,49,9.95,72.63,Pending,2026-09-20 08:52:46
3064,596,33.09,1154.79,Won,2026-09-18 15:13:09
3065,717,31.23,42339.96,Won,2026-09-26 21:17:59
3066,942,75.23,960.81,Won,2026-09-21 15:49:51
3067,79,73.35,121881.37,Cancelled,2026-09-24 09:20:31
3068,743,17.94,351.34,Pending,2026-09-19 19:31:18
3069,193,13.67,171.21,Won,2026-09-19 23:55:58
3070,229,29.34,8441.23,Pending,2026-09-26 05:32:05
3071,24,51.71,8305.0,Won,2026-09-25 16:46:04
3072,927,53.23,207.91,Lost,2026-09-25 13:03:57
3073,994,34.63,84.19,Won,2026-09-26 15:24:20
3074,516,58.47,12283.92,Won,2026-09-22 02:30:36
3075,373,66.45,1958.19,Lost,2026-09-23 19:23:26
3076,878,84.41,17901.5,Won,2026-09-22 01:02:01
3077,245,28.92,2700.52,Won,2026-09-23 04:27:04
3078,142,65.3,518.48,Lost,2026-09-26 08:31:38
3079,81,10.09,87.66,Lost,2026-09-24 04:22:41
3080,532,16.55,3971.75,Lost,2026-09-20 09:38:52
3081,289,27.96,12996.65,Won,2026-09-24 08:11:14
3082,642,53.16,4585.63,Won,2026-09-18 11:47:47
3083,565,11.13,42.18,Won,2026-09-19 08:53:12
3084,799,15.54,240.19,Won,2026-09-24 20:43:53
3085,703,57.74,12983.72,Lost,2026-09-27 08:50:22
3086,514,95.08,32548.88,Won,2026-09-18 23:28:46
3087,325,46.76,1293.38,Won,2026-09-19 07:13:40
3088,597,15.63,29977.38,Pending,2026-09-22 09:13:19
3089,516,84.03,3309.94,Won,2026-09-23 17:41:41
3090,535,41.08,111.33,Pending,2026-09-20 08:32:44
3091,767,63.56,13407.18,Won,2026-09-27 15:59:22
3092,52,80.5,3088.91,Lost,2026-09-27 06:13:39
3093,75,89.79,712.03,Lost,2026-09-27 01:32:56
3094,814,15.63,56.89,Pending,2026-09-26 01:15:23
3095,727,82.99,15771.15,Cancelled,2026-09-25 00:54:42
3096,822,33.23,1333.59,Lost,2026-09-18 11:45:29
3097,583,94.06,27786.31,Lost,2026-09-26 18:07:34
3098,450,93.75,811.83,Won,2026-09-28 04:36:43
3099,55,61.44,2999.3,Pending,2026-09-19 03:14:58
3100,724,26.15,6265.33,Won,2026-09-26 21:54:24
3101,269,39.82,4255.03,Won,2026-09-24 03:14:26
3102,887,82.97,47654.52,Pending,2026-09-20 06:33:40
3103,377,38.35,17741.51,Won,2026-09-20 17:54:02
3104,853,5.06,100.45,Pending,2026-09-25 02:31:20
3105,557,40.77,805.04,Won,2026-09-22 15:30:51
3106,792,34.33,1729.68,Pending,2026-09-18 12:59:54
3107,192,19.32,291.75,Won,2026-09-28 07:10:30
3108,901,43.75,85541.23,Lost,2026-09-18 18:50:10
3109,593,94.63,486.4,Won,2026-09-21 00:59:00
3110,577,59.19,14457.37,Lost,2026-09-24 13:58:19
3111,719,95.71,2912.43,Lost,2026-09-26 22:46:19
3112,843,30.33,214.13,Pending,2026-09-26 04:17:46
3113,209,58.98,128509.41,Won,2026-09-22 21:54:40
3114,247,84.94,128433.26,Lost,2026-09-23 19:38:45
3115,555,19.85,531.12,Pending,2026-09-26 20:17:40
3116,257,16.44,10785.96,Won,2026-09-24 16:24:28
3117,759,28.18,876.95,Lost,2026-09-19 16:36:02
3118,165,6.78,5235.1,Lost,2026-09-20 02:41:33
3119,374,96.28,3931.08,Won,2026-09-24 06:51:39
3120,643,37.36,123.29,Lost,2026-09-23 10:15:56
3121,687,40.8,3853.22,Won,2026-09-18 18:43:53
3122,764,51.47,18234.65,Pending,2026-09-21 17:59:11
3123,850,35.57,234.87,Pending,2026-09-18 20:44:31
3124,5,55.6,66500.68,Won,2026-09-24 10:03:44
3125,110,80.75,1598.07,Pending,2026-09-23 04:43:49
3126,529,41.64,1075.98,Cancelled,2026-09-21 03:49:49
3127,556,53.96,198.89,Won,2026-09-22 05:47:41
3128,95,77.64,590.06,Won,2026-09-20 14:19:08
3129,865,4.05,13.32,Won,2026-09-19 07:57:07
3130,735,93.57,32785.28,Won,2026-09-25 08:56:25
3131,773,98.93,3503.69,Won,2026-09-27 16:02:10
3132,60,77.25,181.54,Lost,2026-09-27 20:47:18
3133,608,20.8,65.1,Won,2026-09-28 01:53:46
3134,531,18.8,256.0,Won,2026-09-21 15:33:14
3135,240,14.53,120.45,Pending,2026-09-21 11:34:55
3136,453,98.4,738.0,Pending,2026-09-20 07:44:43
3137,1,28.54,1112.47,Won,2026-09-26 23:58:02
3138,453,58.95,1797.7,Pending,2026-09-21 12:44:20
3139,749,49.27,265.57,Pending,2026-09-28 07:36:47
3140,564,18.4,3892.89,Won,2026-09-26 23:54:28
3141,852,86.29,330.49,Lost,2026-09-20 09:02:14
3142,986,57.23,39059.5,Won,2026-09-26 13:44:52
3143,657,69.84,1593.36,Lost,2026-09-27 10:10:42
3144,916,45.76,13257.0,Won,2026-09-18 20:42:19
3145,173,63.72,1349.26,Won,2026-09-21 19:50:36
3146,343,19.23,1111.43,Pending,2026-09-19 09:16:25
3147,831,81.84,3545.17,Lost,2026-09-21 17:09:07
3148,498,37.11,183.69,Lost,2026-09-20 04:32:28
3149,676,64.29,678.1,Won,2026-09-19 00:18:00
3150,994,51.41,12859.78,Pending,2026-09-21 10:13:30
3151,6,53.58,1100.43,Won,2026-09-24 02:09:40
3152,734,45.05,71.18,Won,2026-09-23 23:05:57
3153,852,2.4,5.16,Won,2026-09-22 13:58:51
3154,10,45.06,373.1,Pending,2026-09-25 08:35:09
3155,287,65.76,1948.6,Won,2026-09-25 19:19:05
3156,282,76.07,23060.5,Lost,2026-09-24 08:16:35
3157,309,12.36,60.19,Won,2026-09-27 10:52:47
3158,298,38.75,246.84,Pending,2026-09-27 18:00:52
3159,748,51.88,188.32,Lost,2026-09-23 21:03:53
3160,438,74.62,2980.06,Pending,2026-09-19 10:53:24
3161,825,33.14,965.67,Lost,2026-09-20 19:46:28
3162,869,85.47,3062.1,Lost,2026-09-18 13:38:58
3163,374,31.74,103.47,Pending,2026-09-24 07:35:28
3164,639,69.23,19081.45,Lost,2026-09-18 16:38:31
3165,343,28.49,14494.32,Lost,2026-09-20 09:01:09
3166,326,26.4,218.33,Lost,2026-09-24 12:46:40
3167,234,27.99,17780.8,Won,2026-09-19 02:19:46
3168,604,39.52,290.87,Lost,2026-09-20 02:11:35
3169,651,77.3,596.91,Won,2026-09-27 21:53:23
3170,939,18.97,70.76,Won,2026-09-25 03:31:17
3171,82,34.63,143.71,Pending,2026-09-19 13:02:29
3172,723,66.7,911.87,Won,2026-09-23 18:09:17
3173,347,46.76,915.13,Lost,2026-09-22 06:01:06
3174,933,10.51,65.16,Won,2026-09-25 23:55:47
3175,791,39.3,4809.48,Won,2026-09-20 00:26:27
3176,962,71.73,109.03,Lost,2026-09-27 01:25:29
3177,249,10.3,96.95,Won,2026-09-25 13:31:27
3178,721,90.47,320.26,Pending,2026-09-22 23:04:13
3179,750,86.07,26648.49,Won,2026-09-19 14:57:55
3180,308,46.11,149.86,Won,2026-09-27 22:58:53
3181,683,91.26,29656.53,Lost,2026-09-25 05:56:16
3182,718,9.69,1003.92,Lost,2026-09-27 22:56:10
3183,585,73.77,1008.41,Won,2026-09-22 11:56:27
3184,137,46.23,16449.38,Won,2026-09-19 14:04:57
3185,147,51.62,3947.35,Won,2026-09-23 08:35:11
3186,995,47.93,11062.98,Lost,2026-09-24 21:02:27
3187,789,26.33,2179.44,Lost,2026-09-22 13:23:16
3188,645,86.85,123296.45,Won,2026-09-23 22:32:55
3189,158,29.17,3206.34,Cancelled,2026-09-23 07:36:56
3190,536,45.28,191.99,Lost,2026-09-27 06:09:08
3191,211,18.49,132.2,Won,2026-09-26 03:04:20
3192,993,21.52,2423.32,Won,2026-09-22 04:09:18
3193,141,4.65,34.55,Lost,2026-09-27 08:54:33
3194,971,9.55,1388.06,Lost,2026-09-18 14:47:18
3195,543,8.6,314.71,Won,2026-09-25 01:38:29
3196,519,19.41,235.8,Won,2026-09-22 09:04:06
3197,688,57.13,438.76,Pending,2026-09-22 11:21:25
3198,566,49.45,288.79,Pending,2026-09-26 09:18:23
3199,308,85.77,3617.25,Lost,2026-09-21 11:54:49
3200,868,87.39,141.57,Won,2026-09-21 22:05:30
3201,665,60.74,874.18,Cancelled,2026-09-21 03:38:05
3202,641,21.09,985.7,Lost,2026-09-19 11:53:35
3203,556,30.6,409.09,Lost,2026-09-24 07:44:17
3204,733,66.16,80.72,Lost,2026-09-22 10:42:24
3205,801,68.36,3348.81,Won,2026-09-22 12:55:55
3206,925,15.01,38666.8,Lost,2026-09-21 15:23:13
3207,559,19.83,1351.87,Won,2026-09-20 22:31:13
3208,400,45.7,34831.32,Won,2026-09-25 08:11:56
3209,750,31.14,888.18,Won,2026-09-18 20:44:45
3210,470,65.4,455.84,Pending,2026-09-26 21:36:24
3211,911,23.13,3259.93,Won,2026-09-22 23:14:52
3212,68,65.53,145.48,Pending,2026-09-19 18:46:00
3213,205,34.17,41.0,Pending,2026-09-22 02:54:57
3214,203,73.37,331.63,Won,2026-09-19 22:11:24
3215,586,59.57,2109.03,Won,2026-09-22 20:09:06
3216,150,67.32,14593.15,Pending,2026-09-21 06:18:28
3217,56,28.0,8306.62,Won,2026-09-26 05:50:57
3218,699,35.25,146.1,Won,2026-09-26 14:43:50
3219,597,48.95,163.49,Pending,2026-09-25 21:52:20
3220,465,24.51,125.0,Pending,2026-09-28 00:59:40
3221,395,47.1,221.84,Pending,2026-09-24 07:02:27
3222,724,73.53,7720.89,Pending,2026-09-20 20:31:12
3223,549,85.35,6530.87,Won,2026-09-21 04:18:47
3224,164,93.5,227.21,Lost,2026-09-21 02:39:49
3225,251,69.81,19580.79,Pending,2026-09-18 11:04:33
3226,28,23.64,125.76,Won,2026-09-27 15:35:45
3227,36,29.89,17228.96,Pending,2026-09-28 00:11:59
3228,620,11.92,2565.06,Lost,2026-09-18 14:36:53
3229,773,97.49,4733.88,Won,2026-09-25 04:13:18
3230,159,41.75,8481.62,Lost,2026-09-19 22:42:44
3231,981,66.83,1924.19,Pending,2026-09-23 04:44:33
3232,513,87.5,58411.46,Won,2026-09-23 19:02:20
3233,655,50.49,664.5,Lost,2026-09-28 00:50:55
3234,24,61.94,713.42,Lost,2026-09-26 13:17:17
3235,660,96.19,12976.08,Lost,2026-09-19 22:14:57
3236,966,37.34,7130.25,Lost,2026-09-27 19:42:21
3237,241,17.8,4594.37,Pending,2026-09-22 04:27:25
3238,42,95.03,1637.55,Won,2026-09-20 04:04:03
3239,630,65.05,1443.76,Won,2026-09-23 23:45:26
3240,887,14.41,95.69,Won,2026-09-28 06:28:47
3241,428,31.54,750.43,Pending,2026-09-28 08:03:59
3242,906,19.16,7022.29,Won,2026-09-22 10:59:47
3243,481,76.8,7657.86,Pending,2026-09-23 18:29:42
3244,742,56.31,1917.3,Pending,2026-09-24 18:19:08
3245,766,83.03,4909.66,Won,2026-09-22 05:00:07
3246,230,70.03,27086.31,Lost,2026-09-22 04:09:36
3247,355,14.11,8462.07,Lost,2026-09-21 07:44:09
3248,632,52.6,100.99,Won,2026-09-27 15:00:01
3249,84,22.56,6018.73,Won,2026-09-22 19:31:56
3250,643,54.75,379.42,Lost,2026-09-22 16:54:45
3251,974,31.92,108.53,Won,2026-09-24 00:42:41
3252,910,15.94,3809.01,Won,2026-09-21 12:52:01
3253,462,99.96,8687.47,Lost,2026-09-24 14:02:46
3254,640,68.83,1872.09,Won,2026-09-24 06:28:55
3255,577,5.41,21.45,Cancelled,2026-09-21 10:19:22
3256,981,36.05,1341.01,Won,2026-09-19 06:24:17
3257,629,47.29,2006.74,Won,2026-09-21 08:27:25
3258,632,87.8,44375.34,Won,2026-09-26 21:21:57
3259,611,41.63,627.64,Pending,2026-09-19 19:38:31
3260,412,75.5,930.32,Lost,2026-09-19 12:46:24
3261,589,92.28,52570.84,Lost,2026-09-19 11:26:13
3262,992,75.2,9042.22,Cancelled,2026-09-21 04:41:20
3263,125,86.5,9735.49,Lost,2026-09-21 01:01:58
3264,109,55.52,3312.93,Won,2026-09-25 02:09:12
3265,944,39.45,18514.52,Won,2026-09-25 07:25:55
3266,64,69.59,208.77,Won,2026-09-23 23:16:35
3267,719,82.47,1024.54,Won,2026-09-19 07:37:10
3268,370,35.41,1049.68,Won,2026-09-19 10:01:23
3269,388,8.94,191.92,Pending,2026-09-27 22:43:07
3270,455,44.9,278.38,Lost,2026-09-25 23:14:37
3271,296,94.63,1376.75,Pending,2026-09-25 11:10:23
3272,550,79.17,1866.97,Pending,2026-09-25 17:17:21
3273,558,91.58,33350.15,Won,2026-09-20 22:51:47
3274,548,22.27,71.49,Pending,2026-09-21 07:32:12
3275,357,33.33,653.47,Pending,2026-09-26 11:19:19
3276,597,30.04,723.8,Won,2026-09-25 22:29:01
3277,616,45.24,321.66,Won,2026-09-22 18:37:51
3278,736,69.92,7764.49,Cancelled,2026-09-25 23:16:20
3279,261,92.46,365.22,Pending,2026-09-25 05:11:21
3280,54,7.38,1165.96,Lost,2026-09-20 04:28:01
3281,541,16.91,53.44,Cancelled,2026-09-25 08:08:00
3282,655,66.36,1449.16,Cancelled,2026-09-24 08:40:08
3283,350,62.23,527.71,Pending,2026-09-21 14:17:43
3284,737,56.16,858.97,Pending,2026-09-20 05:47:49
3285,347,98.51,1849.58,Won,2026-09-28 04:10:19
3286,701,93.81,20523.15,Lost,2026-09-24 21:18:22
3287,800,70.26,1990.79,Pending,2026-09-26 01:53:06
3288,524,14.75,2195.35,Pending,2026-09-19 07:03:15
3289,866,60.96,21165.72,Lost,2026-09-26 03:43:29
3290,920,15.67,8202.59,Pending,2026-09-18 22:26:53
3291,777,77.36,41524.64,Pending,2026-09-24 11:48:41
3292,303,80.36,214.56,Lost,2026-09-23 02:39:48
3293,208,4.73,242.3,Pending,2026-09-23 09:22:41
3294,272,19.99,37.38,Lost,2026-09-21 15:13:37
3295,525,11.2,1717.24,Lost,2026-09-24 17:41:26
3296,482,89.42,135.02,Pending,2026-09-23 07:15:00
3297,236,10.01,346.08,Pending,2026-09-25 14:49:18
3298,198,48.05,114535.03,Lost,2026-09-26 10:11:06
3299,550,22.5,438.58,Won,2026-09-25 21:35:00
3300,680,63.15,17536.23,Pending,2026-09-24 05:55:47
3301,941,27.92,3102.6,Won,2026-09-23 07:58:17
3302,720,73.26,212.45,Lost,2026-09-28 05:38:52
3303,669,84.37,2252.85,Lost,2026-09-23 14:06:29
3304,341,78.73,260.6,Pending,2026-09-19 07:04:00
3305,614,64.18,3505.74,Won,2026-09-27 00:00:03
3306,485,97.08,5184.13,Cancelled,2026-09-21 04:21:54
3307,752,9.69,143.08,Pending,2026-09-22 16:37:18
3308,22,9.06,489.98,Lost,2026-09-21 01:53:10
3309,884,61.68,183.19,Pending,2026-09-22 01:23:24
3310,369,99.34,20129.41,Won,2026-09-20 07:02:26
3311,823,62.04,705.1,Pending,2026-09-19 08:43:29
3312,60,3.02,160.91,Lost,2026-09-25 09:55:14
3313,742,72.35,350.9,Pending,2026-09-21 07:24:08
3314,438,73.58,4228.41,Pending,2026-09-20 20:58:41
3315,907,69.87,76855.85,Won,2026-09-19 06:38:35
3316,656,20.25,299.23,Won,2026-09-18 10:16:11
3317,888,8.57,18145.44,Cancelled,2026-09-26 04:46:33
3318,353,91.58,855.28,Won,2026-09-21 01:57:49
3319,168,63.45,16017.48,Pending,2026-09-23 04:48:13
3320,629,16.83,165.56,Won,2026-09-22 01:03:12
3321,644,65.0,321.75,Lost,2026-09-20 16:40:52
3322,360,29.21,520.05,Won,2026-09-18 23:56:30
3323,115,69.43,978.09,Lost,2026-09-27 05:04:11
3324,950,46.88,2271.78,Cancelled,2026-09-27 18:06:51
3325,18,55.15,135.12,Won,2026-09-19 22:55:03
3326,840,71.34,6500.55,Won,2026-09-21 23:56:01
3327,224,57.42,2938.32,Won,2026-09-21 06:58:04
3328,130,17.95,2153.31,Pending,2026-09-26 15:52:03
3329,763,13.22,2753.18,Won,2026-09-23 23:02:50
3330,802,68.71,11403.19,Won,2026-09-24 13:55:56
3331,464,94.51,22484.38,Lost,2026-09-22 13:35:08
3332,302,71.12,4223.67,Lost,2026-09-27 19:44:47
3333,742,47.59,264.6,Pending,2026-09-19 20:06:52
3334,700,67.88,2394.23,Pending,2026-09-26 11:22:41
3335,180,90.06,13348.2,Won,2026-09-24 17:41:24
3336,838,41.2,4855.25,Cancelled,2026-09-21 12:22:10
3337,708,25.12,46.97,Won,2026-09-18 11:47:12
3338,29,69.45,7100.13,Won,2026-09-20 07:22:00
3339,181,21.01,165.46,Cancelled,2026-09-23 01:07:30
3340,600,99.53,7374.73,Won,2026-09-20 09:30:33
3341,222,46.46,926.97,Pending,2026-09-27 18:34:06
3342,494,12.47,58.98,Won,2026-09-24 20:12:54
3343,349,71.28,307.93,Pending,2026-09-25 22:40:14
3344,123,94.86,2595.67,Won,2026-09-22 19:09:40
3345,843,14.71,483.5,Pending,2026-09-25 02:02:59
3346,961,71.64,948.18,Pending,2026-09-24 07:03:13
3347,515,34.85,7510.88,Won,2026-09-21 18:52:15
3348,717,64.45,187.55,Pending,2026-09-23 02:13:29
3349,956,16.26,2404.56,Cancelled,2026-09-28 03:17:15
3350,308,50.49,8060.59,Won,2026-09-26 00:54:47
3351,600,44.6,59385.71,Pending,2026-09-28 02:59:03
3352,684,40.94,47.9,Won,2026-09-19 06:45:01
3353,612,67.75,1177.55,Lost,2026-09-22 20:19:31
3354,555,25.53,80381.22,Won,2026-09-22 17:16:42
3355,330,50.47,48119.3,Pending,2026-09-23 23:51:06
3356,520,82.7,1625.15,Won,2026-09-21 16:30:33
3357,900,24.16,100.27,Won,2026-09-25 23:12:51
3358,767,19.72,1571.32,Won,2026-09-23 11:12:52
3359,963,57.91,623.86,Won,2026-09-21 00:20:10
3360,788,43.45,6099.0,Lost,2026-09-20 14:35:33
3361,805,67.53,384.92,Pending,2026-09-26 17:08:38
3362,768,12.45,2349.89,Lost,2026-09-27 10:36:32
3363,857,74.97,33613.68,Pending,2026-09-25 15:02:39
3364,298,46.92,10411.54,Won,2026-09-21 06:46:13
3365,207,78.53,3984.45,Pending,2026-09-28 09:18:48
3366,526,75.43,3826.09,Won,2026-09-19 06:20:10
3367,873,63.24,1125.23,Lost,2026-09-21 21:55:44
3368,135,37.24,288.48,Won,2026-09-27 06:01:18
3369,18,58.71,447.37,Won,2026-09-19 04:26:58
3370,108,75.22,10338.15,Lost,2026-09-19 00:45:12
3371,174,86.86,1317.09,Pending,2026-09-20 02:05:49
3372,655,33.38,1808.06,Won,2026-09-20 17:43:36
3373,796,91.46,117.98,Pending,2026-09-22 18:22:28
3374,883,69.27,153.09,Won,2026-09-23 03:30:32
3375,921,98.4,2971.33,Pending,2026-09-22 04:22:48
3376,396,7.65,2118.54,Pending,2026-09-22 23:50:15
3377,637,82.31,12555.33,Cancelled,2026-09-23 06:23:26
3378,422,9.03,2530.88,Pending,2026-09-24 08:54:12
3379,477,97.44,46620.88,Pending,2026-09-26 06:29:15
3380,497,74.42,16630.1,Pending,2026-09-25 07:32:43
3381,595,88.75,1514.61,Won,2026-09-27 03:11:41
3382,186,51.8,392.98,Lost,2026-09-22 07:54:09
3383,272,17.05,694.69,Lost,2026-09-26 08:18:43
3384,656,46.81,40627.99,Won,2026-09-22 04:15:22
3385,584,76.69,64425.27,Won,2026-09-18 19:34:22
3386,125,97.19,518.02,Pending,2026-09-22 10:40:40
3387,639,56.86,255.3,Won,2026-09-25 19:43:04
3388,767,23.1,195.86,Lost,2026-09-27 00:39:07
3389,670,59.72,64985.77,Pending,2026-09-21 03:22:40
3390,710,58.74,31664.16,Lost,2026-09-22 21:46:01
3391,119,99.2,34454.1,Lost,2026-09-23 04:55:36
3392,323,45.09,801.64,Won,2026-09-27 21:03:52
3393,64,99.06,3337.93,Won,2026-09-22 17:29:09
3394,713,39.17,668.93,Pending,2026-09-19 23:37:32
3395,66,96.67,1730.16,Won,2026-09-24 14:54:42
3396,99,33.46,142.21,Lost,2026-09-27 06:48:03
3397,723,61.52,65881.43,Lost,2026-09-24 09:29:54
3398,337,15.68,589.88,Won,2026-09-24 22:00:50
3399,993,54.87,22585.52,Won,2026-09-26 07:59:18
3400,985,14.49,625.16,Won,2026-09-21 15:55:49
3401,771,40.35,1273.85,Pending,2026-09-24 23:43:08
3402,576,73.61,11083.53,Pending,2026-09-21 02:05:26
3403,758,82.44,20693.66,Won,2026-09-21 22:31:16
3404,10,64.94,142.22,Lost,2026-09-25 21:53:40
3405,133,83.4,651.16,Won,2026-09-25 22:18:55
3406,116,78.97,533.84,Pending,2026-09-21 11:53:13
3407,286,99.47,2868.37,Pending,2026-09-18 22:33:39
3408,329,49.19,6627.75,Pending,2026-09-27 07:31:17
3409,49,78.4,109.09,Pending,2026-09-23 07:40:03
3410,15,74.64,2114.96,Won,2026-09-20 09:16:44
3411,59,44.75,6415.68,Won,2026-09-23 18:28:42
3412,924,66.13,7778.22,Cancelled,2026-09-25 01:47:12
3413,928,48.77,67508.19,Won,2026-09-24 11:30:58
3414,997,29.2,5305.18,Cancelled,2026-09-27 04:49:28
3415,776,30.54,11588.72,Lost,2026-09-25 14:38:22
3416,76,61.89,708.95,Lost,2026-09-18 21:10:35
3417,155,7.76,3164.7,Won,2026-09-27 14:43:30
3418,942,48.44,1035.84,Lost,2026-09-18 20:03:41
3419,793,40.99,762.67,Won,2026-09-26 02:20:22
3420,637,19.35,181.31,Won,2026-09-27 07:09:27
3421,980,70.07,337.7,Won,2026-09-20 05:21:43
3422,88,52.62,41465.83,Pending,2026-09-24 07:39:34
3423,273,85.44,213.6,Won,2026-09-22 16:48:58
3424,766,51.1,2349.08,Won,2026-09-23 17:29:00
3425,149,36.37,114.57,Lost,2026-09-21 09:17:45
3426,789,5.7,36.77,Cancelled,2026-09-27 06:27:59
3427,969,27.86,47170.91,Pending,2026-09-19 05:28:59
3428,615,79.13,55653.29,Won,2026-09-19 12:26:49
3429,664,86.18,2975.19,Pending,2026-09-21 07:45:34
3430,217,99.17,40712.14,Cancelled,2026-09-24 07:51:14
3431,106,62.86,1234.38,Pending,2026-09-21 20:48:17
3432,358,8.48,61.73,Won,2026-09-24 13:10:14
3433,910,47.88,141.72,Won,2026-09-26 05:43:47
3434,885,84.66,5791.47,Won,2026-09-20 12:39:06
3435,285,51.04,2764.12,Won,2026-09-26 08:03:07
3436,272,81.22,2071.52,Pending,2026-09-19 04:37:42
3437,548,43.04,1031.82,Lost,2026-09-18 17:05:14
3438,889,31.83,149.92,Lost,2026-09-23 03:17:48
3439,979,33.19,647.85,Won,2026-09-26 21:00:37
3440,291,93.26,942.49,Lost,2026-09-22 21:57:33
3441,904,5.86,68.05,Pending,2026-09-25 22:25:33
3442,588,14.01,1451.52,Won,2026-09-25 03:36:44
3443,659,94.3,34178.79,Lost,2026-09-20 13:52:50
3444,779,53.82,433.79,Lost,2026-09-23 23:19:41
3445,283,34.36,2348.16,Won,2026-09-21 21:46:58
3446,145,51.12,10706.67,Pending,2026-09-24 16:16:30
3447,968,34.4,14584.5,Won,2026-09-26 02:45:08
3448,934,46.48,63.68,Lost,2026-09-20 05:05:25
3449,863,9.24,1026.33,Lost,2026-09-22 10:45:26
3450,691,3.18,441.53,Lost,2026-09-26 06:56:30
3451,524,4.31,243.53,Won,2026-09-21 17:10:17
3452,292,89.59,598.46,Won,2026-09-22 21:03:43
3453,337,29.81,11572.83,Won,2026-09-27 08:29:04
3454,331,10.76,95.68,Lost,2026-09-25 01:13:23
3455,607,46.31,659.08,Pending,2026-09-18 15:56:13
3456,861,58.29,252.4,Pending,2026-09-25 08:06:17
3457,39,99.04,318.91,Won,2026-09-18 10:23:49
3458,131,58.74,196.19,Pending,2026-09-23 10:18:56
3459,105,55.97,21256.5,Pending,2026-09-22 23:35:52
3460,344,22.73,49.1,Won,2026-09-20 14:10:45
3461,521,15.17,199.72,Pending,2026-09-18 12:40:06
3462,624,55.0,1408.11,Won,2026-09-22 14:44:22
3463,515,54.73,132000.18,Cancelled,2026-09-21 19:43:09
3464,744,42.21,6540.5,Pending,2026-09-27 17:06:06
3465,755,33.61,222.5,Won,2026-09-20 22:05:58
3466,203,41.53,26777.35,Won,2026-09-22 11:37:28
3467,386,86.96,324.36,Pending,2026-09-18 10:19:46
3468,13,7.29,1455.39,Pending,2026-09-19 12:42:00
3469,341,9.98,1067.51,Pending,2026-09-23 00:14:37
3470,327,97.63,1976.8,Pending,2026-09-21 17:21:44
3471,158,76.43,346.99,Pending,2026-09-21 13:00:51
3472,166,49.31,684.9,Won,2026-09-21 17:56:13
3473,818,87.69,427.05,Lost,2026-09-22 03:38:50
3474,202,13.39,3177.92,Lost,2026-09-26 19:17:16
3475,33,68.85,6939.95,Pending,2026-09-24 13:56:58
3476,855,79.04,16087.02,Lost,2026-09-21 14:25:58
3477,892,92.54,5108.54,Cancelled,2026-09-19 13:15:20
3478,576,61.88,335.19,Pending,2026-09-21 05:09:06
3479,692,67.01,7173.96,Lost,2026-09-20 19:01:09
3480,775,39.2,13250.58,Lost,2026-09-21 00:59:24
3481,836,74.75,16201.3,Pending,2026-09-18 20:40:31
3482,484,65.38,28147.27,Pending,2026-09-23 08:37:13
3483,622,85.3,221.78,Won,2026-09-19 11:33:02
3484,377,78.47,53866.7,Won,2026-09-26 22:18:09
3485,782,12.5,979.34,Pending,2026-09-21 09:01:33
3486,384,96.62,2337.94,Won,2026-09-28 00:13:36
3487,225,65.53,154.65,Won,2026-09-26 05:55:39
3488,648,67.71,3366.39,Won,2026-09-27 09:12:06
3489,399,31.96,3314.6,Cancelled,2026-09-24 15:15:52
3490,558,32.12,7635.63,Lost,2026-09-23 00:08:21
3491,10,53.6,2435.93,Cancelled,2026-09-26 11:32:15
3492,789,32.37,848.74,Pending,2026-09-21 11:38:58
3493,204,44.35,1217.33,Lost,2026-09-18 21:27:01
3494,350,61.9,54401.35,Lost,2026-09-23 18:51:40
3495,785,35.37,1552.91,Lost,2026-09-25 03:40:59
3496,587,39.44,189.31,Lost,2026-09-20 13:40:49
3497,638,22.63,385.89,Pending,2026-09-19 03:36:22
3498,147,58.36,19100.45,Lost,2026-09-25 08:44:30
3499,714,23.45,1166.09,Pending,2026-09-23 02:50:43
3500,108,42.23,11760.11,Won,2026-09-22 15:11:40
3501,976,32.45,956.19,Pending,2026-09-21 02:20:51
3502,107,61.58,35559.31,Pending,2026-09-24 18:34:40
3503,853,16.51,418.45,Pending,2026-09-21 00:44:28
3504,234,72.77,455.54,Won,2026-09-18 21:04:25
3505,10,71.33,16757.94,Won,2026-09-20 08:11:45
3506,957,48.17,2166.74,Pending,2026-09-19 11:54:54
3507,558,43.88,37303.21,Won,2026-09-21 12:11:34
3508,762,47.89,17129.09,Won,2026-09-27 08:52:21
3509,436,23.17,587.0,Lost,2026-09-19 21:27:48
3510,835,44.93,239.48,Lost,2026-09-19 13:54:52
3511,59,65.06,3570.7,Won,2026-09-23 18:39:35
3512,164,40.36,977.78,Pending,2026-09-23 08:37:04
3513,724,16.12,7587.96,Won,2026-09-21 10:23:20
3514,559,61.39,343.88,Won,2026-09-28 02:02:41
3515,160,64.95,620.82,Lost,2026-09-20 02:21:00
3516,203,60.82,19072.05,Lost,2026-09-25 06:24:55
3517,334,20.84,769.94,Won,2026-09-23 09:23:53
3518,767,84.45,858.69,Won,2026-09-24 04:25:13
3519,573,64.17,12235.5,Pending,2026-09-18 15:00:42
3520,724,51.85,4608.31,Pending,2026-09-26 06:16:41
3521,784,67.56,303.34,Won,2026-09-18 10:05:38
3522,231,28.38,1338.58,Won,2026-09-25 22:22:13
3523,611,76.04,255.49,Pending,2026-09-20 15:04:51
3524,965,63.89,479.81,Lost,2026-09-25 12:44:06
3525,981,90.71,5681.46,Pending,2026-09-20 15:21:29
3526,208,18.88,7693.77,Pending,2026-09-25 01:45:18
3527,794,45.46,293.19,Lost,2026-09-25 11:32:25
3528,275,84.03,2849.53,Pending,2026-09-21 21:30:51
3529,500,79.22,563.25,Lost,2026-09-22 14:35:06
3530,416,90.62,641.59,Cancelled,2026-09-19 18:47:09
3531,982,26.96,13457.52,Won,2026-09-18 23:15:10
3532,753,28.53,538.23,Cancelled,2026-09-27 22:48:09
3533,945,89.1,3745.19,Lost,2026-09-18 15:26:31
3534,225,96.24,612.09,Won,2026-09-23 07:07:26
3535,121,70.61,2935.17,Won,2026-09-23 23:58:34
3536,198,40.98,11786.8,Lost,2026-09-20 17:57:50
3537,631,27.58,12530.68,Won,2026-09-22 08:11:38
3538,866,30.13,8915.05,Won,2026-09-26 20:39:39
3539,573,49.59,700.23,Lost,2026-09-19 14:11:52
3540,426,32.02,215.17,Won,2026-09-25 03:46:35
3541,268,17.61,2366.57,Won,2026-09-26 07:46:47
3542,596,32.99,1060.31,Won,2026-09-27 08:33:50
3543,781,74.31,3180.62,Pending,2026-09-24 13:16:42
3544,471,74.57,262.66,Pending,2026-09-24 01:16:01
3545,836,42.41,3191.7,Won,2026-09-25 20:35:44
3546,733,62.4,3744.42,Lost,2026-09-22 22:46:06
3547,623,10.29,52.38,Pending,2026-09-20 20:22:40
3548,703,79.99,1316.7,Pending,2026-09-27 18:51:07
3549,13,59.5,310.0,Won,2026-09-27 15:02:52
3550,465,84.42,973.9,Pending,2026-09-21 09:04:50
3551,524,89.11,7862.33,Lost,2026-09-27 22:56:46
3552,273,87.38,862.91,Lost,2026-09-23 00:38:54
3553,30,50.69,215.94,Pending,2026-09-24 13:37:22
3554,820,91.54,580.36,Lost,2026-09-18 19:06:58
3555,656,69.38,51917.88,Won,2026-09-27 05:25:08
3556,38,93.02,15881.2,Won,2026-09-25 08:51:03
3557,703,96.29,5562.48,Won,2026-09-23 19:25:35
3558,389,11.49,6608.01,Lost,2026-09-19 04:53:12
3559,64,19.95,1011.41,Won,2026-09-22 03:34:28
3560,894,77.09,1322.96,Lost,2026-09-22 05:32:55
3561,70,91.2,9733.4,Lost,2026-09-28 01:58:37
3562,499,90.77,573.67,Lost,2026-09-18 22:05:27
3563,515,77.86,208.63,Won,2026-09-24 21:58:18
3564,26,43.58,235.33,Lost,2026-09-23 18:59:40
3565,305,28.48,169.74,Won,2026-09-21 23:30:29
3566,841,59.8,21708.26,Lost,2026-09-28 06:55:55
3567,448,61.46,397.03,Lost,2026-09-22 10:56:03
3568,347,65.31,367.11,Won,2026-09-28 00:15:40
3569,767,88.82,3978.61,Lost,2026-09-20 17:27:47
3570,70,2.47,71.82,Lost,2026-09-19 08:17:40
3571,79,77.84,2595.5,Lost,2026-09-28 06:36:13
3572,62,12.78,1630.96,Won,2026-09-20 21:54:55
3573,200,44.24,321.62,Won,2026-09-21 07:08:09
3574,779,46.27,58.3,Pending,2026-09-20 03:41:14
3575,43,73.54,7954.69,Pending,2026-09-19 14:20:36
3576,242,67.86,1104.83,Won,2026-09-22 02:17:25
3577,675,36.08,320.48,Pending,2026-09-22 06:11:50
3578,729,78.07,52555.47,Won,2026-09-20 04:53:38
3579,132,5.75,22.07,Won,2026-09-22 03:31:23
3580,732,5.89,47.18,Lost,2026-09-24 22:09:38
3581,196,75.65,41382.56,Won,2026-09-23 02:11:48
3582,982,84.27,458.43,Pending,2026-09-23 03:31:39
3583,934,69.36,786.94,Won,2026-09-23 08:08:56
3584,655,89.44,279.05,Pending,2026-09-26 23:37:47
3585,706,59.55,6425.5,Pending,2026-09-20 16:15:25
3586,277,71.67,62478.93,Won,2026-09-22 11:57:33
3587,471,40.97,3686.3,Pending,2026-09-21 05:30:54
3588,942,59.52,11094.22,Pending,2026-09-26 06:40:52
3589,757,58.64,5598.65,Lost,2026-09-21 16:08:14
3590,233,12.54,31.48,Pending,2026-09-22 01:29:50
3591,283,73.87,73619.19,Pending,2026-09-23 08:13:39
3592,694,85.12,802.9,Lost,2026-09-23 04:36:57
3593,396,36.22,3333.75,Lost,2026-09-28 03:46:02
3594,697,63.71,2626.39,Won,2026-09-25 21:02:10
3595,748,93.26,39188.31,Won,2026-09-27 14:50:48
3596,320,94.55,1747.93,Lost,2026-09-19 17:09:50
3597,366,92.16,4221.79,Won,2026-09-22 12:17:56
3598,758,35.69,974.8,Pending,2026-09-20 11:33:58
3599,968,43.28,448.93,Won,2026-09-23 00:32:48
3600,101,19.27,84.79,Won,2026-09-20 01:57:46
3601,464,34.78,1543.4,Lost,2026-09-24 00:20:46
3602,702,78.26,242888.65,Won,2026-09-23 23:08:15
3603,604,91.24,1598.8,Cancelled,2026-09-22 02:23:05
3604,730,91.5,646.72,Pending,2026-09-25 20:57:23
3605,3,22.99,1105.4,Won,2026-09-21 17:02:23
3606,305,34.25,185.29,Pending,2026-09-18 15:48:29
3607,385,58.53,190.81,Lost,2026-09-27 00:54:48
3608,189,72.6,1848.12,Won,2026-09-26 15:51:29
3609,18,69.92,16232.77,Pending,2026-09-26 17:18:58
3610,264,67.21,5007.32,Pending,2026-09-20 07:51:18
3611,729,19.68,165.71,Won,2026-09-19 07:44:44
3612,890,39.47,2749.35,Won,2026-09-21 01:35:21
3613,643,11.0,838.93,Won,2026-09-25 10:52:25
3614,400,84.68,2419.05,Pending,2026-09-23 00:22:10
3615,823,38.84,12874.61,Pending,2026-09-18 16:03:11
3616,415,83.69,602.57,Lost,2026-09-22 16:13:10
3617,948,14.56,8704.7,Won,2026-09-19 08:55:59
3618,940,6.66,2282.76,Lost,2026-09-25 19:37:14
3619,723,48.01,2110.96,Won,2026-09-20 08:11:13
3620,479,11.86,20.16,Pending,2026-09-22 11:36:29
3621,848,33.93,4791.78,Pending,2026-09-19 12:11:51
3622,570,91.34,608.32,Pending,2026-09-27 22:52:02
3623,727,61.61,24651.4,Lost,2026-09-20 12:26:12
3624,15,33.57,102.31,Pending,2026-09-20 11:18:03
3625,415,78.3,2256.84,Lost,2026-09-24 18:04:17
3626,718,57.82,401.85,Lost,2026-09-24 16:43:40
3627,812,80.85,417.19,Won,2026-09-23 07:05:54
3628,505,67.66,506.77,Lost,2026-09-27 21:33:55
3629,942,8.61,462.47,Pending,2026-09-19 19:32:30
3630,192,64.43,8191.1,Pending,2026-09-23 07:55:34
3631,676,12.57,168.75,Won,2026-09-25 11:18:15
3632,322,19.34,70.63,Pending,2026-09-27 13:22:25
3633,944,9.1,7640.46,Pending,2026-09-18 22:19:02
3634,946,50.82,1611.93,Won,2026-09-25 03:18:21
3635,450,36.22,285.41,Cancelled,2026-09-25 15:14:34
3636,123,74.77,1212.71,Won,2026-09-24 19:32:50
3637,444,71.58,8934.61,Pending,2026-09-23 15:26:06
3638,225,58.27,423.62,Won,2026-09-26 23:13:11
3639,804,7.28,3929.34,Won,2026-09-23 01:46:48
3640,77,53.32,1405.65,Pending,2026-09-23 22:44:56
3641,790,51.1,186.0,Pending,2026-09-26 06:30:40
3642,178,42.24,6049.86,Pending,2026-09-27 13:45:19
3643,448,59.54,1643.88,Won,2026-09-25 22:06:55
3644,425,21.43,2645.55,Won,2026-09-24 17:28:36
3645,464,5.25,130.38,Won,2026-09-28 03:56:10
3646,987,38.11,3127.33,Cancelled,2026-09-24 04:17:57
3647,429,28.16,32997.01,Won,2026-09-26 23:24:12
3648,136,86.16,34634.1,Won,2026-09-18 20:36:10
3649,967,22.43,14459.44,Lost,2026-09-25 21:40:49
3650,224,57.22,6421.34,Lost,2026-09-26 10:53:19
3651,33,65.42,1605.34,Lost,2026-09-27 12:24:48
3652,979,93.36,30923.27,Won,2026-09-19 22:30:37
3653,176,40.78,6233.66,Won,2026-09-18 19:22:13
3654,333,78.05,34467.33,Cancelled,2026-09-27 12:07:40
3655,781,78.06,977.37,Pending,2026-09-19 04:03:03
3656,691,51.06,89.87,Won,2026-09-19 19:46:51
3657,250,58.56,394.11,Won,2026-09-24 00:12:41
3658,506,30.17,906.35,Pending,2026-09-25 06:49:33
3659,839,43.19,25448.15,Lost,2026-09-25 10:14:11
3660,182,4.76,1762.25,Cancelled,2026-09-25 06:29:33
3661,131,24.39,200.97,Won,2026-09-21 17:02:57
3662,323,67.03,561.71,Pending,2026-09-19 19:48:31
3663,89,10.67,797.43,Cancelled,2026-09-25 00:58:34
3664,51,89.38,2180.0,Pending,2026-09-20 23:46:27
3665,366,37.01,3828.85,Pending,2026-09-28 03:14:08
3666,949,66.96,392.39,Pending,2026-09-22 12:14:37
3667,135,73.2,3322.9,Pending,2026-09-21 18:27:54
3668,317,46.36,56043.16,Won,2026-09-21 10:06:04
3669,393,83.49,14046.34,Lost,2026-09-24 14:54:02
3670,843,86.04,8389.05,Pending,2026-09-27 10:41:32
3671,312,43.8,487.62,Lost,2026-09-23 07:41:06
3672,139,83.07,392.09,Won,2026-09-25 16:54:35
3673,726,92.56,4725.57,Pending,2026-09-27 15:54:46
3674,265,84.9,840.85,Pending,2026-09-27 15:38:58
3675,621,78.81,3518.98,Lost,2026-09-19 13:17:48
3676,997,27.27,21242.2,Pending,2026-09-27 02:40:30
3677,651,33.21,1564.4,Won,2026-09-22 13:00:44
3678,686,50.92,299.34,Won,2026-09-20 22:09:51
3679,483,14.05,3362.01,Won,2026-09-22 14:32:18
3680,519,47.17,174200.21,Won,2026-09-23 22:06:29
3681,259,48.36,17156.57,Won,2026-09-21 01:24:47
3682,794,66.66,11678.17,Pending,2026-09-18 11:02:32
3683,629,52.37,5129.32,Won,2026-09-27 20:19:41
3684,872,34.78,124.98,Pending,2026-09-23 09:48:30
3685,634,41.92,15819.7,Lost,2026-09-21 18:10:35
3686,423,44.82,2088.29,Won,2026-09-25 09:52:18
3687,741,45.42,616.02,Lost,2026-09-19 11:35:47
3688,888,90.85,25528.72,Lost,2026-09-24 11:19:39
3689,989,94.72,15563.7,Won,2026-09-26 13:35:51
3690,999,43.95,1340.04,Won,2026-09-23 12:34:34
3691,747,21.62,727.28,Lost,2026-09-27 09:22:20
3692,855,5.88,172.27,Won,2026-09-21 12:15:50
3693,469,53.62,6045.59,Lost,2026-09-23 22:57:59
3694,376,27.56,371.07,Lost,2026-09-27 17:54:06
3695,466,42.28,38500.43,Won,2026-09-20 16:08:33
3696,270,8.5,1186.56,Pending,2026-09-23 09:45:03
3697,38,62.59,2192.99,Pending,2026-09-19 04:45:35
3698,498,88.95,178455.83,Lost,2026-09-28 04:21:40
3699,545,77.64,628.88,Won,2026-09-19 09:56:07
3700,942,49.45,145.38,Won,2026-09-26 05:08:54
3701,544,10.89,6008.84,Won,2026-09-26 14:26:35
3702,590,14.17,1109.53,Lost,2026-09-25 08:55:04
3703,536,49.85,324.52,Lost,2026-09-23 21:07:43
3704,353,34.62,406.61,Lost,2026-09-18 22:00:06
3705,843,50.45,263.99,Lost,2026-09-21 00:26:33
3706,433,39.57,9336.96,Lost,2026-09-23 17:36:41
3707,426,65.74,1138.73,Cancelled,2026-09-21 12:57:12
3708,233,92.2,343508.3,Won,2026-09-26 13:16:21
3709,455,62.13,9983.63,Won,2026-09-22 20:54:49
3710,684,27.11,200.2,Lost,2026-09-22 16:07:24
3711,647,11.54,84.59,Cancelled,2026-09-20 15:22:08
3712,520,23.74,5342.42,Lost,2026-09-21 14:17:59
3713,337,53.08,34884.31,Lost,2026-09-23 14:28:09
3714,225,87.4,12769.46,Lost,2026-09-20 16:27:29
3715,185,93.68,5011.74,Pending,2026-09-23 22:57:58
3716,815,8.08,112.6,Won,2026-09-26 22:28:34
3717,401,29.21,95.81,Won,2026-09-24 04:33:12
3718,805,97.88,1033.32,Won,2026-09-21 11:32:13
3719,147,70.88,3342.33,Lost,2026-09-18 17:16:41
3720,623,41.55,645.96,Pending,2026-09-26 04:37:45
3721,922,87.43,55344.92,Won,2026-09-27 04:20:44
3722,29,76.04,8231.7,Lost,2026-09-22 08:57:43
3723,16,36.7,280.76,Won,2026-09-27 01:45:05
3724,131,89.86,1621.36,Lost,2026-09-24 05:15:23
3725,173,37.51,939.31,Lost,2026-09-23 03:58:17
3726,573,57.02,38796.71,Won,2026-09-19 15:06:45
3727,245,42.15,327.08,Won,2026-09-26 06:45:36
3728,534,94.28,4430.63,Pending,2026-09-19 11:33:38
3729,510,31.7,348.14,Pending,2026-09-19 23:46:40
3730,219,55.41,5059.89,Lost,2026-09-25 00:54:46
3731,844,6.47,993.77,Lost,2026-09-23 17:40:09
3732,571,72.68,10669.6,Won,2026-09-18 11:34:35
3733,367,33.08,4055.18,Won,2026-09-25 08:55:08
3734,159,83.95,2591.71,Won,2026-09-24 16:26:03
3735,987,31.58,205.9,Lost,2026-09-25 17:13:17
3736,219,74.01,34008.51,Pending,2026-09-20 18:44:13
3737,810,72.48,592.16,Won,2026-09-20 20:18:15
3738,391,33.58,120.22,Won,2026-09-21 21:35:10
3739,770,37.68,2424.51,Pending,2026-09-27 19:18:57
3740,408,70.44,164.13,Won,2026-09-22 07:45:23
3741,267,72.12,82.94,Won,2026-09-19 22:14:45
3742,33,22.41,153.73,Pending,2026-09-23 23:01:55
3743,583,95.14,427.18,Pending,2026-09-19 18:20:56
3744,275,68.21,4170.87,Won,2026-09-25 16:54:43
3745,804,37.0,4661.68,Lost,2026-09-24 06:17:32
3746,143,91.17,506.91,Lost,2026-09-26 03:22:21
3747,871,58.22,214.25,Pending,2026-09-21 10:22:00
3748,381,41.4,5793.43,Pending,2026-09-21 06:38:02
3749,771,16.88,165.95,Pending,2026-09-20 09:19:12
3750,758,63.84,14696.36,Won,2026-09-25 13:42:35
3751,3,86.46,18921.9,Pending,2026-09-21 03:18:01
3752,412,53.41,571.94,Won,2026-09-25 16:49:29
3753,462,20.59,150.36,Won,2026-09-18 19:44:38
3754,765,69.33,519.98,Pending,2026-09-18 09:55:02
3755,84,60.47,51238.88,Pending,2026-09-22 22:41:46
3756,304,36.66,7340.92,Won,2026-09-25 02:15:01
3757,455,99.39,5940.72,Pending,2026-09-23 05:13:20
3758,188,43.48,4907.76,Pending,2026-09-25 15:29:10
3759,298,75.93,117.69,Lost,2026-09-25 09:52:02
3760,234,92.9,19195.5,Cancelled,2026-09-25 21:28:12
3761,462,25.36,3208.39,Won,2026-09-21 07:12:35
3762,482,19.96,117.76,Pending,2026-09-20 15:55:58
3763,936,12.33,27550.81,Won,2026-09-23 12:24:30
3764,620,84.87,4518.12,Lost,2026-09-27 19:57:16
3765,708,14.48,109.47,Pending,2026-09-21 02:13:55
3766,372,30.93,530.62,Lost,2026-09-19 05:31:41
3767,975,15.96,114.59,Pending,2026-09-19 22:43:23
3768,321,38.37,16187.15,Won,2026-09-19 17:45:22
3769,303,35.52,254.32,Lost,2026-09-24 14:28:50
3770,788,31.0,356.04,Won,2026-09-28 07:57:51
3771,434,74.92,4245.91,Won,2026-09-21 02:06:26
3772,712,24.11,799.42,Pending,2026-09-23 15:08:57
3773,310,6.08,44.99,Won,2026-09-25 20:38:00
3774,76,41.18,742.06,Won,2026-09-28 09:22:02
3775,910,39.73,507.91,Won,2026-09-20 08:33:15
3776,122,49.36,40635.37,Cancelled,2026-09-22 11:41:20
3777,862,16.27,2061.63,Won,2026-09-23 10:40:17
3778,214,34.88,252.5,Pending,2026-09-24 08:18:46
3779,531,74.84,43035.76,Pending,2026-09-24 02:47:41
3780,271,74.69,268.14,Won,2026-09-24 23:10:19
3781,245,39.12,41260.91,Lost,2026-09-19 02:07:13
3782,915,88.79,139221.09,Won,2026-09-27 13:48:59
3783,553,73.86,24463.09,Won,2026-09-21 12:27:17
3784,743,13.7,1245.23,Lost,2026-09-25 21:59:23
3785,49,5.76,2363.86,Pending,2026-09-24 02:15:53
3786,463,49.34,604.17,Won,2026-09-28 02:53:31
3787,353,40.37,890.16,Won,2026-09-24 06:02:44
3788,855,26.13,152.34,Won,2026-09-24 23:04:16
3789,813,41.85,18080.88,Lost,2026-09-25 04:40:44
3790,908,66.86,4629.31,Won,2026-09-22 08:39:27
3791,560,4.06,5.85,Won,2026-09-26 13:42:40
3792,228,16.7,62.62,Won,2026-09-19 06:40:54
3793,858,25.16,142.15,Pending,2026-09-18 15:52:00
3794,363,46.39,1731.83,Lost,2026-09-20 00:58:03
3795,435,28.85,437.36,Pending,2026-09-23 04:01:06
3796,821,61.57,8434.41,Won,2026-09-23 12:55:23
3797,770,7.71,1530.98,Lost,2026-09-18 13:12:11
3798,211,19.82,2268.34,Lost,2026-09-19 16:50:12
3799,259,33.76,1284.09,Won,2026-09-18 11:58:00
3800,273,38.44,39465.9,Won,2026-09-20 08:48:37
3801,716,92.53,242.5,Pending,2026-09-22 17:52:00
3802,173,13.16,49.88,Won,2026-09-22 23:51:37
3803,629,64.67,551.59,Won,2026-09-26 16:05:15
3804,674,98.68,2021.22,Won,2026-09-23 21:58:40
3805,888,48.4,22019.49,Lost,2026-09-26 12:41:48
3806,250,27.93,1973.94,Pending,2026-09-20 07:20:44
3807,788,46.41,189.35,Pending,2026-09-27 00:20:11
3808,283,6.12,2594.11,Pending,2026-09-21 04:42:28
3809,395,35.04,1496.27,Pending,2026-09-21 09:56:20
3810,265,14.17,140.44,Won,2026-09-24 04:21:28
3811,46,21.63,208.64,Won,2026-09-18 23:48:17
3812,18,94.52,3553.01,Won,2026-09-21 13:53:57
3813,421,49.47,16286.61,Lost,2026-09-25 05:08:36
3814,934,88.72,37785.36,Won,2026-09-25 18:13:59
3815,295,4.31,16.59,Lost,2026-09-19 20:35:18
3816,466,78.55,107273.47,Pending,2026-09-20 16:37:29
3817,593,97.33,9817.81,Won,2026-09-24 09:26:49
3818,548,27.12,160.51,Won,2026-09-19 07:29:15
3819,56,30.45,8348.33,Lost,2026-09-28 04:19:58
3820,816,84.86,441.27,Lost,2026-09-22 11:10:19
3821,842,13.07,316.31,Lost,2026-09-24 06:52:52
3822,972,69.76,5647.5,Lost,2026-09-21 09:59:41
3823,259,65.47,382.34,Lost,2026-09-25 16:50:51
3824,634,66.09,12378.3,Pending,2026-09-23 12:13:06
3825,562,93.61,352.91,Won,2026-09-25 15:30:44
3826,736,97.16,26636.28,Pending,2026-09-20 21:21:19
3827,134,17.62,22358.45,Lost,2026-09-18 15:56:32
3828,890,94.99,2312.87,Lost,2026-09-22 03:50:01
3829,891,12.65,120.68,Won,2026-09-21 00:30:22
3830,322,3.14,699.48,Won,2026-09-27 12:32:17
3831,872,64.7,1721.79,Won,2026-09-27 09:44:57
3832,51,5.87,43.6,Won,2026-09-18 14:16:20
3833,452,92.95,2777.45,Lost,2026-09-19 19:22:35
3834,954,72.53,95052.36,Won,2026-09-26 02:34:07
3835,49,62.86,9578.35,Won,2026-09-19 01:05:47
3836,721,49.24,3397.86,Lost,2026-09-19 10:37:20
3837,272,42.09,2373.16,Won,2026-09-23 13:45:59
3838,118,82.09,242.99,Won,2026-09-22 17:25:22
3839,658,54.41,409.71,Cancelled,2026-09-27 04:04:32
3840,782,38.76,48.06,Pending,2026-09-26 02:42:13
3841,786,25.53,1950.05,Won,2026-09-23 05:31:08
3842,859,65.06,648.15,Lost,2026-09-27 11:16:13
3843,889,68.82,128.01,Won,2026-09-22 08:28:32
3844,581,26.19,797.52,Cancelled,2026-09-20 01:26:25
3845,465,77.29,27480.31,Won,2026-09-21 20:29:05
3846,762,70.17,1986.86,Won,2026-09-24 08:07:48
3847,804,74.12,663.34,Won,2026-09-23 09:44:54
3848,871,77.79,2027.83,Won,2026-09-19 18:11:35
3849,533,36.35,108.69,Won,2026-09-20 07:13:43
3850,14,51.42,257.61,Pending,2026-09-24 21:44:14
3851,706,10.31,86.5,Lost,2026-09-28 01:31:26
3852,824,62.8,1764.17,Lost,2026-09-20 11:10:56
3853,819,6.14,36.53,Lost,2026-09-22 20:46:24
3854,90,51.27,13321.8,Lost,2026-09-19 04:42:20
3855,743,46.46,310.82,Pending,2026-09-18 10:54:53
3856,140,58.88,471.63,Won,2026-09-19 00:59:06
3857,341,42.33,132.49,Lost,2026-09-21 12:18:25
3858,439,99.14,4748.75,Pending,2026-09-24 18:26:40
3859,89,13.81,26.65,Won,2026-09-21 06:22:50
3860,970,98.96,3972.47,Lost,2026-09-19 19:23:26
3861,372,6.68,1934.55,Lost,2026-09-20 11:20:12
3862,792,59.85,61117.95,Lost,2026-09-23 22:31:35
3863,174,57.01,100.91,Cancelled,2026-09-23 22:06:53
3864,912,49.43,15774.05,Pending,2026-09-27 09:52:23
3865,441,43.39,352.33,Lost,2026-09-21 02:14:21
3866,610,96.31,155.06,Won,2026-09-24 13:47:56
3867,508,65.26,539.75,Lost,2026-09-19 02:19:33
3868,131,98.66,2393.05,Won,2026-09-22 14:00:32
3869,373,99.15,4173.34,Won,2026-09-26 02:10:21
3870,897,61.47,5842.27,Won,2026-09-23 09:15:14
3871,103,3.42,21.92,Won,2026-09-22 02:14:44
3872,96,17.2,550.9,Lost,2026-09-22 17:18:22
3873,338,41.03,204.09,Won,2026-09-19 06:50:14
3874,298,81.39,1772.93,Pending,2026-09-19 03:33:38
3875,275,66.37,64338.58,Pending,2026-09-27 02:54:24
3876,217,33.37,29092.73,Lost,2026-09-24 11:05:36
3877,232,71.57,2672.51,Pending,2026-09-24 05:33:10
3878,932,66.32,1551.03,Lost,2026-09-18 14:30:49
3879,894,6.27,578.49,Won,2026-09-19 09:56:00
3880,504,21.2,63.39,Pending,2026-09-25 01:21:22
3881,88,50.13,141.37,Won,2026-09-23 22:47:11
3882,560,50.02,71.53,Won,2026-09-21 15:20:15
3883,958,72.98,419.64,Won,2026-09-22 15:09:15
3884,293,82.37,2000.19,Won,2026-09-23 18:16:21
3885,618,37.04,10623.6,Won,2026-09-26 05:11:45
3886,635,44.68,199.27,Won,2026-09-26 22:31:55
3887,91,64.51,191.59,Pending,2026-09-23 14:26:15
3888,680,65.22,3563.91,Pending,2026-09-18 23:06:05
3889,746,22.91,45.42,Pending,2026-09-21 07:38:40
3890,672,77.85,4460.91,Won,2026-09-25 03:19:12
3891,459,18.72,369.5,Lost,2026-09-18 13:41:43
3892,370,34.8,1717.81,Lost,2026-09-27 11:45:24
3893,453,47.78,31353.99,Lost,2026-09-24 04:16:33
3894,884,94.9,12849.96,Won,2026-09-22 07:51:37
3895,233,98.93,25719.55,Lost,2026-09-20 20:13:26
3896,662,97.24,500.79,Won,2026-09-21 00:27:52
3897,80,13.98,529.76,Pending,2026-09-24 04:38:23
3898,465,27.84,1359.69,Pending,2026-09-24 10:20:59
3899,766,2.1,2718.23,Won,2026-09-27 10:00:25
3900,905,9.73,1606.56,Pending,2026-09-23 18:40:08
3901,607,49.41,3657.17,Pending,2026-09-23 15:36:57
3902,51,6.97,130.36,Lost,2026-09-23 10:46:01
3903,764,90.28,366.54,Pending,2026-09-19 07:56:04
3904,55,8.14,105.3,Lost,2026-09-19 14:00:45
3905,987,14.78,18340.82,Won,2026-09-26 18:17:42
3906,551,28.53,182.88,Pending,2026-09-26 12:18:36
3907,553,31.27,80.05,Pending,2026-09-20 08:26:03
3908,973,99.15,837.02,Lost,2026-09-20 23:48:55
3909,524,55.15,8672.0,Pending,2026-09-20 13:17:38
3910,826,31.07,103.77,Lost,2026-09-24 05:12:00
3911,535,31.49,6247.86,Lost,2026-09-22 20:16:02
3912,589,94.55,2349.44,Won,2026-09-25 21:48:25
3913,955,52.75,520.07,Won,2026-09-23 13:12:19
3914,878,63.08,1993.73,Won,2026-09-19 21:31:59
3915,22,88.67,582.56,Won,2026-09-19 09:17:18
3916,537,10.77,5101.69,Won,2026-09-27 02:16:36
3917,161,51.88,406.74,Lost,2026-09-27 01:37:32
3918,758,82.98,92.11,Lost,2026-09-26 20:10:23
3919,29,22.93,229.41,Pending,2026-09-22 09:48:27
3920,774,67.53,183.01,Lost,2026-09-19 17:49:13
3921,385,60.75,417.35,Won,2026-09-21 08:53:36
3922,525,27.11,111.15,Lost,2026-09-26 08:16:55
3923,400,81.36,3993.68,Won,2026-09-27 07:23:38
3924,5,23.87,487.81,Pending,2026-09-25 05:56:35
3925,175,55.56,391.14,Won,2026-09-23 19:50:35
3926,6,84.26,5109.66,Won,2026-09-18 21:47:34
3927,737,52.91,889.33,Pending,2026-09-24 22:32:53
3928,653,99.73,265.28,Pending,2026-09-27 00:25:03
3929,493,75.58,24463.65,Won,2026-09-26 12:34:45
3930,120,7.38,104.89,Lost,2026-09-18 17:25:58
3931,654,57.15,43388.85,Won,2026-09-21 09:38:20
3932,109,10.52,129.0,Lost,2026-09-24 05:25:41
3933,578,28.54,121.58,Won,2026-09-19 01:52:52
3934,55,10.19,19.87,Lost,2026-09-23 09:39:56
3935,641,44.89,609.67,Lost,2026-09-26 17:12:37
3936,99,63.82,4946.86,Won,2026-09-27 07:46:10
3937,193,82.96,12598.74,Lost,2026-09-22 05:40:06
3938,353,25.95,10517.33,Won,2026-09-22 12:34:56
3939,676,64.73,358.6,Won,2026-09-28 00:10:09
3940,621,25.66,159.61,Pending,2026-09-21 18:30:58
3941,815,18.61,145.72,Pending,2026-09-21 01:57:06
3942,889,97.51,8009.66,Won,2026-09-20 08:47:24
3943,504,24.28,84.49,Won,2026-09-24 02:15:48
3944,262,94.54,11082.64,Won,2026-09-23 11:57:57
3945,920,24.48,2363.02,Won,2026-09-24 10:04:44
3946,480,92.16,1007.27,Won,2026-09-25 01:57:18
3947,871,93.15,437.81,Lost,2026-09-21 12:39:59
3948,378,15.18,64.82,Pending,2026-09-23 12:23:10
3949,993,61.41,14765.31,Lost,2026-09-28 01:33:48
3950,742,27.13,602.31,Won,2026-09-26 00:47:12
3951,442,39.22,28223.42,Pending,2026-09-28 04:53:59
3952,272,35.22,2502.32,Won,2026-09-26 04:30:05
3953,144,83.62,92021.98,Lost,2026-09-19 20:34:57
3954,779,18.7,609.98,Lost,2026-09-18 18:31:38
3955,877,9.75,297.86,Won,2026-09-24 04:45:22
3956,418,79.93,17020.5,Lost,2026-09-18 18:53:45
3957,584,75.53,18772.32,Won,2026-09-26 16:38:09
3958,532,16.54,134.8,Won,2026-09-26 16:37:09
3959,884,82.64,99299.77,Lost,2026-09-22 13:01:02
3960,813,99.89,3139.67,Pending,2026-09-23 16:08:55
3961,869,24.31,157.11,Lost,2026-09-27 10:25:14
3962,847,68.36,43095.98,Won,2026-09-27 10:58:35
3963,678,61.42,2374.06,Won,2026-09-21 08:55:05
3964,150,88.59,728.21,Won,2026-09-20 15:14:31
3965,756,42.05,15479.23,Won,2026-09-28 03:25:49
3966,885,66.01,15133.17,Won,2026-09-26 23:18:17
3967,943,37.22,53.22,Pending,2026-09-25 10:36:24
3968,384,25.77,50666.67,Lost,2026-09-18 13:44:33
3969,740,89.72,30422.93,Won,2026-09-27 05:08:08
3970,771,49.02,132.84,Lost,2026-09-25 11:16:19
3971,185,63.4,38171.18,Won,2026-09-25 21:36:53
3972,907,74.24,7048.72,Pending,2026-09-18 22:07:59
3973,631,11.14,46.9,Won,2026-09-25 07:28:40
3974,510,28.25,180.23,Pending,2026-09-28 06:21:57
3975,962,77.42,349.16,Lost,2026-09-21 15:10:07
3976,208,45.28,559.29,Won,2026-09-21 10:49:33
3977,794,80.96,352.99,Won,2026-09-23 05:02:39
3978,451,60.02,1073.45,Pending,2026-09-25 03:23:06
3979,619,6.47,143.46,Lost,2026-09-27 15:08:32
3980,554,46.24,12138.96,Pending,2026-09-23 11:34:03
3981,497,4.0,226.03,Won,2026-09-25 05:14:07
3982,881,94.1,23023.28,Cancelled,2026-09-22 17:55:45
3983,363,78.24,96.24,Pending,2026-09-25 21:37:16
3984,178,97.24,3145.48,Pending,2026-09-22 23:18:53
3985,987,81.53,435.37,Won,2026-09-19 12:07:12
3986,831,18.2,11320.75,Won,2026-09-26 19:49:50
3987,595,99.55,372.32,Won,2026-09-22 05:21:35
3988,460,46.03,67407.87,Won,2026-09-26 08:23:59
3989,488,89.05,2737.4,Pending,2026-09-19 09:45:26
3990,838,75.81,4459.06,Lost,2026-09-18 23:01:02
3991,305,25.7,2443.71,Won,2026-09-21 11:28:59
3992,569,52.62,26272.16,Won,2026-09-23 05:49:20
3993,516,46.96,73358.69,Lost,2026-09-19 12:26:46
3994,220,38.71,959.35,Lost,2026-09-25 03:32:02
3995,899,94.06,380.94,Won,2026-09-25 15:03:07
3996,658,6.19,24.51,Won,2026-09-24 18:25:56
3997,766,75.63,265.46,Lost,2026-09-26 18:58:36
3998,101,16.37,2537.51,Won,2026-09-19 14:05:05
3999,415,48.18,342.56,Lost,2026-09-23 23:47:57
4000,593,35.58,203.16,Pending,2026-09-25 17:01:11
4001,896,67.96,596.68,Cancelled,2026-09-27 16:37:53
4002,67,43.1,3195.91,Pending,2026-09-27 20:48:43
4003,764,68.37,6743.59,Won,2026-09-25 10:49:34
4004,634,49.61,300.76,Won,2026-09-27 15:25:18
4005,784,20.26,387.66,Won,2026-09-19 04:07:04
4006,824,2.99,6.01,Lost,2026-09-24 01:04:14
4007,295,51.11,499.24,Lost,2026-09-27 12:29:40
4008,634,46.26,61229.25,Won,2026-09-28 05:23:03
4009,378,56.21,9711.18,Won,2026-09-22 04:05:11
4010,81,99.84,12758.24,Pending,2026-09-19 18:23:37
4011,227,21.97,9138.43,Pending,2026-09-26 02:01:25
4012,758,81.64,37894.08,Won,2026-09-23 11:12:09
4013,556,9.83,308.02,Pending,2026-09-26 17:06:41
4014,560,20.48,8590.94,Pending,2026-09-19 11:11:23
4015,975,57.93,49009.11,Lost,2026-09-19 18:12:16
4016,647,84.48,2797.1,Cancelled,2026-09-19 07:54:28
4017,809,7.97,16.9,Won,2026-09-27 21:52:55
4018,167,16.47,11866.59,Lost,2026-09-21 08:53:38
4019,298,24.71,894.78,Won,2026-09-21 13:42:19
4020,151,32.36,222.64,Cancelled,2026-09-19 06:31:15
4021,230,98.6,1583.21,Won,2026-09-21 08:28:08
4022,408,37.18,3561.29,Lost,2026-09-21 18:54:50
4023,202,46.85,235.66,Won,2026-09-27 21:17:10
4024,71,35.33,313.67,Won,2026-09-21 03:26:31
4025,739,77.41,1460.15,Pending,2026-09-20 23:18:03
4026,354,95.57,71284.67,Won,2026-09-19 12:51:04
4027,570,6.42,1769.03,Lost,2026-09-19 12:22:21
4028,980,91.26,18416.11,Lost,2026-09-24 04:56:32
4029,659,44.48,108.09,Won,2026-09-22 11:04:13
4030,650,70.68,143496.22,Lost,2026-09-20 01:22:49
4031,620,44.0,11293.43,Won,2026-09-23 11:17:05
4032,717,40.4,7823.28,Lost,2026-09-28 00:39:57
4033,156,30.89,172.37,Won,2026-09-24 18:07:52
4034,714,65.26,9169.16,Pending,2026-09-20 03:49:15
4035,95,43.23,12421.2,Won,2026-09-19 13:23:49
4036,811,12.11,3149.73,Lost,2026-09-25 09:31:07
4037,379,4.89,120.06,Won,2026-09-20 23:05:28
4038,13,40.41,2657.76,Won,2026-09-21 22:27:29
4039,917,68.05,25676.07,Pending,2026-09-24 19:33:03
4040,285,45.6,6697.27,Lost,2026-09-23 10:03:12
4041,839,81.44,3762.72,Pending,2026-09-22 13:12:30
4042,627,39.4,2773.35,Won,2026-09-25 01:10:23
4043,370,96.45,30365.62,Pending,2026-09-19 14:59:43
4044,913,59.18,8397.2,Pending,2026-09-23 00:44:41
4045,659,36.5,111.69,Pending,2026-09-26 04:46:26
4046,431,54.34,180.95,Pending,2026-09-25 05:45:17
4047,833,46.88,2251.01,Pending,2026-09-20 01:01:49
4048,56,37.8,4155.42,Pending,2026-09-20 13:57:12
4049,51,42.43,277.07,Cancelled,2026-09-21 21:10:05
4050,139,21.53,7365.29,Won,2026-09-20 15:26:52
4051,528,68.87,165.29,Pending,2026-09-20 19:49:48
4052,565,72.38,2265.31,Won,2026-09-18 12:17:31
4053,242,5.83,1558.02,Pending,2026-09-19 19:10:03
4054,729,14.0,5163.75,Pending,2026-09-24 19:31:14
4055,372,72.1,424.81,Won,2026-09-22 14:19:50
4056,369,71.63,41355.35,Cancelled,2026-09-26 19:46:59
4057,900,78.53,63793.59,Won,2026-09-22 17:45:20
4058,714,84.46,2774.36,Won,2026-09-19 18:10:21
4059,182,35.83,6843.91,Won,2026-09-22 15:54:27
4060,203,85.26,4134.76,Pending,2026-09-25 12:24:52
4061,591,57.69,9679.33,Pending,2026-09-23 14:09:55
4062,436,36.29,164.35,Won,2026-09-18 17:22:28
4063,255,64.76,1712.05,Won,2026-09-20 17:46:09
4064,422,82.63,364.4,Lost,2026-09-26 19:40:33
4065,627,55.27,318.91,Lost,2026-09-21 22:59:48
4066,380,10.08,6503.08,Won,2026-09-28 08:42:03
4067,767,4.05,26.69,Won,2026-09-28 01:08:32
4068,794,56.75,49126.62,Won,2026-09-22 19:56:05
4069,181,44.68,362.8,Won,2026-09-24 17:17:54
4070,381,20.03,6636.12,Lost,2026-09-19 07:26:21
4071,484,75.0,408.75,Pending,2026-09-23 05:52:15
4072,606,27.52,1114.77,Pending,2026-09-20 04:16:07
4073,575,2.5,1035.81,Pending,2026-09-27 07:52:46
4074,998,3.97,247.11,Won,2026-09-23 10:03:45
4075,137,47.14,11270.3,Lost,2026-09-20 04:32:15
4076,967,9.85,14.09,Won,2026-09-19 11:50:59
4077,250,48.24,192.48,Won,2026-09-25 04:12:20
4078,880,4.34,877.17,Won,2026-09-26 04:52:11
4079,223,90.5,14055.78,Pending,2026-09-22 03:38:56
4080,214,85.52,29189.06,Pending,2026-09-26 04:30:20
4081,368,63.85,115.57,Lost,2026-09-20 11:54:28
4082,544,17.57,11337.87,Cancelled,2026-09-23 12:43:41
4083,219,71.61,4440.54,Lost,2026-09-25 03:25:53
4084,44,56.31,245.51,Pending,2026-09-22 02:32:44
4085,211,67.16,1195.01,Won,2026-09-22 04:31:44
4086,945,48.67,5688.29,Lost,2026-09-20 01:25:36
4087,318,66.25,16741.14,Won,2026-09-27 23:44:01
4088,929,78.67,1682.41,Lost,2026-09-21 04:57:35
4089,645,90.83,124.44,Pending,2026-09-23 05:11:27
4090,198,78.39,2895.07,Pending,2026-09-22 13:20:59
4091,880,42.03,163.08,Won,2026-09-19 21:38:35
4092,384,73.51,2934.87,Pending,2026-09-27 13:26:16
4093,979,50.41,460.04,Lost,2026-09-25 07:59:25
4094,269,8.19,17.44,Cancelled,2026-09-25 16:25:47
4095,38,77.94,455.17,Cancelled,2026-09-26 10:54:27
4096,743,22.54,851.0,Won,2026-09-22 16:00:56
4097,627,54.75,2682.7,Pending,2026-09-28 00:33:28
4098,852,16.61,20298.51,Won,2026-09-26 17:21:23
4099,709,93.73,1448.33,Pending,2026-09-19 10:57:58
4100,564,2.06,6.04,Won,2026-09-18 15:58:57
4101,978,81.96,2979.59,Pending,2026-09-26 07:05:10
4102,103,42.21,157.87,Pending,2026-09-23 17:45:23
4103,129,59.04,400.29,Pending,2026-09-27 04:16:01
4104,221,17.55,769.34,Pending,2026-09-28 00:31:17
4105,287,91.96,204.15,Cancelled,2026-09-24 11:06:02
4106,347,84.97,413.8,Pending,2026-09-23 01:03:57
4107,74,24.34,2168.61,Pending,2026-09-20 09:10:43
4108,263,88.42,3230.92,Pending,2026-09-23 22:25:25
4109,54,32.56,47627.83,Won,2026-09-25 12:58:45
4110,376,3.5,26.8,Pending,2026-09-22 07:14:22
4111,89,38.02,45.62,Lost,2026-09-21 03:59:03
4112,179,14.15,555.23,Pending,2026-09-22 06:10:26
4113,41,12.73,144.74,Won,2026-09-26 14:40:12
4114,949,49.25,2520.14,Cancelled,2026-09-25 05:07:27
4115,395,44.76,370.17,Pending,2026-09-18 23:45:25
4116,51,93.78,105999.53,Lost,2026-09-26 23:44:54
4117,621,66.64,241.9,Lost,2026-09-22 12:25:16
4118,928,6.82,398.88,Lost,2026-09-20 03:05:08
4119,95,4.67,167.94,Pending,2026-09-24 00:25:47
4120,107,23.01,920.52,Won,2026-09-21 18:03:37
4121,898,64.46,43035.23,Pending,2026-09-19 04:13:59
4122,209,68.31,5723.6,Won,2026-09-18 12:13:18
4123,401,68.16,9494.46,Won,2026-09-22 00:00:42
4124,863,24.11,4977.96,Lost,2026-09-19 20:07:46
4125,375,92.34,291.79,Pending,2026-09-18 12:23:12
4126,111,10.57,16.28,Won,2026-09-19 11:05:32
4127,31,26.8,113.51,Pending,2026-09-22 00:02:26
4128,975,42.4,131.86,Pending,2026-09-20 09:50:54
4129,806,8.1,2297.45,Won,2026-09-24 16:58:30
4130,481,19.61,5994.84,Lost,2026-09-24 00:24:31
4131,678,14.66,1631.62,Cancelled,2026-09-20 10:55:10
4132,107,19.22,72.4,Won,2026-09-22 06:55:38
4133,260,97.15,273.9,Won,2026-09-18 20:46:35
4134,738,62.61,7865.66,Lost,2026-09-27 12:32:22
4135,934,83.91,48811.94,Won,2026-09-25 23:41:54
4136,782,30.18,137.16,Won,2026-09-26 02:32:22
4137,347,51.45,1597.54,Lost,2026-09-19 00:46:53
4138,156,69.21,17132.18,Pending,2026-09-21 08:29:49
4139,28,20.71,12064.19,Pending,2026-09-18 14:42:08
4140,736,89.13,5073.4,Pending,2026-09-25 04:39:00
4141,306,8.09,159.16,Won,2026-09-20 04:45:53
4142,986,76.32,4068.83,Won,2026-09-23 12:49:50
4143,400,81.07,3522.46,Won,2026-09-23 05:32:39
4144,3,51.12,322.06,Pending,2026-09-20 03:30:00
4145,691,98.39,13003.07,Pending,2026-09-21 15:20:53
4146,621,30.34,176.28,Pending,2026-09-23 16:23:13
4147,13,11.17,743.44,Pending,2026-09-26 18:52:49
4148,318,21.62,336.04,Won,2026-09-18 22:47:10
4149,454,42.54,7516.35,Won,2026-09-23 05:09:29
4150,321,38.02,19577.45,Won,2026-09-21 14:07:03
4151,794,10.28,37.11,Won,2026-09-27 16:56:39
4152,901,38.4,5618.49,Won,2026-09-19 20:10:10
4153,964,39.74,310.77,Pending,2026-09-19 17:09:27
4154,630,93.13,17521.05,Won,2026-09-20 14:09:23
4155,785,61.94,3071.19,Won,2026-09-26 14:20:54
4156,479,21.83,609.77,Won,2026-09-26 03:31:13
4157,89,71.89,14999.57,Won,2026-09-20 06:50:49
4158,136,40.79,414.25,Lost,2026-09-27 18:02:28
4159,196,65.33,1372.52,Won,2026-09-22 13:20:59
4160,645,68.23,7922.13,Pending,2026-09-23 18:40:35
4161,782,93.91,124448.32,Pending,2026-09-28 03:35:14
4162,72,58.8,6477.07,Cancelled,2026-09-20 17:58:18
4163,811,82.61,936.5,Won,2026-09-20 13:16:48
4164,710,23.11,2465.82,Won,2026-09-24 05:30:58
4165,325,71.76,283.45,Won,2026-09-24 17:14:58
4166,107,53.94,1305.95,Cancelled,2026-09-25 17:44:15
4167,58,3.84,141.0,Won,2026-09-24 12:18:33
4168,564,98.6,1000.99,Pending,2026-09-18 21:28:23
4169,774,15.86,2033.07,Pending,2026-09-22 01:47:33
4170,974,39.41,9648.58,Won,2026-09-23 01:24:17
4171,545,17.28,14669.59,Won,2026-09-22 22:41:56
4172,419,97.85,1539.85,Won,2026-09-20 20:54:31
4173,159,41.32,275.07,Won,2026-09-18 21:56:04
4174,371,71.76,380.33,Pending,2026-09-26 14:07:42
4175,326,91.6,813.41,Lost,2026-09-19 12:51:59
4176,879,59.37,499.3,Pending,2026-09-28 03:07:41
4177,925,21.03,32.39,Cancelled,2026-09-26 18:43:44
4178,231,14.26,2549.85,Pending,2026-09-25 02:15:59
4179,89,3.75,15.56,Won,2026-09-19 01:31:56
4180,533,89.83,1093.5,Won,2026-09-19 18:38:08
4181,983,38.56,1216.49,Pending,2026-09-18 15:16:46
4182,571,79.42,1309.72,Won,2026-09-22 06:56:21
4183,475,35.75,157.3,Lost,2026-09-21 02:08:03
4184,785,57.08,2001.41,Pending,2026-09-20 19:21:55
4185,909,67.72,2210.06,Pending,2026-09-27 00:23:40
4186,446,14.62,1456.86,Cancelled,2026-09-21 15:37:09
4187,442,76.99,3916.07,Pending,2026-09-26 06:37:22
4188,9,55.51,1101.6,Won,2026-09-25 15:26:01
4189,11,27.51,1645.43,Lost,2026-09-19 21:09:54
4190,145,37.98,17837.09,Cancelled,2026-09-25 13:45:30
4191,731,21.14,824.12,Lost,2026-09-22 18:07:44
4192,347,56.45,4745.44,Lost,2026-09-22 05:26:23
4193,293,31.45,262.92,Pending,2026-09-18 21:37:02
4194,299,90.84,234.37,Won,2026-09-25 20:14:13
4195,113,57.17,1752.56,Won,2026-09-28 03:06:46
4196,705,51.9,684.24,Pending,2026-09-27 07:09:09
4197,847,37.95,510.52,Pending,2026-09-26 21:50:53
4198,685,92.91,19258.49,Won,2026-09-19 11:39:52
4199,786,46.7,263.93,Pending,2026-09-26 22:39:00
4200,642,18.15,2068.96,Won,2026-09-21 01:48:34
4201,695,47.79,6701.84,Pending,2026-09-27 20:56:13
4202,798,63.5,5046.23,Won,2026-09-25 18:45:01
4203,59,97.35,57776.43,Won,2026-09-21 22:47:16
4204,170,79.95,226.26,Won,2026-09-27 17:38:23
4205,574,9.5,1407.32,Won,2026-09-26 21:59:50
4206,745,16.36,214.37,Lost,2026-09-24 08:49:02
4207,340,24.46,72300.57,Won,2026-09-24 08:10:43
4208,539,99.79,22223.48,Won,2026-09-28 01:25:06
4209,927,19.68,356.38,Lost,2026-09-21 22:44:51
4210,901,67.26,935.11,Pending,2026-09-19 08:59:34
4211,242,7.66,1102.39,Lost,2026-09-18 23:47:40
4212,952,35.49,9922.56,Won,2026-09-26 09:01:11
4213,421,22.81,55663.98,Won,2026-09-22 02:55:39
4214,235,6.55,40.94,Won,2026-09-22 03:18:30
4215,327,52.62,2000.53,Lost,2026-09-20 20:43:11
4216,967,65.53,58158.88,Pending,2026-09-24 08:21:53
4217,836,69.6,744.54,Lost,2026-09-20 08:00:59
4218,759,90.4,171.76,Cancelled,2026-09-22 15:32:12
4219,986,93.14,69720.17,Won,2026-09-23 13:54:58
4220,532,96.75,3145.48,Won,2026-09-25 15:08:02
4221,111,52.04,12590.78,Pending,2026-09-23 04:54:39
4222,554,91.1,832.56,Won,2026-09-22 16:41:20
4223,586,20.39,10045.92,Pending,2026-09-27 20:00:29
4224,83,57.36,217.39,Cancelled,2026-09-20 20:46:02
4225,717,89.0,202.92,Lost,2026-09-21 05:00:20
4226,564,25.03,4623.41,Pending,2026-09-18 23:57:26
4227,441,79.75,9684.76,Won,2026-09-28 08:13:30
4228,198,92.57,7901.0,Won,2026-09-26 07:20:21
4229,594,74.37,117.5,Pending,2026-09-20 08:43:01
4230,690,50.3,3845.49,Won,2026-09-20 05:54:16
4231,914,9.75,46.61,Won,2026-09-19 22:19:07
4232,797,72.38,94324.98,Won,2026-09-20 23:47:10
4233,466,29.52,89.74,Pending,2026-09-21 08:23:22
4234,552,45.52,11438.85,Pending,2026-09-22 07:53:39
4235,598,18.61,1705.22,Won,2026-09-22 14:43:52
4236,813,32.87,2078.44,Lost,2026-09-26 07:43:51
4237,751,99.86,730.98,Pending,2026-09-19 06:33:16
4238,424,78.24,5888.28,Pending,2026-09-25 20:20:13
4239,650,81.83,1152.21,Won,2026-09-23 15:22:49
4240,971,44.67,260.87,Pending,2026-09-23 03:00:34
4241,184,9.17,12.38,Lost,2026-09-27 00:53:14
4242,524,21.18,663.42,Pending,2026-09-22 12:20:14
4243,884,84.59,655.57,Lost,2026-09-22 04:36:50
4244,723,3.74,17.54,Pending,2026-09-26 08:31:36
4245,711,36.1,83.75,Lost,2026-09-23 15:28:12
4246,432,54.13,335.06,Lost,2026-09-20 08:29:06
4247,303,94.26,46440.9,Pending,2026-09-24 16:18:05
4248,659,59.94,7986.34,Lost,2026-09-22 21:00:19
4249,515,34.57,30361.63,Won,2026-09-28 02:57:18
4250,522,6.85,221.05,Won,2026-09-22 01:55:12
4251,623,73.29,11194.37,Won,2026-09-26 18:22:15
4252,148,14.18,7548.6,Won,2026-09-24 20:01:10
4253,939,38.06,3434.18,Pending,2026-09-18 14:35:46
4254,407,85.79,1177.29,Won,2026-09-23 09:54:52
4255,99,14.11,2003.36,Lost,2026-09-21 16:58:15
4256,83,58.87,7117.11,Pending,2026-09-26 11:21:07
4257,566,72.83,4478.56,Pending,2026-09-26 09:29:12
4258,924,97.26,813.09,Won,2026-09-19 21:51:09
4259,636,2.86,128.03,Pending,2026-09-26 12:24:55
4260,905,24.69,187.64,Lost,2026-09-24 01:31:53
4261,575,16.04,280.44,Won,2026-09-26 07:59:40
4262,429,37.8,5110.41,Won,2026-09-21 14:21:04
4263,20,64.22,996.33,Won,2026-09-18 10:57:30
4264,676,75.87,175.26,Lost,2026-09-18 14:30:24
4265,940,46.17,607.34,Won,2026-09-24 18:59:15
4266,425,52.83,220.3,Pending,2026-09-24 22:53:14
4267,501,37.41,1696.66,Pending,2026-09-23 01:41:29
4268,143,8.13,28.62,Won,2026-09-22 09:33:14
4269,625,49.23,848.83,Pending,2026-09-27 11:21:15
4270,345,34.32,3098.87,Won,2026-09-19 19:39:39
4271,600,65.77,16922.86,Pending,2026-09-25 04:16:20
4272,16,95.57,444.4,Won,2026-09-21 08:21:38
4273,260,93.94,1282.54,Cancelled,2026-09-20 04:37:05
4274,518,84.29,40879.42,Cancelled,2026-09-26 01:42:30
4275,324,41.46,17352.27,Won,2026-09-20 13:04:21
4276,889,80.69,447.02,Won,2026-09-25 09:56:14
4277,427,43.93,26394.22,Won,2026-09-27 22:11:35
4278,995,10.12,37.85,Won,2026-09-19 14:01:08
4279,759,96.84,2495.13,Won,2026-09-23 01:07:21
4280,153,76.5,4552.35,Pending,2026-09-18 14:01:22
4281,43,22.55,350.95,Cancelled,2026-09-25 15:55:23
4282,353,69.08,14881.08,Won,2026-09-18 17:25:46
4283,486,14.87,1280.74,Won,2026-09-20 13:38:30
4284,638,68.66,19320.48,Won,2026-09-25 22:12:41
4285,380,68.32,699.57,Won,2026-09-22 07:32:15
4286,364,94.05,7574.47,Won,2026-09-28 03:25:06
4287,329,46.73,112.08,Pending,2026-09-24 07:18:31
4288,209,95.49,2734.99,Pending,2026-09-25 11:40:31
4289,485,22.42,1289.17,Pending,2026-09-24 06:30:31
4290,522,15.2,18.7,Won,2026-09-23 19:39:03
4291,704,20.62,746.35,Won,2026-09-18 12:50:31
4292,328,57.97,3648.42,Pending,2026-09-26 12:19:47
4293,565,38.17,231.31,Won,2026-09-21 19:14:46
4294,986,11.21,115.72,Lost,2026-09-21 05:53:56
4295,21,42.27,47372.45,Won,2026-09-23 21:05:32
4296,459,46.17,345.35,Lost,2026-09-19 09:28:26
4297,302,75.03,1097.49,Lost,2026-09-22 08:59:44
4298,521,42.2,303.84,Lost,2026-09-25 13:37:49
4299,732,27.3,18093.58,Won,2026-09-25 23:25:26
4300,490,95.7,9618.98,Won,2026-09-28 06:51:06
4301,453,77.36,1316.2,Won,2026-09-25 15:51:24
4302,948,48.37,21464.08,Pending,2026-09-21 09:56:09
4303,155,23.01,6522.37,Pending,2026-09-20 23:01:52
4304,667,50.66,11993.87,Pending,2026-09-22 06:15:51
4305,295,90.38,136.47,Won,2026-09-20 09:16:25
4306,578,32.21,180.38,Won,2026-09-25 00:06:19
4307,930,60.76,126.38,Lost,2026-09-25 03:21:17
4308,239,98.56,13001.37,Lost,2026-09-26 16:38:47
4309,806,14.99,46.92,Pending,2026-09-26 16:50:40
4310,354,62.03,6254.86,Pending,2026-09-25 15:15:56
4311,224,27.62,13817.65,Lost,2026-09-26 20:27:10
4312,632,12.6,638.48,Won,2026-09-26 17:38:46
4313,613,92.89,48422.13,Won,2026-09-25 12:55:01
4314,388,72.52,1191.2,Lost,2026-09-28 03:42:47
4315,664,24.95,6869.26,Won,2026-09-26 08:40:31
4316,475,17.92,19011.14,Pending,2026-09-26 17:01:48
4317,450,96.73,2137.09,Lost,2026-09-22 07:59:39
4318,299,35.59,1378.33,Won,2026-09-28 04:13:40
4319,252,77.84,964.33,Won,2026-09-26 06:11:27
4320,104,27.78,3716.08,Won,2026-09-26 17:37:09
4321,806,58.74,39823.63,Won,2026-09-22 11:46:11
4322,699,14.36,65.05,Lost,2026-09-24 11:45:46
4323,198,83.71,47435.88,Pending,2026-09-25 18:08:20
4324,714,82.05,3529.37,Lost,2026-09-21 16:27:03
4325,726,57.96,4638.42,Pending,2026-09-23 08:02:10
4326,610,77.53,993.3,Lost,2026-09-24 03:43:07
4327,308,57.5,28267.61,Pending,2026-09-27 17:38:12
4328,60,97.45,4817.16,Lost,2026-09-26 23:09:32
4329,697,76.41,1675.24,Won,2026-09-21 20:24:51
4330,739,92.53,506.14,Lost,2026-09-20 09:50:02
4331,597,51.32,15581.27,Won,2026-09-21 19:54:56
4332,466,88.5,8566.42,Won,2026-09-21 12:28:04
4333,996,2.39,258.53,Pending,2026-09-21 12:11:09
4334,191,48.39,302.92,Won,2026-09-26 06:44:11
4335,434,87.09,6213.43,Lost,2026-09-20 22:10:02
4336,14,41.3,1413.91,Won,2026-09-26 01:03:42
4337,17,75.32,547.58,Won,2026-09-18 17:44:31
4338,645,14.84,170.28,Pending,2026-09-20 12:19:09
4339,562,97.39,30063.02,Lost,2026-09-20 15:25:03
4340,386,30.85,94.4,Lost,2026-09-25 01:28:09
4341,299,2.51,12.4,Won,2026-09-24 23:58:03
4342,53,94.37,266.12,Won,2026-09-24 21:44:55
4343,573,52.7,451.34,Lost,2026-09-21 04:23:28
4344,505,11.53,35.05,Won,2026-09-20 07:36:18
4345,28,21.53,7498.9,Won,2026-09-21 05:51:23
4346,716,60.88,45986.91,Won,2026-09-27 21:14:29
4347,354,98.89,20194.59,Pending,2026-09-22 03:32:57
4348,267,88.25,113.84,Pending,2026-09-19 06:42:50
4349,792,66.41,18111.93,Lost,2026-09-24 04:36:39
4350,184,44.66,2094.86,Won,2026-09-27 00:11:01
4351,580,38.72,716.49,Won,2026-09-21 14:11:03
4352,282,65.78,5554.61,Lost,2026-09-26 18:22:53
4353,953,6.09,9591.03,Pending,2026-09-21 15:29:49
4354,138,63.91,3502.91,Pending,2026-09-23 20:17:44
4355,798,74.45,21240.25,Won,2026-09-20 00:49:15
4356,340,75.64,9306.17,Won,2026-09-18 10:33:42
4357,836,46.11,14945.57,Won,2026-09-22 09:52:35
4358,819,27.04,1382.5,Won,2026-09-27 22:10:17
4359,683,79.11,39404.98,Won,2026-09-24 11:59:49
4360,868,81.7,644.61,Won,2026-09-24 03:06:39
4361,248,68.55,3323.3,Pending,2026-09-24 00:40:46
4362,580,94.14,1073.44,Won,2026-09-23 07:45:39
4363,455,52.08,684.57,Won,2026-09-24 14:05:14
4364,141,98.1,827.96,Won,2026-09-25 08:15:08
4365,382,53.24,28579.54,Lost,2026-09-23 18:48:01
4366,904,49.54,418.12,Cancelled,2026-09-19 13:57:16
4367,251,62.79,5549.84,Pending,2026-09-22 04:46:31
4368,925,65.19,112.78,Won,2026-09-23 05:56:12
4369,658,40.39,542.54,Lost,2026-09-23 10:27:13
4370,172,94.03,31716.6,Lost,2026-09-20 23:06:36
4371,337,88.06,2860.07,Pending,2026-09-28 01:59:54
4372,346,68.77,151.29,Won,2026-09-23 06:35:06
4373,617,29.99,2485.57,Pending,2026-09-20 01:35:21
4374,840,92.69,28279.37,Lost,2026-09-26 23:09:05
4375,211,39.0,2925.68,Won,2026-09-19 06:34:31
4376,750,11.47,44.14,Pending,2026-09-26 23:48:45
4377,556,71.99,50927.81,Lost,2026-09-27 07:38:55
4378,49,38.48,146.99,Pending,2026-09-23 09:33:27
4379,580,92.56,13729.68,Lost,2026-09-19 06:38:23
4380,280,74.66,7688.27,Won,2026-09-24 14:36:49
4381,568,78.5,1140.6,Won,2026-09-21 07:41:37
4382,504,73.94,7457.17,Won,2026-09-19 09:01:08
4383,350,44.58,2419.1,Lost,2026-09-24 04:17:54
4384,877,67.61,7951.24,Lost,2026-09-28 03:35:56
4385,605,53.31,10975.96,Won,2026-09-28 04:20:20
4386,183,2.83,10.41,Lost,2026-09-27 05:12:05
4387,442,29.57,5615.41,Won,2026-09-24 12:01:37
4388,704,19.6,120.74,Lost,2026-09-21 20:43:49
4389,401,80.09,13088.64,Lost,2026-09-25 08:24:41
4390,780,88.03,16029.42,Cancelled,2026-09-25 17:10:09
4391,970,32.97,7034.62,Pending,2026-09-24 08:57:33
4392,675,92.96,2930.47,Lost,2026-09-20 04:07:54
4393,51,53.12,344.75,Won,2026-09-25 21:35:24
4394,123,66.35,50092.44,Pending,2026-09-24 04:37:37
4395,983,16.77,4942.4,Won,2026-09-22 20:25:30
4396,11,58.57,2876.31,Won,2026-09-27 00:17:21
4397,624,31.84,1374.26,Pending,2026-09-19 19:21:51
4398,167,96.96,478.98,Pending,2026-09-21 01:25:21
4399,55,32.33,63.04,Lost,2026-09-28 01:44:11
4400,21,20.4,5007.43,Lost,2026-09-22 07:48:48
4401,282,92.84,260.88,Won,2026-09-24 07:25:27
4402,673,87.9,341.93,Won,2026-09-28 08:14:08
4403,320,14.9,67.65,Pending,2026-09-25 03:14:08
4404,541,64.13,504.7,Lost,2026-09-24 11:50:15
4405,671,90.78,560.11,Lost,2026-09-26 05:58:09
4406,964,45.72,216.26,Won,2026-09-28 07:02:02
4407,165,86.54,28148.18,Lost,2026-09-23 07:12:21
4408,895,62.65,795.1,Pending,2026-09-25 02:09:49
4409,530,31.56,53771.94,Won,2026-09-22 23:14:00
4410,482,90.97,447.57,Won,2026-09-25 01:54:43
4411,140,79.97,118863.4,Won,2026-09-22 20:32:13
4412,238,79.68,1212.28,Pending,2026-09-25 05:33:06
4413,206,54.12,7029.56,Won,2026-09-24 13:21:15
4414,76,43.53,8106.6,Pending,2026-09-26 14:13:33
4415,759,90.03,772.3,Won,2026-09-18 14:45:31
4416,920,76.4,1640.02,Lost,2026-09-21 15:06:05
4417,649,99.69,552.96,Pending,2026-09-24 23:00:53
4418,49,73.6,4336.58,Pending,2026-09-22 01:45:07
4419,820,66.47,1019.47,Pending,2026-09-19 22:02:22
4420,660,86.8,8249.11,Lost,2026-09-23 10:00:19
4421,514,28.24,53.37,Won,2026-09-25 22:09:00
4422,417,26.94,439.09,Lost,2026-09-28 03:52:08
4423,481,18.25,2013.25,Pending,2026-09-21 00:36:53
4424,879,16.79,1838.75,Pending,2026-09-25 11:16:50
4425,643,14.3,50.21,Won,2026-09-22 16:53:50
4426,629,24.67,204.76,Won,2026-09-22 05:27:20
4427,873,49.04,11470.22,Pending,2026-09-20 09:51:53
4428,663,40.17,328.04,Pending,2026-09-27 09:55:58
4429,38,65.47,28325.54,Lost,2026-09-22 19:04:42
4430,190,30.31,2620.74,Won,2026-09-24 13:21:13
4431,258,59.33,9331.52,Lost,2026-09-27 12:33:53
4432,94,34.74,3925.58,Won,2026-09-20 07:46:32
4433,504,9.64,34.32,Won,2026-09-22 21:22:10
4434,49,46.35,164.08,Lost,2026-09-21 23:57:18
4435,566,65.23,3027.45,Won,2026-09-24 01:12:21
4436,99,19.54,347.9,Pending,2026-09-27 09:37:40
4437,446,6.68,32.8,Pending,2026-09-19 02:42:55
4438,378,97.23,16873.03,Won,2026-09-21 21:57:42
4439,173,97.8,5354.82,Won,2026-09-27 16:04:43
4440,149,20.81,75.33,Won,2026-09-21 07:56:50
4441,106,63.83,468.51,Pending,2026-09-18 19:27:00
4442,816,50.42,12583.49,Won,2026-09-18 11:30:26
4443,627,79.85,484.69,Won,2026-09-24 12:27:41
4444,161,86.62,2726.0,Lost,2026-09-21 18:10:59
4445,828,44.49,476.27,Lost,2026-09-27 02:53:47
4446,76,17.51,20003.05,Won,2026-09-25 19:25:05
4447,966,53.4,33579.17,Won,2026-09-20 16:34:49
4448,358,31.57,40.73,Pending,2026-09-26 09:49:00
4449,347,51.85,2432.81,Won,2026-09-28 07:32:56
4450,848,99.1,703.88,Lost,2026-09-23 12:38:41
4451,384,66.62,120.58,Lost,2026-09-20 15:24:05
4452,53,53.76,11764.19,Won,2026-09-27 17:06:12
4453,137,50.44,35666.29,Won,2026-09-25 07:16:21
4454,165,26.93,249.23,Won,2026-09-27 03:01:50
4455,934,66.54,3711.1,Pending,2026-09-23 22:00:19
4456,266,66.88,20501.4,Won,2026-09-18 16:21:00
4457,972,61.47,17582.97,Lost,2026-09-22 05:17:55
4458,898,24.93,3807.72,Pending,2026-09-21 22:31:05
4459,829,86.46,37464.85,Won,2026-09-27 01:18:51
4460,567,35.7,141.37,Lost,2026-09-26 19:11:40
4461,66,53.28,8812.69,Cancelled,2026-09-25 01:37:54
4462,505,71.77,3905.12,Pending,2026-09-25 14:33:03
4463,812,29.84,19072.68,Pending,2026-09-27 00:25:30
4464,185,78.64,5186.28,Lost,2026-09-24 02:12:07
4465,905,8.41,64.49,Won,2026-09-23 14:44:46
4466,771,7.3,48.33,Won,2026-09-24 12:58:57
4467,330,24.33,693.5,Won,2026-09-20 06:37:14
4468,104,17.71,1119.57,Cancelled,2026-09-26 22:30:04
4469,696,65.98,46286.64,Pending,2026-09-24 02:21:51
4470,488,97.58,1941.12,Pending,2026-09-23 23:48:01
4471,375,37.13,3096.21,Won,2026-09-22 05:33:57
4472,505,95.72,18769.06,Lost,2026-09-27 13:20:29
4473,385,42.7,1857.17,Lost,2026-09-27 17:47:58
4474,236,86.6,3369.29,Won,2026-09-21 21:12:41
4475,520,26.63,2373.73,Lost,2026-09-21 20:59:24
4476,63,81.33,1011.94,Won,2026-09-21 17:09:40
4477,520,5.6,13386.35,Lost,2026-09-24 18:53:23
4478,297,98.83,724.42,Lost,2026-09-19 00:00:59
4479,66,33.96,228.89,Lost,2026-09-24 14:40:15
4480,455,41.26,3070.02,Won,2026-09-18 21:59:08
4481,136,83.48,1448.37,Lost,2026-09-26 05:08:53
4482,722,13.96,250.1,Lost,2026-09-25 11:14:46
4483,980,84.63,177390.7,Pending,2026-09-26 12:46:17
4484,564,2.7,69.44,Pending,2026-09-27 02:26:01
4485,21,3.93,7710.56,Lost,2026-09-23 13:05:26
4486,856,98.03,2139.83,Won,2026-09-20 15:32:13
4487,810,89.57,2919.05,Pending,2026-09-22 07:05:38
4488,429,86.78,1193.5,Pending,2026-09-24 22:01:13
4489,674,7.62,1322.46,Pending,2026-09-19 23:01:46
4490,282,85.74,22832.49,Lost,2026-09-21 01:12:21
4491,445,49.69,216.15,Won,2026-09-22 02:29:24
4492,128,29.08,10900.12,Pending,2026-09-28 04:23:15
4493,180,63.6,78344.25,Pending,2026-09-24 03:46:24
4494,860,30.4,3487.24,Won,2026-09-20 03:34:56
4495,35,36.83,859.33,Pending,2026-09-27 13:33:37
4496,938,52.27,4321.42,Pending,2026-09-19 17:13:33
4497,932,44.14,918.08,Pending,2026-09-19 10:11:07
4498,575,24.89,558.01,Won,2026-09-24 13:39:07
4499,333,67.36,23202.07,Won,2026-09-28 00:20:40
4500,786,28.06,393.81,Pending,2026-09-24 21:26:45
4501,246,45.41,843.12,Pending,2026-09-28 00:23:17
4502,409,46.95,1079.14,Won,2026-09-20 04:44:46
4503,601,77.26,523.05,Won,2026-09-26 23:09:24
4504,241,43.59,791.63,Lost,2026-09-26 19:47:34
4505,444,74.89,7797.98,Pending,2026-09-21 11:37:25
4506,309,38.72,5335.53,Pending,2026-09-22 02:14:07
4507,706,3.87,16.49,Lost,2026-09-26 02:42:28
4508,130,86.72,34294.73,Pending,2026-09-27 21:17:46
4509,983,79.71,369.85,Won,2026-09-24 00:41:47
4510,393,91.17,686.51,Won,2026-09-21 19:53:04
4511,73,52.91,354.5,Won,2026-09-25 23:03:21
4512,755,52.74,997.17,Pending,2026-09-20 10:30:08
4513,634,38.18,13557.11,Won,2026-09-26 09:12:52
4514,730,80.72,34951.56,Lost,2026-09-19 01:22:56
4515,784,95.5,180731.73,Won,2026-09-25 15:53:40
4516,616,19.17,7546.51,Lost,2026-09-20 02:26:33
4517,285,93.45,478.46,Won,2026-09-28 08:11:33
4518,960,2.06,8.49,Pending,2026-09-27 20:23:43
4519,616,50.14,111.31,Cancelled,2026-09-22 12:24:00
4520,445,89.8,24380.12,Lost,2026-09-19 00:02:27
4521,407,26.81,5083.24,Won,2026-09-21 04:21:24
4522,207,96.69,379.02,Pending,2026-09-24 01:09:49
4523,152,16.13,5887.08,Won,2026-09-26 07:24:42
4524,535,41.4,93.56,Pending,2026-09-24 00:01:03
4525,873,24.99,740.7,Pending,2026-09-28 08:35:42
4526,927,48.54,7884.56,Won,2026-09-22 08:13:18
4527,738,82.21,1152.95,Pending,2026-09-21 01:11:08
4528,651,11.51,617.51,Won,2026-09-19 05:52:45
4529,393,60.47,1126.8,Lost,2026-09-28 03:19:57
4530,346,46.4,15562.78,Pending,2026-09-19 07:04:41
4531,905,98.16,5198.78,Lost,2026-09-21 16:48:41
4532,344,21.38,680.59,Won,2026-09-21 12:35:31
4533,591,93.49,169756.86,Pending,2026-09-23 15:32:15
4534,954,98.34,5663.82,Won,2026-09-21 14:27:00
4535,81,27.69,984.75,Cancelled,2026-09-21 20:34:11
4536,633,34.87,1492.18,Cancelled,2026-09-21 21:00:22
4537,34,30.57,51.05,Won,2026-09-21 15:08:45
4538,207,75.57,126.96,Lost,2026-09-24 07:10:21
4539,493,99.96,75762.57,Pending,2026-09-23 14:21:46
4540,831,7.29,141.55,Lost,2026-09-26 06:53:41
4541,919,70.99,1903.97,Pending,2026-09-27 13:20:20
4542,892,92.02,738.0,Won,2026-09-26 06:20:55
4543,79,16.79,390.47,Lost,2026-09-28 05:44:35
4544,189,64.52,9478.0,Won,2026-09-23 19:14:17
4545,455,93.56,590.4,Won,2026-09-27 13:16:57
4546,3,66.66,1935.45,Pending,2026-09-20 11:50:57
4547,352,27.95,5095.96,Won,2026-09-24 18:44:14
4548,566,20.4,122.81,Won,2026-09-24 10:23:14
4549,990,64.81,105487.46,Lost,2026-09-21 12:26:00
4550,553,99.03,1545.11,Won,2026-09-23 05:07:12
4551,202,78.27,116.62,Lost,2026-09-20 21:54:44
4552,963,5.44,4201.38,Lost,2026-09-22 21:21:03
4553,933,82.23,69015.81,Lost,2026-09-24 02:43:32
4554,824,39.12,26067.49,Lost,2026-09-20 23:36:10
4555,437,84.05,642.98,Pending,2026-09-26 23:29:48
4556,611,26.95,482.33,Won,2026-09-20 11:30:54
4557,551,75.01,346.55,Lost,2026-09-26 18:34:10
4558,923,41.09,307.76,Won,2026-09-19 12:46:40
4559,22,6.71,265.75,Lost,2026-09-20 20:40:36
4560,568,48.74,6328.11,Lost,2026-09-21 05:20:40
4561,451,55.68,573.4,Lost,2026-09-22 12:20:09
4562,953,52.77,363.59,Won,2026-09-19 13:47:19
4563,36,67.46,136.94,Pending,2026-09-21 20:26:24
4564,990,95.39,4958.43,Lost,2026-09-24 21:07:38
4565,91,40.78,311.15,Won,2026-09-22 21:16:18
4566,575,92.76,570.47,Lost,2026-09-28 06:33:36
4567,718,28.6,436.54,Won,2026-09-18 12:16:04
4568,844,96.78,13071.75,Won,2026-09-18 19:41:08
4569,378,6.54,1073.57,Pending,2026-09-27 20:05:17
4570,797,40.09,602.66,Won,2026-09-22 11:14:50
4571,805,40.68,165.16,Lost,2026-09-27 23:48:11
4572,54,71.13,268.16,Won,2026-09-23 15:33:53
4573,315,18.08,908.49,Won,2026-09-26 05:52:16
4574,978,87.22,957.66,Pending,2026-09-27 21:00:12
4575,443,46.27,1789.05,Won,2026-09-27 00:51:04
4576,33,80.06,409.91,Won,2026-09-27 13:56:06
4577,810,45.94,9555.28,Won,2026-09-21 20:53:07
4578,173,88.13,1821.66,Won,2026-09-23 18:25:02
4579,438,74.56,1178.09,Pending,2026-09-18 10:50:48
4580,534,41.8,2870.43,Won,2026-09-27 08:45:17
4581,273,23.21,575.34,Pending,2026-09-27 23:00:06
4582,598,97.55,1768.33,Pending,2026-09-18 22:41:33
4583,256,36.73,4776.6,Won,2026-09-21 01:34:53
4584,53,2.89,2398.15,Lost,2026-09-25 07:41:55
4585,31,69.95,14440.58,Pending,2026-09-19 01:11:08
4586,855,73.89,259.35,Lost,2026-09-26 15:24:04
4587,526,45.59,70.21,Cancelled,2026-09-28 04:55:48
4588,831,82.71,5267.8,Won,2026-09-26 00:17:09
4589,913,90.36,48638.75,Won,2026-09-28 01:59:35
4590,117,3.33,1639.69,Won,2026-09-19 16:14:56
4591,716,88.24,32841.93,Won,2026-09-27 06:04:57
4592,669,46.33,2129.7,Lost,2026-09-23 06:28:30
4593,518,6.68,1143.81,Lost,2026-09-28 08:49:02
4594,829,76.86,592.59,Lost,2026-09-22 02:06:56
4595,496,26.8,724.97,Won,2026-09-23 20:45:22
4596,100,99.89,4401.23,Lost,2026-09-28 07:05:08
4597,8,48.12,16096.28,Pending,2026-09-27 20:54:33
4598,897,18.21,20.58,Won,2026-09-27 05:28:51
4599,196,45.34,10073.73,Pending,2026-09-26 02:09:54
4600,588,76.67,1300.71,Lost,2026-09-21 22:18:04
4601,996,81.97,1168.71,Won,2026-09-26 18:21:01
4602,731,29.23,4065.29,Won,2026-09-20 15:04:03
4603,928,82.04,29829.85,Won,2026-09-24 20:58:13
4604,806,13.71,17.14,Won,2026-09-19 14:55:10
4605,179,41.56,54.03,Won,2026-09-20 01:18:01
4606,98,53.08,4401.06,Pending,2026-09-21 01:14:29
4607,181,76.6,3000.8,Pending,2026-09-24 04:54:23
4608,863,63.35,2840.49,Won,2026-09-21 19:41:00
4609,106,9.43,247.56,Lost,2026-09-24 17:15:35
4610,361,18.69,407.89,Lost,2026-09-25 07:00:10
4611,10,37.48,170.35,Won,2026-09-19 09:13:30
4612,313,7.13,185.37,Won,2026-09-28 07:16:02
4613,748,7.36,8.91,Pending,2026-09-23 15:21:13
4614,869,33.09,104.56,Won,2026-09-20 18:03:28
4615,257,91.38,697.13,Won,2026-09-19 02:48:48
4616,487,18.46,2506.08,Pending,2026-09-27 03:58:11
4617,585,27.38,138.82,Won,2026-09-24 04:27:53
4618,412,38.44,3360.45,Pending,2026-09-21 01:37:56
4619,646,46.87,69716.9,Pending,2026-09-23 13:10:32
4620,266,32.79,1425.25,Pending,2026-09-21 16:57:58
4621,604,7.09,187.32,Won,2026-09-19 19:51:19
4622,740,67.19,978.66,Won,2026-09-19 15:47:38
4623,455,26.3,815.83,Won,2026-09-25 10:24:35
4624,902,66.45,291.72,Pending,2026-09-18 23:53:04
4625,851,2.43,1390.93,Pending,2026-09-25 23:56:14
4626,261,44.13,7707.4,Pending,2026-09-28 07:12:44
4627,374,79.53,285.64,Won,2026-09-28 08:14:01
4628,292,90.72,297.56,Pending,2026-09-26 13:54:34
4629,371,54.37,127.23,Won,2026-09-25 19:06:10
4630,49,77.73,283.71,Won,2026-09-20 10:48:01
4631,809,34.87,106.35,Won,2026-09-23 05:48:25
4632,351,50.83,752.81,Won,2026-09-21 20:23:55
4633,471,70.92,744.44,Pending,2026-09-24 07:56:20
4634,563,90.56,58232.5,Lost,2026-09-24 14:09:30
4635,891,51.04,101.57,Won,2026-09-25 15:53:43
4636,167,57.27,200.12,Won,2026-09-24 23:15:15
4637,122,28.36,3953.32,Pending,2026-09-22 12:13:40
4638,550,86.75,422.47,Won,2026-09-23 15:10:03
4639,851,89.13,2673.44,Pending,2026-09-26 01:09:26
4640,586,25.46,2053.44,Won,2026-09-26 15:16:15
4641,171,4.21,49.24,Won,2026-09-23 14:04:58
4642,6,95.38,3594.73,Lost,2026-09-23 01:59:57
4643,421,41.7,1129.94,Won,2026-09-24 06:28:34
4644,20,57.47,1692.27,Pending,2026-09-19 14:04:29
4645,735,28.2,1484.86,Won,2026-09-24 08:13:26
4646,385,17.97,2713.81,Lost,2026-09-23 07:05:44
4647,155,41.73,28449.13,Lost,2026-09-28 05:38:37
4648,244,2.14,955.67,Won,2026-09-26 05:28:14
4649,174,80.67,350.91,Pending,2026-09-22 11:53:00
4650,861,57.29,56170.19,Pending,2026-09-21 13:57:05
4651,434,56.31,31282.83,Pending,2026-09-20 04:12:40
4652,345,16.32,703.14,Pending,2026-09-20 15:00:22
4653,168,69.49,34277.54,Won,2026-09-25 08:54:30
4654,778,98.09,43469.04,Won,2026-09-18 22:38:05
4655,501,22.7,514.2,Lost,2026-09-20 19:37:44
4656,64,5.15,69.09,Lost,2026-09-28 03:15:19
4657,393,28.58,235.5,Won,2026-09-27 14:19:24
4658,636,25.92,406.02,Pending,2026-09-23 11:24:09
4659,847,28.36,173.0,Pending,2026-09-20 14:05:15
4660,614,95.58,94366.44,Won,2026-09-21 18:57:54
4661,29,41.58,108.08,Pending,2026-09-23 01:24:01
4662,854,36.13,19628.47,Lost,2026-09-22 00:54:38
4663,569,50.92,527.89,Won,2026-09-20 22:47:19
4664,560,14.14,1101.14,Pending,2026-09-27 09:39:27
4665,103,28.44,358.82,Won,2026-09-23 20:46:46
4666,987,72.21,443.44,Lost,2026-09-20 02:00:35
4667,191,99.82,238.57,Lost,2026-09-23 22:49:50
4668,949,94.4,3230.65,Won,2026-09-24 08:16:52
4669,996,93.0,35177.21,Lost,2026-09-20 17:23:59
4670,38,34.73,1778.47,Lost,2026-09-20 04:52:16
4671,681,15.15,187.7,Won,2026-09-19 10:55:25
4672,155,92.96,224.03,Pending,2026-09-23 07:56:09
4673,139,32.58,443.07,Won,2026-09-23 19:26:22
4674,462,61.38,1108.28,Pending,2026-09-20 07:39:27
4675,391,61.21,749.82,Won,2026-09-18 10:51:59
4676,5,34.09,187.5,Pending,2026-09-26 16:55:22
4677,857,76.76,3745.07,Won,2026-09-24 00:24:36
4678,500,38.1,2627.37,Won,2026-09-20 03:16:48
4679,334,20.76,303.73,Lost,2026-09-20 16:31:25
4680,844,5.87,1219.45,Won,2026-09-21 15:46:45
4681,666,22.18,4178.62,Won,2026-09-26 07:09:24
4682,240,97.39,10836.62,Pending,2026-09-23 08:57:38
4683,116,76.29,2136.32,Won,2026-09-21 03:21:35
4684,407,33.42,393.85,Won,2026-09-26 15:20:19
4685,390,44.86,17343.17,Lost,2026-09-27 08:27:58
4686,583,93.99,34943.58,Pending,2026-09-22 02:08:24
4687,100,84.21,3019.03,Pending,2026-09-25 07:05:54
4688,270,63.85,1626.49,Lost,2026-09-24 18:08:51
4689,728,98.84,755.14,Lost,2026-09-20 11:54:24
4690,22,80.12,6060.07,Pending,2026-09-22 12:37:51
4691,763,73.96,4097.19,Lost,2026-09-26 09:23:03
4692,884,8.92,32.2,Won,2026-09-22 18:00:43
4693,129,54.35,10598.15,Cancelled,2026-09-21 01:42:39
4694,200,23.87,2684.4,Lost,2026-09-27 23:53:53
4695,859,18.43,5282.12,Lost,2026-09-22 10:13:15
4696,842,62.89,2297.45,Won,2026-09-25 08:26:16
4697,308,27.56,2190.84,Lost,2026-09-25 07:42:22
4698,932,17.15,4265.23,Won,2026-09-26 23:23:49
4699,156,19.98,2755.19,Won,2026-09-22 06:23:56
4700,538,40.78,339.7,Pending,2026-09-26 14:52:37
4701,231,17.8,220.15,Lost,2026-09-24 23:03:03
4702,839,64.0,978.39,Won,2026-09-24 01:46:22
4703,848,47.39,3133.89,Won,2026-09-20 14:27:30
4704,888,92.29,1368.94,Pending,2026-09-21 07:01:37
4705,301,64.61,363.78,Won,2026-09-26 12:15:45
4706,991,94.68,386.29,Won,2026-09-25 08:28:57
4707,891,95.56,45163.52,Lost,2026-09-22 03:11:21
4708,655,51.24,256.71,Pending,2026-09-25 16:57:28
4709,619,96.72,495.21,Won,2026-09-25 16:15:41
4710,630,95.0,177.65,Lost,2026-09-21 13:18:06
4711,970,69.53,41156.26,Lost,2026-09-21 19:59:49
4712,401,57.7,26016.29,Pending,2026-09-24 17:00:18
4713,963,48.04,289.68,Won,2026-09-22 10:48:09
4714,664,66.71,9341.6,Pending,2026-09-27 04:56:38
4715,479,39.72,1224.54,Lost,2026-09-25 03:25:04
4716,594,83.62,4005.63,Won,2026-09-20 16:55:45
4717,511,68.76,39976.35,Pending,2026-09-28 03:56:26
4718,711,18.48,7205.33,Pending,2026-09-26 17:55:36
4719,588,92.43,18929.2,Won,2026-09-23 05:03:51
4720,871,3.35,927.28,Pending,2026-09-27 13:20:04
4721,739,28.09,153.93,Pending,2026-09-27 04:19:04
4722,527,83.54,42871.12,Won,2026-09-21 19:07:29
4723,461,29.6,1272.11,Pending,2026-09-24 12:15:38
4724,109,19.11,13309.71,Lost,2026-09-19 04:33:33
4725,835,21.76,659.18,Lost,2026-09-25 02:07:58
4726,280,24.19,1446.48,Won,2026-09-24 17:41:38
4727,653,14.9,69.88,Lost,2026-09-28 03:49:29
4728,842,90.0,6265.66,Pending,2026-09-18 18:01:20
4729,116,67.13,682.31,Won,2026-09-20 08:18:41
4730,408,9.11,66.69,Won,2026-09-25 23:40:59
4731,641,69.81,26653.3,Pending,2026-09-19 09:30:09
4732,951,19.34,4703.3,Lost,2026-09-19 19:49:51
4733,568,65.0,2869.83,Won,2026-09-18 18:13:57
4734,62,84.54,43865.76,Lost,2026-09-26 00:49:16
4735,1,19.14,91.87,Pending,2026-09-19 15:11:37
4736,717,4.35,1181.48,Won,2026-09-23 16:18:25
4737,969,54.01,213.93,Pending,2026-09-23 04:02:55
4738,184,52.17,1306.62,Won,2026-09-26 14:06:27
4739,671,52.95,702.71,Pending,2026-09-20 20:57:01
4740,846,55.79,2375.98,Lost,2026-09-19 21:19:35
4741,827,31.4,1625.37,Won,2026-09-22 17:12:33
4742,361,51.29,97.96,Pending,2026-09-24 02:22:26
4743,829,80.49,598.85,Won,2026-09-26 00:58:11
4744,114,27.51,161.53,Won,2026-09-25 12:33:52
4745,886,88.01,2906.63,Won,2026-09-21 17:42:40
4746,171,59.69,192.2,Pending,2026-09-21 08:55:06
4747,544,6.84,356.1,Lost,2026-09-21 17:34:42
4748,192,21.39,396.73,Won,2026-09-27 01:49:38
4749,310,48.2,60826.22,Pending,2026-09-23 23:34:48
4750,346,70.45,598.83,Pending,2026-09-21 10:55:35
4751,49,49.25,6047.67,Pending,2026-09-22 07:09:18
4752,161,39.07,10015.84,Cancelled,2026-09-24 05:11:54
4753,770,94.75,1406.16,Pending,2026-09-23 16:13:08
4754,263,46.99,16010.9,Won,2026-09-19 16:49:55
4755,922,6.88,836.03,Pending,2026-09-21 09:31:29
4756,989,94.57,4612.89,Lost,2026-09-22 22:09:02
4757,268,21.64,2258.24,Lost,2026-09-28 07:14:27
4758,28,59.98,6218.62,Pending,2026-09-21 21:57:49
4759,493,51.19,5855.79,Pending,2026-09-21 03:04:51
4760,887,36.79,317.39,Lost,2026-09-22 16:28:55
4761,238,4.51,101.8,Won,2026-09-27 00:10:51
4762,766,14.9,8078.29,Cancelled,2026-09-18 21:52:48
4763,142,91.33,247.5,Won,2026-09-19 11:34:46
4764,366,4.73,966.84,Won,2026-09-25 02:09:41
4765,713,26.99,32918.02,Pending,2026-09-23 13:32:16
4766,384,49.81,1072.53,Pending,2026-09-18 21:21:39
4767,823,84.13,670.52,Lost,2026-09-20 19:41:04
4768,146,98.97,384.99,Won,2026-09-28 04:15:09
4769,996,37.78,899.67,Lost,2026-09-19 03:36:52
4770,716,99.75,545.55,Lost,2026-09-19 23:42:07
4771,476,53.04,291.43,Lost,2026-09-25 16:12:30
4772,61,75.83,2351.6,Lost,2026-09-19 00:01:23
4773,208,81.82,83941.81,Won,2026-09-27 21:36:03
4774,667,50.1,519.3,Lost,2026-09-25 20:04:34
4775,569,66.14,865.11,Won,2026-09-25 20:30:20
4776,319,81.87,745.02,Won,2026-09-25 03:04:00
4777,145,77.51,64859.93,Pending,2026-09-23 23:28:38
4778,129,92.64,3185.57,Lost,2026-09-18 16:51:57
4779,508,47.86,667.34,Pending,2026-09-22 11:21:03
4780,434,94.77,283.36,Won,2026-09-26 10:58:49
4781,546,10.9,89.6,Won,2026-09-24 08:30:59
4782,514,38.68,1639.46,Won,2026-09-21 05:53:57
4783,641,16.08,363.07,Won,2026-09-27 00:34:57
4784,395,9.16,271.02,Lost,2026-09-22 01:38:34
4785,319,83.27,3898.88,Won,2026-09-24 01:54:05
4786,971,65.03,1968.2,Lost,2026-09-27 09:59:17
4787,1000,7.77,417.46,Won,2026-09-27 15:48:55
4788,215,49.2,548.78,Won,2026-09-25 10:23:07
4789,623,48.68,9900.97,Won,2026-09-19 13:15:37
4790,92,24.87,5932.29,Cancelled,2026-09-22 03:07:16
4791,567,55.85,408.26,Lost,2026-09-21 00:39:54
4792,190,12.0,19986.67,Won,2026-09-24 08:14:32
4793,44,79.77,2743.5,Lost,2026-09-27 14:11:36
4794,293,29.77,5002.31,Pending,2026-09-22 09:15:15
4795,597,46.35,3812.41,Won,2026-09-25 10:43:16
4796,294,34.15,1799.17,Won,2026-09-27 12:08:39
4797,815,91.73,11674.93,Won,2026-09-22 15:04:36
4798,594,27.6,2408.05,Won,2026-09-19 05:16:06
4799,39,47.04,2328.89,Lost,2026-09-24 10:19:49
4800,303,96.78,486.8,Won,2026-09-28 03:14:55
4801,965,49.32,246.11,Lost,2026-09-24 11:10:31
4802,189,13.35,108.27,Cancelled,2026-09-20 06:05:03
4803,660,17.04,329.85,Won,2026-09-20 05:01:31
4804,279,31.98,1847.94,Won,2026-09-27 06:58:44
4805,219,24.54,2786.49,Lost,2026-09-26 10:14:50
4806,634,78.41,483.79,Won,2026-09-23 22:59:41
4807,534,93.89,1547.04,Won,2026-09-25 05:05:26
4808,875,34.11,5459.74,Cancelled,2026-09-27 02:37:30
4809,816,83.86,15247.89,Won,2026-09-25 14:31:17
4810,659,46.16,355.49,Pending,2026-09-26 20:26:26
4811,336,10.05,436.44,Pending,2026-09-20 02:52:09
4812,508,52.71,362.05,Lost,2026-09-19 14:19:51
4813,894,88.03,1326.26,Pending,2026-09-25 23:27:43
4814,826,95.55,225.13,Lost,2026-09-22 16:57:11
4815,188,92.9,304.71,Won,2026-09-22 09:15:08
4816,983,73.74,1976.17,Pending,2026-09-20 04:09:05
4817,845,72.22,1335.68,Won,2026-09-18 11:40:29
4818,944,71.98,27869.92,Won,2026-09-27 16:16:47
4819,914,62.4,2070.86,Pending,2026-09-24 06:03:03
4820,896,43.55,14202.16,Won,2026-09-19 05:51:39
4821,765,5.46,4139.92,Pending,2026-09-27 00:34:41
4822,99,87.84,628.06,Lost,2026-09-23 16:58:41
4823,180,85.37,1209.84,Won,2026-09-28 03:30:20
4824,948,6.26,47.2,Lost,2026-09-25 05:30:51
4825,327,60.62,2469.66,Won,2026-09-25 16:05:35
4826,987,98.61,572.92,Won,2026-09-26 19:43:14
4827,332,7.5,9.07,Pending,2026-09-19 02:40:44
4828,605,58.13,553.86,Pending,2026-09-27 04:21:29
4829,200,5.92,4237.69,Pending,2026-09-20 22:14:32
4830,410,77.34,546.79,Pending,2026-09-25 08:06:04
4831,250,61.46,1218.07,Pending,2026-09-20 12:28:47
4832,308,43.31,2376.01,Won,2026-09-24 10:20:50
4833,731,34.76,21095.61,Won,2026-09-26 09:31:36
4834,76,34.37,281.49,Pending,2026-09-27 00:03:12
4835,97,12.62,259.95,Won,2026-09-21 22:11:57
4836,689,50.59,4628.33,Won,2026-09-21 12:45:03
4837,909,53.2,1635.73,Won,2026-09-23 20:58:49
4838,729,11.39,873.84,Won,2026-09-23 14:29:23
4839,405,54.06,396.8,Won,2026-09-19 17:36:43
4840,20,31.57,416.98,Pending,2026-09-19 14:50:18
4841,162,56.12,687.72,Lost,2026-09-27 02:21:30
4842,600,76.96,1957.67,Won,2026-09-22 21:25:44
4843,241,17.41,1859.75,Won,2026-09-23 14:13:16
4844,309,47.09,2033.94,Pending,2026-09-18 18:55:22
4845,233,27.54,1396.05,Lost,2026-09-19 18:13:13
4846,719,30.28,170.78,Lost,2026-09-26 07:05:20
4847,604,70.32,574.51,Won,2026-09-18 21:09:58
4848,232,92.57,626.7,Won,2026-09-19 20:48:24
4849,496,27.94,18664.51,Lost,2026-09-22 23:36:49
4850,414,53.85,1796.88,Won,2026-09-20 17:50:20
4851,787,81.81,1313.46,Lost,2026-09-24 01:48:58
4852,847,97.73,8724.81,Pending,2026-09-25 10:22:15
4853,761,80.93,9363.13,Lost,2026-09-26 03:44:59
4854,525,97.65,1755.03,Won,2026-09-20 00:10:49
4855,881,97.86,110671.04,Lost,2026-09-22 23:53:12
4856,772,72.04,24018.02,Lost,2026-09-18 12:05:51
4857,942,32.09,32481.27,Pending,2026-09-18 20:05:16
4858,629,35.29,293.47,Won,2026-09-21 13:28:34
4859,223,46.62,2098.69,Pending,2026-09-19 11:12:35
4860,706,59.25,340.69,Lost,2026-09-19 21:08:46
4861,334,83.1,3404.76,Won,2026-09-28 02:13:22
4862,723,68.93,55792.89,Lost,2026-09-20 12:48:03
4863,49,16.48,136.18,Won,2026-09-20 03:31:58
4864,969,60.5,902.2,Won,2026-09-25 18:00:00
4865,137,58.21,3283.93,Won,2026-09-22 19:03:54
4866,284,19.22,64798.11,Won,2026-09-28 08:49:08
4867,696,89.96,99698.88,Lost,2026-09-21 20:51:30
4868,978,74.36,398.57,Pending,2026-09-20 08:11:08
4869,559,84.65,330.13,Won,2026-09-19 08:04:53
4870,854,55.78,7782.08,Pending,2026-09-25 21:15:51
4871,640,92.79,9126.23,Lost,2026-09-20 05:24:24
4872,241,90.13,252.22,Lost,2026-09-18 12:11:00
4873,143,3.39,415.54,Won,2026-09-19 00:00:45
4874,990,40.54,25761.0,Won,2026-09-20 05:01:57
4875,796,14.78,1373.46,Pending,2026-09-19 04:57:54
4876,567,27.55,6452.47,Won,2026-09-20 08:57:42
4877,466,41.99,8134.05,Pending,2026-09-21 21:20:36
4878,219,29.55,2211.9,Pending,2026-09-21 05:55:12
4879,304,73.59,314.97,Lost,2026-09-25 00:43:48
4880,968,67.11,10755.44,Pending,2026-09-19 09:18:16
4881,116,54.38,1748.49,Won,2026-09-18 12:46:56
4882,911,58.02,1576.25,Cancelled,2026-09-27 11:09:51
4883,799,47.26,282.06,Pending,2026-09-19 23:48:59
4884,988,52.62,7119.2,Lost,2026-09-19 21:26:06
4885,363,53.17,8119.79,Won,2026-09-26 20:23:09
4886,757,26.97,4704.6,Lost,2026-09-21 13:32:18
4887,896,13.44,2637.41,Pending,2026-09-23 16:48:44
4888,422,19.0,22.04,Won,2026-09-26 21:32:34
4889,562,30.5,93.02,Pending,2026-09-19 20:38:18
4890,32,80.57,2860.2,Lost,2026-09-20 21:00:59
4891,419,48.29,2259.75,Won,2026-09-24 15:17:11
4892,631,75.41,873.52,Pending,2026-09-21 22:46:04
4893,786,54.47,4793.95,Won,2026-09-22 15:43:18
4894,213,68.24,9113.95,Lost,2026-09-26 04:53:27
4895,879,29.85,6590.19,Won,2026-09-26 15:48:05
4896,756,35.42,2554.68,Lost,2026-09-18 13:27:13
4897,615,57.69,155.35,Lost,2026-09-26 07:27:13
4898,610,76.2,1504.53,Pending,2026-09-28 04:05:42
4899,957,46.52,1493.08,Pending,2026-09-22 12:04:00
4900,947,88.95,733.22,Pending,2026-09-27 09:24:21
4901,131,92.92,661.59,Won,2026-09-19 20:42:23
4902,509,93.46,24190.93,Won,2026-09-21 23:12:29
4903,611,62.58,14059.34,Pending,2026-09-25 07:13:17
4904,847,69.41,7380.83,Won,2026-09-22 17:22:05
4905,973,55.02,8771.16,Pending,2026-09-25 11:07:53
4906,642,13.79,128.55,Won,2026-09-19 08:29:52
4907,94,78.08,3241.31,Pending,2026-09-27 14:58:23
4908,263,31.62,328.91,Pending,2026-09-23 21:41:52
4909,648,11.32,50.83,Pending,2026-09-26 21:28:31
4910,449,39.58,1250.23,Lost,2026-09-24 01:19:00
4911,146,49.53,395.74,Won,2026-09-22 20:03:23
4912,751,61.84,168.82,Lost,2026-09-24 23:32:03
4913,245,49.71,266.45,Pending,2026-09-25 11:04:57
4914,1000,60.09,12759.3,Won,2026-09-20 00:58:14
4915,342,45.67,6165.25,Lost,2026-09-18 20:16:10
4916,800,37.39,978.66,Won,2026-09-21 07:48:34
4917,378,30.42,11184.94,Lost,2026-09-18 23:45:51
4918,34,81.41,3847.68,Won,2026-09-19 21:41:59
4919,760,96.5,29429.82,Won,2026-09-27 22:42:50
4920,121,33.28,5238.25,Lost,2026-09-26 04:26:08
4921,342,59.84,134.64,Won,2026-09-21 06:22:44
4922,816,43.27,1558.27,Lost,2026-09-21 03:44:03
4923,937,64.03,1695.49,Pending,2026-09-18 19:07:59
4924,748,28.62,2709.89,Pending,2026-09-23 17:10:37
4925,479,27.64,133.78,Pending,2026-09-20 12:29:53
4926,730,96.67,1800.73,Pending,2026-09-19 15:23:40
4927,35,19.01,9661.16,Lost,2026-09-22 18:40:24
4928,166,84.63,7236.88,Won,2026-09-23 13:11:03
4929,224,90.97,9110.82,Cancelled,2026-09-24 18:46:42
4930,889,53.23,11156.69,Lost,2026-09-27 08:39:53
4931,220,43.28,1697.03,Lost,2026-09-19 11:53:14
4932,218,60.37,412.93,Cancelled,2026-09-23 01:50:29
4933,217,27.58,8586.98,Won,2026-09-21 16:19:39
4934,696,91.47,423.51,Pending,2026-09-27 13:37:33
4935,721,88.4,22384.2,Won,2026-09-24 02:03:51
4936,652,53.52,9798.48,Lost,2026-09-21 15:33:47
4937,534,3.72,1355.41,Won,2026-09-22 00:31:29
4938,816,67.31,145.39,Won,2026-09-27 13:34:50
4939,161,84.21,3721.93,Won,2026-09-21 22:34:48
4940,650,44.23,15255.48,Pending,2026-09-20 16:38:33
4941,640,10.54,8072.81,Lost,2026-09-27 14:43:17
4942,534,39.33,431.4,Pending,2026-09-22 23:14:53
4943,254,45.48,920.09,Won,2026-09-18 23:27:11
4944,260,7.14,1748.46,Pending,2026-09-23 22:34:08
4945,457,5.2,99.04,Won,2026-09-22 06:32:41
4946,20,27.67,25809.73,Pending,2026-09-18 15:30:11
4947,129,38.65,133.74,Lost,2026-09-20 20:22:36
4948,579,60.91,7464.62,Pending,2026-09-22 17:03:51
4949,733,55.1,1653.06,Lost,2026-09-25 16:57:34
4950,770,33.74,527.91,Pending,2026-09-24 21:52:07
4951,454,77.59,217.59,Won,2026-09-22 10:25:43
4952,878,55.2,1787.33,Won,2026-09-18 21:22:52
4953,316,92.62,2380.9,Pending,2026-09-20 09:15:16
4954,607,90.8,33458.7,Pending,2026-09-23 19:58:43
4955,247,72.94,276.44,Pending,2026-09-20 18:07:07
4956,569,7.28,32.47,Lost,2026-09-25 15:33:33
4957,699,82.41,2507.7,Pending,2026-09-27 21:29:19
4958,884,16.41,175.11,Lost,2026-09-19 09:29:05
4959,93,78.18,92.25,Cancelled,2026-09-24 03:56:11
4960,891,89.67,3068.4,Pending,2026-09-24 05:58:52
4961,714,22.06,808.44,Lost,2026-09-24 00:44:37
4962,871,9.19,1081.87,Lost,2026-09-20 14:14:17
4963,198,87.77,4410.47,Won,2026-09-25 00:15:18
4964,226,90.19,567.81,Won,2026-09-22 09:27:19
4965,146,71.45,3242.94,Lost,2026-09-23 03:12:54
4966,10,35.03,466.26,Pending,2026-09-25 02:42:23
4967,956,90.67,216.7,Lost,2026-09-21 10:13:21
4968,321,32.5,132.28,Won,2026-09-26 18:06:16
4969,652,79.9,2929.23,Lost,2026-09-26 07:55:37
4970,737,65.79,5944.93,Lost,2026-09-26 02:53:25
4971,397,82.56,23030.67,Pending,2026-09-22 02:23:03
4972,621,6.84,2917.78,Won,2026-09-25 08:02:06
4973,678,89.34,1036.97,Won,2026-09-21 21:24:09
4974,863,61.36,504.99,Won,2026-09-18 14:40:47
4975,135,80.35,94.01,Lost,2026-09-22 12:41:17
4976,966,62.39,243.32,Lost,2026-09-24 20:20:00
4977,551,63.76,12813.4,Pending,2026-09-25 23:26:42
4978,269,78.26,24181.34,Pending,2026-09-25 03:14:54
4979,506,19.97,269.95,Lost,2026-09-19 21:26:47
4980,101,75.31,8103.8,Won,2026-09-21 00:29:08
4981,144,92.28,885.56,Won,2026-09-26 11:24:29
4982,417,74.59,280.5,Pending,2026-09-22 01:32:53
4983,916,97.77,41068.9,Won,2026-09-19 20:53:48
4984,35,28.97,97.92,Won,2026-09-25 20:00:46
4985,216,29.94,135.03,Won,2026-09-18 17:31:08
4986,321,68.12,24495.51,Pending,2026-09-27 05:05:55
4987,652,29.82,620.66,Won,2026-09-26 01:12:55
4988,301,46.94,43361.97,Won,2026-09-24 19:40:19
4989,268,25.96,209.74,Lost,2026-09-21 17:02:59
4990,870,48.29,18013.08,Won,2026-09-24 06:50:56
4991,249,55.83,328.28,Pending,2026-09-19 18:47:55
4992,775,47.0,5118.07,Lost,2026-09-24 04:31:33
4993,225,35.62,425.86,Lost,2026-09-19 07:03:31
4994,200,71.77,56666.29,Won,2026-09-19 12:06:08
4995,236,80.47,282.35,Pending,2026-09-25 04:14:32
4996,792,89.18,193.52,Won,2026-09-22 11:04:47
4997,721,74.68,1211.03,Lost,2026-09-19 21:09:43
4998,338,63.94,1144.76,Pending,2026-09-25 02:26:15
4999,321,53.96,5059.52,Lost,2026-09-18 10:32:55
5000,322,71.96,3011.68,Pending,2026-09-22 08:10:46
