id_transaction,transaction_reference,id_user,id_payment_method,id_ticket,transaction_type,amount,transaction_datetime,status
1,a4e3e79a-8da2-4366-b01a-cec9fff9d575,297,,3.0,Payout,33.44,2026-09-28 09:53:47.881650,Completed
2,98ddf676-d4a4-42ba-93b8-85c8e39f09fa,798,,9.0,Payout,466.96,2026-09-28 09:53:47.881650,Completed
3,7d6af31a-651c-4e0c-b6d3-c823c75d3df2,893,,16.0,Payout,3462.14,2026-09-28 09:53:47.881650,Completed
4,58fd546c-94b0-457b-a6fe-849c9001591f,315,,17.0,Payout,5312.05,2026-09-28 09:53:47.881650,Completed
5,60ad59f3-825b-4ce9-8edc-f4f9a5e441de,389,,18.0,Payout,7968.46,2026-09-28 09:53:47.881650,Completed
6,6f907b6c-050e-4392-94af-6e7068946994,584,,21.0,Payout,5073.57,2026-09-28 09:53:47.881650,Completed
7,f4a437ce-ba26-469e-99ad-62c210051776,363,,22.0,Payout,1450.3,2026-09-28 09:53:47.881650,Completed
8,1d7dd997-c647-40e7-947c-bf41b46f6425,82,,26.0,Payout,13030.96,2026-09-28 09:53:47.881650,Completed
9,c7fe05b1-630e-48b1-80d8-a5cb95c1a690,587,,27.0,Payout,3777.91,2026-09-28 09:53:47.881650,Completed
10,7ff459d3-2d31-4b84-b690-cd5e6eaa9d3a,69,,28.0,Payout,162.12,2026-09-28 09:53:47.881650,Completed
11,2db0d68d-7944-4b68-b89e-fa259437ade9,494,,30.0,Payout,284.95,2026-09-28 09:53:47.881650,Completed
12,6d95bab8-0f99-4009-b877-68399376446b,65,,31.0,Payout,6046.36,2026-09-28 09:53:47.881650,Completed
13,7a6b93bf-efd3-483d-88ec-dc7981bb18b3,155,,39.0,Payout,25392.47,2026-09-28 09:53:47.881650,Completed
14,01474149-fe5f-42d8-abdc-6e691dd89893,379,,46.0,Payout,55.8,2026-09-28 09:53:47.881650,Completed
15,7630f3cd-d4e5-4aa4-acdc-51ce2e264f98,358,,50.0,Payout,5299.57,2026-09-28 09:53:47.881650,Completed
16,1e987aa5-06eb-4f28-a8f6-2ca06329a984,614,,55.0,Payout,17305.26,2026-09-28 09:53:47.881650,Completed
17,275bfbfa-9988-44da-adc8-15c376801dc6,60,,56.0,Payout,5089.03,2026-09-28 09:53:47.881650,Completed
18,35725cac-ed1f-436e-b8fa-582bd6274efe,775,,60.0,Payout,1274.77,2026-09-28 09:53:47.881650,Completed
19,8e8154ef-89d7-4748-8957-b1c50f50b541,782,,63.0,Payout,6399.98,2026-09-28 09:53:47.881650,Completed
20,096746d8-6633-4f71-acad-36c92d774388,60,,64.0,Payout,221.96,2026-09-28 09:53:47.881650,Completed
21,0fbb53d4-d32f-43bc-8e99-ab4e7f2795b4,229,,65.0,Payout,575.38,2026-09-28 09:53:47.881650,Completed
22,77e892f0-21d5-4390-bf07-f8193a73fb29,840,,67.0,Payout,32599.11,2026-09-28 09:53:47.881650,Completed
23,9118ca53-c80a-4f89-bd89-34026bb019bc,742,,72.0,Payout,2721.94,2026-09-28 09:53:47.881650,Completed
24,fd7cf22f-3a3c-4bef-a755-5049f5e4d170,88,,76.0,Payout,8807.61,2026-09-28 09:53:47.881650,Completed
25,86bfa22c-f48f-47dd-a63d-d9faaf752bcf,929,,79.0,Payout,119.15,2026-09-28 09:53:47.881650,Completed
26,e1a7c28c-8559-4243-ad7c-c5c74980bfda,10,,81.0,Payout,35.44,2026-09-28 09:53:47.881650,Completed
27,1b70f561-afa3-48c3-b23d-28f610558f5e,614,,83.0,Payout,144.38,2026-09-28 09:53:47.881650,Completed
28,03b48c84-985d-45e4-9d9b-165cf0cfa8fa,162,,94.0,Payout,123.08,2026-09-28 09:53:47.881650,Completed
29,0870a49d-7447-4a49-a5bd-d198a5cd19e6,87,,95.0,Payout,2397.89,2026-09-28 09:53:47.881650,Completed
30,a68a98bb-b2f0-46ff-8488-5d8d491acc12,573,,96.0,Payout,1315.45,2026-09-28 09:53:47.881650,Completed
31,84303752-4ab4-417c-9f06-24111b337800,412,,101.0,Payout,144.36,2026-09-28 09:53:47.881650,Completed
32,c619fa9a-88bf-4bc5-816d-01bac1a8e847,854,,102.0,Payout,774.03,2026-09-28 09:53:47.881650,Completed
33,49683582-244a-4c7f-91f9-f2f24b15df49,215,,103.0,Payout,74.97,2026-09-28 09:53:47.881650,Completed
34,27f363e4-8ea9-4a9f-b2b9-e9239cf379cc,632,,106.0,Payout,140.66,2026-09-28 09:53:47.881650,Completed
35,aab5b202-eb22-466b-b4c9-bf996eaee655,8,,110.0,Payout,404.98,2026-09-28 09:53:47.881650,Completed
36,d309f38a-7a98-4af4-8ddd-d7f4f382a6b9,862,,111.0,Payout,317.41,2026-09-28 09:53:47.881650,Completed
37,426b4388-5101-4f45-8cd9-760f37a0cf5e,862,,112.0,Payout,3762.71,2026-09-28 09:53:47.881650,Completed
38,2f40387e-f268-4beb-bba4-c58fdee3706f,661,,113.0,Payout,652.95,2026-09-28 09:53:47.881650,Completed
39,1a4c7477-e4b8-4154-af21-d5dea69723ab,959,,116.0,Payout,3967.9,2026-09-28 09:53:47.881650,Completed
40,3591f3be-5ede-4104-825f-8c80d25f96d9,760,,118.0,Payout,429.79,2026-09-28 09:53:47.881650,Completed
41,9c5f0e2b-a8c8-4a2d-b635-648af63f6c10,1000,,119.0,Payout,4738.97,2026-09-28 09:53:47.881650,Completed
42,91592bb3-f59f-45b1-93fc-93a8b5817453,628,,120.0,Payout,23253.73,2026-09-28 09:53:47.881650,Completed
43,e3e0cf40-162d-4887-97d2-5e9bbf639454,92,,123.0,Payout,60727.63,2026-09-28 09:53:47.881650,Completed
44,59811d12-a019-4b62-b380-e933a3665946,864,,126.0,Payout,374.08,2026-09-28 09:53:47.881650,Completed
45,d6418617-d30e-45b6-9aca-a4249aeb30f4,907,,127.0,Payout,29248.48,2026-09-28 09:53:47.881650,Completed
46,18b56525-647d-4937-be99-bac081481fbe,604,,129.0,Payout,352.03,2026-09-28 09:53:47.881650,Completed
47,9bff7b10-26e4-453d-91e2-2c70ead76c29,617,,132.0,Payout,10396.49,2026-09-28 09:53:47.881650,Completed
48,9617ca22-c2dc-4c5a-a3b3-385d9d75e382,10,,133.0,Payout,302.86,2026-09-28 09:53:47.881650,Completed
49,ea415642-49a6-457c-bde5-c4745b64fcae,216,,136.0,Payout,24129.25,2026-09-28 09:53:47.881650,Completed
50,4c4c516a-b215-4b97-af39-8d48587f16a8,864,,137.0,Payout,123.62,2026-09-28 09:53:47.881650,Completed
51,5bb5033b-28f5-4563-9f29-73adf27dfee3,558,,145.0,Payout,336.38,2026-09-28 09:53:47.881650,Completed
52,6b7681ee-ae3d-4340-938d-0b301684f322,513,,148.0,Payout,224.96,2026-09-28 09:53:47.881650,Completed
53,6c37920b-a65f-4407-bb45-fced20fde445,502,,149.0,Payout,523.63,2026-09-28 09:53:47.881650,Completed
54,c76efc8f-7dd2-45a9-aef3-6406050895b8,720,,152.0,Payout,17889.11,2026-09-28 09:53:47.881650,Completed
55,c9554730-cc9f-4223-8411-4fd549b74573,638,,154.0,Payout,23671.77,2026-09-28 09:53:47.881650,Completed
56,d60b7418-9b5f-48df-955d-5cde4ca5046d,349,,155.0,Payout,29747.25,2026-09-28 09:53:47.881650,Completed
57,7c6bd3ff-f2af-4a49-ac4a-ba4b0741d757,989,,158.0,Payout,5514.04,2026-09-28 09:53:47.881650,Completed
58,8b479e2d-4b96-41c2-b675-bf55bf4b1d7a,846,,159.0,Payout,761.85,2026-09-28 09:53:47.881650,Completed
59,6a812396-7c0b-43c1-87c6-8d592c0597b1,961,,162.0,Payout,607.82,2026-09-28 09:53:47.881650,Completed
60,ab2a9db3-8c8b-4748-bbdd-734cf7a2c652,175,,165.0,Payout,1830.31,2026-09-28 09:53:47.881650,Completed
61,c1a1377e-f474-4d87-b9b6-337314db08db,120,,168.0,Payout,658.14,2026-09-28 09:53:47.881650,Completed
62,d1a38e55-e3f7-4464-adf4-496d6925067c,544,,169.0,Payout,1866.01,2026-09-28 09:53:47.881650,Completed
63,6cb39d46-5901-4eec-bbce-915fd24f857f,669,,173.0,Payout,1799.32,2026-09-28 09:53:47.881650,Completed
64,469939d7-cc19-42f4-b0c5-68380aa3e9e8,656,,174.0,Payout,1804.83,2026-09-28 09:53:47.881650,Completed
65,52449c43-2830-42f5-8b5d-c667ef739d80,257,,178.0,Payout,28742.74,2026-09-28 09:53:47.881650,Completed
66,3fbe3ca9-12a5-415e-a0b2-30b55af88bed,812,,180.0,Payout,2160.93,2026-09-28 09:53:47.881650,Completed
67,fa2c519c-956c-4599-8858-37d886a52e4b,831,,182.0,Payout,184.12,2026-09-28 09:53:47.881650,Completed
68,0609e455-a2b6-43a2-87eb-acf340fe64c5,444,,187.0,Payout,4176.55,2026-09-28 09:53:47.881650,Completed
69,fbbb2e7f-4a29-4720-9342-c2458ecdfec6,46,,188.0,Payout,48.18,2026-09-28 09:53:47.881650,Completed
70,73bd4ead-2603-4c78-bf4d-e7a4ce1533d5,379,,196.0,Payout,148.03,2026-09-28 09:53:47.881650,Completed
71,22f756e2-3861-48e5-9f38-df1d71e0ff93,79,,197.0,Payout,3385.6,2026-09-28 09:53:47.881650,Completed
72,1253d2e1-6084-4431-afb8-36e8ff27945d,20,,199.0,Payout,3658.77,2026-09-28 09:53:47.881650,Completed
73,bfce0d54-5254-4be3-a4c1-5dd7ab510515,931,,200.0,Payout,2019.37,2026-09-28 09:53:47.881650,Completed
74,74b72608-d98f-4c09-8fe0-6b9021be8fc2,505,,205.0,Payout,294.09,2026-09-28 09:53:47.881650,Completed
75,f34897e0-5fe3-4e63-9f95-95c9a93767d3,119,,207.0,Payout,3834.3,2026-09-28 09:53:47.881650,Completed
76,b89ae4bf-e90c-48e9-a518-f30abcbb2c2c,636,,208.0,Payout,20411.86,2026-09-28 09:53:47.881650,Completed
77,ab48b95c-6b74-4c79-92c7-8a6837f24bdd,601,,209.0,Payout,228.11,2026-09-28 09:53:47.881650,Completed
78,0ef51fdb-498c-40f9-8717-a9c4f5b923f0,727,,217.0,Payout,2582.0,2026-09-28 09:53:47.881650,Completed
79,ca7b69de-a5b3-4109-8846-5d15d2d4d19c,844,,218.0,Payout,196.75,2026-09-28 09:53:47.881650,Completed
80,6fad020c-cc1a-495c-aa67-202981a66c6e,193,,219.0,Payout,484.04,2026-09-28 09:53:47.881650,Completed
81,f1ad77e0-9543-4f08-8cae-51ebe348ce20,697,,220.0,Payout,602.5,2026-09-28 09:53:47.881650,Completed
82,3b56e578-d63f-41a3-bcfb-0901b9de7687,16,,223.0,Payout,476.21,2026-09-28 09:53:47.881650,Completed
83,a8ee3a0c-2dce-4455-ae6f-4434a4016dc5,625,,224.0,Payout,78.0,2026-09-28 09:53:47.881650,Completed
84,6aaee873-67f4-4de4-a1c7-334e8c0e4f1d,328,,226.0,Payout,162.23,2026-09-28 09:53:47.881650,Completed
85,93f56779-9be7-43d3-a40e-a7a8ae5eee4e,816,,228.0,Payout,19528.92,2026-09-28 09:53:47.881650,Completed
86,ed5debc8-fa83-4fab-86e6-cc4b2ee28e09,194,,229.0,Payout,2287.7,2026-09-28 09:53:47.881650,Completed
87,b7b320a7-1d8b-468f-84e0-6fd828689f13,512,,230.0,Payout,762.24,2026-09-28 09:53:47.881650,Completed
88,3e9b1af2-d53b-476e-a98b-ec2937f074ad,572,,231.0,Payout,532.89,2026-09-28 09:53:47.881650,Completed
89,4bed19c2-d567-43b5-ba50-cd5955909dba,109,,234.0,Payout,1265.57,2026-09-28 09:53:47.881650,Completed
90,4e3f389a-2fbb-4f96-849f-adccf8f6a3ed,619,,235.0,Payout,291.48,2026-09-28 09:53:47.881650,Completed
91,7986427c-ce45-4a3f-b325-832e675a6397,49,,237.0,Payout,2111.79,2026-09-28 09:53:47.881650,Completed
92,d15c740e-dd10-402d-a832-5bb9136bce8a,491,,242.0,Payout,802.11,2026-09-28 09:53:47.881650,Completed
93,77f68328-87b6-4b03-b54a-82da88ffdf3f,318,,248.0,Payout,111173.48,2026-09-28 09:53:47.881650,Completed
94,5f1e6542-36fd-4073-ba74-8aa721a1b014,873,,249.0,Payout,19560.28,2026-09-28 09:53:47.881650,Completed
95,41a309b3-4539-4c43-b9c6-9442bfd2d4a0,174,,253.0,Payout,6875.28,2026-09-28 09:53:47.881650,Completed
96,6256149d-1a46-413e-8eaa-57bd8227dd5b,836,,254.0,Payout,259.13,2026-09-28 09:53:47.881650,Completed
97,01cd2998-d14c-4eb0-afbb-d11a39de524d,425,,255.0,Payout,52628.17,2026-09-28 09:53:47.881650,Completed
98,cdf7529a-82fc-42b8-850a-56fc75f67abc,654,,256.0,Payout,5495.92,2026-09-28 09:53:47.881650,Completed
99,ba22a123-34e3-4961-a089-2306a5fb9b63,888,,257.0,Payout,751.34,2026-09-28 09:53:47.881650,Completed
100,d8b63c4d-0261-40c6-8d8e-a60df038dbf9,655,,261.0,Payout,9303.81,2026-09-28 09:53:47.881650,Completed
101,bf58a9d3-51c2-4967-b3c8-e980f260e355,77,,262.0,Payout,103.37,2026-09-28 09:53:47.881650,Completed
102,ceae7519-7cb7-4477-ae85-7177d22c313d,778,,270.0,Payout,109.71,2026-09-28 09:53:47.881650,Completed
103,ff407136-9fcc-4ad0-beff-34874e8b16d5,274,,271.0,Payout,2209.9,2026-09-28 09:53:47.881650,Completed
104,e748e3a1-63ba-45c5-a51d-1c53662301fd,576,,273.0,Payout,210.22,2026-09-28 09:53:47.881650,Completed
105,ac384139-5f33-4336-8cbd-2dfc737b78d6,953,,275.0,Payout,103.53,2026-09-28 09:53:47.881650,Completed
106,4721b185-69ff-45f8-b41e-dadd6910e2c5,21,,281.0,Payout,272.7,2026-09-28 09:53:47.881650,Completed
107,54ad4854-f1cb-4450-a830-7f80c5a34863,884,,282.0,Payout,260.02,2026-09-28 09:53:47.881650,Completed
108,90f1da8f-da2f-4266-be45-37901d57f83d,540,,283.0,Payout,609.25,2026-09-28 09:53:47.881650,Completed
109,921a833d-fff4-46a3-a211-330c5453e0ef,23,,292.0,Payout,2019.77,2026-09-28 09:53:47.881650,Completed
110,3f081e24-b008-4b78-adec-ec70306cc866,277,,293.0,Payout,60.13,2026-09-28 09:53:47.881650,Completed
111,03342147-22b3-42a4-a6da-07743ef7da1c,151,,295.0,Payout,15204.26,2026-09-28 09:53:47.881650,Completed
112,4ed5ad13-3a43-4353-acf2-f22f1a97369c,169,,296.0,Payout,1667.96,2026-09-28 09:53:47.881650,Completed
113,4e30d368-a06a-49eb-aec9-22a92f047cd2,65,,298.0,Payout,1928.55,2026-09-28 09:53:47.881650,Completed
114,9b5e5da8-c865-4134-9f55-814a611940a1,822,,302.0,Payout,490.8,2026-09-28 09:53:47.881650,Completed
115,c659fb45-b05d-47e9-b7ca-b746c6a5d9fe,743,,305.0,Payout,780.4,2026-09-28 09:53:47.881650,Completed
116,7cccad82-75d9-4bfa-89ae-0803d7c8d17b,915,,306.0,Payout,44118.83,2026-09-28 09:53:47.881650,Completed
117,ef99951d-f34a-4505-9799-46225379b4a1,850,,307.0,Payout,993.89,2026-09-28 09:53:47.881650,Completed
118,5c2a7f5f-7dbe-4f7b-ae51-386f4d012658,767,,316.0,Payout,12056.51,2026-09-28 09:53:47.881650,Completed
119,a2f04972-a198-4cc8-8a0c-b4462b4c2318,913,,319.0,Payout,3270.62,2026-09-28 09:53:47.881650,Completed
120,22c782a3-2e72-4759-82d2-39f4c8163ce9,289,,320.0,Payout,13865.01,2026-09-28 09:53:47.881650,Completed
121,a636cc5b-ff0a-411d-8791-4b4fa023b9bc,333,,325.0,Payout,16484.48,2026-09-28 09:53:47.881650,Completed
122,e2cb242c-5f17-4627-b669-471f32ee1e4f,927,,338.0,Payout,38412.85,2026-09-28 09:53:47.881650,Completed
123,548c25c3-cc10-4575-9b05-85d507517daa,229,,341.0,Payout,69637.52,2026-09-28 09:53:47.881650,Completed
124,93a4b69f-a450-4968-bfa4-9dac7cba1cef,474,,342.0,Payout,71335.41,2026-09-28 09:53:47.881650,Completed
125,93868beb-2876-4118-baef-76a143bde8c1,804,,345.0,Payout,177.77,2026-09-28 09:53:47.881650,Completed
126,31a9858e-2180-492b-b108-0c29be247e4f,589,,346.0,Payout,1100.37,2026-09-28 09:53:47.881650,Completed
127,c99bf4b4-cfae-474e-98bf-9fc7a51d1d5a,631,,349.0,Payout,6706.69,2026-09-28 09:53:47.881650,Completed
128,d754b430-ee16-4ffc-9554-f6d39ec1c422,849,,354.0,Payout,374.56,2026-09-28 09:53:47.881650,Completed
129,cfa2f140-8c48-4712-be8b-190bb14600f7,719,,360.0,Payout,83474.69,2026-09-28 09:53:47.881650,Completed
130,26de6051-6f26-4f15-87b2-844c2cc0cab7,648,,365.0,Payout,79.87,2026-09-28 09:53:47.881650,Completed
131,ece24af8-29db-4740-9e59-84ddfeec1e5b,155,,366.0,Payout,9251.04,2026-09-28 09:53:47.881650,Completed
132,7a2eeafb-952b-475c-a1ea-be5b7fe6fc35,803,,373.0,Payout,65834.5,2026-09-28 09:53:47.881650,Completed
133,c300c313-cb49-4c69-b1b4-4a415e744ee6,832,,376.0,Payout,874.5,2026-09-28 09:53:47.881650,Completed
134,fd2e1c53-7b2a-416b-a4a4-b48fcda833c8,926,,377.0,Payout,485.31,2026-09-28 09:53:47.881650,Completed
135,9fdcfa81-6962-41a1-8eb7-ac7eae153de7,547,,380.0,Payout,34.09,2026-09-28 09:53:47.881650,Completed
136,3166615e-7d4e-4bd9-b259-9916a303cc7c,816,,384.0,Payout,683.09,2026-09-28 09:53:47.881650,Completed
137,12bff0e5-437f-4375-b40e-2f217260ad10,82,,392.0,Payout,376.73,2026-09-28 09:53:47.881650,Completed
138,7943150e-c3b5-49c2-98b1-9b292171e3e5,159,,394.0,Payout,1584.22,2026-09-28 09:53:47.881650,Completed
139,885d3199-44e7-4bea-9648-8e2e5c53498e,809,,395.0,Payout,9005.66,2026-09-28 09:53:47.881650,Completed
140,50759cef-ddf7-45d8-9b10-fec506dc5813,762,,396.0,Payout,161.54,2026-09-28 09:53:47.881650,Completed
141,15ffdc80-87c9-493b-a095-cb91aa68ce98,273,,397.0,Payout,9787.99,2026-09-28 09:53:47.881650,Completed
142,b066aead-ec30-42e8-b96c-923f27ef8f40,457,,398.0,Payout,1576.03,2026-09-28 09:53:47.881650,Completed
143,4240c336-a03f-4e35-9abe-10785c908c31,568,,399.0,Payout,27926.02,2026-09-28 09:53:47.881650,Completed
144,0cd2ecac-b2a6-49b6-a528-7dbd3ae3821a,595,,404.0,Payout,824.73,2026-09-28 09:53:47.881650,Completed
145,e18c1a2b-02d2-47b2-9c3d-6b9d4b0455dc,151,,406.0,Payout,12848.52,2026-09-28 09:53:47.881650,Completed
146,9ddc6926-6478-4eb8-8b4d-95c8ad473bf6,270,,409.0,Payout,366.86,2026-09-28 09:53:47.881650,Completed
147,629de3f5-668b-4128-9ec8-bc95be666ee8,811,,413.0,Payout,211.09,2026-09-28 09:53:47.881650,Completed
148,37cb1987-6774-488d-9f99-4aa4a235de7e,333,,420.0,Payout,4405.41,2026-09-28 09:53:47.881650,Completed
149,dc8aab92-216b-4466-b2b2-adddfd5e63f5,208,,422.0,Payout,873.36,2026-09-28 09:53:47.881650,Completed
150,b7684e05-ed7e-4b72-acdd-212b28acc62c,40,,428.0,Payout,26924.57,2026-09-28 09:53:47.881650,Completed
151,a6cde19d-3c7d-4325-88c3-e54ad18efd4b,919,,429.0,Payout,212.02,2026-09-28 09:53:47.881650,Completed
152,318d72f2-d778-4e37-8881-6c3c234b4405,152,,430.0,Payout,187.57,2026-09-28 09:53:47.881650,Completed
153,b49d1506-7c73-4b6a-b8f8-fd1d272789b7,949,,439.0,Payout,149.65,2026-09-28 09:53:47.881650,Completed
154,12e91cd8-97ba-414a-9353-10040629d6c8,288,,442.0,Payout,823.47,2026-09-28 09:53:47.881650,Completed
155,1ad207ad-fcc2-49cb-b699-639a4b158b2c,552,,447.0,Payout,5274.19,2026-09-28 09:53:47.881650,Completed
156,03c3ad7e-ef85-49cc-a6c8-32525e4a5f05,413,,450.0,Payout,6911.35,2026-09-28 09:53:47.881650,Completed
157,92e4e1ac-0199-4bf5-80d8-3e6ea8a35806,296,,451.0,Payout,9363.64,2026-09-28 09:53:47.881650,Completed
158,1b45c930-68c8-4e94-a4d5-b5bbaa6956fa,232,,452.0,Payout,208.51,2026-09-28 09:53:47.881650,Completed
159,db962a3f-53b8-49d1-b272-8825ec5aa55d,172,,458.0,Payout,3086.09,2026-09-28 09:53:47.881650,Completed
160,f2ae1477-1f13-4a14-ba91-0394596b0266,766,,462.0,Payout,1468.05,2026-09-28 09:53:47.881650,Completed
161,04281571-9a37-4f91-8f50-ad1f0fe9dec0,325,,463.0,Payout,1948.6,2026-09-28 09:53:47.881650,Completed
162,12555b38-20ad-424e-953f-a3d5172ea84c,583,,467.0,Payout,1526.74,2026-09-28 09:53:47.881650,Completed
163,34638812-7c15-4461-80ab-a074b7408c6e,819,,472.0,Payout,8411.96,2026-09-28 09:53:47.881650,Completed
164,385e7930-e8b5-469d-afcc-18756a9b778e,763,,473.0,Payout,105.91,2026-09-28 09:53:47.881650,Completed
165,6d8745b9-d2a6-4c51-8787-82060cbf7c5d,85,,476.0,Payout,161.53,2026-09-28 09:53:47.881650,Completed
166,24365309-9618-480e-be11-592d79cca422,645,,481.0,Payout,2085.84,2026-09-28 09:53:47.881650,Completed
167,bbe6aad2-40b8-4706-a66a-997d78271525,415,,486.0,Payout,57113.77,2026-09-28 09:53:47.881650,Completed
168,2fc5d9af-18c7-4027-bc60-560955f0c754,827,,488.0,Payout,16868.19,2026-09-28 09:53:47.881650,Completed
169,0b0a3a91-6eb8-47fd-ab32-a96b5dcbc44d,85,,490.0,Payout,178316.59,2026-09-28 09:53:47.881650,Completed
170,f202779b-8598-4eae-86ff-93943f938725,744,,491.0,Payout,2047.95,2026-09-28 09:53:47.881650,Completed
171,4fc684f6-2e6b-4333-99df-7524c48edbed,130,,495.0,Payout,21341.36,2026-09-28 09:53:47.881650,Completed
172,7674bd0e-9da3-4db4-9e60-c7639f2ee1a6,20,,500.0,Payout,98.01,2026-09-28 09:53:47.881650,Completed
173,956bc03f-152f-479f-bb2a-f1f5790f941f,219,,501.0,Payout,4688.8,2026-09-28 09:53:47.881650,Completed
174,285e569d-f013-45b0-b4df-6166ee0e3809,362,,503.0,Payout,50860.83,2026-09-28 09:53:47.881650,Completed
175,6d60a8ec-4444-4bd6-880b-e6a82fdbeb53,595,,511.0,Payout,14021.02,2026-09-28 09:53:47.881650,Completed
176,b31d451d-8c73-487a-894b-5e1be99d327f,453,,517.0,Payout,353.09,2026-09-28 09:53:47.881650,Completed
177,e578645f-dc0d-4727-b63b-54698b24895d,487,,519.0,Payout,2283.9,2026-09-28 09:53:47.881650,Completed
178,8de250b5-d1e3-4bb5-8603-1570e87da35b,126,,521.0,Payout,87459.93,2026-09-28 09:53:47.881650,Completed
179,1f7e3b3f-5bd6-4530-837c-d88f1bbd0628,215,,522.0,Payout,222.67,2026-09-28 09:53:47.881650,Completed
180,62fefe8b-e43d-4547-8668-4b15444d9a0a,2,,523.0,Payout,3472.12,2026-09-28 09:53:47.881650,Completed
181,da5ba3d5-8797-45f0-8b44-6c1b096e0664,297,,524.0,Payout,29863.06,2026-09-28 09:53:47.881650,Completed
182,aeeb7c57-c823-4490-8a6e-70f2d64cd246,461,,538.0,Payout,137.39,2026-09-28 09:53:47.881650,Completed
183,5c665e04-0e12-4d03-919d-efcee4ccda0a,467,,539.0,Payout,3440.23,2026-09-28 09:53:47.881650,Completed
184,8c2c91a8-f3df-44cc-baa0-314ee49e6f08,830,,540.0,Payout,22174.34,2026-09-28 09:53:47.881650,Completed
185,49246c1c-ce26-4fc4-9b6b-686ed93c5cbe,212,,541.0,Payout,1771.36,2026-09-28 09:53:47.881650,Completed
186,aa03de4b-1b50-48ee-8dd6-e6e378269c8b,488,,543.0,Payout,1027.84,2026-09-28 09:53:47.881650,Completed
187,5602e674-d2fc-4774-b578-601ea1abbea6,450,,544.0,Payout,2177.81,2026-09-28 09:53:47.881650,Completed
188,59dfe84a-1034-4318-b516-de988ce27f58,606,,545.0,Payout,1659.92,2026-09-28 09:53:47.881650,Completed
189,6b1cf7b5-d11d-4772-81e8-b2fa517b3be1,173,,546.0,Payout,2537.9,2026-09-28 09:53:47.881650,Completed
190,38133afe-a956-4351-a017-dbfe46df9efe,444,,547.0,Payout,47948.51,2026-09-28 09:53:47.881650,Completed
191,5dd8f8f4-17c6-4461-a234-b6901f73d7d3,581,,550.0,Payout,5638.54,2026-09-28 09:53:47.881650,Completed
192,82b088f1-65c4-4315-807b-bfa900bd03bd,337,,555.0,Payout,225.15,2026-09-28 09:53:47.881650,Completed
193,efb8a123-adf2-4937-b6c1-a6c062c86bcf,366,,556.0,Payout,227253.59,2026-09-28 09:53:47.881650,Completed
194,ab1616e7-6e28-4359-87b1-d94bc12111c2,522,,559.0,Payout,2623.87,2026-09-28 09:53:47.881650,Completed
195,1e55ec38-cacf-44e2-a2a4-c899d2ad93e5,524,,561.0,Payout,52.83,2026-09-28 09:53:47.881650,Completed
196,0a45b911-2298-4f37-b329-1bed07a70aee,483,,562.0,Payout,402.84,2026-09-28 09:53:47.881650,Completed
197,ac036a87-92a8-44b0-b375-c7a00221be24,921,,566.0,Payout,11485.09,2026-09-28 09:53:47.881650,Completed
198,d0712f52-5a32-45f5-8d79-b908ddca9ce6,602,,569.0,Payout,979.1,2026-09-28 09:53:47.881650,Completed
199,98a43bfc-d9e1-4d15-a667-f8a4ee51a7d4,763,,572.0,Payout,1127.35,2026-09-28 09:53:47.881650,Completed
200,079ae410-be88-4f73-8094-dfdc2966d698,254,,573.0,Payout,239.89,2026-09-28 09:53:47.881650,Completed
201,9ffa6f3a-bbf9-4013-8ced-e99af54f8775,739,,576.0,Payout,148.98,2026-09-28 09:53:47.881650,Completed
202,cb9cbab9-0072-4428-bb87-ea9dae719c51,654,,581.0,Payout,24041.77,2026-09-28 09:53:47.881650,Completed
203,756a2176-c028-410b-b91e-8d9e8909011b,752,,583.0,Payout,4692.53,2026-09-28 09:53:47.881650,Completed
204,e8628acd-9062-44c8-a47a-57c05570a269,641,,585.0,Payout,1127.03,2026-09-28 09:53:47.881650,Completed
205,32236806-6666-4a02-8c30-177fb3e9d817,258,,586.0,Payout,2493.64,2026-09-28 09:53:47.881650,Completed
206,46075332-f0d0-4bea-ba3f-82784b8dd8db,758,,587.0,Payout,317.05,2026-09-28 09:53:47.881650,Completed
207,b12af48a-a2d1-49ff-bb97-9d5a121596e5,951,,590.0,Payout,138.29,2026-09-28 09:53:47.881650,Completed
208,bbfe6098-495b-4612-a85a-b640684a2322,176,,598.0,Payout,1396.26,2026-09-28 09:53:47.881650,Completed
209,fc9c0ffc-cbc8-4611-8bc0-ebae7115630e,587,,600.0,Payout,426.22,2026-09-28 09:53:47.881650,Completed
210,46d4bd4d-e19f-48a2-b6b4-fd8f37cc602c,896,,604.0,Payout,8058.64,2026-09-28 09:53:47.881650,Completed
211,c28289df-c73b-4f2d-8faa-18d09553b26f,524,,605.0,Payout,2792.73,2026-09-28 09:53:47.881650,Completed
212,33aed7c9-9073-409c-abec-58623f1af03e,436,,608.0,Payout,781.36,2026-09-28 09:53:47.881650,Completed
213,62106760-8cae-46f7-b814-63685fad437b,80,,609.0,Payout,88.79,2026-09-28 09:53:47.881650,Completed
214,f911ae34-8a5c-46ad-89c1-6064cfd539e0,435,,611.0,Payout,8038.41,2026-09-28 09:53:47.881650,Completed
215,c1320324-111e-4418-86cd-928ba76c56ee,439,,617.0,Payout,1194.54,2026-09-28 09:53:47.881650,Completed
216,7fbef288-84e3-453f-99c2-bf125a63f5e7,327,,618.0,Payout,40.8,2026-09-28 09:53:47.881650,Completed
217,ee685c4b-97f8-4cbb-a860-0aed9f4fb262,166,,623.0,Payout,20022.38,2026-09-28 09:53:47.881650,Completed
218,2fdcf89a-5065-4c2b-8a03-07ea1f8bd9b9,268,,624.0,Payout,57.44,2026-09-28 09:53:47.881650,Completed
219,85adc717-6808-4ff4-b860-4d3904a99ca8,135,,628.0,Payout,332.49,2026-09-28 09:53:47.881650,Completed
220,3e46f006-e651-4c49-8c57-a26e0fe2635a,860,,631.0,Payout,507.96,2026-09-28 09:53:47.881650,Completed
221,640d5442-336f-4bc0-bce5-99b3ea866284,888,,637.0,Payout,3967.25,2026-09-28 09:53:47.881650,Completed
222,c37559a3-f404-49d0-b148-0c2ac7bda8ee,642,,638.0,Payout,937.56,2026-09-28 09:53:47.881650,Completed
223,6e238cea-8190-4047-a1c8-93964d874044,529,,643.0,Payout,13986.31,2026-09-28 09:53:47.881650,Completed
224,eb7430c1-e12e-43d3-8c7a-be8641bcfe92,160,,647.0,Payout,204.38,2026-09-28 09:53:47.881650,Completed
225,5375190f-bb0a-4f4b-9d6f-929186eefe0c,148,,651.0,Payout,19258.57,2026-09-28 09:53:47.881650,Completed
226,a661b051-86e3-48b9-aed6-31a05053a65a,155,,652.0,Payout,12903.8,2026-09-28 09:53:47.881650,Completed
227,ffd3a5ce-e25c-485c-a928-2dae8f94fabb,120,,654.0,Payout,10226.76,2026-09-28 09:53:47.881650,Completed
228,1f845034-4de4-4137-8fec-ff05912d9ee8,938,,655.0,Payout,2518.45,2026-09-28 09:53:47.881650,Completed
229,10a813de-5a96-49ee-b1ab-94104d4c2d47,822,,657.0,Payout,668.36,2026-09-28 09:53:47.881650,Completed
230,846683f6-ae81-45fb-a4f5-10aec9ada93a,857,,658.0,Payout,374.5,2026-09-28 09:53:47.881650,Completed
231,38e27681-8483-45b9-ad1e-70c2b02edd35,461,,659.0,Payout,30139.93,2026-09-28 09:53:47.881650,Completed
232,70bd27c9-7d92-4c1f-9e83-f9002f011bc2,498,,660.0,Payout,838.38,2026-09-28 09:53:47.881650,Completed
233,56144b45-5f7b-4eb6-8cdc-219adae6d748,916,,665.0,Payout,113.16,2026-09-28 09:53:47.881650,Completed
234,c5b4a028-8359-4304-8b05-e5c50781fc8d,16,,666.0,Payout,29.88,2026-09-28 09:53:47.881650,Completed
235,06c54f83-52c4-4184-9b02-4b449185ccff,256,,667.0,Payout,3917.42,2026-09-28 09:53:47.881650,Completed
236,00714580-49c1-4903-b9fe-a3d3631a415c,938,,668.0,Payout,28049.61,2026-09-28 09:53:47.881650,Completed
237,1bdff1ff-c10f-4507-b00c-ef535b9c3dc6,718,,670.0,Payout,17240.2,2026-09-28 09:53:47.881650,Completed
238,cd4ce170-d15f-4789-bc6a-61d90fd27f42,836,,671.0,Payout,1676.23,2026-09-28 09:53:47.881650,Completed
239,175b0e4f-0829-43ee-b096-e1a2bde0eeb6,564,,672.0,Payout,3292.05,2026-09-28 09:53:47.881650,Completed
240,9c4c7307-cd33-41ec-a88d-b490c35a2fb3,450,,679.0,Payout,56.55,2026-09-28 09:53:47.881650,Completed
241,5facf428-4016-4cd8-a46c-c437f5b44a27,705,,680.0,Payout,2021.46,2026-09-28 09:53:47.881650,Completed
242,faf4874e-da40-41d9-8956-7f8bc4341ab6,765,,685.0,Payout,25791.62,2026-09-28 09:53:47.881650,Completed
243,824b1cf0-5ab2-443b-8426-d087efa7050f,707,,689.0,Payout,200.58,2026-09-28 09:53:47.881650,Completed
244,ebbe400f-2a00-4a8f-88c4-f5189cafe631,119,,691.0,Payout,1973.2,2026-09-28 09:53:47.881650,Completed
245,6653126a-32a5-449e-b400-202ec11395df,588,,692.0,Payout,64.15,2026-09-28 09:53:47.881650,Completed
246,f518eea1-b519-4c2d-9c0f-7b0f5d12c6a0,69,,696.0,Payout,19332.75,2026-09-28 09:53:47.881650,Completed
247,526c244e-b898-4f8a-97dc-991083684b3d,399,,701.0,Payout,2075.96,2026-09-28 09:53:47.881650,Completed
248,f5f46c40-a3aa-457e-a32b-8b176ac08e01,867,,702.0,Payout,11352.86,2026-09-28 09:53:47.881650,Completed
249,9b935787-91a3-4aa0-833d-91d037633ebc,416,,703.0,Payout,12691.05,2026-09-28 09:53:47.881650,Completed
250,9fb293c2-9ced-4371-8398-81729c1de713,792,,704.0,Payout,355.74,2026-09-28 09:53:47.881650,Completed
251,853ed1a9-c47c-4f68-b047-35af1a0b34c0,989,,705.0,Payout,310.59,2026-09-28 09:53:47.881650,Completed
252,a5c3f0ca-71ef-4173-beda-60adbc23f797,449,,706.0,Payout,73007.52,2026-09-28 09:53:47.881650,Completed
253,1ee4f960-2157-48d3-b215-35e37de265fe,343,,708.0,Payout,5992.25,2026-09-28 09:53:47.881650,Completed
254,e539aa67-0d64-44c4-8ca2-a2f63165122c,20,,709.0,Payout,74.93,2026-09-28 09:53:47.881650,Completed
255,01903f8e-0b86-4816-83b5-75f80503d989,854,,714.0,Payout,4854.23,2026-09-28 09:53:47.881650,Completed
256,13221ad0-c4cc-4554-999e-b14a75a056c1,108,,716.0,Payout,1181.02,2026-09-28 09:53:47.881650,Completed
257,30d9303c-ce8f-4fe5-a9ec-36236f41d28e,715,,718.0,Payout,156010.62,2026-09-28 09:53:47.881650,Completed
258,db72e531-ce18-4e40-a083-b921de2a26c2,829,,719.0,Payout,123.66,2026-09-28 09:53:47.881650,Completed
259,ca7ed526-d95d-48ff-a2cd-1ed36a073ca1,542,,720.0,Payout,164.77,2026-09-28 09:53:47.881650,Completed
260,a97ca71f-0a2d-4581-8dec-de1d014d7985,126,,722.0,Payout,8058.78,2026-09-28 09:53:47.881650,Completed
261,552d4d4f-338d-44e3-ab1f-b15ed43f948b,672,,724.0,Payout,34.82,2026-09-28 09:53:47.881650,Completed
262,2abf1509-4cee-4f65-800e-0c7d6bbab950,350,,725.0,Payout,516.9,2026-09-28 09:53:47.881650,Completed
263,325a4e1b-97e5-4ae3-8642-174f8dd60c80,149,,728.0,Payout,1514.85,2026-09-28 09:53:47.881650,Completed
264,7aefb91d-c166-49d6-8863-3f46d771ac45,203,,729.0,Payout,25709.58,2026-09-28 09:53:47.881650,Completed
265,03c2fbd6-6fe5-45dd-96d7-11758ba83d57,808,,731.0,Payout,485.46,2026-09-28 09:53:47.881650,Completed
266,52ed2440-64d9-42b9-ab0e-3d14a8343f32,941,,737.0,Payout,474.37,2026-09-28 09:53:47.881650,Completed
267,7998dfea-fd83-474b-ab4d-848d597958d9,397,,741.0,Payout,8714.48,2026-09-28 09:53:47.881650,Completed
268,6aac6178-fbe8-4bc1-9d0e-a7c9c6327fee,671,,742.0,Payout,4655.55,2026-09-28 09:53:47.881650,Completed
269,8ada48b4-045d-48f0-a23d-d702e921cde4,35,,744.0,Payout,12417.48,2026-09-28 09:53:47.881650,Completed
270,c6baa6b8-fa57-411b-aef2-ef9f0fb80eb1,317,,747.0,Payout,17237.86,2026-09-28 09:53:47.881650,Completed
271,8d7c3ef1-f353-40dd-b1b0-f06419d1894c,830,,749.0,Payout,483.76,2026-09-28 09:53:47.881650,Completed
272,be5e1eeb-fe37-4cfd-a05c-c26d43d399e9,85,,750.0,Payout,1372.57,2026-09-28 09:53:47.881650,Completed
273,00c7a357-72c4-4f81-889c-57d42e351ac8,92,,751.0,Payout,51.73,2026-09-28 09:53:47.881650,Completed
274,0858cd72-b0db-4e71-a059-2d3d741dfaaf,476,,753.0,Payout,195.04,2026-09-28 09:53:47.881650,Completed
275,ab7a65e4-2173-40c6-8493-1a0a194b7d4b,58,,757.0,Payout,95984.31,2026-09-28 09:53:47.881650,Completed
276,9496d5bc-aaec-4d2d-892d-6acd44b435a7,257,,759.0,Payout,27.5,2026-09-28 09:53:47.881650,Completed
277,7e98aead-39f8-4d8d-90d8-77a3063b9570,113,,761.0,Payout,64140.86,2026-09-28 09:53:47.881650,Completed
278,3c482b33-a2fe-4911-946f-999085de6393,873,,762.0,Payout,59821.93,2026-09-28 09:53:47.881650,Completed
279,6c79eff2-c72b-4177-9c4a-74ba4629fee1,45,,765.0,Payout,339.9,2026-09-28 09:53:47.881650,Completed
280,22c9c922-9ef7-453b-8aa2-68c9abb02044,96,,766.0,Payout,14744.95,2026-09-28 09:53:47.881650,Completed
281,cb845c13-7ef0-4593-b0ea-4dba501ee397,469,,769.0,Payout,158.21,2026-09-28 09:53:47.881650,Completed
282,b084be2e-8577-48fa-8b20-80f1075e8c72,655,,770.0,Payout,1717.22,2026-09-28 09:53:47.881650,Completed
283,b660dde6-30f4-4fba-8d3b-e5f80386de8f,565,,774.0,Payout,748.16,2026-09-28 09:53:47.881650,Completed
284,313dd965-5c77-4b5c-b08c-db5e669b8280,765,,778.0,Payout,1183.61,2026-09-28 09:53:47.881650,Completed
285,8a9af02c-06cb-418d-8b7f-b23b00359e29,835,,779.0,Payout,874.82,2026-09-28 09:53:47.881650,Completed
286,3d3c1d3f-6a91-492a-ab9d-3221c2afacfc,120,,782.0,Payout,265.11,2026-09-28 09:53:47.881650,Completed
287,f43a720e-2c15-40be-853a-8374d937554e,291,,783.0,Payout,112487.67,2026-09-28 09:53:47.881650,Completed
288,9299608a-69a1-4da0-8008-4e2127716020,571,,784.0,Payout,325.29,2026-09-28 09:53:47.881650,Completed
289,b91fbb32-0e45-410a-b272-2a59aff1a8a5,1000,,785.0,Payout,227.79,2026-09-28 09:53:47.881650,Completed
290,8a4ca287-7093-41eb-890c-36dc4b2fdc6d,732,,788.0,Payout,24736.79,2026-09-28 09:53:47.881650,Completed
291,d68cda92-8193-4337-99ca-b15dd4f9a37a,255,,794.0,Payout,135.9,2026-09-28 09:53:47.881650,Completed
292,1a4b83dc-3141-49eb-a552-83a17e3a3156,598,,795.0,Payout,451.86,2026-09-28 09:53:47.881650,Completed
293,c409398c-27df-403f-b192-7ea21b35238c,162,,797.0,Payout,15.72,2026-09-28 09:53:47.881650,Completed
294,474daa41-1afc-4cb5-b29d-01acbfe026cf,265,,799.0,Payout,278.3,2026-09-28 09:53:47.881650,Completed
295,bfe0f80b-af99-4cc2-8e45-7edc749c39e0,728,,800.0,Payout,464.56,2026-09-28 09:53:47.881650,Completed
296,8f51dee9-069e-4b03-8b16-0debe60aa334,737,,806.0,Payout,25749.23,2026-09-28 09:53:47.881650,Completed
297,5e51211c-c285-48d2-b59a-a1665c4130b7,300,,808.0,Payout,5602.75,2026-09-28 09:53:47.881650,Completed
298,ae93b863-6508-4136-8540-7ce41ce1dcc0,165,,810.0,Payout,242.45,2026-09-28 09:53:47.881650,Completed
299,12dd6827-bb87-4f15-86a3-e374d57318a0,74,,812.0,Payout,98.95,2026-09-28 09:53:47.881650,Completed
300,1ea76e0a-3b4e-4b4d-9d58-7556d5c6a718,404,,814.0,Payout,535.63,2026-09-28 09:53:47.881650,Completed
301,acb1afc7-f348-4be7-9459-bcc30bd24c80,662,,815.0,Payout,1246.01,2026-09-28 09:53:47.881650,Completed
302,c5fd4366-503d-46c6-9a72-a31b933caefa,964,,817.0,Payout,11290.77,2026-09-28 09:53:47.881650,Completed
303,fe5b495d-3d64-443d-8974-efd71536aef9,347,,820.0,Payout,20946.41,2026-09-28 09:53:47.881650,Completed
304,3a2534a8-c0a4-42f6-aefb-8fe53d681868,260,,825.0,Payout,513.75,2026-09-28 09:53:47.881650,Completed
305,4af70175-d88b-4fe6-8ad9-79bff023d9c3,829,,826.0,Payout,26086.23,2026-09-28 09:53:47.881650,Completed
306,c9c84790-51a3-48ac-ae26-99f1eb3d11f7,431,,828.0,Payout,7662.73,2026-09-28 09:53:47.881650,Completed
307,9ba18161-2d74-4a98-b156-69176f12ce81,684,,830.0,Payout,85.52,2026-09-28 09:53:47.881650,Completed
308,a275d1f9-17cb-4ec8-b27a-3da4938c662a,607,,831.0,Payout,711.73,2026-09-28 09:53:47.881650,Completed
309,af14d2f3-10f8-49b8-8e3e-c274329225c0,953,,833.0,Payout,645.05,2026-09-28 09:53:47.881650,Completed
310,6678f7de-b6ca-451f-8aed-215928da3b3c,247,,834.0,Payout,1285.48,2026-09-28 09:53:47.881650,Completed
311,32731220-84aa-49c9-bc63-a3a5e3c864bd,157,,835.0,Payout,3583.48,2026-09-28 09:53:47.881650,Completed
312,fccf5501-2b6d-43b1-b0fc-48f57aefc539,815,,837.0,Payout,119.44,2026-09-28 09:53:47.881650,Completed
313,559deeca-9844-4595-9d56-8069265f29cc,738,,840.0,Payout,1503.56,2026-09-28 09:53:47.881650,Completed
314,b21e07fb-a47f-48c7-a670-d61534299ad7,45,,841.0,Payout,1223.03,2026-09-28 09:53:47.881650,Completed
315,833560ea-2f65-4f39-a99c-796f50e0bde6,514,,844.0,Payout,297.95,2026-09-28 09:53:47.881650,Completed
316,66d9184e-de5a-4b64-bce9-5e416f5463f2,122,,846.0,Payout,87183.28,2026-09-28 09:53:47.881650,Completed
317,b1f88bdb-bfaa-414f-9535-fb842c8802fe,196,,847.0,Payout,15330.18,2026-09-28 09:53:47.881650,Completed
318,0a60200f-1e3c-4f1a-b67f-9b0aa6187bba,538,,851.0,Payout,848.1,2026-09-28 09:53:47.881650,Completed
319,30d09225-3708-40a0-9489-36e4bd9bfa74,519,,856.0,Payout,477.24,2026-09-28 09:53:47.881650,Completed
320,082156d6-e166-40d6-9ce8-1ffc3083b00a,139,,857.0,Payout,33175.52,2026-09-28 09:53:47.881650,Completed
321,68281e40-d76d-4046-8f93-8379fe505f67,879,,864.0,Payout,4530.2,2026-09-28 09:53:47.881650,Completed
322,d63db6d2-9b17-4084-83bb-cb7362be215d,326,,865.0,Payout,383.14,2026-09-28 09:53:47.881650,Completed
323,6ba1e310-3c6c-4f14-bcef-a2d899270f00,931,,866.0,Payout,1339.02,2026-09-28 09:53:47.881650,Completed
324,df99edbd-4535-4584-b8a6-db054c3bd047,371,,867.0,Payout,459.73,2026-09-28 09:53:47.881650,Completed
325,e933b22a-068b-4d2d-a7eb-e3d5e784abbe,273,,868.0,Payout,1957.92,2026-09-28 09:53:47.881650,Completed
326,c8314292-8659-4b32-ad84-71099f7654f4,447,,878.0,Payout,70913.89,2026-09-28 09:53:47.881650,Completed
327,f17cee5b-4e61-4220-a62e-930cf40b6f5d,400,,881.0,Payout,2191.04,2026-09-28 09:53:47.881650,Completed
328,a66a4d12-6db9-4da7-be55-7d8ee81bd4dd,313,,883.0,Payout,85.12,2026-09-28 09:53:47.881650,Completed
329,50af4728-ca5a-4efc-b151-738b64e2bd23,129,,886.0,Payout,25158.24,2026-09-28 09:53:47.881650,Completed
330,3a04032a-e282-4c58-8eef-3f02238004f9,100,,888.0,Payout,16926.6,2026-09-28 09:53:47.881650,Completed
331,76f25fcf-0cdc-4bec-91ad-5a06b6ba1c52,558,,889.0,Payout,282.65,2026-09-28 09:53:47.881650,Completed
332,2d060fb2-4eeb-4443-a50f-a7ab0b9f9548,223,,893.0,Payout,2325.28,2026-09-28 09:53:47.881650,Completed
333,aae84cdd-42bb-4a7a-9bee-bc88588b1a84,25,,894.0,Payout,45.52,2026-09-28 09:53:47.881650,Completed
334,e3cb22db-4a3f-4062-aae8-f0397fe585db,993,,895.0,Payout,1202.56,2026-09-28 09:53:47.881650,Completed
335,5d7534e5-6971-4335-bab6-9b25e16c65ad,507,,902.0,Payout,15978.07,2026-09-28 09:53:47.881650,Completed
336,bf967eaf-d4ec-469f-9d6f-40b0225b07a3,358,,903.0,Payout,3953.21,2026-09-28 09:53:47.881650,Completed
337,a9157ad6-7b6c-4c10-8741-e5214bdc39f8,674,,905.0,Payout,9850.48,2026-09-28 09:53:47.881650,Completed
338,32f247ab-6f86-4fde-8e93-7464daa8c59c,338,,909.0,Payout,93.34,2026-09-28 09:53:47.881650,Completed
339,347f86fb-5eee-4faa-a06a-e236c6ccf1fb,753,,911.0,Payout,362.23,2026-09-28 09:53:47.881650,Completed
340,96188e56-0d46-45e4-b9a5-2810295d9a83,643,,912.0,Payout,3130.04,2026-09-28 09:53:47.881650,Completed
341,680bd065-96d6-4948-a47e-adea5a7a6073,170,,913.0,Payout,16525.62,2026-09-28 09:53:47.881650,Completed
342,21da60c0-f7f6-4c83-a9cf-b7a6746a5bd3,108,,915.0,Payout,412.23,2026-09-28 09:53:47.881650,Completed
343,6229ac61-4a6a-42e7-a03b-cce07040c7cd,147,,920.0,Payout,16934.1,2026-09-28 09:53:47.881650,Completed
344,abedda4d-20c7-4577-8e18-b77f6b7716b9,434,,921.0,Payout,11176.32,2026-09-28 09:53:47.881650,Completed
345,8a3fa75d-2fd7-48e0-9f64-fdc7fd40f9fe,253,,922.0,Payout,625.13,2026-09-28 09:53:47.881650,Completed
346,293e649e-bd50-4548-bf56-6c6f5d27743d,251,,927.0,Payout,8107.93,2026-09-28 09:53:47.881650,Completed
347,55200760-8076-4d02-bc30-73371ed6b9ac,954,,928.0,Payout,121.12,2026-09-28 09:53:47.881650,Completed
348,8e39d992-b214-443a-b2d1-a1bfc8cc89b8,99,,931.0,Payout,95.07,2026-09-28 09:53:47.881650,Completed
349,ef7b88d3-f09b-4ede-adaf-3ae07ac13447,518,,946.0,Payout,828.96,2026-09-28 09:53:47.881650,Completed
350,dc36b92b-117b-41f0-80bf-fb070cd69676,176,,948.0,Payout,39.75,2026-09-28 09:53:47.881650,Completed
351,dc517f16-fd5f-4fb8-8fcf-825ca4f6fefe,453,,950.0,Payout,925.38,2026-09-28 09:53:47.881650,Completed
352,ee77ae1c-4821-4997-b65f-e4180196c764,764,,951.0,Payout,3377.95,2026-09-28 09:53:47.881650,Completed
353,f3f20991-9cda-4a77-87fd-646dd503b987,600,,952.0,Payout,28390.04,2026-09-28 09:53:47.881650,Completed
354,0cb0abab-8d08-410b-85fa-6afea16abd9a,700,,960.0,Payout,628.01,2026-09-28 09:53:47.881650,Completed
355,0c8d24cc-ff68-4f60-b64b-bdca8f274d38,441,,964.0,Payout,844.38,2026-09-28 09:53:47.881650,Completed
356,c2c5eaf4-4aa6-4941-a460-faa43acf1bb8,14,,965.0,Payout,3096.9,2026-09-28 09:53:47.881650,Completed
357,30b586c4-c779-45fe-aeef-8c40f1493016,885,,969.0,Payout,323.7,2026-09-28 09:53:47.881650,Completed
358,a105571e-8bab-49fb-832e-e93f70e11a73,447,,971.0,Payout,4080.09,2026-09-28 09:53:47.881650,Completed
359,69ae2cfe-dd5b-4867-9ef3-65df1cff4c3c,600,,972.0,Payout,1008.89,2026-09-28 09:53:47.881650,Completed
360,69ee3204-05c6-45a1-9e8d-7cbfb25f2853,340,,974.0,Payout,6231.55,2026-09-28 09:53:47.881650,Completed
361,a5a2fd96-cc63-4538-86c5-3f466597f8cd,462,,975.0,Payout,47434.24,2026-09-28 09:53:47.881650,Completed
362,71e9273c-8723-425b-bcde-8ff750d8dcbd,356,,977.0,Payout,4575.32,2026-09-28 09:53:47.881650,Completed
363,7aaf6b21-f568-4636-a40f-1bd40785b734,11,,978.0,Payout,250.12,2026-09-28 09:53:47.881650,Completed
364,ff7789ac-8717-4270-b017-1967bb1460fb,163,,979.0,Payout,79928.61,2026-09-28 09:53:47.881650,Completed
365,82bc361d-d9dd-4e67-bea2-ac8b673bb137,691,,981.0,Payout,773.69,2026-09-28 09:53:47.881650,Completed
366,39498501-a054-4100-b04e-1f82b6c54ccf,14,,983.0,Payout,2166.64,2026-09-28 09:53:47.881650,Completed
367,75a60f2c-8352-4f4e-8f6b-a669f02ae787,758,,985.0,Payout,158.3,2026-09-28 09:53:47.881650,Completed
368,2e1c2fd7-bd5a-4501-9b6b-c357f3b92733,304,,986.0,Payout,27.98,2026-09-28 09:53:47.881650,Completed
369,ded8448b-d0a6-4d08-853e-c28a817deae0,876,,988.0,Payout,2274.98,2026-09-28 09:53:47.881650,Completed
370,a31a3d92-7e21-4b19-988b-8d663f56142d,499,,991.0,Payout,597.39,2026-09-28 09:53:47.881650,Completed
371,c9716657-49cd-438c-bee2-b577d33e5c57,506,,992.0,Payout,6650.1,2026-09-28 09:53:47.881650,Completed
372,75012d2f-51cc-429c-b250-4df08bc078f8,218,,995.0,Payout,328.64,2026-09-28 09:53:47.881650,Completed
373,3cf06f2d-ea50-4dbe-91bd-6945d6fe31a8,177,,996.0,Payout,701.86,2026-09-28 09:53:47.881650,Completed
374,6b168bbc-b5da-4fc8-8d5d-2d57b3694fac,434,,997.0,Payout,198.05,2026-09-28 09:53:47.881650,Completed
375,8d27717e-415e-4e85-8404-fcca59b87ec6,163,,1001.0,Payout,82637.67,2026-09-28 09:53:47.881650,Completed
376,9d220a04-67d2-4fd9-911b-b17713f6c4e4,151,,1004.0,Payout,135.33,2026-09-28 09:53:47.881650,Completed
377,01c50ced-3d6e-4213-9b68-4c4bce40ddfe,57,,1005.0,Payout,1044.36,2026-09-28 09:53:47.881650,Completed
378,e6f4c7f9-6fdc-4a47-bef7-73815c9f8d41,93,,1007.0,Payout,1742.25,2026-09-28 09:53:47.881650,Completed
379,113ff3f5-c826-493d-960d-6d6dfbbe8c0c,966,,1011.0,Payout,750.98,2026-09-28 09:53:47.881650,Completed
380,b4386437-0b00-462d-84dd-1eb04057f420,92,,1014.0,Payout,1616.63,2026-09-28 09:53:47.881650,Completed
381,0b174cd8-661c-41dc-b2df-c99c3225ab64,465,,1015.0,Payout,21.28,2026-09-28 09:53:47.881650,Completed
382,e41fb62f-601c-46d8-8b60-74a10295d74a,108,,1021.0,Payout,5155.65,2026-09-28 09:53:47.881650,Completed
383,9eec4fa3-9487-4f62-87d5-00c7fab4381b,479,,1022.0,Payout,2930.25,2026-09-28 09:53:47.881650,Completed
384,c53b7daf-85db-46ae-aa7e-b29fed7be5c4,867,,1026.0,Payout,3824.5,2026-09-28 09:53:47.881650,Completed
385,d3196d4b-7d48-4533-b07a-2300f7c44f8a,966,,1028.0,Payout,2769.06,2026-09-28 09:53:47.881650,Completed
386,f39cb7b3-c998-401e-bef1-b9593794f144,65,,1030.0,Payout,331.29,2026-09-28 09:53:47.881650,Completed
387,ca331f17-05d7-4e32-bb61-ea2ca9a7f2ae,641,,1032.0,Payout,19.02,2026-09-28 09:53:47.881650,Completed
388,d9213f9a-c5f4-4e68-87b8-2a3c34ae374d,21,,1033.0,Payout,2195.31,2026-09-28 09:53:47.881650,Completed
389,bb21446a-bcf3-4b68-9ad1-af44a1716151,948,,1035.0,Payout,107.99,2026-09-28 09:53:47.881650,Completed
390,dafda3e9-9a60-448a-899f-15b8f1296379,665,,1037.0,Payout,171.85,2026-09-28 09:53:47.881650,Completed
391,01cf5746-d831-4ac0-a8b6-56f4ef3f7706,498,,1040.0,Payout,2866.63,2026-09-28 09:53:47.881650,Completed
392,df40d226-bf70-4e00-b94b-5a91a1a002fc,831,,1042.0,Payout,2065.83,2026-09-28 09:53:47.881650,Completed
393,9b5a15e5-5c7a-4afb-a2a7-9a989fe85dd5,533,,1046.0,Payout,354.04,2026-09-28 09:53:47.881650,Completed
394,a92466de-6863-4aac-bf0f-8832ecdcd7a2,345,,1053.0,Payout,1408.38,2026-09-28 09:53:47.881650,Completed
395,14fd906a-8d9a-4889-beff-3ec1de1daba7,549,,1054.0,Payout,778.11,2026-09-28 09:53:47.881650,Completed
396,36129769-86b8-44f7-a902-0fe2ffcaaf10,254,,1059.0,Payout,4610.2,2026-09-28 09:53:47.881650,Completed
397,d459f415-1024-4462-a33c-93c66f81a940,327,,1061.0,Payout,474.08,2026-09-28 09:53:47.881650,Completed
398,1959c8ab-92a5-4e22-b31d-91ced8653311,158,,1069.0,Payout,146662.27,2026-09-28 09:53:47.881650,Completed
399,b6505d00-bcf8-4015-9fdf-5c522421652a,937,,1073.0,Payout,328.0,2026-09-28 09:53:47.881650,Completed
400,9caefa2a-1e69-48c0-a771-918b0656f0c3,2,,1075.0,Payout,185.07,2026-09-28 09:53:47.881650,Completed
401,43d3bdf9-8b91-4bb7-8fac-263c28d38beb,364,,1076.0,Payout,548.63,2026-09-28 09:53:47.881650,Completed
402,6175ae05-12c0-44db-841c-853b38a33c02,984,,1077.0,Payout,136.57,2026-09-28 09:53:47.881650,Completed
403,2fbcdd7c-4fe6-4813-9047-0060950dc3f9,799,,1078.0,Payout,4507.49,2026-09-28 09:53:47.881650,Completed
404,b65a6b05-c1f7-4a9c-ba7b-80ed423ffec8,276,,1082.0,Payout,2013.4,2026-09-28 09:53:47.881650,Completed
405,dd8ba925-12fd-44ad-aca1-7fba6395c468,545,,1084.0,Payout,468.76,2026-09-28 09:53:47.881650,Completed
406,3da64098-8a0a-4237-9369-eeff0da0a9ce,200,,1089.0,Payout,7862.44,2026-09-28 09:53:47.881650,Completed
407,b906da81-d8aa-4def-83e9-332ccf4421a8,177,,1090.0,Payout,4826.57,2026-09-28 09:53:47.881650,Completed
408,c0e85940-3292-45e5-8461-e9e507138279,954,,1091.0,Payout,238104.54,2026-09-28 09:53:47.881650,Completed
409,8d560c74-5915-43cf-9f4f-8a0c4c673226,158,,1094.0,Payout,467.68,2026-09-28 09:53:47.881650,Completed
410,f0736bbd-f4b7-49c4-8730-3eba413a8a2c,682,,1095.0,Payout,23090.79,2026-09-28 09:53:47.881650,Completed
411,7db6c313-40c3-4196-9272-59a3d97ac9e8,488,,1096.0,Payout,455.14,2026-09-28 09:53:47.881650,Completed
412,55a68841-c4b9-4951-b680-42f44d538f8b,292,,1097.0,Payout,570.31,2026-09-28 09:53:47.881650,Completed
413,6f559e3c-60e0-479b-a195-3bf96b0c30db,727,,1098.0,Payout,22032.62,2026-09-28 09:53:47.881650,Completed
414,bd2464ec-4f2b-4475-a555-2240bfd6528c,763,,1101.0,Payout,251.76,2026-09-28 09:53:47.881650,Completed
415,201f83fc-3884-4dc2-a91a-06ff868de508,248,,1103.0,Payout,8661.39,2026-09-28 09:53:47.881650,Completed
416,8cbb1265-7eeb-425c-9e6f-087bf9572dc7,851,,1106.0,Payout,167.26,2026-09-28 09:53:47.881650,Completed
417,1a958775-b88c-4708-8dd0-6db71f93971f,768,,1107.0,Payout,10510.74,2026-09-28 09:53:47.881650,Completed
418,ae822d72-16f6-4231-add4-d59dc917d6ee,253,,1108.0,Payout,181.82,2026-09-28 09:53:47.881650,Completed
419,bd913b86-8604-46cc-8c9d-2001d6612979,503,,1109.0,Payout,185.4,2026-09-28 09:53:47.881650,Completed
420,c6ba40e0-2363-4023-b366-859edcf46de2,969,,1112.0,Payout,14488.31,2026-09-28 09:53:47.881650,Completed
421,bfd41edd-271a-46c4-b640-93f0d65b2973,373,,1114.0,Payout,4102.52,2026-09-28 09:53:47.881650,Completed
422,0d275fd2-6a19-4d18-9a7e-a7193f67f879,716,,1123.0,Payout,872.47,2026-09-28 09:53:47.881650,Completed
423,fc6c082a-b672-4c79-98ea-e0b17abf145f,66,,1125.0,Payout,83.52,2026-09-28 09:53:47.881650,Completed
424,68510ef0-8149-4154-b581-77df5cf9e5c4,778,,1128.0,Payout,2698.92,2026-09-28 09:53:47.881650,Completed
425,234b6264-086c-402d-a266-483d4bd731a7,989,,1136.0,Payout,31248.0,2026-09-28 09:53:47.881650,Completed
426,33304494-8574-4fdd-af42-fd9ae97aff00,293,,1137.0,Payout,4495.28,2026-09-28 09:53:47.881650,Completed
427,ec617a2b-139c-4abc-bda7-e7058b27d235,535,,1139.0,Payout,15032.99,2026-09-28 09:53:47.881650,Completed
428,a6b13135-69fb-413c-bf8a-ca5583a7d5f3,130,,1141.0,Payout,180.1,2026-09-28 09:53:47.881650,Completed
429,0e46c366-6ab2-4cc8-9f3e-875ad67e30e2,944,,1144.0,Payout,9743.07,2026-09-28 09:53:47.881650,Completed
430,eec542c2-83f5-4ad4-9096-eae1ac8ef33d,343,,1145.0,Payout,2296.46,2026-09-28 09:53:47.881650,Completed
431,7cdf0ac0-5c4f-4114-8dd1-bc22ee8ceb4b,251,,1152.0,Payout,2229.07,2026-09-28 09:53:47.881650,Completed
432,de9fb4a5-6f42-45f7-9dc7-2759c3235763,754,,1153.0,Payout,554.55,2026-09-28 09:53:47.881650,Completed
433,099c4252-e197-494e-8b73-d7b0b68bf260,393,,1156.0,Payout,346.62,2026-09-28 09:53:47.881650,Completed
434,197eca42-62d4-4fb3-9cdc-722983342e05,738,,1159.0,Payout,1390.84,2026-09-28 09:53:47.881650,Completed
435,e8527806-dcd0-40d4-96cd-0293e5bf75cc,282,,1161.0,Payout,155.25,2026-09-28 09:53:47.881650,Completed
436,d8ca94ab-815b-4271-9c30-c50d0a4a32e2,12,,1163.0,Payout,29134.02,2026-09-28 09:53:47.881650,Completed
437,75813632-de87-4102-889c-1e8587d75e65,106,,1165.0,Payout,49930.71,2026-09-28 09:53:47.881650,Completed
438,80aa8f38-4626-4b54-9511-62377e88225c,406,,1167.0,Payout,674.4,2026-09-28 09:53:47.881650,Completed
439,5e167d6a-8bf3-4230-90b0-27f1f91992fd,344,,1168.0,Payout,385.64,2026-09-28 09:53:47.881650,Completed
440,67d52fa4-37af-4134-a170-56c4a6b4d973,381,,1169.0,Payout,360.17,2026-09-28 09:53:47.881650,Completed
441,2fe68de1-b176-4c9f-ab94-9dcc91ce6d83,589,,1170.0,Payout,263.01,2026-09-28 09:53:47.881650,Completed
442,f384d5bd-35b8-4f1a-b9d9-c71a448c85aa,565,,1172.0,Payout,1483.35,2026-09-28 09:53:47.881650,Completed
443,b66a0e06-d90f-42d2-bf3d-b199d251a499,582,,1173.0,Payout,22956.74,2026-09-28 09:53:47.881650,Completed
444,77bc476d-782c-4c26-a203-771015bf9407,168,,1174.0,Payout,13526.52,2026-09-28 09:53:47.881650,Completed
445,65fd4fe5-5162-46dc-9e11-2127d130d260,594,,1176.0,Payout,182.59,2026-09-28 09:53:47.881650,Completed
446,c4eb06b3-1cee-4adf-ba96-3d9c5353d689,736,,1178.0,Payout,36526.22,2026-09-28 09:53:47.881650,Completed
447,52cdf048-bf47-4a72-8211-e22870bb1394,318,,1182.0,Payout,3842.44,2026-09-28 09:53:47.881650,Completed
448,2b461f2f-9b67-4d77-8ad7-32be2613bd89,952,,1183.0,Payout,178.09,2026-09-28 09:53:47.881650,Completed
449,8ec1d0d3-345c-4408-a4d0-51f8304d1e42,32,,1184.0,Payout,3571.57,2026-09-28 09:53:47.881650,Completed
450,ebce1e0f-5dbd-42f2-9458-1c44228be6be,986,,1186.0,Payout,193.89,2026-09-28 09:53:47.881650,Completed
451,a7d5c27b-3cd9-480c-a9c3-6ac5698683ee,58,,1189.0,Payout,32966.99,2026-09-28 09:53:47.881650,Completed
452,bc6feba7-c9f9-43b9-8eac-46c6b294013a,297,,1194.0,Payout,291.91,2026-09-28 09:53:47.881650,Completed
453,093d71c3-12b2-4e34-b37f-b6c7e875afa7,679,,1197.0,Payout,1058.27,2026-09-28 09:53:47.881650,Completed
454,13a07b5b-b753-4e5c-85af-adb0c3e747a8,663,,1199.0,Payout,1273.11,2026-09-28 09:53:47.881650,Completed
455,b05869f3-e935-4b54-bf1f-350701f2ba60,611,,1201.0,Payout,581.05,2026-09-28 09:53:47.881650,Completed
456,239f2310-a70c-4dc0-985e-5dbac747c73a,867,,1202.0,Payout,2067.47,2026-09-28 09:53:47.881650,Completed
457,b1839a67-27d3-4d20-9fca-3fd90fbc99a7,869,,1205.0,Payout,8970.62,2026-09-28 09:53:47.881650,Completed
458,910625e0-c00e-4243-8e84-e51071fd24c9,473,,1206.0,Payout,10411.43,2026-09-28 09:53:47.881650,Completed
459,a8f8f27c-b8bf-4cde-b7c8-5b8883a57b99,353,,1207.0,Payout,103.12,2026-09-28 09:53:47.881650,Completed
460,252edb9f-3188-41ae-941f-3f09567704bf,170,,1209.0,Payout,32377.67,2026-09-28 09:53:47.881650,Completed
461,36c579e3-37f6-433b-889a-4ca5646ec37a,7,,1214.0,Payout,594.82,2026-09-28 09:53:47.881650,Completed
462,4729e2df-8ac9-420f-b915-4f5e3d517d00,705,,1216.0,Payout,32265.08,2026-09-28 09:53:47.881650,Completed
463,b6ffce70-de8a-4785-a178-7002fd1bb294,664,,1217.0,Payout,214.12,2026-09-28 09:53:47.881650,Completed
464,cc4fd4f9-bb07-429e-952f-c75faf890a33,870,,1218.0,Payout,952.67,2026-09-28 09:53:47.881650,Completed
465,315a59ec-ffaf-4660-a537-9f2998d3b29e,521,,1221.0,Payout,84.58,2026-09-28 09:53:47.881650,Completed
466,592eb394-1ded-41fa-bd8a-fecd0a20f8bd,293,,1223.0,Payout,734.46,2026-09-28 09:53:47.881650,Completed
467,0e03f937-bc63-490e-8e8d-ff31c18f0db7,388,,1224.0,Payout,486.53,2026-09-28 09:53:47.881650,Completed
468,abc31b69-463a-4f2a-abb6-5ae6121caa09,107,,1229.0,Payout,4.12,2026-09-28 09:53:47.881650,Completed
469,ebee67f5-e506-4612-bdab-8fd8ff71f741,550,,1237.0,Payout,17712.0,2026-09-28 09:53:47.881650,Completed
470,bc8f0445-13a2-4a71-bbc5-531e910429b9,700,,1239.0,Payout,20409.93,2026-09-28 09:53:47.881650,Completed
471,724f2f2c-3dde-45ec-be24-718002b0672c,101,,1243.0,Payout,1406.27,2026-09-28 09:53:47.881650,Completed
472,3f0f43f2-45a0-4ba7-92fd-e6dea9391b86,61,,1244.0,Payout,16415.63,2026-09-28 09:53:47.881650,Completed
473,1c0edd6f-eaba-42ab-893a-7c026726320a,273,,1249.0,Payout,6518.96,2026-09-28 09:53:47.881650,Completed
474,d9dd0ea4-6ddc-4a50-9e05-242f06024642,594,,1250.0,Payout,115.77,2026-09-28 09:53:47.881650,Completed
475,0a39ae8e-ae87-49f8-8d5a-d47578b71be8,681,,1252.0,Payout,408.36,2026-09-28 09:53:47.881650,Completed
476,44278afc-f48f-41f8-9a66-33e506208f07,656,,1254.0,Payout,324.94,2026-09-28 09:53:47.881650,Completed
477,ecc768d9-90b5-4942-8578-a8eb6e4357da,585,,1258.0,Payout,2024.34,2026-09-28 09:53:47.881650,Completed
478,0b8f0a3f-3671-4dd4-8f4f-ec0ecb58a02b,89,,1262.0,Payout,22508.94,2026-09-28 09:53:47.881650,Completed
479,ddd8c045-c5d3-4f46-ad47-693dc175f46e,921,,1264.0,Payout,15736.04,2026-09-28 09:53:47.881650,Completed
480,4d368241-51da-4b5e-a820-5ce51a57b317,846,,1266.0,Payout,260.67,2026-09-28 09:53:47.881650,Completed
481,e11b5d0a-70ec-4a23-997b-57f544b177b2,95,,1270.0,Payout,30175.74,2026-09-28 09:53:47.881650,Completed
482,d173d814-dbf1-4c3c-91bd-a1c0436b4243,37,,1273.0,Payout,4134.71,2026-09-28 09:53:47.881650,Completed
483,e88ded76-0e23-48ec-a030-36ad5afd1770,323,,1276.0,Payout,237.04,2026-09-28 09:53:47.881650,Completed
484,09e79f0c-143c-486d-aed9-9e0abfd2b09d,14,,1277.0,Payout,246.2,2026-09-28 09:53:47.881650,Completed
485,c3147576-02df-467c-b55e-25c557008424,322,,1278.0,Payout,13555.46,2026-09-28 09:53:47.881650,Completed
486,158c6906-b68a-4d57-8546-8a642337c63d,566,,1285.0,Payout,2362.06,2026-09-28 09:53:47.881650,Completed
487,6441d0be-cce5-4cb4-91b5-264763ac8b73,451,,1290.0,Payout,738.32,2026-09-28 09:53:47.881650,Completed
488,176a1473-c8b0-4337-bdeb-d2c0f248d7b9,351,,1292.0,Payout,392.93,2026-09-28 09:53:47.881650,Completed
489,693b7d4d-3ed0-4cce-92cc-5ad764bfc511,877,,1295.0,Payout,113.74,2026-09-28 09:53:47.881650,Completed
490,4362b495-8ff0-4f44-9a23-9da0b05309b9,884,,1296.0,Payout,770.58,2026-09-28 09:53:47.881650,Completed
491,ec102dcc-dd46-4591-bc4d-a0867443b2f4,26,,1300.0,Payout,2607.83,2026-09-28 09:53:47.881650,Completed
492,bab9ddc0-df2c-475d-b065-2838a2681a03,902,,1302.0,Payout,1953.24,2026-09-28 09:53:47.881650,Completed
493,9d458960-1592-499d-a5b4-f65415a247dc,459,,1304.0,Payout,662.88,2026-09-28 09:53:47.881650,Completed
494,44c8b9ff-8667-4d4e-969e-888e499a08d3,727,,1306.0,Payout,97.94,2026-09-28 09:53:47.881650,Completed
495,ceecc3ca-a359-49d0-8d4a-00639627d54c,744,,1309.0,Payout,289.46,2026-09-28 09:53:47.881650,Completed
496,2782e328-224c-4c1b-bbd7-7e1ee24d296c,228,,1312.0,Payout,1581.72,2026-09-28 09:53:47.881650,Completed
497,ce10c46f-c1c0-4f84-a5f0-a00503c663c8,558,,1314.0,Payout,16161.77,2026-09-28 09:53:47.881650,Completed
498,05a409ad-adcf-43bd-9305-2cd6ea106b84,372,,1316.0,Payout,2994.29,2026-09-28 09:53:47.881650,Completed
499,5917bfbc-ba59-4918-8118-30de7f496214,511,,1317.0,Payout,645.18,2026-09-28 09:53:47.881650,Completed
500,1bceebd2-3cdc-4b9c-b411-2e3d55cec0b6,749,,1319.0,Payout,30766.26,2026-09-28 09:53:47.881650,Completed
501,bc5715a8-7b86-4bdc-8320-c0b577f6c633,749,,1323.0,Payout,457.97,2026-09-28 09:53:47.881650,Completed
502,08b12bce-75ec-409e-bd1c-dd364cdd87ba,166,,1325.0,Payout,2040.5,2026-09-28 09:53:47.881650,Completed
503,65ea1ca3-6316-4c77-a956-5ac3342a1164,864,,1326.0,Payout,6295.6,2026-09-28 09:53:47.881650,Completed
504,2f4ddbb2-013e-4650-b7b9-adb372f133a3,716,,1330.0,Payout,243.03,2026-09-28 09:53:47.881650,Completed
505,e230f2bf-855a-41b0-a314-8de37f018818,896,,1331.0,Payout,1731.81,2026-09-28 09:53:47.881650,Completed
506,9f5d2293-b1b3-4604-9e85-ccdf22c92157,125,,1337.0,Payout,560.13,2026-09-28 09:53:47.881650,Completed
507,358388f4-d834-4546-8a8d-7aefea03622c,825,,1338.0,Payout,353.3,2026-09-28 09:53:47.881650,Completed
508,ec90d197-4a59-4aff-851d-cbc43506757c,247,,1339.0,Payout,178.99,2026-09-28 09:53:47.881650,Completed
509,6d5412e4-91af-4f15-92ea-05c77a4dad0f,545,,1346.0,Payout,800.81,2026-09-28 09:53:47.881650,Completed
510,5e941f15-72bd-413f-9394-541d0288f843,365,,1347.0,Payout,6200.5,2026-09-28 09:53:47.881650,Completed
511,61cd0aef-fe05-442b-81c9-6b3d19e365dc,915,,1348.0,Payout,2737.25,2026-09-28 09:53:47.881650,Completed
512,fa54acff-f137-47ed-97f7-948d6812c5f3,400,,1351.0,Payout,1598.38,2026-09-28 09:53:47.881650,Completed
513,9c9d85ad-0ab3-42cb-8187-5db5a8584a97,392,,1352.0,Payout,135.0,2026-09-28 09:53:47.881650,Completed
514,adc23104-326c-4462-9d9b-5f7cfb6e39f9,230,,1357.0,Payout,13648.33,2026-09-28 09:53:47.881650,Completed
515,743a7f96-198d-4ee7-8de2-195c07e76902,502,,1360.0,Payout,112.63,2026-09-28 09:53:47.881650,Completed
516,ab41beaf-a495-4eac-a46c-df98136c43bc,837,,1363.0,Payout,177.52,2026-09-28 09:53:47.881650,Completed
517,080572c4-bd72-4b27-9479-d112bcbe09e7,605,,1367.0,Payout,2917.99,2026-09-28 09:53:47.881650,Completed
518,c89d6f6d-c692-468d-a2ec-21068d2af8ee,288,,1370.0,Payout,154.91,2026-09-28 09:53:47.881650,Completed
519,0f777a73-c81c-4535-b2de-7eab9d028953,326,,1375.0,Payout,24.29,2026-09-28 09:53:47.881650,Completed
520,c2c441d3-4e54-482e-858d-e2ae6f91a860,312,,1379.0,Payout,2600.4,2026-09-28 09:53:47.881650,Completed
521,abaa348d-8aff-4442-b8ff-29e78a3afe22,412,,1382.0,Payout,439.34,2026-09-28 09:53:47.881650,Completed
522,a8130352-7ca6-4999-a8b7-9cb86db07109,90,,1387.0,Payout,88.52,2026-09-28 09:53:47.881650,Completed
523,2f62a7c1-f872-49f7-95c8-71f4518d2c94,168,,1390.0,Payout,1786.96,2026-09-28 09:53:47.881650,Completed
524,2f7f2775-2292-4211-8888-45391a746153,928,,1393.0,Payout,1538.37,2026-09-28 09:53:47.881650,Completed
525,65e31615-2e24-4151-9cdd-59368612f988,291,,1406.0,Payout,219.57,2026-09-28 09:53:47.881650,Completed
526,620271da-9ff2-4e55-99f9-e7040ac5bd2d,391,,1407.0,Payout,22766.47,2026-09-28 09:53:47.881650,Completed
527,3e296578-450f-4e39-8a11-26e05b8fc5e6,322,,1411.0,Payout,83.53,2026-09-28 09:53:47.881650,Completed
528,33831a8c-5b7b-4b00-945e-1703b64aad87,284,,1412.0,Payout,753.42,2026-09-28 09:53:47.881650,Completed
529,1dc4539c-d7ac-4a15-a9c3-5bce43b89dfc,308,,1413.0,Payout,710.46,2026-09-28 09:53:47.881650,Completed
530,a917263c-490a-4969-a906-4f77c0534dd6,208,,1416.0,Payout,625.64,2026-09-28 09:53:47.881650,Completed
531,a5b6d11e-bd27-4c2b-a7d6-bc85018a31e5,16,,1419.0,Payout,2366.69,2026-09-28 09:53:47.881650,Completed
532,6aeeee18-d61b-44ae-af97-275627f759ae,139,,1420.0,Payout,332.68,2026-09-28 09:53:47.881650,Completed
533,53ecc9f8-2b2e-4453-ac1c-cc9170959ba2,417,,1422.0,Payout,58.9,2026-09-28 09:53:47.881650,Completed
534,ae05699b-5f5f-4a3b-b52b-af20bff3834d,40,,1424.0,Payout,798.66,2026-09-28 09:53:47.881650,Completed
535,ea70afe6-12f4-4d04-b92f-6c9cafc4eb2f,620,,1426.0,Payout,64.28,2026-09-28 09:53:47.881650,Completed
536,bde054d2-3402-4c08-99db-dfe1cd6ba317,176,,1430.0,Payout,2022.28,2026-09-28 09:53:47.881650,Completed
537,52ca4cf3-f2b1-43fa-9659-278d312d1124,274,,1431.0,Payout,1301.28,2026-09-28 09:53:47.881650,Completed
538,033656ef-03e1-4718-8058-c32e7b3b7fce,840,,1433.0,Payout,6077.51,2026-09-28 09:53:47.881650,Completed
539,491aaa87-3a9d-4eff-b65a-86bab284ac65,728,,1435.0,Payout,1335.18,2026-09-28 09:53:47.881650,Completed
540,73bbc2bd-0a4e-4c22-b9ec-dc7a907cf9f3,193,,1437.0,Payout,10912.92,2026-09-28 09:53:47.881650,Completed
541,ef29768d-fa83-4762-add8-2e6b94c1e87e,496,,1438.0,Payout,327.56,2026-09-28 09:53:47.881650,Completed
542,f9cdbd44-936b-4a58-a054-65237953020e,274,,1439.0,Payout,26197.98,2026-09-28 09:53:47.881650,Completed
543,d1fe6d6e-e381-48e8-a652-d179033a0eb1,220,,1441.0,Payout,145.66,2026-09-28 09:53:47.881650,Completed
544,7e1ad411-5d5f-46d8-b5e0-4134a73f4d6c,61,,1444.0,Payout,4410.15,2026-09-28 09:53:47.881650,Completed
545,bba441f6-3646-4912-b73c-977ddd7534df,923,,1445.0,Payout,242.45,2026-09-28 09:53:47.881650,Completed
546,bd329041-1078-4d2e-bdf7-fee4b0a45034,823,,1449.0,Payout,163.89,2026-09-28 09:53:47.881650,Completed
547,231ef86e-c188-4df6-9694-7f9d3a907aca,618,,1454.0,Payout,12601.29,2026-09-28 09:53:47.881650,Completed
548,cbf8b995-99e6-4a96-b73f-46d7ca27b2cd,453,,1456.0,Payout,3420.23,2026-09-28 09:53:47.881650,Completed
549,eec48f53-40ce-4d1c-b7db-7f511e95bf06,252,,1457.0,Payout,15146.48,2026-09-28 09:53:47.881650,Completed
550,8638f3d3-74de-4a00-9aeb-3999045031ba,890,,1459.0,Payout,2822.26,2026-09-28 09:53:47.881650,Completed
551,3942d4f6-75b7-4f9e-a4b5-95bcebeea75f,264,,1463.0,Payout,2658.08,2026-09-28 09:53:47.881650,Completed
552,30924fcd-05cf-4422-8196-734029d263e2,584,,1464.0,Payout,42585.57,2026-09-28 09:53:47.881650,Completed
553,f3ba4fc4-8126-4a77-8d92-06021e5f004a,649,,1465.0,Payout,576.75,2026-09-28 09:53:47.881650,Completed
554,b6e9cd19-2be2-4d14-8f81-bc1842751261,414,,1467.0,Payout,870.46,2026-09-28 09:53:47.881650,Completed
555,994e3c3a-9866-480c-85b9-ae4ef8d7d090,771,,1468.0,Payout,2658.35,2026-09-28 09:53:47.881650,Completed
556,5c56959b-efac-4e01-850d-a194ea9fbeed,125,,1469.0,Payout,19602.34,2026-09-28 09:53:47.881650,Completed
557,94764185-9a03-48f5-b650-e3d18aef5617,132,,1472.0,Payout,2153.54,2026-09-28 09:53:47.881650,Completed
558,ed4bf26a-3fad-4b51-93dd-d08de57c6979,75,,1475.0,Payout,6135.69,2026-09-28 09:53:47.881650,Completed
559,6ad63ae6-78de-4154-9ed1-c52156bd1ec7,142,,1477.0,Payout,26562.79,2026-09-28 09:53:47.881650,Completed
560,b2460945-5d80-45f2-80b3-aa983d65c3c3,72,,1479.0,Payout,221.2,2026-09-28 09:53:47.881650,Completed
561,d82e355e-be94-4447-8a27-b2c73d3bed03,417,,1480.0,Payout,4652.05,2026-09-28 09:53:47.881650,Completed
562,db821f98-193a-4499-b80b-6bfb1fe7dad0,580,,1485.0,Payout,1466.87,2026-09-28 09:53:47.881650,Completed
563,cde3b86b-7898-4e77-b862-281d0eea1122,247,,1487.0,Payout,117.42,2026-09-28 09:53:47.881650,Completed
564,c7a5fa40-9c61-4987-bb3d-aaffdfc89719,453,,1490.0,Payout,628.79,2026-09-28 09:53:47.881650,Completed
565,d9ab9e6a-88e1-40e8-a5f4-a13b8a039403,529,,1498.0,Payout,32723.86,2026-09-28 09:53:47.881650,Completed
566,75922191-2482-407b-964e-83aac49cea4b,846,,1499.0,Payout,1861.22,2026-09-28 09:53:47.881650,Completed
567,c9a1092d-897d-4f4d-9cc2-53dc826df746,727,,1500.0,Payout,121.9,2026-09-28 09:53:47.881650,Completed
568,39e34c41-6022-4a29-9e5a-a4680e9722c7,289,,1506.0,Payout,166.47,2026-09-28 09:53:47.881650,Completed
569,48f86e10-f159-483f-b2e8-acb09191d035,825,,1507.0,Payout,13313.7,2026-09-28 09:53:47.881650,Completed
570,701c620f-e67b-46bb-997c-f7ccfd28703e,196,,1508.0,Payout,58.63,2026-09-28 09:53:47.881650,Completed
571,6af3c3fd-e1d5-4883-8023-8150d34eb150,506,,1509.0,Payout,103056.96,2026-09-28 09:53:47.881650,Completed
572,01aa59e8-421d-4276-8ddf-7b901e0f498a,75,,1511.0,Payout,23210.51,2026-09-28 09:53:47.881650,Completed
573,d94366e5-1204-4b56-a7c6-284c00bb168d,813,,1516.0,Payout,985.5,2026-09-28 09:53:47.881650,Completed
574,968e8d22-b50d-44c1-9d92-2a320ae73f2e,650,,1521.0,Payout,2032.93,2026-09-28 09:53:47.881650,Completed
575,be5deb64-f562-47a8-b35a-805e607f54cc,345,,1523.0,Payout,1019.45,2026-09-28 09:53:47.881650,Completed
576,77eaabdd-c407-401b-843f-b74354ae076a,550,,1524.0,Payout,1420.06,2026-09-28 09:53:47.881650,Completed
577,f9d0a38f-5b82-406f-964a-9aae52c9350d,273,,1525.0,Payout,9519.58,2026-09-28 09:53:47.881650,Completed
578,8c46b044-1b1d-409b-bc68-7270af1921b7,941,,1527.0,Payout,3005.34,2026-09-28 09:53:47.881650,Completed
579,edc9ebd8-5c5b-4c3c-9a05-2ca397ff581d,886,,1529.0,Payout,1819.05,2026-09-28 09:53:47.881650,Completed
580,99234c68-bdfd-464d-9cda-408a699f7d18,811,,1533.0,Payout,262.47,2026-09-28 09:53:47.881650,Completed
581,e6f7b928-848c-4f97-826a-b632fb4c3e7c,483,,1536.0,Payout,393.0,2026-09-28 09:53:47.881650,Completed
582,e41c4bbd-6354-47b1-9a39-fb074fefe515,684,,1537.0,Payout,5935.02,2026-09-28 09:53:47.881650,Completed
583,8a81c1df-5b1c-4c67-accf-c71c6e8a85bb,737,,1539.0,Payout,1820.24,2026-09-28 09:53:47.881650,Completed
584,e9908300-bbf9-4347-a93e-24ea0f86de00,972,,1542.0,Payout,524.78,2026-09-28 09:53:47.881650,Completed
585,870c07c8-c684-4130-81b3-dacee3145973,721,,1543.0,Payout,3966.03,2026-09-28 09:53:47.881650,Completed
586,d83818cb-8b3e-4ca6-aaaa-6f1dfca3a585,692,,1545.0,Payout,2639.22,2026-09-28 09:53:47.881650,Completed
587,fb2c2b9c-1856-40f1-930e-0001f7c43002,969,,1550.0,Payout,704.65,2026-09-28 09:53:47.881650,Completed
588,1ca44ee0-ea64-41d5-90b7-e84751e33ed0,322,,1552.0,Payout,3974.91,2026-09-28 09:53:47.881650,Completed
589,f28c1766-51e7-4364-81dc-0fce487b73bb,93,,1553.0,Payout,346.39,2026-09-28 09:53:47.881650,Completed
590,8fb21102-6c19-430a-b74f-2752edde8d43,95,,1556.0,Payout,5398.87,2026-09-28 09:53:47.881650,Completed
591,382933ea-0acf-4543-a778-59fa95188474,271,,1559.0,Payout,96.81,2026-09-28 09:53:47.881650,Completed
592,57ed9853-edd9-403b-815d-9a2cb37c719e,236,,1560.0,Payout,4912.91,2026-09-28 09:53:47.881650,Completed
593,3029ef4f-f55c-4456-8062-dad615d8a6f4,13,,1563.0,Payout,3255.76,2026-09-28 09:53:47.881650,Completed
594,52b49a52-e722-4f31-a8b3-1bc82d8fd8ae,264,,1564.0,Payout,55786.87,2026-09-28 09:53:47.881650,Completed
595,efbcb5f6-97dd-424a-9929-19c7268dc202,150,,1566.0,Payout,24.29,2026-09-28 09:53:47.881650,Completed
596,ff178cdb-9792-4988-9d27-27d76d1359bf,980,,1567.0,Payout,4215.74,2026-09-28 09:53:47.881650,Completed
597,14872b02-8bc6-411a-8368-052c4b6682fd,404,,1570.0,Payout,1030.95,2026-09-28 09:53:47.881650,Completed
598,01f19ff9-71ee-4809-acfc-9c291b8ccc2e,177,,1572.0,Payout,354.33,2026-09-28 09:53:47.881650,Completed
599,ae2e8400-ceb8-476b-8e94-747d6b0b1a65,720,,1574.0,Payout,836.12,2026-09-28 09:53:47.881650,Completed
600,d7fa9306-4565-42a0-abc2-1219a20f5f7b,492,,1575.0,Payout,6947.4,2026-09-28 09:53:47.881650,Completed
601,b80584cd-6dee-4aaa-8694-64f9181be1fe,781,,1584.0,Payout,135.36,2026-09-28 09:53:47.881650,Completed
602,1ca142fa-833f-4b74-b73b-3fa536a0eaa4,763,,1585.0,Payout,2541.16,2026-09-28 09:53:47.881650,Completed
603,8c5ade1d-d7b2-4905-af35-8bbf8395a2a5,870,,1589.0,Payout,11713.37,2026-09-28 09:53:47.881650,Completed
604,fc90f280-257e-452c-8715-5e804c584a18,639,,1591.0,Payout,7809.63,2026-09-28 09:53:47.881650,Completed
605,2356415d-e6d9-4028-8b85-f4b89bc7e97f,322,,1595.0,Payout,12941.33,2026-09-28 09:53:47.881650,Completed
606,82648e87-a20f-4fd7-97ea-530a2c470c3f,566,,1597.0,Payout,14452.84,2026-09-28 09:53:47.881650,Completed
607,37c2b66d-b25c-4b62-90ca-debf5244719f,687,,1599.0,Payout,12.23,2026-09-28 09:53:47.881650,Completed
608,86ebcc51-d3d2-4369-81a8-f6fa63044674,82,,1601.0,Payout,836.16,2026-09-28 09:53:47.881650,Completed
609,4bb3b617-685e-4951-b599-dd880f7ec07e,890,,1605.0,Payout,504.09,2026-09-28 09:53:47.881650,Completed
610,5599e4a5-94d6-4898-a0cf-eeba135cf8fd,405,,1606.0,Payout,14653.45,2026-09-28 09:53:47.881650,Completed
611,68576733-6461-494f-8360-72ab4878b38c,591,,1609.0,Payout,12022.0,2026-09-28 09:53:47.881650,Completed
612,f8099595-ecb2-4d59-b9ee-6e4c889fff5d,491,,1610.0,Payout,196.74,2026-09-28 09:53:47.881650,Completed
613,508978d6-8181-4192-9e82-c6409f19d07b,698,,1611.0,Payout,2005.64,2026-09-28 09:53:47.881650,Completed
614,4e597e8f-b293-4a48-8cb7-5fa4236e9a37,365,,1616.0,Payout,237.02,2026-09-28 09:53:47.881650,Completed
615,7f69400b-9065-4bba-af9d-563a5f32e013,628,,1617.0,Payout,3070.25,2026-09-28 09:53:47.881650,Completed
616,0e1e4843-c658-42a9-9580-8383118288ca,768,,1619.0,Payout,10368.41,2026-09-28 09:53:47.881650,Completed
617,a1f81e06-50ca-466e-a602-aa348bd0a056,602,,1623.0,Payout,69.67,2026-09-28 09:53:47.881650,Completed
618,109fe6b1-8a5f-4f33-a3e1-d3676a0f5cbd,98,,1624.0,Payout,1993.05,2026-09-28 09:53:47.881650,Completed
619,31ceb41b-b099-4b78-a541-0b22d115bd77,122,,1625.0,Payout,2192.89,2026-09-28 09:53:47.881650,Completed
620,01d0377b-4b8a-4de8-bf5f-c8e9c46d1b56,240,,1629.0,Payout,792.0,2026-09-28 09:53:47.881650,Completed
621,aec88a35-8c74-46bf-bea1-b8a84101d2ca,60,,1631.0,Payout,74.77,2026-09-28 09:53:47.881650,Completed
622,7b635d00-b4f8-41e8-be59-56317cca25d3,773,,1635.0,Payout,554.01,2026-09-28 09:53:47.881650,Completed
623,84ebddee-870e-473f-b801-16bc0045f8d8,575,,1636.0,Payout,1336.76,2026-09-28 09:53:47.881650,Completed
624,d5b701c7-4009-4fd0-a23a-0d8a83049bd5,833,,1637.0,Payout,514.86,2026-09-28 09:53:47.881650,Completed
625,5ac9511b-5ded-4d6d-a9b9-d7caeed9857e,628,,1638.0,Payout,2133.1,2026-09-28 09:53:47.881650,Completed
626,60bb383f-5855-4d04-ae71-e26d483f4b59,761,,1639.0,Payout,1443.49,2026-09-28 09:53:47.881650,Completed
627,f70e4388-6db9-4ac2-a4c3-116eb112e617,348,,1640.0,Payout,5927.7,2026-09-28 09:53:47.881650,Completed
628,dc56be71-fe29-4aa3-970d-6a8764ca2c43,636,,1641.0,Payout,441.15,2026-09-28 09:53:47.881650,Completed
629,cfafb998-15c2-45b6-8003-4071a709b68a,341,,1645.0,Payout,1031.24,2026-09-28 09:53:47.881650,Completed
630,e68d9255-0f96-429c-814a-853605895238,110,,1646.0,Payout,508.84,2026-09-28 09:53:47.881650,Completed
631,40afb861-c5d7-4da8-958e-e548768a3253,928,,1648.0,Payout,7912.28,2026-09-28 09:53:47.881650,Completed
632,e0a50d40-c646-4cfa-86f5-7049fe2fe8b6,681,,1650.0,Payout,544.37,2026-09-28 09:53:47.881650,Completed
633,eb7edc7b-5c9a-44d8-abd0-a690f1859b31,981,,1652.0,Payout,3378.0,2026-09-28 09:53:47.881650,Completed
634,3c09e420-bf6b-4ae4-b344-c42917f1b2f0,925,,1655.0,Payout,8166.63,2026-09-28 09:53:47.881650,Completed
635,14410793-89fe-4844-bf98-29912eb28e4b,428,,1656.0,Payout,376.4,2026-09-28 09:53:47.881650,Completed
636,0d782817-83f6-46be-9be2-573ade86f3fa,938,,1659.0,Payout,103.46,2026-09-28 09:53:47.881650,Completed
637,a81a3b5b-b8c5-4d7e-8388-3fd51009ee44,493,,1662.0,Payout,1573.08,2026-09-28 09:53:47.881650,Completed
638,1dfdedc0-21a5-45ba-83e9-296a2ccc8b6e,660,,1669.0,Payout,19.45,2026-09-28 09:53:47.881650,Completed
639,f4a6fdab-97f3-480b-a7b9-155f6af3473a,918,,1675.0,Payout,33199.9,2026-09-28 09:53:47.881650,Completed
640,7b6ff824-5f9e-4374-ab8a-edc43be0d41b,91,,1681.0,Payout,747.93,2026-09-28 09:53:47.881650,Completed
641,f47d0772-06a3-43c6-aa19-40a5fd7a15a0,714,,1682.0,Payout,320.06,2026-09-28 09:53:47.881650,Completed
642,a50d8b3e-9cb6-4d05-b1f0-4d6316da5c4c,613,,1686.0,Payout,3955.14,2026-09-28 09:53:47.881650,Completed
643,51f62acb-8cd8-4d54-96e8-d563383d1577,800,,1687.0,Payout,419.35,2026-09-28 09:53:47.881650,Completed
644,33d811b0-c0fb-4b30-b58e-9aa1bf3d9d8a,487,,1688.0,Payout,45121.81,2026-09-28 09:53:47.881650,Completed
645,4a928a40-b915-4a3b-b29d-86e1b6afe6c7,481,,1690.0,Payout,21966.92,2026-09-28 09:53:47.881650,Completed
646,7f05b6e9-85b8-435f-b7cc-59830e94895e,65,,1693.0,Payout,3881.38,2026-09-28 09:53:47.881650,Completed
647,90526ba3-0852-48ad-8e53-fbe8d51d491d,148,,1696.0,Payout,234.93,2026-09-28 09:53:47.881650,Completed
648,f6a3e84d-d5c3-4cb3-9dc5-71ff818b4369,318,,1697.0,Payout,17249.96,2026-09-28 09:53:47.881650,Completed
649,e12dd47d-3b77-447a-b75e-2ae53fac76c9,307,,1698.0,Payout,555.42,2026-09-28 09:53:47.881650,Completed
650,6eecc090-5d89-440a-b416-647d02885157,451,,1700.0,Payout,1631.52,2026-09-28 09:53:47.881650,Completed
651,394b8842-57c8-42bb-8dba-7f6e2b5e0437,318,,1704.0,Payout,829.02,2026-09-28 09:53:47.881650,Completed
652,e4e2e4f2-c000-46e2-8488-eabc9ab6849c,826,,1705.0,Payout,2280.42,2026-09-28 09:53:47.881650,Completed
653,3fd06d77-0b51-4dc6-b92b-026b12878978,359,,1707.0,Payout,81.63,2026-09-28 09:53:47.881650,Completed
654,d0462df9-2127-4a2d-9d6c-84575a862ac4,464,,1712.0,Payout,11165.53,2026-09-28 09:53:47.881650,Completed
655,86d3acfa-2317-4735-bb68-0ae2d25c751f,936,,1713.0,Payout,2271.34,2026-09-28 09:53:47.881650,Completed
656,e7bf0ef1-8c96-4752-8c28-e19d14c39dc8,802,,1716.0,Payout,25669.23,2026-09-28 09:53:47.881650,Completed
657,08a2bb9c-65cc-45b1-aee7-a8bf706a683c,388,,1717.0,Payout,95.09,2026-09-28 09:53:47.881650,Completed
658,35f66264-da79-4c63-9e5f-e328c62f5e9a,205,,1719.0,Payout,15340.71,2026-09-28 09:53:47.881650,Completed
659,53b991c2-2803-4fe5-a1a5-182910111563,255,,1720.0,Payout,5210.18,2026-09-28 09:53:47.881650,Completed
660,e078dcc6-aea1-4651-8ada-6992aefe9ef7,988,,1721.0,Payout,18854.17,2026-09-28 09:53:47.881650,Completed
661,48b25bbf-b65f-4347-b53e-a3e3d562425f,831,,1726.0,Payout,22233.8,2026-09-28 09:53:47.881650,Completed
662,079dcd44-80de-400a-a7ed-a026f883796b,849,,1729.0,Payout,144.12,2026-09-28 09:53:47.881650,Completed
663,0e2d57b6-60be-4fb5-8fbc-4683a4a3a5f6,212,,1730.0,Payout,213.52,2026-09-28 09:53:47.881650,Completed
664,731f4efd-2cff-4f0c-82c4-7d797b061725,426,,1731.0,Payout,23486.6,2026-09-28 09:53:47.881650,Completed
665,b9527f84-6b93-465c-b0e5-186965ac757f,438,,1732.0,Payout,5820.52,2026-09-28 09:53:47.881650,Completed
666,cfc92ec4-e497-40b1-a483-95fd0ce0610f,835,,1735.0,Payout,8494.95,2026-09-28 09:53:47.881650,Completed
667,3c666bad-0ef6-4eb0-8252-3557491708f4,26,,1736.0,Payout,570.73,2026-09-28 09:53:47.881650,Completed
668,440a887c-12a0-4c28-bd00-e57df2fa72ed,804,,1738.0,Payout,178.51,2026-09-28 09:53:47.881650,Completed
669,c664843a-aacd-4a83-a9da-3152731078bb,646,,1739.0,Payout,6947.92,2026-09-28 09:53:47.881650,Completed
670,5103468f-9bce-4f13-9609-049699fb2659,232,,1740.0,Payout,479.45,2026-09-28 09:53:47.881650,Completed
671,e2cec06c-4ce7-4684-8127-0aac9e775f34,689,,1741.0,Payout,9767.23,2026-09-28 09:53:47.881650,Completed
672,605f901e-3636-4773-9cd2-a6dddbb013b5,945,,1745.0,Payout,11469.99,2026-09-28 09:53:47.881650,Completed
673,800adc0d-7178-45b2-aa1c-97ea6bda6a67,152,,1751.0,Payout,2640.05,2026-09-28 09:53:47.881650,Completed
674,45cbdec0-9ace-406b-b39a-3cbb187e9de6,679,,1753.0,Payout,199.5,2026-09-28 09:53:47.881650,Completed
675,f383e31b-3e29-462f-a2db-88bc8c3d8528,288,,1755.0,Payout,51.7,2026-09-28 09:53:47.881650,Completed
676,f83536a2-2ffc-42da-93df-b2a55c2c4132,404,,1756.0,Payout,294.58,2026-09-28 09:53:47.881650,Completed
677,c94296d6-a30d-4ead-91f8-269ef183f6fb,836,,1758.0,Payout,4485.44,2026-09-28 09:53:47.881650,Completed
678,7857d08f-b8fc-4780-ba37-bb140dde8d7c,921,,1759.0,Payout,54.37,2026-09-28 09:53:47.881650,Completed
679,b9c75c0f-f38e-4872-bce4-ed3b91bed871,869,,1760.0,Payout,481.48,2026-09-28 09:53:47.881650,Completed
680,ce17badc-407a-4940-9beb-5b0f52ce0d24,984,,1763.0,Payout,385.82,2026-09-28 09:53:47.881650,Completed
681,e64306a0-af3b-4907-aa7d-2796280c4e9e,621,,1764.0,Payout,1489.47,2026-09-28 09:53:47.881650,Completed
682,b4d17aac-aa95-47d1-be22-390c2393bb6b,101,,1765.0,Payout,90122.78,2026-09-28 09:53:47.881650,Completed
683,5b32780f-1b63-487c-b07a-8ffb4191fdaf,755,,1770.0,Payout,484.4,2026-09-28 09:53:47.881650,Completed
684,d019438a-cda6-4a84-9ca6-d2063ab3bbe1,695,,1771.0,Payout,1134.18,2026-09-28 09:53:47.881650,Completed
685,eb7e9d92-0610-4654-98fb-e0f9a89066b4,680,,1773.0,Payout,2196.19,2026-09-28 09:53:47.881650,Completed
686,d4b2d4bb-19c6-4d60-8b8d-86a12654dff9,74,,1774.0,Payout,992.92,2026-09-28 09:53:47.881650,Completed
687,f1884dde-93ad-49da-a85b-16cb31ef939c,701,,1775.0,Payout,18537.82,2026-09-28 09:53:47.881650,Completed
688,217248ac-138e-432e-920a-e1d76ee8510c,220,,1776.0,Payout,65.33,2026-09-28 09:53:47.881650,Completed
689,492bed34-75df-478a-b961-7db6162bdec3,167,,1777.0,Payout,46661.69,2026-09-28 09:53:47.881650,Completed
690,7a2b55f2-79a0-42d2-864d-c7b244799e8c,606,,1779.0,Payout,1512.3,2026-09-28 09:53:47.881650,Completed
691,3a4a7eb1-3f25-4e2f-b64e-dcb95d0b6635,707,,1784.0,Payout,1482.89,2026-09-28 09:53:47.881650,Completed
692,bf87782b-0c8a-4ddb-bbef-5144bec2747b,311,,1785.0,Payout,1092.81,2026-09-28 09:53:47.881650,Completed
693,cdbbc516-c8a1-433d-a41a-30f6fba5cd19,333,,1787.0,Payout,1350.89,2026-09-28 09:53:47.881650,Completed
694,4c73c9dc-3522-41d5-ba3f-d592ff9a7057,830,,1789.0,Payout,341.12,2026-09-28 09:53:47.881650,Completed
695,4e32e772-8e57-44c2-a9bb-fbd074e50ca6,244,,1790.0,Payout,5910.18,2026-09-28 09:53:47.881650,Completed
696,6458eeba-a3bc-4e11-8214-86e511cb5c58,955,,1794.0,Payout,1594.77,2026-09-28 09:53:47.881650,Completed
697,3e525ff2-14b9-4e1c-98e5-8897389cdec7,514,,1796.0,Payout,331.12,2026-09-28 09:53:47.881650,Completed
698,e876a836-eab9-46ef-8112-40283e3af720,949,,1797.0,Payout,118.64,2026-09-28 09:53:47.881650,Completed
699,04810455-968b-45d0-b476-663a1ada0763,884,,1801.0,Payout,2244.77,2026-09-28 09:53:47.881650,Completed
700,5af16650-12b5-41db-9b45-ecd2288422ea,689,,1804.0,Payout,4306.12,2026-09-28 09:53:47.881650,Completed
701,b732269a-02e2-49fc-8bd3-67bf7fba1067,305,,1809.0,Payout,77.52,2026-09-28 09:53:47.881650,Completed
702,f66093db-3455-4369-b3cb-64a890025d38,228,,1810.0,Payout,715.18,2026-09-28 09:53:47.881650,Completed
703,8a126e24-53b8-4968-aac3-269ae41cd661,147,,1811.0,Payout,229.97,2026-09-28 09:53:47.881650,Completed
704,6e5d68e6-fd1b-4c0e-adbf-e9eea2be8363,620,,1813.0,Payout,349.34,2026-09-28 09:53:47.881650,Completed
705,3396bcd9-d654-4b02-8d4f-0e78b035eb09,803,,1814.0,Payout,400.86,2026-09-28 09:53:47.881650,Completed
706,3659f439-2b32-426e-8ad1-8f8be2a75db1,928,,1815.0,Payout,2235.89,2026-09-28 09:53:47.881650,Completed
707,482f2102-c267-41a6-8350-6b583486d9bb,787,,1817.0,Payout,6067.13,2026-09-28 09:53:47.881650,Completed
708,5d65bc0f-ee82-4005-baf2-da41f79691f0,827,,1818.0,Payout,716.03,2026-09-28 09:53:47.881650,Completed
709,e89aa562-e5ec-4b01-a223-16202d379614,955,,1821.0,Payout,70.99,2026-09-28 09:53:47.881650,Completed
710,377529c5-7694-42f2-b5cc-7de85f8ae3ab,482,,1824.0,Payout,48.6,2026-09-28 09:53:47.881650,Completed
711,0681e429-6b5f-4c55-b2d4-2e3c30893d97,406,,1826.0,Payout,3290.95,2026-09-28 09:53:47.881650,Completed
712,df7897a2-3c06-4488-a735-4c17e0435ca7,810,,1827.0,Payout,22.65,2026-09-28 09:53:47.881650,Completed
713,185f58c6-ee92-4662-a6d2-041b29099e7f,440,,1830.0,Payout,124.96,2026-09-28 09:53:47.881650,Completed
714,21f35fa0-a655-4b44-8715-50d90b9c839d,366,,1832.0,Payout,34144.14,2026-09-28 09:53:47.881650,Completed
715,e3e4026e-fa64-4244-a0bd-9988cf77f228,60,,1833.0,Payout,457.71,2026-09-28 09:53:47.881650,Completed
716,214ec8f3-064a-44de-8894-c0c2d4518690,148,,1836.0,Payout,1979.71,2026-09-28 09:53:47.881650,Completed
717,37d32409-fbaf-4781-bf7d-0654859dbf8b,662,,1840.0,Payout,4717.59,2026-09-28 09:53:47.881650,Completed
718,e121b68b-2ab7-440d-8bb1-8d79cd32efc5,2,,1847.0,Payout,16365.59,2026-09-28 09:53:47.881650,Completed
719,f083de6c-42a3-4840-9e5d-41a6337c13d6,41,,1849.0,Payout,2151.94,2026-09-28 09:53:47.881650,Completed
720,038117ca-9d4b-4309-b40f-dd96689e34b9,18,,1850.0,Payout,1872.14,2026-09-28 09:53:47.881650,Completed
721,0684ba19-53a2-447c-8ef6-e8fe52f93286,50,,1852.0,Payout,265.77,2026-09-28 09:53:47.881650,Completed
722,02c25491-2c41-4dd8-9590-e898895f388c,41,,1853.0,Payout,102.44,2026-09-28 09:53:47.881650,Completed
723,b19df4dd-78bf-42af-8d74-0403d7498a04,624,,1858.0,Payout,722.49,2026-09-28 09:53:47.881650,Completed
724,5397d6dc-fa05-4b7e-96ce-2dca34c4b114,75,,1860.0,Payout,11589.77,2026-09-28 09:53:47.881650,Completed
725,911ea7d2-fadd-4e7c-b5dc-3db6e4348c80,78,,1861.0,Payout,2342.98,2026-09-28 09:53:47.881650,Completed
726,6721d397-9fa8-4568-89e4-d4c99b9e0195,26,,1862.0,Payout,2998.1,2026-09-28 09:53:47.881650,Completed
727,9c7b9a96-3dff-4143-b557-bbab0e760f4c,283,,1863.0,Payout,665.79,2026-09-28 09:53:47.881650,Completed
728,95e54304-a7f6-4a7c-9e25-d7a7957fd271,992,,1864.0,Payout,19182.8,2026-09-28 09:53:47.881650,Completed
729,55d7ce6f-4548-4958-a2f5-9dfe5011186a,593,,1871.0,Payout,25718.41,2026-09-28 09:53:47.881650,Completed
730,4964cd9e-3780-4a63-9014-82173e5be2f3,93,,1872.0,Payout,266.28,2026-09-28 09:53:47.881650,Completed
731,4baf1826-e3a1-4495-b4a1-61f3ac247ff4,447,,1874.0,Payout,3040.73,2026-09-28 09:53:47.881650,Completed
732,b7dedfd4-50c3-48d2-a721-88be7901535b,730,,1880.0,Payout,139.35,2026-09-28 09:53:47.881650,Completed
733,1a1433f9-b414-43ee-80b0-030d0ae60a4d,311,,1881.0,Payout,48.24,2026-09-28 09:53:47.881650,Completed
734,6c31d23b-b48d-4fe8-832e-16019cf654ca,412,,1882.0,Payout,216.7,2026-09-28 09:53:47.881650,Completed
735,06c0d5cd-fee1-4a1e-8345-a4eb97e3caf5,805,,1884.0,Payout,324.74,2026-09-28 09:53:47.881650,Completed
736,bf510ced-badd-4939-83fa-62819e7019c7,430,,1886.0,Payout,6138.31,2026-09-28 09:53:47.881650,Completed
737,278baf36-0dc0-4f67-872a-7fca52105cd4,666,,1890.0,Payout,4680.9,2026-09-28 09:53:47.881650,Completed
738,696e3d16-0218-42d2-b1c1-b94b3fd6cca0,340,,1899.0,Payout,51485.76,2026-09-28 09:53:47.881650,Completed
739,c256d3bc-6e02-4762-8f69-2bd03d0a8032,702,,1906.0,Payout,3331.39,2026-09-28 09:53:47.881650,Completed
740,a41d2b56-b600-45f7-8c3e-f3a4d30127a1,57,,1908.0,Payout,538.31,2026-09-28 09:53:47.881650,Completed
741,28e34c86-ed3c-4e9b-a430-e37c9e7b2ddd,799,,1913.0,Payout,24680.18,2026-09-28 09:53:47.881650,Completed
742,4c355171-f795-4a32-9de5-a8db3f88910f,509,,1920.0,Payout,25366.58,2026-09-28 09:53:47.881650,Completed
743,1ae6b421-793c-4a85-af09-f070496e514b,540,,1926.0,Payout,2437.9,2026-09-28 09:53:47.881650,Completed
744,afacc440-ddc5-4dad-a2bf-8b4e65cbc54d,680,,1929.0,Payout,2084.27,2026-09-28 09:53:47.881650,Completed
745,da0ebafe-1d14-437f-9f45-0c28cc1d5752,714,,1931.0,Payout,7736.44,2026-09-28 09:53:47.881650,Completed
746,a342ca0a-13d8-4a86-8900-6d27609cd5ce,507,,1934.0,Payout,712.36,2026-09-28 09:53:47.881650,Completed
747,3235bbd2-a158-4998-88fe-bca62dacb9af,65,,1937.0,Payout,32.47,2026-09-28 09:53:47.881650,Completed
748,1e9a735f-5a01-44de-88fe-a4f500d4f683,196,,1941.0,Payout,80.2,2026-09-28 09:53:47.881650,Completed
749,e8e67a06-4a37-4be1-81db-037aa2ffd2ae,91,,1943.0,Payout,1129.85,2026-09-28 09:53:47.881650,Completed
750,9b1d02ef-3721-4b41-81c4-59bd747e284d,29,,1944.0,Payout,346.92,2026-09-28 09:53:47.881650,Completed
751,f4633391-34d5-454a-b09e-83b629296612,465,,1950.0,Payout,70566.64,2026-09-28 09:53:47.881650,Completed
752,9db52f6e-98b7-4ccd-9b4a-7260f283f909,595,,1951.0,Payout,5576.4,2026-09-28 09:53:47.881650,Completed
753,93d11f6c-7fc5-4dd1-9d04-a19c1dcfee5f,929,,1952.0,Payout,540.87,2026-09-28 09:53:47.881650,Completed
754,fca6453f-9920-447f-8ceb-3f69844480b1,595,,1953.0,Payout,28.03,2026-09-28 09:53:47.881650,Completed
755,339c2729-eee5-41c9-b6ca-0439ee923a9f,123,,1956.0,Payout,1091.85,2026-09-28 09:53:47.881650,Completed
756,a1bf50ee-75d4-4354-9cf8-87d4ea6ccb93,161,,1957.0,Payout,298.59,2026-09-28 09:53:47.881650,Completed
757,6e13e88e-82b7-4ad2-b498-3bdb45ff0dd9,791,,1958.0,Payout,1851.49,2026-09-28 09:53:47.881650,Completed
758,35b2ee25-aaf4-42b0-8a15-34aa953c6e76,410,,1961.0,Payout,2927.7,2026-09-28 09:53:47.881650,Completed
759,c58972b8-6885-44c1-af45-68905e2f971e,646,,1962.0,Payout,443.49,2026-09-28 09:53:47.881650,Completed
760,6f855261-1c5a-45bf-8a81-14eb3ce75bbe,926,,1966.0,Payout,568.22,2026-09-28 09:53:47.881650,Completed
761,306b3f89-0254-453d-8ac1-09ddd183c5a3,469,,1967.0,Payout,148.88,2026-09-28 09:53:47.881650,Completed
762,bb68288d-c57f-4ad0-b24e-12b86b47ec83,62,,1974.0,Payout,2827.82,2026-09-28 09:53:47.881650,Completed
763,cca8e70e-b6c2-4d42-9b45-65ac6dd018fb,737,,1977.0,Payout,3768.9,2026-09-28 09:53:47.881650,Completed
764,157e3b6f-41a3-40c1-bcce-d45d75db63af,198,,1978.0,Payout,719.89,2026-09-28 09:53:47.881650,Completed
765,a4e22b23-e9f3-4e96-9aef-aabfcdf620ac,582,,1979.0,Payout,76.03,2026-09-28 09:53:47.881650,Completed
766,e0b6d68b-48cf-42c5-bd86-77f5aca62fb6,532,,1981.0,Payout,3495.19,2026-09-28 09:53:47.881650,Completed
767,f04ab8b7-2c5c-4420-97ad-08713beaf22e,167,,1983.0,Payout,92309.11,2026-09-28 09:53:47.881650,Completed
768,0aeeaa70-9f71-4429-b247-7338f8367fc5,480,,1984.0,Payout,4686.52,2026-09-28 09:53:47.881650,Completed
769,01022ee8-f9c0-4fa4-97e1-e7de024a36a9,798,,1985.0,Payout,660.97,2026-09-28 09:53:47.881650,Completed
770,7c1e86d9-52a7-46a9-93e8-72df976be7f2,819,,1986.0,Payout,86.77,2026-09-28 09:53:47.881650,Completed
771,f7c1e7df-9e19-4d34-a9da-bdd8f66f51f9,400,,1988.0,Payout,10954.14,2026-09-28 09:53:47.881650,Completed
772,fd0d1988-1a65-4014-a0b8-57705dae8324,904,,1989.0,Payout,11193.16,2026-09-28 09:53:47.881650,Completed
773,6b5b2234-ace3-433c-88d7-2b43ebcd2540,26,,1990.0,Payout,303.13,2026-09-28 09:53:47.881650,Completed
774,9a5a34d9-bc0e-4f95-bbca-82a24d8b86a8,917,,1992.0,Payout,5518.48,2026-09-28 09:53:47.881650,Completed
775,6b9b4728-e594-44c9-99ec-0497eb059af9,830,,1997.0,Payout,8617.38,2026-09-28 09:53:47.881650,Completed
776,bdee039e-6a80-4acd-b57b-0fe1b30f76d9,503,,1999.0,Payout,393.88,2026-09-28 09:53:47.881650,Completed
777,f9b602bc-038a-4445-9ef8-89d620f8cfab,666,,2002.0,Payout,45901.99,2026-09-28 09:53:47.881650,Completed
778,eeb07848-afde-4f37-8fac-16b97759df55,269,,2003.0,Payout,200.36,2026-09-28 09:53:47.881650,Completed
779,ea9e50b9-6040-4953-9a76-801d33977ad4,955,,2006.0,Payout,591.54,2026-09-28 09:53:47.881650,Completed
780,8a16e944-89f2-443e-8398-9537c9950671,372,,2007.0,Payout,2542.1,2026-09-28 09:53:47.881650,Completed
781,a796bc26-8bee-40f1-ac0f-4f35bd9171a2,710,,2012.0,Payout,1223.85,2026-09-28 09:53:47.881650,Completed
782,aa23ea49-f641-408e-845d-84e440fc4029,169,,2013.0,Payout,1068.8,2026-09-28 09:53:47.881650,Completed
783,48d6d7b6-755b-4743-b583-2c17eed0403f,814,,2016.0,Payout,4931.27,2026-09-28 09:53:47.881650,Completed
784,3525fc98-c6f9-48ca-b422-54c148fc7c2b,848,,2018.0,Payout,6777.01,2026-09-28 09:53:47.881650,Completed
785,21b50b3a-8a57-4e1c-83e4-31251c1ceb3e,207,,2021.0,Payout,810.21,2026-09-28 09:53:47.881650,Completed
786,95040024-ab97-479f-8669-5f4cadb4f420,989,,2022.0,Payout,2394.15,2026-09-28 09:53:47.881650,Completed
787,57ad3d94-ea8a-4f8f-8a6d-0129ef071125,701,,2023.0,Payout,8773.06,2026-09-28 09:53:47.881650,Completed
788,caaed28a-b186-4f07-94bd-291d1b1e9d44,437,,2029.0,Payout,1410.96,2026-09-28 09:53:47.881650,Completed
789,e5324ca3-8a2d-42e3-a1dd-c5ff86db4d17,122,,2034.0,Payout,604.33,2026-09-28 09:53:47.881650,Completed
790,d89ac493-a05a-45fd-a554-97ba5eb8030e,594,,2035.0,Payout,269.41,2026-09-28 09:53:47.881650,Completed
791,075ae975-0dbf-485f-8442-fbc1d851c1c2,84,,2037.0,Payout,19808.49,2026-09-28 09:53:47.881650,Completed
792,93a4eb5c-87b1-4bad-9cd9-837bb2b67dfb,102,,2039.0,Payout,108.63,2026-09-28 09:53:47.881650,Completed
793,9aa6ecec-f469-438d-ba41-3e7f9469630e,181,,2041.0,Payout,8116.73,2026-09-28 09:53:47.881650,Completed
794,1d5f7190-ca6d-4580-9730-7ddb3dee5d13,652,,2045.0,Payout,152.52,2026-09-28 09:53:47.881650,Completed
795,d303af1e-544a-48e2-9cc6-1da19290a9fa,119,,2048.0,Payout,23405.54,2026-09-28 09:53:47.881650,Completed
796,4dfac30e-ee4f-45fe-b3cc-8b02fd394bd1,429,,2049.0,Payout,1389.67,2026-09-28 09:53:47.881650,Completed
797,1f73a636-b044-4366-888a-0b1432dcfbe0,80,,2050.0,Payout,1174.46,2026-09-28 09:53:47.881650,Completed
798,f7ad9e89-f709-4830-9395-4943e7288fe5,238,,2052.0,Payout,2752.34,2026-09-28 09:53:47.881650,Completed
799,c3b7cbb0-98c9-4e09-acfe-cac40d2e95b7,968,,2053.0,Payout,3467.83,2026-09-28 09:53:47.881650,Completed
800,4020d09b-fc9d-4a79-af84-265fd2839028,606,,2054.0,Payout,1559.11,2026-09-28 09:53:47.881650,Completed
801,a96746f2-24e8-41c3-83a2-dfc254fbc81d,123,,2057.0,Payout,20.95,2026-09-28 09:53:47.881650,Completed
802,6a46d971-609c-44a4-8d8f-b655625f1d16,261,,2058.0,Payout,308.48,2026-09-28 09:53:47.881650,Completed
803,691b84ba-8f22-4fa1-94be-c44a770647e1,914,,2060.0,Payout,55.26,2026-09-28 09:53:47.881650,Completed
804,cece939e-04b3-4ccd-8ccf-030f588a7bca,814,,2061.0,Payout,13476.47,2026-09-28 09:53:47.881650,Completed
805,3b55b747-4464-4159-bd57-8b066946e011,626,,2064.0,Payout,13517.04,2026-09-28 09:53:47.881650,Completed
806,af9a4686-ad9f-4763-b70d-335eabe104c2,273,,2065.0,Payout,2785.22,2026-09-28 09:53:47.881650,Completed
807,317f2951-61d5-4992-9d76-4fba950fb7da,397,,2067.0,Payout,294.42,2026-09-28 09:53:47.881650,Completed
808,1a8d4149-6b1e-45d8-bdb3-6c883189edad,428,,2068.0,Payout,11089.34,2026-09-28 09:53:47.881650,Completed
809,1be08138-5e25-4463-9aea-cdc6efdf9237,306,,2070.0,Payout,17667.49,2026-09-28 09:53:47.881650,Completed
810,6c520400-ccb4-4b7f-a9d8-9dc91e13892e,552,,2075.0,Payout,1183.32,2026-09-28 09:53:47.881650,Completed
811,1992caf0-73d4-4c2d-9919-275bb1307b3d,944,,2079.0,Payout,504.38,2026-09-28 09:53:47.881650,Completed
812,3a7cc050-6726-429a-a843-0c9b50f8d70b,743,,2080.0,Payout,122.02,2026-09-28 09:53:47.881650,Completed
813,90df8d8a-2b0a-4172-a0bc-abc5eea0c7fd,885,,2081.0,Payout,181.35,2026-09-28 09:53:47.881650,Completed
814,4cf855e0-86d8-421b-bca5-9304287874d7,89,,2082.0,Payout,73.59,2026-09-28 09:53:47.881650,Completed
815,0f46d62a-484d-4142-87f0-471eeaca3fd1,968,,2085.0,Payout,115.78,2026-09-28 09:53:47.881650,Completed
816,93b22d01-67b9-4ae8-ab34-7a61b878fe62,578,,2086.0,Payout,4371.91,2026-09-28 09:53:47.881650,Completed
817,5f38027f-db47-41a0-9eec-c9836102cfef,925,,2087.0,Payout,226.48,2026-09-28 09:53:47.881650,Completed
818,ee8922f0-b68a-417e-84b4-a3e576a0e849,947,,2089.0,Payout,659.13,2026-09-28 09:53:47.881650,Completed
819,4fdd5115-51f2-452c-86f9-81d2f33c83d9,364,,2091.0,Payout,397.74,2026-09-28 09:53:47.881650,Completed
820,0fa095a6-eddd-4de9-88f9-b21f47ae3bfa,234,,2093.0,Payout,1963.48,2026-09-28 09:53:47.881650,Completed
821,32fdf9ed-a8ce-4a39-9ef8-b6dc87937696,905,,2094.0,Payout,1475.58,2026-09-28 09:53:47.881650,Completed
822,06fe4353-1071-4d76-9a1b-a03764a7c9b2,419,,2095.0,Payout,2595.32,2026-09-28 09:53:47.881650,Completed
823,1c0be9e3-45aa-43da-9b00-a0150d6420d0,241,,2096.0,Payout,2965.69,2026-09-28 09:53:47.881650,Completed
824,07873afe-46bf-4cd2-a306-71614b9abcd0,502,,2097.0,Payout,18219.15,2026-09-28 09:53:47.881650,Completed
825,af46692b-9cea-448d-baaa-ce85ff19028d,471,,2100.0,Payout,24.64,2026-09-28 09:53:47.881650,Completed
826,b0dd9405-90c4-4fb9-8991-ffc6125a60d1,399,,2102.0,Payout,10020.97,2026-09-28 09:53:47.881650,Completed
827,45394558-ee14-49ee-915f-c4f49d2cb751,134,,2107.0,Payout,161.68,2026-09-28 09:53:47.881650,Completed
828,30e090c5-b8f6-42a8-9691-66ea0a40d3f7,211,,2108.0,Payout,39444.11,2026-09-28 09:53:47.881650,Completed
829,8bcd5cad-047c-49d0-a210-923ca4e3037e,416,,2119.0,Payout,510.39,2026-09-28 09:53:47.881650,Completed
830,a9e651b5-e506-4e89-b533-f8520d51d676,761,,2121.0,Payout,1565.7,2026-09-28 09:53:47.881650,Completed
831,7b30bce4-1232-439a-87eb-5d3b8c3a4495,879,,2125.0,Payout,2746.48,2026-09-28 09:53:47.881650,Completed
832,e0ae0541-65ea-41e7-aefa-58d562a1aa07,893,,2128.0,Payout,36.15,2026-09-28 09:53:47.881650,Completed
833,d73c3f8a-83ba-4c62-ae24-ba745e36f2e7,733,,2129.0,Payout,148.75,2026-09-28 09:53:47.881650,Completed
834,42ae9714-443f-474a-aa1d-f37a7a1ecf95,381,,2131.0,Payout,1562.85,2026-09-28 09:53:47.881650,Completed
835,09b36c34-50c4-432e-a66d-b2d17e6d8c49,553,,2132.0,Payout,1720.58,2026-09-28 09:53:47.881650,Completed
836,353cd279-7edb-48b7-bf5e-d64ae859c158,680,,2133.0,Payout,2622.69,2026-09-28 09:53:47.881650,Completed
837,4e3161f4-a9c1-4b63-989e-e05681291ab6,820,,2138.0,Payout,1278.6,2026-09-28 09:53:47.881650,Completed
838,3aabb244-e2b7-40e5-9d09-05c6814f060a,715,,2143.0,Payout,100.9,2026-09-28 09:53:47.881650,Completed
839,2d7592cf-ab68-4a0c-8df4-abbaa858de84,970,,2147.0,Payout,22041.25,2026-09-28 09:53:47.881650,Completed
840,c01d5080-2989-4c12-af4e-4c9afbb791d5,585,,2150.0,Payout,3537.38,2026-09-28 09:53:47.881650,Completed
841,6123a81d-e490-4001-bb99-f48e59966e67,804,,2152.0,Payout,2449.31,2026-09-28 09:53:47.881650,Completed
842,d04aa635-e3fd-4cc7-936f-da7048261960,267,,2156.0,Payout,959.67,2026-09-28 09:53:47.881650,Completed
843,54a52e78-225e-439b-9ca7-f12fc52ffa08,254,,2157.0,Payout,12360.72,2026-09-28 09:53:47.881650,Completed
844,6ce2be86-e921-40a8-a03f-a559e1779f63,263,,2159.0,Payout,6697.3,2026-09-28 09:53:47.881650,Completed
845,a69701af-a92f-452e-8327-f02c4c58cd21,863,,2162.0,Payout,197.46,2026-09-28 09:53:47.881650,Completed
846,f933975f-54fb-440d-8e5a-154aa586a115,180,,2167.0,Payout,448.53,2026-09-28 09:53:47.881650,Completed
847,3e26f407-22f5-4cdd-9f29-5e2c4df6b499,315,,2174.0,Payout,4946.84,2026-09-28 09:53:47.881650,Completed
848,848ef184-8623-411f-96fe-bd2b286a79a9,763,,2181.0,Payout,1660.38,2026-09-28 09:53:47.881650,Completed
849,f4526136-15a1-4904-8f10-49f93c31bb58,746,,2183.0,Payout,686.97,2026-09-28 09:53:47.881650,Completed
850,92c15b67-a31e-41b5-9d9a-47c2e138c1e3,68,,2184.0,Payout,57234.45,2026-09-28 09:53:47.881650,Completed
851,21b60345-ec99-4a34-b04d-064055e31abc,204,,2186.0,Payout,1234.74,2026-09-28 09:53:47.881650,Completed
852,2e635de8-060e-4c49-84d9-b0e82ae9bfd6,676,,2188.0,Payout,2536.77,2026-09-28 09:53:47.881650,Completed
853,a2f06a7d-af7e-4ce9-b205-29335dc0c4da,165,,2192.0,Payout,13.74,2026-09-28 09:53:47.881650,Completed
854,119ce674-8336-4abc-8e0d-3d4fea83afc6,839,,2194.0,Payout,78.3,2026-09-28 09:53:47.881650,Completed
855,aa3a9659-958e-4c04-a159-12dc7fc0edc4,392,,2198.0,Payout,25.74,2026-09-28 09:53:47.881650,Completed
856,e07c4045-f189-43ef-95a9-fe7d71025b81,582,,2209.0,Payout,156.29,2026-09-28 09:53:47.881650,Completed
857,2ab80c56-a30a-4343-aa69-7b5faf3d4ed1,465,,2210.0,Payout,603.74,2026-09-28 09:53:47.881650,Completed
858,52d626e6-b7f4-48e3-a32e-58242a7c5b23,173,,2211.0,Payout,25991.67,2026-09-28 09:53:47.881650,Completed
859,6c22bd86-f4d6-4736-9a45-187ec4b0380a,897,,2217.0,Payout,1299.2,2026-09-28 09:53:47.881650,Completed
860,0cb3873f-e3cd-4744-843c-5c4389b33266,314,,2218.0,Payout,4432.49,2026-09-28 09:53:47.881650,Completed
861,fe537b33-46e8-4ba9-ae0b-cee389711d38,847,,2219.0,Payout,6588.03,2026-09-28 09:53:47.881650,Completed
862,82f19321-f9a2-41ad-a6d5-4dd219c6c37e,917,,2222.0,Payout,294.51,2026-09-28 09:53:47.881650,Completed
863,1562f51f-34de-47fb-bc1a-78e8481dde1f,862,,2223.0,Payout,1783.32,2026-09-28 09:53:47.881650,Completed
864,1d851ddc-2562-41e6-9c0f-fbe29a878130,556,,2226.0,Payout,765.37,2026-09-28 09:53:47.881650,Completed
865,4e1ff086-2298-4e5a-819f-9c6126185948,701,,2227.0,Payout,3853.5,2026-09-28 09:53:47.881650,Completed
866,aa2d5f76-71c6-4d4c-9346-cdb8416ef142,654,,2228.0,Payout,2657.1,2026-09-28 09:53:47.881650,Completed
867,949607c6-a435-4ead-9e10-1d893f50d609,461,,2229.0,Payout,528.87,2026-09-28 09:53:47.881650,Completed
868,5a7a8339-b0d5-4c28-94d7-bbae867c80c6,349,,2232.0,Payout,325.71,2026-09-28 09:53:47.881650,Completed
869,e09b5a8c-752a-478f-8220-d4ce1992d3f3,178,,2234.0,Payout,1323.38,2026-09-28 09:53:47.881650,Completed
870,82e95a51-7379-4ff3-a9f6-a3b33238fb46,218,,2235.0,Payout,86.56,2026-09-28 09:53:47.881650,Completed
871,07120da6-fa16-44e6-a719-416672e9abc9,735,,2239.0,Payout,476.97,2026-09-28 09:53:47.881650,Completed
872,8fbbf71b-bd5f-4344-81a8-44aa4ec938bb,209,,2246.0,Payout,60730.84,2026-09-28 09:53:47.881650,Completed
873,ff22ae32-53d8-4313-8a18-f200f79ea666,246,,2249.0,Payout,2533.54,2026-09-28 09:53:47.881650,Completed
874,9082b02c-8ca2-4658-9f48-30b86af62b56,955,,2252.0,Payout,67064.09,2026-09-28 09:53:47.881650,Completed
875,f0180f17-8422-43ea-b588-0bfea49de33e,683,,2253.0,Payout,58432.08,2026-09-28 09:53:47.881650,Completed
876,4af0f61b-2958-45ee-a48b-481b0618484a,863,,2254.0,Payout,1022.62,2026-09-28 09:53:47.881650,Completed
877,9299ef1f-5c98-4fdd-92f9-a144b43c4192,490,,2257.0,Payout,6745.13,2026-09-28 09:53:47.881650,Completed
878,2785ac97-ead0-4016-a0bf-568234cbfca6,589,,2258.0,Payout,4146.65,2026-09-28 09:53:47.881650,Completed
879,ed0d3ae4-5aec-41d4-b38e-ea0d233ad5b3,105,,2259.0,Payout,4577.87,2026-09-28 09:53:47.881650,Completed
880,651fe5c0-ad6c-408a-a92e-bb1c34079a1d,140,,2263.0,Payout,1625.39,2026-09-28 09:53:47.881650,Completed
881,281cc5d2-579e-4832-9f5b-bc722d9ced9a,941,,2268.0,Payout,3833.84,2026-09-28 09:53:47.881650,Completed
882,2c393be2-8e40-495f-9840-1b1783e360ef,176,,2270.0,Payout,990.34,2026-09-28 09:53:47.881650,Completed
883,363da1b1-9661-4a93-812d-702ff774a859,452,,2272.0,Payout,3727.81,2026-09-28 09:53:47.881650,Completed
884,f291acd9-2c2c-461b-9ff3-b6b25e031b69,387,,2277.0,Payout,817.98,2026-09-28 09:53:47.881650,Completed
885,ed4391c4-6fb9-4667-b27e-e5ddc20e9aa2,159,,2278.0,Payout,62.47,2026-09-28 09:53:47.881650,Completed
886,be027f53-c0db-4bf5-8c4d-510ebabbf990,379,,2281.0,Payout,1138.68,2026-09-28 09:53:47.881650,Completed
887,d5c2ee62-1fa3-48b5-9e02-bb0c8ddea074,511,,2286.0,Payout,343.8,2026-09-28 09:53:47.881650,Completed
888,f54b999b-d234-4681-bbe9-d3e87a748549,631,,2290.0,Payout,1641.21,2026-09-28 09:53:47.881650,Completed
889,8b9b0dcf-0b11-4588-b173-3648f7561f24,622,,2300.0,Payout,146.44,2026-09-28 09:53:47.881650,Completed
890,72a08bf4-6fd3-433c-912a-32e52854b984,295,,2304.0,Payout,33004.1,2026-09-28 09:53:47.881650,Completed
891,1720d482-b2ee-4c71-a080-88fe138a52b3,608,,2306.0,Payout,99102.95,2026-09-28 09:53:47.881650,Completed
892,10ab3f20-776a-4ea7-9cba-6b38a9427d57,514,,2310.0,Payout,1001.19,2026-09-28 09:53:47.881650,Completed
893,331faccf-80a1-441d-bbf6-90decb2eb9d3,739,,2315.0,Payout,1129.99,2026-09-28 09:53:47.881650,Completed
894,50b42b28-a8da-4f94-905b-07a8a957aca2,228,,2318.0,Payout,181.77,2026-09-28 09:53:47.881650,Completed
895,e451e99a-a588-419e-afc4-c445ec7ad049,464,,2320.0,Payout,21052.69,2026-09-28 09:53:47.881650,Completed
896,3a951adf-2565-49b6-bedb-754092f3dd1e,762,,2321.0,Payout,667.65,2026-09-28 09:53:47.881650,Completed
897,50e47d87-172d-403e-94e8-fc42eaad513e,42,,2326.0,Payout,762.69,2026-09-28 09:53:47.881650,Completed
898,8c3fe6f5-6973-401b-a284-751bb1f29bd0,295,,2334.0,Payout,5601.7,2026-09-28 09:53:47.881650,Completed
899,457a0e88-97bd-4291-be61-5f6f63d02931,395,,2336.0,Payout,2317.8,2026-09-28 09:53:47.881650,Completed
900,1a7d605f-c56e-49ff-aef6-231d29df4322,453,,2339.0,Payout,3287.53,2026-09-28 09:53:47.881650,Completed
901,dbad3d68-3e70-4ffa-a48c-67b40c9279cd,464,,2340.0,Payout,4833.43,2026-09-28 09:53:47.881650,Completed
902,f00bb5d8-30a2-4b89-b99b-420b9895be0e,614,,2342.0,Payout,288.11,2026-09-28 09:53:47.881650,Completed
903,0408c226-bf4b-4ff7-aaaa-02fa908fc137,487,,2344.0,Payout,10575.78,2026-09-28 09:53:47.881650,Completed
904,1e930258-7432-4e33-877f-d6bd6367ba2c,314,,2345.0,Payout,1778.87,2026-09-28 09:53:47.881650,Completed
905,bea438a4-1eda-4090-b8e9-a97796125297,324,,2347.0,Payout,69.12,2026-09-28 09:53:47.881650,Completed
906,62ab650f-8c32-478d-8593-c85d8c8bf28a,370,,2348.0,Payout,917.2,2026-09-28 09:53:47.881650,Completed
907,6c612d34-b2e4-40a9-bd40-8f3c4cd8697c,841,,2349.0,Payout,171.06,2026-09-28 09:53:47.881650,Completed
908,bad8290b-a6f5-4008-9f66-cf7585c24dc9,684,,2351.0,Payout,78.39,2026-09-28 09:53:47.881650,Completed
909,000dea69-8d2b-4928-916a-991b1794057a,554,,2356.0,Payout,1286.33,2026-09-28 09:53:47.881650,Completed
910,f2e40d13-eb54-4d93-a2e5-e0b652c5aeac,658,,2360.0,Payout,3339.0,2026-09-28 09:53:47.881650,Completed
911,0d04cc82-d931-4419-aae2-2873db62ece0,952,,2366.0,Payout,1041.79,2026-09-28 09:53:47.881650,Completed
912,be04886c-1880-4312-854b-ff12637e5f4e,451,,2368.0,Payout,287.86,2026-09-28 09:53:47.881650,Completed
913,956517c6-0749-4356-92ef-60dd3e41eb8d,324,,2371.0,Payout,693.0,2026-09-28 09:53:47.881650,Completed
914,483d2c45-8004-42ca-ac90-ccb37fddcb0a,543,,2375.0,Payout,1590.65,2026-09-28 09:53:47.881650,Completed
915,9480cd50-28be-4d5a-95f1-b9e7a0b7d290,964,,2376.0,Payout,203.91,2026-09-28 09:53:47.881650,Completed
916,709c4e33-a6e1-4b28-aae9-2e7bf63d08fc,367,,2380.0,Payout,551.2,2026-09-28 09:53:47.881650,Completed
917,6f11fdb6-1b93-4c37-9749-fe2ac15324dc,176,,2383.0,Payout,11871.72,2026-09-28 09:53:47.881650,Completed
918,fe14b5ee-5f7e-4831-a46e-772997f42375,305,,2385.0,Payout,21691.57,2026-09-28 09:53:47.881650,Completed
919,c5c56f82-f2ee-478d-a1a9-4f35c7337cf0,378,,2386.0,Payout,131.85,2026-09-28 09:53:47.881650,Completed
920,df7ea068-5b54-4093-a562-26940b7c56b2,90,,2387.0,Payout,4661.88,2026-09-28 09:53:47.881650,Completed
921,685cfbe7-9c41-4493-9665-f93e68b25251,621,,2388.0,Payout,1454.69,2026-09-28 09:53:47.881650,Completed
922,18637c3e-d028-4bbc-9665-21353216add9,521,,2394.0,Payout,12139.51,2026-09-28 09:53:47.881650,Completed
923,71a27b93-161e-4248-bea9-0ab1b7413ceb,512,,2397.0,Payout,444.02,2026-09-28 09:53:47.881650,Completed
924,7ad010f7-ebe8-4f93-894d-55d264f4a40a,401,,2398.0,Payout,311.97,2026-09-28 09:53:47.881650,Completed
925,c2595f53-717f-4edb-9090-0e23c8460ec3,962,,2400.0,Payout,169088.87,2026-09-28 09:53:47.881650,Completed
926,3a2ab59f-8d40-44bd-ad4b-f8a66ef36428,299,,2403.0,Payout,6545.02,2026-09-28 09:53:47.881650,Completed
927,3d637bb0-4839-41fc-93d7-58fb137c92a7,121,,2411.0,Payout,174.83,2026-09-28 09:53:47.881650,Completed
928,c6b71fdf-0e2e-4eb1-87aa-a16f87bf6303,862,,2415.0,Payout,440.66,2026-09-28 09:53:47.881650,Completed
929,76350ac7-ac05-40ea-a81b-4c1575fdb09b,232,,2419.0,Payout,924.56,2026-09-28 09:53:47.881650,Completed
930,8afd2de0-d345-40bb-afcb-dd3a439264d0,705,,2423.0,Payout,757.67,2026-09-28 09:53:47.881650,Completed
931,ecdf08c8-4ca3-45b4-ab07-3fe25d51856a,14,,2425.0,Payout,1710.88,2026-09-28 09:53:47.881650,Completed
932,d4856679-ca72-4d31-82d8-314973a8be15,541,,2426.0,Payout,57.84,2026-09-28 09:53:47.881650,Completed
933,8a186262-2c3f-4e4c-9e62-ab398c152eb4,21,,2428.0,Payout,1469.08,2026-09-28 09:53:47.881650,Completed
934,e7a86d34-f1fd-48a2-8383-9348fdc678e7,953,,2429.0,Payout,9154.94,2026-09-28 09:53:47.881650,Completed
935,3f53a56d-44b8-4b4e-9512-9476f2c39acc,165,,2433.0,Payout,702.1,2026-09-28 09:53:47.881650,Completed
936,d909d9e4-400f-4d1f-900c-337b5a3023a5,135,,2436.0,Payout,605.71,2026-09-28 09:53:47.881650,Completed
937,9ea34ada-50a5-4ff6-b9fc-144cb852e583,228,,2437.0,Payout,166.38,2026-09-28 09:53:47.881650,Completed
938,c31ede80-3a70-4c59-8c0a-5216bdb5e8fc,399,,2443.0,Payout,1551.22,2026-09-28 09:53:47.881650,Completed
939,a33ee645-81af-47ed-aea8-3a1e88282d0a,8,,2444.0,Payout,7.78,2026-09-28 09:53:47.881650,Completed
940,a1f44642-3f4d-4df8-9c9e-772cac2810d2,175,,2447.0,Payout,12761.3,2026-09-28 09:53:47.881650,Completed
941,7181ff8e-f05c-4fb1-84ec-4d6c12b31431,698,,2450.0,Payout,1427.07,2026-09-28 09:53:47.881650,Completed
942,631a9fc1-0c2d-4cc7-b2eb-0e6abe5a190f,933,,2451.0,Payout,37.51,2026-09-28 09:53:47.881650,Completed
943,5504608f-3e70-4425-8f38-0e67e3818720,809,,2453.0,Payout,271.31,2026-09-28 09:53:47.881650,Completed
944,1ff51abe-48a3-4b0d-9e73-f265c8e3209d,64,,2455.0,Payout,6569.8,2026-09-28 09:53:47.881650,Completed
945,433c8bd3-db21-4b3e-92e0-e77e6214a61a,298,,2460.0,Payout,1517.53,2026-09-28 09:53:47.881650,Completed
946,bce0f527-1e42-40af-87ee-2e854c1b2fa0,534,,2463.0,Payout,77.68,2026-09-28 09:53:47.881650,Completed
947,d5441f95-9eb1-4f78-9e48-b1813696c231,628,,2464.0,Payout,2329.48,2026-09-28 09:53:47.881650,Completed
948,abb19b79-f45e-4210-8a55-78c1f182be0a,323,,2466.0,Payout,11629.22,2026-09-28 09:53:47.881650,Completed
949,8a4c8772-662a-4c68-8d81-437353301e2f,510,,2470.0,Payout,265.53,2026-09-28 09:53:47.881650,Completed
950,bfced8b0-3b4c-4174-94fc-9a97b77fc48c,773,,2474.0,Payout,8010.41,2026-09-28 09:53:47.881650,Completed
951,6b8e5e0b-d3ca-421d-a440-88c7a1b3ebd5,306,,2475.0,Payout,8010.1,2026-09-28 09:53:47.881650,Completed
952,58d00b2c-4d12-44df-8e08-cf51330c27fe,596,,2478.0,Payout,55.13,2026-09-28 09:53:47.881650,Completed
953,95c13ec3-2c9a-4ea2-a5d3-c5f67c58da40,567,,2480.0,Payout,1074.49,2026-09-28 09:53:47.881650,Completed
954,703b6b61-588c-418e-9838-734bce97cd0e,308,,2482.0,Payout,40446.32,2026-09-28 09:53:47.881650,Completed
955,b74e718c-4711-4f0a-b0e5-35406d204516,97,,2485.0,Payout,24895.31,2026-09-28 09:53:47.881650,Completed
956,1f4f32f0-22dd-4d79-840d-635f6934c749,211,,2487.0,Payout,43.66,2026-09-28 09:53:47.881650,Completed
957,2f8a1096-2e7f-4391-88e3-2ab38366ef32,181,,2494.0,Payout,28.43,2026-09-28 09:53:47.881650,Completed
958,7f072da5-3701-432c-b89a-8522091e58f8,983,,2503.0,Payout,283.29,2026-09-28 09:53:47.881650,Completed
959,bdb2090f-4c91-41a9-a986-87c670e77197,188,,2506.0,Payout,464.91,2026-09-28 09:53:47.881650,Completed
960,fa11021a-5c74-42f0-8110-1fcd7421c1d7,250,,2507.0,Payout,264.91,2026-09-28 09:53:47.881650,Completed
961,bb04ef7b-e691-4ff8-ab97-21a6a549391b,701,,2509.0,Payout,1885.72,2026-09-28 09:53:47.881650,Completed
962,0c02095b-663f-483f-9145-51cd9aca3ab1,629,,2513.0,Payout,2891.92,2026-09-28 09:53:47.881650,Completed
963,71c0c721-16a4-480b-a87c-70de2aa5e5ea,123,,2514.0,Payout,3894.59,2026-09-28 09:53:47.881650,Completed
964,c31579de-c31d-477c-833e-b5c10a39ac51,543,,2521.0,Payout,394.72,2026-09-28 09:53:47.881650,Completed
965,62580809-00e4-4114-8daa-5306f170d929,686,,2522.0,Payout,4167.3,2026-09-28 09:53:47.881650,Completed
966,3ff867a2-c270-4280-bbd1-9167c28a4944,49,,2523.0,Payout,331.06,2026-09-28 09:53:47.881650,Completed
967,a3f78384-4cf3-4295-ba7a-665c505661c4,599,,2529.0,Payout,38.23,2026-09-28 09:53:47.881650,Completed
968,2000c473-8348-4537-98a4-380934725de4,74,,2532.0,Payout,150.48,2026-09-28 09:53:47.881650,Completed
969,fe86ee7f-863d-4c29-8e9e-37240f77ffb4,546,,2533.0,Payout,15603.73,2026-09-28 09:53:47.881650,Completed
970,85de4c4a-3a55-413a-aaa5-3ccc06ad9ad3,863,,2535.0,Payout,1736.63,2026-09-28 09:53:47.881650,Completed
971,ff7e66ca-4eb2-4e2c-a92e-2c40f1d4a3fa,393,,2536.0,Payout,51.04,2026-09-28 09:53:47.881650,Completed
972,a74c3646-c263-4d48-ab6f-fc60ede4615e,156,,2540.0,Payout,25348.95,2026-09-28 09:53:47.881650,Completed
973,4d9eaad2-c97e-4aa1-9eea-d2a02e30093d,934,,2546.0,Payout,7294.4,2026-09-28 09:53:47.881650,Completed
974,cd6511d8-419b-4f64-ab01-d4893d194940,352,,2550.0,Payout,377.69,2026-09-28 09:53:47.881650,Completed
975,9a32f5d9-c5fe-46c8-90bc-14a6db1ecc00,102,,2553.0,Payout,113.19,2026-09-28 09:53:47.881650,Completed
976,c9837888-964e-4f97-931c-b2e2f4b1e580,857,,2556.0,Payout,515.7,2026-09-28 09:53:47.881650,Completed
977,09575db1-3dc2-4ada-bdbd-f3ac0e20871b,865,,2558.0,Payout,428.83,2026-09-28 09:53:47.881650,Completed
978,5281744a-0f65-435e-bcdd-a87cc9ce486f,541,,2559.0,Payout,283.14,2026-09-28 09:53:47.881650,Completed
979,826292ae-e074-4a31-be9f-06f17b21b0e7,94,,2561.0,Payout,6540.72,2026-09-28 09:53:47.881650,Completed
980,a382f33d-4c44-46b6-bddb-46b99e4a837d,670,,2562.0,Payout,20394.81,2026-09-28 09:53:47.881650,Completed
981,dfb840f0-8dc3-44bf-b64f-27e96148deac,496,,2564.0,Payout,43.69,2026-09-28 09:53:47.881650,Completed
982,c848a3ff-8901-412c-9164-7888f4be0652,723,,2565.0,Payout,309.26,2026-09-28 09:53:47.881650,Completed
983,b0fc6abd-577b-4fe4-b1e4-36f6fb608d43,744,,2571.0,Payout,7218.24,2026-09-28 09:53:47.881650,Completed
984,29ec0dfd-a5c5-46f6-bfd7-e01f64a343c8,291,,2572.0,Payout,336.12,2026-09-28 09:53:47.881650,Completed
985,25fae3e9-c83a-41ed-89a7-f1aa8fe65bcf,84,,2573.0,Payout,35817.03,2026-09-28 09:53:47.881650,Completed
986,ac5213a0-ee10-493f-a36a-0aaac62d1d6c,594,,2576.0,Payout,3406.63,2026-09-28 09:53:47.881650,Completed
987,e7414ba3-82ba-401a-a0f1-f124302da5d5,517,,2577.0,Payout,63.47,2026-09-28 09:53:47.881650,Completed
988,52cf23a2-2571-4049-8c8f-a195f398da4d,797,,2582.0,Payout,574.85,2026-09-28 09:53:47.881650,Completed
989,10a0705b-7a84-466a-946e-1733b4fb865c,103,,2583.0,Payout,173.3,2026-09-28 09:53:47.881650,Completed
990,29799f67-9773-4eaf-a51b-d0cf21091e27,539,,2585.0,Payout,1614.62,2026-09-28 09:53:47.881650,Completed
991,f96e26c6-ceeb-48ae-ba9d-87e7a3e90d7e,803,,2589.0,Payout,851.88,2026-09-28 09:53:47.881650,Completed
992,51c74103-ecbd-453c-b326-00583f1a517e,764,,2594.0,Payout,1301.89,2026-09-28 09:53:47.881650,Completed
993,32634256-e5d1-4ebc-9241-7f8beeedfa35,797,,2595.0,Payout,266.84,2026-09-28 09:53:47.881650,Completed
994,23c83aea-5538-4429-829d-801acd3f55b9,522,,2596.0,Payout,64.01,2026-09-28 09:53:47.881650,Completed
995,917756b5-258b-4c76-9a3c-f107f393f150,567,,2598.0,Payout,927.07,2026-09-28 09:53:47.881650,Completed
996,45917232-170c-4ba9-bf32-8d6e1d339b35,479,,2599.0,Payout,114.14,2026-09-28 09:53:47.881650,Completed
997,c993ee78-ece3-463e-b03a-78c1167b5535,164,,2600.0,Payout,1483.37,2026-09-28 09:53:47.881650,Completed
998,4c51ce4e-e0ad-494c-8d69-d6a7d8904c0e,560,,2602.0,Payout,3766.92,2026-09-28 09:53:47.881650,Completed
999,eca67147-8022-4035-acef-e4b9289dd951,347,,2603.0,Payout,321.3,2026-09-28 09:53:47.881650,Completed
1000,61227b97-b74a-47e6-83f5-cdaafebc0672,280,,2606.0,Payout,176.47,2026-09-28 09:53:47.881650,Completed
1001,03a1ca2a-ce1d-49b4-bcc5-08692f0c0be1,664,,2607.0,Payout,4356.83,2026-09-28 09:53:47.881650,Completed
1002,18cc233c-acaf-4ce2-840d-e2a354e0780c,606,,2609.0,Payout,59.41,2026-09-28 09:53:47.881650,Completed
1003,9cbd91eb-6489-4674-8c04-16d17d36bd23,212,,2610.0,Payout,1219.68,2026-09-28 09:53:47.881650,Completed
1004,8dc15dab-dd0e-4cfe-a6e3-8ce1158ba0df,227,,2611.0,Payout,254.41,2026-09-28 09:53:47.881650,Completed
1005,401debab-060c-480d-abfc-663a991f06a2,492,,2617.0,Payout,1520.31,2026-09-28 09:53:47.881650,Completed
1006,b5bb0789-9325-4a2e-8308-d22e811a294e,453,,2619.0,Payout,140.44,2026-09-28 09:53:47.881650,Completed
1007,91339645-049d-4a2a-94af-a9a2793dfc7b,797,,2620.0,Payout,222.99,2026-09-28 09:53:47.881650,Completed
1008,d290b849-c050-41e6-b0ac-0ff160e049a0,570,,2621.0,Payout,384.18,2026-09-28 09:53:47.881650,Completed
1009,3aae7ca7-411b-40d8-941a-c89194abfb7a,352,,2623.0,Payout,504.16,2026-09-28 09:53:47.881650,Completed
1010,cbd820b3-2ab2-42e5-8f40-27f005e1861f,564,,2626.0,Payout,18310.58,2026-09-28 09:53:47.881650,Completed
1011,11c8ecf5-a622-4e27-9d23-d72b07451398,291,,2628.0,Payout,40664.92,2026-09-28 09:53:47.881650,Completed
1012,c5ad4106-47a0-418b-9723-63e769ea168f,631,,2630.0,Payout,5673.74,2026-09-28 09:53:47.881650,Completed
1013,1a5557aa-7c28-4039-94c3-fb9645646987,57,,2631.0,Payout,44548.06,2026-09-28 09:53:47.881650,Completed
1014,c0a5425a-e0a4-44b5-9357-586159b12391,256,,2632.0,Payout,2371.01,2026-09-28 09:53:47.881650,Completed
1015,95d36d3a-a054-4e91-a105-a89a26c26809,527,,2633.0,Payout,2235.23,2026-09-28 09:53:47.881650,Completed
1016,f6a4cdd1-f22a-4ccb-ac4f-2b42e79441eb,223,,2634.0,Payout,1215.02,2026-09-28 09:53:47.881650,Completed
1017,a958923c-1c6a-4f93-922e-21822f3a3b31,340,,2635.0,Payout,328.79,2026-09-28 09:53:47.881650,Completed
1018,a07afe44-28d7-431c-b5af-21ee750c7a83,501,,2636.0,Payout,388.03,2026-09-28 09:53:47.881650,Completed
1019,fbe14dfb-1f7b-4d2c-8d68-3a47b9a0dcef,724,,2639.0,Payout,167.17,2026-09-28 09:53:47.881650,Completed
1020,6a8a3003-ab4f-4015-bc47-e58173d731a3,607,,2640.0,Payout,9177.06,2026-09-28 09:53:47.881650,Completed
1021,5ec98cbc-baf5-4ec1-bb75-b64c18834db9,220,,2641.0,Payout,23830.57,2026-09-28 09:53:47.881650,Completed
1022,9c1e65a9-d380-4e71-993e-f9f61e44ce04,305,,2643.0,Payout,570.06,2026-09-28 09:53:47.881650,Completed
1023,a71f3c6a-978c-41cd-a84b-6f79511ac20e,182,,2644.0,Payout,819.66,2026-09-28 09:53:47.881650,Completed
1024,3b98b840-e5ee-4dd4-b4a2-db8817960269,987,,2646.0,Payout,36657.95,2026-09-28 09:53:47.881650,Completed
1025,e919e7d4-50b6-4533-87ae-cb10143079e3,614,,2650.0,Payout,8799.43,2026-09-28 09:53:47.881650,Completed
1026,ba3e7f3b-7597-44ba-86b9-a12c943a256b,980,,2651.0,Payout,53459.11,2026-09-28 09:53:47.881650,Completed
1027,ec68b8c4-c6d3-4ef6-881e-88709401d6ef,237,,2656.0,Payout,3773.41,2026-09-28 09:53:47.881650,Completed
1028,49a26415-483f-4e3c-8c31-55ac06a8c30b,112,,2657.0,Payout,162.96,2026-09-28 09:53:47.881650,Completed
1029,a6adfdad-bfb9-49c5-b62c-fb1bf0eae722,116,,2660.0,Payout,62.95,2026-09-28 09:53:47.881650,Completed
1030,1d0cb531-21b2-4507-a9ea-a7b53da5b98b,569,,2661.0,Payout,11641.63,2026-09-28 09:53:47.881650,Completed
1031,a1033e9d-ec05-4515-a2cc-a1bb89077d77,496,,2663.0,Payout,370.1,2026-09-28 09:53:47.881650,Completed
1032,ea86433d-f592-473b-883c-d899ec6d8ae3,165,,2665.0,Payout,1247.62,2026-09-28 09:53:47.881650,Completed
1033,85ffb067-c224-4635-a12c-9a41df29e740,217,,2666.0,Payout,57.45,2026-09-28 09:53:47.881650,Completed
1034,91e2cd63-8edc-4db1-ba06-5e21fbdf4a11,529,,2672.0,Payout,148.83,2026-09-28 09:53:47.881650,Completed
1035,da0cf99f-53aa-496a-877e-0e2f5d4c6b0f,56,,2674.0,Payout,6670.89,2026-09-28 09:53:47.881650,Completed
1036,e15fd81a-546f-4acc-a3cf-6b2cc86e8756,144,,2675.0,Payout,864.01,2026-09-28 09:53:47.881650,Completed
1037,80332a21-da1e-4347-8ac2-019bcbeb3007,379,,2677.0,Payout,28318.73,2026-09-28 09:53:47.881650,Completed
1038,e60c263a-7ede-49d3-a558-5a6f642a73ae,616,,2684.0,Payout,653.7,2026-09-28 09:53:47.881650,Completed
1039,9c1f4745-28ae-4707-9f37-84dfe63b79c9,936,,2686.0,Payout,2412.3,2026-09-28 09:53:47.881650,Completed
1040,55aad6b3-5389-4eaa-9acd-5118584d9f68,792,,2687.0,Payout,3446.72,2026-09-28 09:53:47.881650,Completed
1041,6dff4499-df13-4362-87eb-36c81700a070,254,,2689.0,Payout,185.31,2026-09-28 09:53:47.881650,Completed
1042,19b51bfe-9418-47fc-8515-46d89d99e0dc,804,,2690.0,Payout,1713.9,2026-09-28 09:53:47.881650,Completed
1043,5e2283d9-4a81-4e6d-9e73-6cca95579d62,250,,2693.0,Payout,212.09,2026-09-28 09:53:47.881650,Completed
1044,e1d89d57-af84-4ce9-b60a-11f81b79c0e2,77,,2699.0,Payout,10839.07,2026-09-28 09:53:47.881650,Completed
1045,3772e236-dd54-4ba0-ad86-4e46b4e17941,715,,2700.0,Payout,476.71,2026-09-28 09:53:47.881650,Completed
1046,24e47b94-b9d4-417e-ada1-b5ea3614234f,161,,2701.0,Payout,15776.41,2026-09-28 09:53:47.881650,Completed
1047,e0e85189-2d1c-448d-8d6c-2d3d5fda63b0,483,,2703.0,Payout,6296.57,2026-09-28 09:53:47.881650,Completed
1048,26879d65-6fab-41ac-b123-ea825bbce3fc,107,,2704.0,Payout,6.25,2026-09-28 09:53:47.881650,Completed
1049,fd9e0661-f574-4e44-9129-785f4993e29a,964,,2705.0,Payout,1290.76,2026-09-28 09:53:47.881650,Completed
1050,dd63f08c-d76b-4e27-a778-712fcbfee9ba,216,,2706.0,Payout,109.18,2026-09-28 09:53:47.881650,Completed
1051,b1a625ee-4325-4385-96a5-9c5912d9a21f,209,,2711.0,Payout,1160.48,2026-09-28 09:53:47.881650,Completed
1052,06dd0b63-fc92-4a48-b786-50b315dbb93a,650,,2714.0,Payout,25840.32,2026-09-28 09:53:47.881650,Completed
1053,684ad67e-72ff-42a2-94a4-4821bed88393,535,,2716.0,Payout,437.99,2026-09-28 09:53:47.881650,Completed
1054,48fc7b96-d053-477b-a447-9f6cbc90622a,577,,2718.0,Payout,91.87,2026-09-28 09:53:47.881650,Completed
1055,8f60a80d-1c05-409b-9cac-1e0cc351808e,215,,2721.0,Payout,134.15,2026-09-28 09:53:47.881650,Completed
1056,aaf8f9b5-0d96-47f1-ba9c-f369dfd35bea,108,,2722.0,Payout,149130.95,2026-09-28 09:53:47.881650,Completed
1057,1e4d3b2b-1ff3-4ca5-a2b0-beddfb999094,81,,2723.0,Payout,135.84,2026-09-28 09:53:47.881650,Completed
1058,73ce0a44-2fcf-4880-b7be-be47d1a58a25,139,,2725.0,Payout,24199.42,2026-09-28 09:53:47.881650,Completed
1059,155c8380-68f7-4f2f-98a9-68748635af3d,275,,2726.0,Payout,360.38,2026-09-28 09:53:47.881650,Completed
1060,0b9b9c63-2dff-4e81-aa77-9e0af06f9d86,336,,2727.0,Payout,27723.2,2026-09-28 09:53:47.881650,Completed
1061,6166ab9f-4dfa-4b60-bf16-7eb568c2b0a0,125,,2730.0,Payout,629.22,2026-09-28 09:53:47.881650,Completed
1062,a192f90a-fd24-445b-a7fd-18bd72dcb6b4,466,,2731.0,Payout,60.59,2026-09-28 09:53:47.881650,Completed
1063,a2ed32cb-9bdc-470c-9dd8-1e4bd6412516,519,,2732.0,Payout,54.65,2026-09-28 09:53:47.881650,Completed
1064,1a38a0e1-ca62-41db-b452-6742c3022d04,896,,2734.0,Payout,1285.76,2026-09-28 09:53:47.881650,Completed
1065,fcf5a7ee-01f6-4236-9e4d-48dd3ca0d3d2,710,,2735.0,Payout,492.12,2026-09-28 09:53:47.881650,Completed
1066,ca52f0cb-bddc-4315-8214-1cea84c923b1,284,,2738.0,Payout,48.53,2026-09-28 09:53:47.881650,Completed
1067,fccc2cf9-6fef-4c12-a483-067672cd4ca5,253,,2739.0,Payout,2990.63,2026-09-28 09:53:47.881650,Completed
1068,bca3858c-6faf-4dcc-b5f5-b817507b1fc4,57,,2740.0,Payout,13060.54,2026-09-28 09:53:47.881650,Completed
1069,9135f349-7eba-4d8f-9a7f-4768f0c037d2,245,,2741.0,Payout,12130.71,2026-09-28 09:53:47.881650,Completed
1070,dd168ee7-7656-4e23-a310-8106b12f1059,78,,2748.0,Payout,316.31,2026-09-28 09:53:47.881650,Completed
1071,c05e3ebd-2580-4a5c-937c-9c29e0a76618,892,,2749.0,Payout,4121.15,2026-09-28 09:53:47.881650,Completed
1072,ac258f99-5a87-43b3-8d79-5098e6199049,981,,2754.0,Payout,262.14,2026-09-28 09:53:47.881650,Completed
1073,0272ff88-6a31-4445-bb61-627e5ef992a9,544,,2755.0,Payout,17408.94,2026-09-28 09:53:47.881650,Completed
1074,698a8819-ea12-42ac-937b-00946f2b6cfe,947,,2759.0,Payout,4460.89,2026-09-28 09:53:47.881650,Completed
1075,04a6aaa9-e985-4e42-9e5b-79a3be84ddd2,417,,2760.0,Payout,444.32,2026-09-28 09:53:47.881650,Completed
1076,a7256b8f-3b36-4981-a0f6-07c07fa46c80,546,,2762.0,Payout,17383.59,2026-09-28 09:53:47.881650,Completed
1077,b44727f3-f04b-445b-9091-8ba40acbafd2,1,,2764.0,Payout,348.17,2026-09-28 09:53:47.881650,Completed
1078,b9eced07-0ab2-4276-971c-96801a06dd3c,839,,2765.0,Payout,5465.56,2026-09-28 09:53:47.881650,Completed
1079,2ef20301-ac43-482b-90fa-b1e155283131,794,,2770.0,Payout,135.33,2026-09-28 09:53:47.881650,Completed
1080,745636e3-06e2-49e1-b941-8f323032d718,985,,2772.0,Payout,109.7,2026-09-28 09:53:47.881650,Completed
1081,7cb49afe-4144-4802-80ae-eee4674386e9,377,,2778.0,Payout,4698.43,2026-09-28 09:53:47.881650,Completed
1082,4b299ce5-285d-4b95-b2f4-dabe8705492a,738,,2780.0,Payout,322.84,2026-09-28 09:53:47.881650,Completed
1083,8bd63f84-6bb3-48aa-b613-c4a3f2dd4f3f,703,,2781.0,Payout,11.77,2026-09-28 09:53:47.881650,Completed
1084,2ef98b40-eeb5-4c09-ba8d-d8461677c7c6,383,,2783.0,Payout,2076.81,2026-09-28 09:53:47.881650,Completed
1085,75bca33d-63d9-43e8-997c-e314a4bebc42,642,,2785.0,Payout,758.35,2026-09-28 09:53:47.881650,Completed
1086,e4571667-cf93-469d-a5a0-2e6de0549965,796,,2786.0,Payout,588.63,2026-09-28 09:53:47.881650,Completed
1087,33d8c2be-efbe-4c91-a7cb-7c82402dd917,808,,2790.0,Payout,28329.36,2026-09-28 09:53:47.881650,Completed
1088,73ca8dc7-b044-4542-8f2a-94818ed501f2,227,,2792.0,Payout,390.65,2026-09-28 09:53:47.881650,Completed
1089,208c6ea6-46d6-4279-9125-3726a4beb2c2,513,,2793.0,Payout,1340.84,2026-09-28 09:53:47.881650,Completed
1090,3b97cf5a-b81c-4c77-8409-e89f2827ce8f,817,,2795.0,Payout,911.49,2026-09-28 09:53:47.881650,Completed
1091,abd203de-7fee-4148-ab50-d7d0e443c603,742,,2799.0,Payout,78798.34,2026-09-28 09:53:47.881650,Completed
1092,f5625f41-9ca2-4d72-887b-5d52e23fb78b,186,,2800.0,Payout,66703.36,2026-09-28 09:53:47.881650,Completed
1093,0066fcf3-fd79-49eb-a426-5e64662afc7c,317,,2802.0,Payout,98.81,2026-09-28 09:53:47.881650,Completed
1094,6c63b2b8-c47a-49a1-a58f-a78c911c295f,535,,2803.0,Payout,451.04,2026-09-28 09:53:47.881650,Completed
1095,34ac4779-1905-48ab-8ec9-de805302ea2a,233,,2804.0,Payout,436.08,2026-09-28 09:53:47.881650,Completed
1096,ed63f0bb-17c6-45c1-9152-8cfc492e9655,471,,2808.0,Payout,8147.08,2026-09-28 09:53:47.881650,Completed
1097,c4fdd244-9fad-4c40-9409-114b2e25d857,895,,2810.0,Payout,2625.31,2026-09-28 09:53:47.881650,Completed
1098,12ba3934-d9a5-4a12-9c66-2c52ec7f62ad,970,,2815.0,Payout,6741.77,2026-09-28 09:53:47.881650,Completed
1099,8512654f-0e17-4d10-9b9d-cf1d1d5cefd1,417,,2819.0,Payout,561.4,2026-09-28 09:53:47.881650,Completed
1100,05263dcd-a615-4062-a3ab-823e719dee97,870,,2822.0,Payout,9260.2,2026-09-28 09:53:47.881650,Completed
1101,f81c86ea-a7df-4018-813b-835f4a4a64cf,277,,2831.0,Payout,340.76,2026-09-28 09:53:47.881650,Completed
1102,5cdee443-93dd-4a90-b484-2440a6f33f70,941,,2832.0,Payout,1381.53,2026-09-28 09:53:47.881650,Completed
1103,c01cc368-3f00-4b69-8124-e75b8eeac024,832,,2836.0,Payout,908.14,2026-09-28 09:53:47.881650,Completed
1104,3af2d7f4-c557-4bd2-87eb-10ab94b3a023,478,,2837.0,Payout,2232.76,2026-09-28 09:53:47.881650,Completed
1105,f062c1e3-983c-4dc8-8834-f06a030aca87,509,,2838.0,Payout,132.51,2026-09-28 09:53:47.881650,Completed
1106,2606c220-97bc-4b52-a81c-3b149276c3de,892,,2839.0,Payout,72154.55,2026-09-28 09:53:47.881650,Completed
1107,b414447e-71c7-4c3e-a803-d6566f0ffa2d,185,,2840.0,Payout,19.03,2026-09-28 09:53:47.881650,Completed
1108,c68ed953-936c-4d19-b420-d488efbeece3,762,,2842.0,Payout,858.31,2026-09-28 09:53:47.881650,Completed
1109,9893c574-870e-4db9-916b-0c0267c8543d,535,,2844.0,Payout,8769.19,2026-09-28 09:53:47.881650,Completed
1110,183e6b76-0bc5-49ba-b829-821973bf017b,685,,2845.0,Payout,16376.93,2026-09-28 09:53:47.881650,Completed
1111,03922c82-c4c1-4216-a7de-b41ad099b863,119,,2846.0,Payout,135752.34,2026-09-28 09:53:47.881650,Completed
1112,463d157d-1aef-4418-91a4-62833c17f183,765,,2847.0,Payout,807.93,2026-09-28 09:53:47.881650,Completed
1113,36d94b6e-e423-4bfc-9ba9-9b7dbae7f17e,682,,2850.0,Payout,44607.54,2026-09-28 09:53:47.881650,Completed
1114,5c0bebca-be71-4074-b35f-63a93ea3f5aa,526,,2851.0,Payout,921.81,2026-09-28 09:53:47.881650,Completed
1115,7be597a6-d528-4e0d-9202-312ad10005a9,913,,2852.0,Payout,154.4,2026-09-28 09:53:47.881650,Completed
1116,697ad52f-2352-4859-a552-97521d6ebc64,50,,2854.0,Payout,2355.79,2026-09-28 09:53:47.881650,Completed
1117,d94904ab-aeb2-4ad8-a65a-eec4e7786bd7,224,,2855.0,Payout,115.8,2026-09-28 09:53:47.881650,Completed
1118,d0b935c0-4fe8-44f5-b159-8636b7c040e9,697,,2857.0,Payout,18840.16,2026-09-28 09:53:47.881650,Completed
1119,5764ee87-ac41-493e-9f77-f321c20f64d7,698,,2858.0,Payout,6144.01,2026-09-28 09:53:47.881650,Completed
1120,ef8a34c9-ccd8-4f48-84a5-ea298fb6291c,423,,2861.0,Payout,1595.88,2026-09-28 09:53:47.881650,Completed
1121,a059f295-0697-4903-ac7c-ab2a32028304,563,,2863.0,Payout,448.61,2026-09-28 09:53:47.881650,Completed
1122,a8dc3e71-b9f4-4c63-82c4-c5a753e761cb,110,,2864.0,Payout,407.42,2026-09-28 09:53:47.881650,Completed
1123,b783dc9a-aa3d-49c2-aa49-5166a896ce7f,874,,2871.0,Payout,949.92,2026-09-28 09:53:47.881650,Completed
1124,57eaac89-86d6-431d-8e41-1674de20a194,340,,2875.0,Payout,41678.64,2026-09-28 09:53:47.881650,Completed
1125,67b9c367-9b20-4a62-8963-3b633628eb3d,959,,2878.0,Payout,160.12,2026-09-28 09:53:47.881650,Completed
1126,ead76b4f-1527-455a-bba3-7b3d1f8b81f4,586,,2879.0,Payout,41997.49,2026-09-28 09:53:47.881650,Completed
1127,67a493a5-e6e9-4964-b356-083215c878ee,342,,2883.0,Payout,3811.6,2026-09-28 09:53:47.881650,Completed
1128,8dae42ff-4f45-43cf-8353-5151777729fa,707,,2885.0,Payout,63.36,2026-09-28 09:53:47.881650,Completed
1129,7a3c2e79-4478-4505-b338-6d409e53d18b,132,,2889.0,Payout,35197.36,2026-09-28 09:53:47.881650,Completed
1130,4f63d614-93fa-4822-a7c5-ed18ecc37b45,328,,2895.0,Payout,6377.98,2026-09-28 09:53:47.881650,Completed
1131,bc39c1be-8a94-4496-8d42-4976b904bb90,193,,2897.0,Payout,1287.8,2026-09-28 09:53:47.881650,Completed
1132,5c2a7daf-3b6e-4b02-8eaa-33e9b148f31a,960,,2902.0,Payout,12005.22,2026-09-28 09:53:47.881650,Completed
1133,5ebd8474-9239-4157-aba4-08a45679569d,136,,2903.0,Payout,453.54,2026-09-28 09:53:47.881650,Completed
1134,05d4c3a1-9032-4f3a-8214-1b5817ddbe75,620,,2905.0,Payout,890.01,2026-09-28 09:53:47.881650,Completed
1135,d230cc99-26ca-4f71-9685-951f9c9e5b09,421,,2907.0,Payout,366.35,2026-09-28 09:53:47.881650,Completed
1136,3faaa5eb-e83a-41d7-8976-800c279ae019,277,,2911.0,Payout,1288.32,2026-09-28 09:53:47.881650,Completed
1137,f9bb3c85-e40f-4156-bf68-63db89fa3135,182,,2912.0,Payout,6056.6,2026-09-28 09:53:47.881650,Completed
1138,1210f476-631a-4684-8d23-69550ad1657a,936,,2913.0,Payout,49929.31,2026-09-28 09:53:47.881650,Completed
1139,2c9c0267-4f3e-48f4-a790-42f78adbb725,252,,2914.0,Payout,15293.39,2026-09-28 09:53:47.881650,Completed
1140,df3520b4-fddc-459e-a85a-c9c871bd1e35,537,,2916.0,Payout,3032.89,2026-09-28 09:53:47.881650,Completed
1141,1b2247e1-273e-4724-803d-7f5511673cfd,85,,2921.0,Payout,504.45,2026-09-28 09:53:47.881650,Completed
1142,40546e16-24eb-4660-b0f6-206e2044e311,748,,2923.0,Payout,11131.31,2026-09-28 09:53:47.881650,Completed
1143,9f2f4935-85fd-40f6-842f-8c3a01da10f2,885,,2924.0,Payout,3048.88,2026-09-28 09:53:47.881650,Completed
1144,7f7150bb-000e-4ae6-835f-fa3894f8ab55,338,,2925.0,Payout,216.11,2026-09-28 09:53:47.881650,Completed
1145,e1c34b12-0609-4ed8-88b2-cee71ddeb459,97,,2926.0,Payout,141.36,2026-09-28 09:53:47.881650,Completed
1146,ac43c1c9-6e28-40a1-89ad-9334c9313008,827,,2928.0,Payout,425.45,2026-09-28 09:53:47.881650,Completed
1147,3e573382-7b5a-4b30-9b45-2cf38739c2bf,899,,2929.0,Payout,211.43,2026-09-28 09:53:47.881650,Completed
1148,d2859bda-33b7-48ef-9011-b364a6bb8e03,978,,2932.0,Payout,2365.45,2026-09-28 09:53:47.881650,Completed
1149,f6bbd468-bf55-42e5-84a2-7f1bb0d4a44c,229,,2933.0,Payout,20.07,2026-09-28 09:53:47.881650,Completed
1150,e39ea63b-a61a-4c14-a1cb-488e14cef187,42,,2934.0,Payout,56026.13,2026-09-28 09:53:47.881650,Completed
1151,5e116a0a-f3f4-4d53-8cf9-d8ba43ba68a0,480,,2937.0,Payout,70.98,2026-09-28 09:53:47.881650,Completed
1152,a8f39adf-2c63-4c46-a586-4299bd6a57cb,435,,2938.0,Payout,9570.53,2026-09-28 09:53:47.881650,Completed
1153,4cd9bc2a-9cad-4061-9d62-1fc1437c286b,345,,2943.0,Payout,24024.96,2026-09-28 09:53:47.881650,Completed
1154,4e37c49a-2723-4b09-bc76-8145d86443b4,109,,2945.0,Payout,12687.88,2026-09-28 09:53:47.881650,Completed
1155,7ca809a7-481e-4785-9f0a-fc30a4a872ab,516,,2947.0,Payout,196.89,2026-09-28 09:53:47.881650,Completed
1156,8c2f8cf1-9e90-4815-91c9-f75b15b94f84,26,,2954.0,Payout,624.28,2026-09-28 09:53:47.881650,Completed
1157,78e87cd6-263d-4085-885a-72cd1d874035,925,,2955.0,Payout,122.03,2026-09-28 09:53:47.881650,Completed
1158,22f4b6d9-3719-40ad-b141-0d1b1d6e4c9d,879,,2957.0,Payout,6513.84,2026-09-28 09:53:47.881650,Completed
1159,0de4e3f3-f0d6-4aa2-b5f6-051cc3a13392,912,,2958.0,Payout,34.57,2026-09-28 09:53:47.881650,Completed
1160,e3d40d37-8736-4b29-8221-89b89de9e2e2,200,,2959.0,Payout,4332.11,2026-09-28 09:53:47.881650,Completed
1161,4f7fb82b-aca0-4648-9a4b-b4407768a052,572,,2962.0,Payout,5501.39,2026-09-28 09:53:47.881650,Completed
1162,b67cfc9c-9151-40c6-9a17-fde208d4c701,141,,2964.0,Payout,195.92,2026-09-28 09:53:47.881650,Completed
1163,6a88349e-dd0a-4dbb-bade-e6f519e9ee72,634,,2965.0,Payout,326.48,2026-09-28 09:53:47.881650,Completed
1164,c317d2f7-0501-4ea5-b5f5-73aef5054865,272,,2966.0,Payout,1842.48,2026-09-28 09:53:47.881650,Completed
1165,3b4d98af-6341-4401-a7a7-0ffcb9f73a81,13,,2970.0,Payout,1248.06,2026-09-28 09:53:47.881650,Completed
1166,0c7b634e-58b5-4aa0-a190-75db5190bc34,778,,2971.0,Payout,20211.29,2026-09-28 09:53:47.881650,Completed
1167,39a9198a-a5f1-456a-93b8-b59627eb2a8c,543,,2973.0,Payout,1102.72,2026-09-28 09:53:47.881650,Completed
1168,f432ae3d-2c93-4294-a417-94af9e7d3a11,106,,2976.0,Payout,6409.6,2026-09-28 09:53:47.881650,Completed
1169,b62ed853-ac88-4092-bf58-db9d0c5361b4,157,,2977.0,Payout,80.54,2026-09-28 09:53:47.881650,Completed
1170,522b38b2-6e66-46df-82c0-9fed1e5be51c,599,,2981.0,Payout,2205.41,2026-09-28 09:53:47.881650,Completed
1171,601d18da-cfe7-4cb5-8cce-522c3738626e,998,,2983.0,Payout,294.68,2026-09-28 09:53:47.881650,Completed
1172,190df89e-0779-4538-a25e-3a09c31ed784,162,,2984.0,Payout,10340.3,2026-09-28 09:53:47.881650,Completed
1173,477b3e48-3bde-4202-9182-44ab46ef97f9,104,,2986.0,Payout,133.58,2026-09-28 09:53:47.881650,Completed
1174,01147cb6-884c-45da-a6cf-fb667fe89268,426,,2988.0,Payout,9572.98,2026-09-28 09:53:47.881650,Completed
1175,84e39a0f-5003-4ec1-8267-3da8c876f5f9,56,,2996.0,Payout,1871.21,2026-09-28 09:53:47.881650,Completed
1176,7601c1e3-b48f-41fc-b313-858c39690566,445,,3000.0,Payout,56.01,2026-09-28 09:53:47.881650,Completed
1177,0b89ffd7-0c0f-4af8-9a70-ea72fe04d13a,716,,3002.0,Payout,342.6,2026-09-28 09:53:47.881650,Completed
1178,8422df52-b957-4674-86a0-3f167372e4da,359,,3005.0,Payout,85.81,2026-09-28 09:53:47.881650,Completed
1179,156d0919-0402-4dc7-a1c9-8f3a0c86472f,624,,3008.0,Payout,1954.15,2026-09-28 09:53:47.881650,Completed
1180,7059d130-37f3-4f73-8900-ffd86609efa0,406,,3009.0,Payout,29250.14,2026-09-28 09:53:47.881650,Completed
1181,d52d5683-9f6f-4b05-8dad-f8efb1d11fc8,875,,3012.0,Payout,942.22,2026-09-28 09:53:47.881650,Completed
1182,9a22c7f1-85b5-48c3-bde9-211eddeecfec,250,,3022.0,Payout,34437.69,2026-09-28 09:53:47.881650,Completed
1183,7634c0ea-f9f1-46f6-a639-8ba7821b7ad1,786,,3025.0,Payout,1032.0,2026-09-28 09:53:47.881650,Completed
1184,b2c3f7de-2e18-446c-af33-86dcf677691a,119,,3026.0,Payout,8269.36,2026-09-28 09:53:47.881650,Completed
1185,fadc74bf-ecfc-44c8-855c-828f4e3e27c3,749,,3028.0,Payout,50363.79,2026-09-28 09:53:47.881650,Completed
1186,0711381d-aac6-4620-b61b-47fbcc1d8128,883,,3031.0,Payout,1864.67,2026-09-28 09:53:47.881650,Completed
1187,8d6c8fd8-7cd5-4013-8c84-7e3cc856b87a,445,,3034.0,Payout,14838.24,2026-09-28 09:53:47.881650,Completed
1188,b7829bfe-d2cd-4c8e-822c-ab4b74aec424,780,,3035.0,Payout,4469.64,2026-09-28 09:53:47.881650,Completed
1189,dd02d3c9-368e-4b53-8574-7522f08bb0e8,603,,3038.0,Payout,7990.04,2026-09-28 09:53:47.881650,Completed
1190,90ae8cee-b58c-41b0-803b-89ba0cc5ead8,607,,3041.0,Payout,6368.94,2026-09-28 09:53:47.881650,Completed
1191,9b962a3d-ef91-4fe2-874b-295a4bb8de2e,392,,3045.0,Payout,741.07,2026-09-28 09:53:47.881650,Completed
1192,e8631e5a-2aa9-4429-93d2-a2c515cbf39c,471,,3051.0,Payout,446.15,2026-09-28 09:53:47.881650,Completed
1193,d6b5f5ca-377b-42b9-83b1-8bc9e209516b,781,,3053.0,Payout,16565.78,2026-09-28 09:53:47.881650,Completed
1194,8c899f72-ca8f-441c-b0d7-610a0edd51b1,296,,3058.0,Payout,26485.76,2026-09-28 09:53:47.881650,Completed
1195,92d9bd18-7e77-48a0-b871-10e385c65d16,719,,3060.0,Payout,12.48,2026-09-28 09:53:47.881650,Completed
1196,f332dd07-98c7-4ef4-ae2e-e2e9a2984e8e,554,,3061.0,Payout,1522.29,2026-09-28 09:53:47.881650,Completed
1197,601bc2b8-9124-4189-97b2-27590ddccf0a,596,,3064.0,Payout,1154.79,2026-09-28 09:53:47.881650,Completed
1198,69b69706-6f23-4c20-a58a-c9a779f3d38e,717,,3065.0,Payout,42339.96,2026-09-28 09:53:47.881650,Completed
1199,e7326414-a253-41a1-bfa1-9811ef9d4c1b,942,,3066.0,Payout,960.81,2026-09-28 09:53:47.881650,Completed
1200,a0b1daed-fe46-43fb-9e67-c2c15657d12a,193,,3069.0,Payout,171.21,2026-09-28 09:53:47.881650,Completed
1201,5eaf65d8-5c4a-49a2-99de-14a8ee46fea8,24,,3071.0,Payout,8305.0,2026-09-28 09:53:47.881650,Completed
1202,7763cfa2-7099-43c8-950e-28e31a582006,994,,3073.0,Payout,84.19,2026-09-28 09:53:47.881650,Completed
1203,a9a94310-ba1e-4207-827f-f97f573967cb,516,,3074.0,Payout,12283.92,2026-09-28 09:53:47.881650,Completed
1204,37baa624-837a-44ad-aa06-8c3437a08bda,878,,3076.0,Payout,17901.5,2026-09-28 09:53:47.881650,Completed
1205,1245201f-d190-4707-bd15-e0b7362a1507,245,,3077.0,Payout,2700.52,2026-09-28 09:53:47.881650,Completed
1206,6946c83b-a7cc-4366-b8f5-fc3a5fba2ba0,289,,3081.0,Payout,12996.65,2026-09-28 09:53:47.881650,Completed
1207,07ca62ea-3a54-4881-a7d6-82a17f7794a0,642,,3082.0,Payout,4585.63,2026-09-28 09:53:47.881650,Completed
1208,84b8c7b8-e540-4ed0-bd27-461f7649eef5,565,,3083.0,Payout,42.18,2026-09-28 09:53:47.881650,Completed
1209,831da2f2-90f7-4f43-92bc-307786c532e8,799,,3084.0,Payout,240.19,2026-09-28 09:53:47.881650,Completed
1210,6f293b77-4305-44cc-a8d7-307dd634aee4,514,,3086.0,Payout,32548.88,2026-09-28 09:53:47.881650,Completed
1211,60bac4b3-7b72-4353-9112-7dbb5fe8b021,325,,3087.0,Payout,1293.38,2026-09-28 09:53:47.881650,Completed
1212,cbc14d02-9d57-4637-bdaa-eb7739978aee,516,,3089.0,Payout,3309.94,2026-09-28 09:53:47.881650,Completed
1213,69708adb-20e1-480e-8d1a-7d9b4dcc3606,767,,3091.0,Payout,13407.18,2026-09-28 09:53:47.881650,Completed
1214,4c01cc25-c2ea-4fc9-b2af-bfa2f849d142,450,,3098.0,Payout,811.83,2026-09-28 09:53:47.881650,Completed
1215,6316fe87-12d6-4ff7-ac7a-9ec6a87f8fb0,724,,3100.0,Payout,6265.33,2026-09-28 09:53:47.881650,Completed
1216,5856cf25-c2d2-4c2a-b057-7711039d4d2a,269,,3101.0,Payout,4255.03,2026-09-28 09:53:47.881650,Completed
1217,acfc70de-dffd-40a2-ab24-717e7cfc454a,377,,3103.0,Payout,17741.51,2026-09-28 09:53:47.881650,Completed
1218,113f0dc3-f02f-4d4b-a437-4854c0a7ebd3,557,,3105.0,Payout,805.04,2026-09-28 09:53:47.881650,Completed
1219,28701bb8-1b25-4fcb-a926-f481d63725a2,192,,3107.0,Payout,291.75,2026-09-28 09:53:47.881650,Completed
1220,96f4b5fb-ad23-47e4-95f2-a9fb2efd08ae,593,,3109.0,Payout,486.4,2026-09-28 09:53:47.881650,Completed
1221,43f6f4d9-9dc4-49e0-a961-ea254711f24a,209,,3113.0,Payout,128509.41,2026-09-28 09:53:47.881650,Completed
1222,ef99e5b4-bfc6-4619-abe4-d5ea9876cb5b,257,,3116.0,Payout,10785.96,2026-09-28 09:53:47.881650,Completed
1223,0b601761-d5bb-40b3-b60d-cf7fa430fa9a,374,,3119.0,Payout,3931.08,2026-09-28 09:53:47.881650,Completed
1224,dfff51cf-0a6d-40ed-8277-bc1a0cc902a4,687,,3121.0,Payout,3853.22,2026-09-28 09:53:47.881650,Completed
1225,881aa546-756a-4cbf-bfe8-2c5d5d074fbe,5,,3124.0,Payout,66500.68,2026-09-28 09:53:47.881650,Completed
1226,2d2ef50b-8e93-43cb-b5df-ab56ae12cf8c,556,,3127.0,Payout,198.89,2026-09-28 09:53:47.881650,Completed
1227,e99325cb-0548-46b0-92c6-dc051a536673,95,,3128.0,Payout,590.06,2026-09-28 09:53:47.881650,Completed
1228,46e7b441-6117-4000-8b53-138f4686fdb3,865,,3129.0,Payout,13.32,2026-09-28 09:53:47.881650,Completed
1229,20f44a6a-4d8b-4f9a-9c9e-cb7fc252ab9d,735,,3130.0,Payout,32785.28,2026-09-28 09:53:47.881650,Completed
1230,64b0067d-39d6-417f-b34e-d8cef1d2ee8d,773,,3131.0,Payout,3503.69,2026-09-28 09:53:47.881650,Completed
1231,44ba743a-21cb-4bf0-b49f-afad2c8c49e5,608,,3133.0,Payout,65.1,2026-09-28 09:53:47.881650,Completed
1232,8a238c5d-fa9e-4c9a-a4ac-c406055085e6,531,,3134.0,Payout,256.0,2026-09-28 09:53:47.881650,Completed
1233,e60281c4-a688-49cf-b2f2-392e59acd734,1,,3137.0,Payout,1112.47,2026-09-28 09:53:47.881650,Completed
1234,d5918607-ed24-4484-846e-c70a3f24282b,564,,3140.0,Payout,3892.89,2026-09-28 09:53:47.881650,Completed
1235,62b5768c-3d09-40d1-8717-f1f00056594a,986,,3142.0,Payout,39059.5,2026-09-28 09:53:47.881650,Completed
1236,f92201a5-4bf6-44b6-9bdb-6283a8bdb2b8,916,,3144.0,Payout,13257.0,2026-09-28 09:53:47.881650,Completed
1237,37c4bff5-4cf8-427a-93c9-180cdec4f129,173,,3145.0,Payout,1349.26,2026-09-28 09:53:47.881650,Completed
1238,5aa67fec-29c6-4d51-93f0-32991906013d,676,,3149.0,Payout,678.1,2026-09-28 09:53:47.881650,Completed
1239,e2d5f0e7-11ef-46de-9f07-e57d7c48131b,6,,3151.0,Payout,1100.43,2026-09-28 09:53:47.881650,Completed
1240,91059e2d-d8a8-4d8b-b328-3409c4322046,734,,3152.0,Payout,71.18,2026-09-28 09:53:47.881650,Completed
1241,0b53b54d-e372-40e5-a34b-6026abdcdef1,852,,3153.0,Payout,5.16,2026-09-28 09:53:47.881650,Completed
1242,1d9c368d-ce73-459e-a8a6-a3fab2be57ba,287,,3155.0,Payout,1948.6,2026-09-28 09:53:47.881650,Completed
1243,3e1e29d3-a038-4e80-b8b0-2ddae9563abd,309,,3157.0,Payout,60.19,2026-09-28 09:53:47.881650,Completed
1244,5a89f705-f6d3-4ad1-a42f-eeab080088fb,234,,3167.0,Payout,17780.8,2026-09-28 09:53:47.881650,Completed
1245,5d47807a-b0f3-4edf-80c2-71cec7588ffb,651,,3169.0,Payout,596.91,2026-09-28 09:53:47.881650,Completed
1246,90fde74c-13dd-433b-a320-650b4ed14b29,939,,3170.0,Payout,70.76,2026-09-28 09:53:47.881650,Completed
1247,eae4dc82-0d46-45f7-b2f1-4ef0333e1730,723,,3172.0,Payout,911.87,2026-09-28 09:53:47.881650,Completed
1248,fa19a09c-ba2c-4ac7-9f6d-23c4a802a16b,933,,3174.0,Payout,65.16,2026-09-28 09:53:47.881650,Completed
1249,4880c4ef-d36b-451e-ac6e-f3ca48553ef3,791,,3175.0,Payout,4809.48,2026-09-28 09:53:47.881650,Completed
1250,de6e8645-9219-4403-8439-486330d8cc7b,249,,3177.0,Payout,96.95,2026-09-28 09:53:47.881650,Completed
1251,6bf403ba-a8cf-425d-8d1b-81a03b13e304,750,,3179.0,Payout,26648.49,2026-09-28 09:53:47.881650,Completed
1252,2988ed51-ef7e-4cc6-a47b-5c3de6f3c6b6,308,,3180.0,Payout,149.86,2026-09-28 09:53:47.881650,Completed
1253,2976922c-2f5f-4de7-b957-571edb46dd0e,585,,3183.0,Payout,1008.41,2026-09-28 09:53:47.881650,Completed
1254,6e5cdac8-8b8c-4179-9da8-8a4b825127dd,137,,3184.0,Payout,16449.38,2026-09-28 09:53:47.881650,Completed
1255,bedc7225-97af-43da-888b-6776fd84fb19,147,,3185.0,Payout,3947.35,2026-09-28 09:53:47.881650,Completed
1256,a5eefa13-f1ce-43a0-a21e-8f3cedb8e1d1,645,,3188.0,Payout,123296.45,2026-09-28 09:53:47.881650,Completed
1257,475bd942-5fe7-4006-98c4-04d24eed2c70,211,,3191.0,Payout,132.2,2026-09-28 09:53:47.881650,Completed
1258,4d02e7c6-7261-44f5-bfeb-43864857186a,993,,3192.0,Payout,2423.32,2026-09-28 09:53:47.881650,Completed
1259,3731c4cb-2609-43ec-a51c-92196bc1cb54,543,,3195.0,Payout,314.71,2026-09-28 09:53:47.881650,Completed
1260,c9447585-5c8b-4d35-8448-b6fbff4facc5,519,,3196.0,Payout,235.8,2026-09-28 09:53:47.881650,Completed
1261,a062e3c0-337e-4d40-aefb-eadd8df55c18,868,,3200.0,Payout,141.57,2026-09-28 09:53:47.881650,Completed
1262,e0d68bcc-29ed-4235-a0c3-14635ede0f08,801,,3205.0,Payout,3348.81,2026-09-28 09:53:47.881650,Completed
1263,4e92ab70-7c1b-4cc3-a273-ef889d2a5baf,559,,3207.0,Payout,1351.87,2026-09-28 09:53:47.881650,Completed
1264,4af4a129-03ec-4575-b990-6cfaa4e92b6b,400,,3208.0,Payout,34831.32,2026-09-28 09:53:47.881650,Completed
1265,35f105d0-972b-493a-aa1c-2eb14e7b3218,750,,3209.0,Payout,888.18,2026-09-28 09:53:47.881650,Completed
1266,4b704bf7-aa79-47e9-9cd1-cdd8f9d4748a,911,,3211.0,Payout,3259.93,2026-09-28 09:53:47.881650,Completed
1267,953a7f5f-15be-4aef-bc91-08fbbe3cf09b,203,,3214.0,Payout,331.63,2026-09-28 09:53:47.881650,Completed
1268,9e3e4f94-6133-4c43-8400-f4ad939efb02,586,,3215.0,Payout,2109.03,2026-09-28 09:53:47.881650,Completed
1269,28aa908e-9747-44c0-b4e9-594d79cf73a7,56,,3217.0,Payout,8306.62,2026-09-28 09:53:47.881650,Completed
1270,d7491b2d-d0a4-49fe-b201-fa8a6d907c5f,699,,3218.0,Payout,146.1,2026-09-28 09:53:47.881650,Completed
1271,9d726102-038b-4f36-9f96-d103bae09821,549,,3223.0,Payout,6530.87,2026-09-28 09:53:47.881650,Completed
1272,ba3ce76f-c0d9-4851-b141-1e76bc3411ab,28,,3226.0,Payout,125.76,2026-09-28 09:53:47.881650,Completed
1273,990eceb1-1290-4002-9a69-e51a1bcefc4f,773,,3229.0,Payout,4733.88,2026-09-28 09:53:47.881650,Completed
1274,e9e7da54-de1a-40a6-82c5-877b56a1c422,513,,3232.0,Payout,58411.46,2026-09-28 09:53:47.881650,Completed
1275,c5f2cccb-16aa-4607-80b8-adb6b32b714f,42,,3238.0,Payout,1637.55,2026-09-28 09:53:47.881650,Completed
1276,6a306be3-6f59-493c-9f0b-ed6f5cd6075a,630,,3239.0,Payout,1443.76,2026-09-28 09:53:47.881650,Completed
1277,30296310-85e6-4a76-a1ce-de2c866b8974,887,,3240.0,Payout,95.69,2026-09-28 09:53:47.881650,Completed
1278,0ff9a586-ef34-4dae-9c6c-e102d03a9bf2,906,,3242.0,Payout,7022.29,2026-09-28 09:53:47.881650,Completed
1279,0b00982d-3a00-4062-93b2-d10314f92ef8,766,,3245.0,Payout,4909.66,2026-09-28 09:53:47.881650,Completed
1280,6555655c-b598-471c-9cde-b4669ebf2ab0,632,,3248.0,Payout,100.99,2026-09-28 09:53:47.881650,Completed
1281,76da4d43-214b-4a8d-9cfb-65a7940fdc87,84,,3249.0,Payout,6018.73,2026-09-28 09:53:47.881650,Completed
1282,5f1922df-ff7a-4d9f-8f09-c0a3ed857bbb,974,,3251.0,Payout,108.53,2026-09-28 09:53:47.881650,Completed
1283,baf169b8-f265-4906-bc86-1cbe00b3a477,910,,3252.0,Payout,3809.01,2026-09-28 09:53:47.881650,Completed
1284,dacbf9ff-4519-4f82-bb82-e0ddfcaf2501,640,,3254.0,Payout,1872.09,2026-09-28 09:53:47.881650,Completed
1285,1a776315-f01f-4dbf-9192-2b9696a694d9,981,,3256.0,Payout,1341.01,2026-09-28 09:53:47.881650,Completed
1286,4b85d752-152a-4081-8f6b-7f575a8e77e6,629,,3257.0,Payout,2006.74,2026-09-28 09:53:47.881650,Completed
1287,f232e300-92c8-4758-b09c-d99651d4c047,632,,3258.0,Payout,44375.34,2026-09-28 09:53:47.881650,Completed
1288,a17b73da-d46f-4641-9452-204ce2054d37,109,,3264.0,Payout,3312.93,2026-09-28 09:53:47.881650,Completed
1289,d1c23212-d87e-44de-8be7-f1bb1b5d4ba6,944,,3265.0,Payout,18514.52,2026-09-28 09:53:47.881650,Completed
1290,fb7ad8b3-e690-436e-9128-1f0c4be433da,64,,3266.0,Payout,208.77,2026-09-28 09:53:47.881650,Completed
1291,5029ec15-472e-4612-8a7e-8c1e1092009b,719,,3267.0,Payout,1024.54,2026-09-28 09:53:47.881650,Completed
1292,ac7073b2-c8fc-4cf6-b8d5-8ba9b25a834e,370,,3268.0,Payout,1049.68,2026-09-28 09:53:47.881650,Completed
1293,5164ce71-6a33-4f02-b7ae-47d8d7a91dac,558,,3273.0,Payout,33350.15,2026-09-28 09:53:47.881650,Completed
1294,9396a3e0-4a0c-4aea-9ebb-084f1c91f660,597,,3276.0,Payout,723.8,2026-09-28 09:53:47.881650,Completed
1295,8186e26c-ad1d-467b-8b5f-5bd380a5e5d5,616,,3277.0,Payout,321.66,2026-09-28 09:53:47.881650,Completed
1296,ed118132-db6d-4a2d-9846-5adb75f25783,347,,3285.0,Payout,1849.58,2026-09-28 09:53:47.881650,Completed
1297,5211ea52-c756-4cfc-92c3-7cc2af25010b,550,,3299.0,Payout,438.58,2026-09-28 09:53:47.881650,Completed
1298,4c4f88b7-97dc-46c1-9e14-b8a06e19270c,941,,3301.0,Payout,3102.6,2026-09-28 09:53:47.881650,Completed
1299,cf11a0e9-28eb-47f1-a80b-66a39ec68cf0,614,,3305.0,Payout,3505.74,2026-09-28 09:53:47.881650,Completed
1300,d292bffa-5af7-4389-af81-7ae74a4a7f3b,369,,3310.0,Payout,20129.41,2026-09-28 09:53:47.881650,Completed
1301,abb014f1-1bfc-4826-aba0-6398be5c18ab,907,,3315.0,Payout,76855.85,2026-09-28 09:53:47.881650,Completed
1302,2d7e302a-adb4-43ec-b7d3-49542c5d04f4,656,,3316.0,Payout,299.23,2026-09-28 09:53:47.881650,Completed
1303,e57013f9-987d-44ab-8c98-8b559db643be,353,,3318.0,Payout,855.28,2026-09-28 09:53:47.881650,Completed
1304,967197e9-81c6-475a-85b4-8f2716fc3f50,629,,3320.0,Payout,165.56,2026-09-28 09:53:47.881650,Completed
1305,3f07ddc6-362d-43d2-bd72-74f19a294d9f,360,,3322.0,Payout,520.05,2026-09-28 09:53:47.881650,Completed
1306,f1d9cd64-9c84-46ec-b795-4c961dfd90af,18,,3325.0,Payout,135.12,2026-09-28 09:53:47.881650,Completed
1307,87891eae-8a2b-4787-b53d-1c766222afc3,840,,3326.0,Payout,6500.55,2026-09-28 09:53:47.881650,Completed
1308,38036250-898c-4f50-8754-7f97031678ce,224,,3327.0,Payout,2938.32,2026-09-28 09:53:47.881650,Completed
1309,1c109d33-a230-4e16-af59-fd6ceb68e0fd,763,,3329.0,Payout,2753.18,2026-09-28 09:53:47.881650,Completed
1310,7d6c82ba-427c-44c3-aba5-cf12088cf051,802,,3330.0,Payout,11403.19,2026-09-28 09:53:47.881650,Completed
1311,0dc0f0d1-f402-4f02-978c-c1c5ae170379,180,,3335.0,Payout,13348.2,2026-09-28 09:53:47.881650,Completed
1312,87f2ff5f-d13c-4667-9461-1d69873885f2,708,,3337.0,Payout,46.97,2026-09-28 09:53:47.881650,Completed
1313,b2e12668-e3a2-49d5-a628-712a1ccb42cb,29,,3338.0,Payout,7100.13,2026-09-28 09:53:47.881650,Completed
1314,2c95c42b-2712-4024-9a6b-8197feeb97cc,600,,3340.0,Payout,7374.73,2026-09-28 09:53:47.881650,Completed
1315,78869f50-45b1-40fa-94f9-4e5243d1f7f6,494,,3342.0,Payout,58.98,2026-09-28 09:53:47.881650,Completed
1316,223ae8e8-43de-42ec-adb7-285d8960ccfb,123,,3344.0,Payout,2595.67,2026-09-28 09:53:47.881650,Completed
1317,192d082d-0084-48cf-a9e0-754ab18c85ef,515,,3347.0,Payout,7510.88,2026-09-28 09:53:47.881650,Completed
1318,20e5e548-8a10-4216-bc4c-9156cd53feb7,308,,3350.0,Payout,8060.59,2026-09-28 09:53:47.881650,Completed
1319,7419ede6-7849-4e4a-a3fd-e75b43c4306e,684,,3352.0,Payout,47.9,2026-09-28 09:53:47.881650,Completed
1320,b8c086bf-fc18-407b-ac95-a64d5126521a,555,,3354.0,Payout,80381.22,2026-09-28 09:53:47.881650,Completed
1321,a366c757-15b8-4e0b-8dc7-c71bb6d336b1,520,,3356.0,Payout,1625.15,2026-09-28 09:53:47.881650,Completed
1322,c3206350-0ac5-4154-8499-01225c4f7535,900,,3357.0,Payout,100.27,2026-09-28 09:53:47.881650,Completed
1323,7646f9b0-34be-4c5f-bba2-7656f44728df,767,,3358.0,Payout,1571.32,2026-09-28 09:53:47.881650,Completed
1324,46b351d2-7156-4e22-ac3a-3efd1686f9d6,963,,3359.0,Payout,623.86,2026-09-28 09:53:47.881650,Completed
1325,938b0c76-8789-44eb-a00b-7a5dd0d28ea9,298,,3364.0,Payout,10411.54,2026-09-28 09:53:47.881650,Completed
1326,e68861c3-ec27-4e7e-a2f6-6eb1ef0b54f5,526,,3366.0,Payout,3826.09,2026-09-28 09:53:47.881650,Completed
1327,e921a855-e39f-4aa6-9f8d-e63a189eb5ac,135,,3368.0,Payout,288.48,2026-09-28 09:53:47.881650,Completed
1328,0bf32888-ef8c-4644-bfbf-7d35a2ced48d,18,,3369.0,Payout,447.37,2026-09-28 09:53:47.881650,Completed
1329,43b5883a-aa3e-4f1e-8e90-99f4b873d77e,655,,3372.0,Payout,1808.06,2026-09-28 09:53:47.881650,Completed
1330,5be59259-a522-4acf-807c-69128cdc4dc8,883,,3374.0,Payout,153.09,2026-09-28 09:53:47.881650,Completed
1331,ed5b5c84-7e63-4b84-aa0c-ce4570e3f370,595,,3381.0,Payout,1514.61,2026-09-28 09:53:47.881650,Completed
1332,8d193d92-e43a-433b-8188-ebcc37e816ed,656,,3384.0,Payout,40627.99,2026-09-28 09:53:47.881650,Completed
1333,e14513a6-fb0d-4b22-b7cf-7b262ec6245a,584,,3385.0,Payout,64425.27,2026-09-28 09:53:47.881650,Completed
1334,ce42943a-c6de-4a26-9489-131fcf7cc25d,639,,3387.0,Payout,255.3,2026-09-28 09:53:47.881650,Completed
1335,879aae85-aa32-42aa-8560-cdd2aee23ae9,323,,3392.0,Payout,801.64,2026-09-28 09:53:47.881650,Completed
1336,df2aafad-8912-45ee-a28f-145c2b9520c8,64,,3393.0,Payout,3337.93,2026-09-28 09:53:47.881650,Completed
1337,c3a1f7de-8ac5-4982-8e39-15c8e20a6c96,66,,3395.0,Payout,1730.16,2026-09-28 09:53:47.881650,Completed
1338,26b25de4-6144-4870-8dd8-75e1b4884613,337,,3398.0,Payout,589.88,2026-09-28 09:53:47.881650,Completed
1339,6e85b4ae-43a0-41d8-b84d-18b2220941e8,993,,3399.0,Payout,22585.52,2026-09-28 09:53:47.881650,Completed
1340,be2211e3-a756-4c56-a238-fc1abacfa9c3,985,,3400.0,Payout,625.16,2026-09-28 09:53:47.881650,Completed
1341,187c48c1-dc58-496c-9dc9-9b29dec00f0c,758,,3403.0,Payout,20693.66,2026-09-28 09:53:47.881650,Completed
1342,50812f6f-94c6-4800-9d5c-38fd8e30fc85,133,,3405.0,Payout,651.16,2026-09-28 09:53:47.881650,Completed
1343,d469bee4-47d3-4f0b-96de-0c649de25e52,15,,3410.0,Payout,2114.96,2026-09-28 09:53:47.881650,Completed
1344,7e33c641-4f26-45b4-a02c-15a71d63bc08,59,,3411.0,Payout,6415.68,2026-09-28 09:53:47.881650,Completed
1345,b78f59a2-c981-46c4-8ec0-b486603df602,928,,3413.0,Payout,67508.19,2026-09-28 09:53:47.881650,Completed
1346,cf66cd70-0ca1-4606-9aa4-42142074c76a,155,,3417.0,Payout,3164.7,2026-09-28 09:53:47.881650,Completed
1347,83da42fd-2208-4a3e-8f9f-db0d8ca0ee21,793,,3419.0,Payout,762.67,2026-09-28 09:53:47.881650,Completed
1348,a2ba452c-1b01-4647-a674-2f94a252d5a1,637,,3420.0,Payout,181.31,2026-09-28 09:53:47.881650,Completed
1349,2f57bb02-1e9f-4aed-bbbd-4e2ca8cea947,980,,3421.0,Payout,337.7,2026-09-28 09:53:47.881650,Completed
1350,50d59210-aef8-4dd5-9bab-e409fe4ab526,273,,3423.0,Payout,213.6,2026-09-28 09:53:47.881650,Completed
1351,f3e35c6c-b9ad-4dab-aed2-7e4cdfc86502,766,,3424.0,Payout,2349.08,2026-09-28 09:53:47.881650,Completed
1352,90a599f7-a472-4978-b07a-6f570af4a2b4,615,,3428.0,Payout,55653.29,2026-09-28 09:53:47.881650,Completed
1353,2da38348-dfb4-4bd3-bfb3-aa3b1d7ab9a8,358,,3432.0,Payout,61.73,2026-09-28 09:53:47.881650,Completed
1354,0426e132-c53f-4d60-829a-b44e25605fca,910,,3433.0,Payout,141.72,2026-09-28 09:53:47.881650,Completed
1355,b71c2e41-8a72-4d76-a186-0426094105bc,885,,3434.0,Payout,5791.47,2026-09-28 09:53:47.881650,Completed
1356,a98b710c-abf6-4d05-a4c8-3b74ce362110,285,,3435.0,Payout,2764.12,2026-09-28 09:53:47.881650,Completed
1357,35348c7a-1081-4cfc-b02f-e2e08b4c33bb,979,,3439.0,Payout,647.85,2026-09-28 09:53:47.881650,Completed
1358,84bd0a53-55b9-4ced-8136-5628247e244a,588,,3442.0,Payout,1451.52,2026-09-28 09:53:47.881650,Completed
1359,20563ea3-9b58-429f-aea9-5d3d10591b84,283,,3445.0,Payout,2348.16,2026-09-28 09:53:47.881650,Completed
1360,8bf840cf-d060-4cdd-bdfb-70b42a51a4ff,968,,3447.0,Payout,14584.5,2026-09-28 09:53:47.881650,Completed
1361,06d29fe9-d821-420c-b77b-43d99d85666e,524,,3451.0,Payout,243.53,2026-09-28 09:53:47.881650,Completed
1362,05e6f3bd-2eb8-4b09-8fa8-b49bfcf5702a,292,,3452.0,Payout,598.46,2026-09-28 09:53:47.881650,Completed
1363,fc86e34a-022f-4734-8616-a94150172389,337,,3453.0,Payout,11572.83,2026-09-28 09:53:47.881650,Completed
1364,4b0c9904-92fe-4ccd-8f11-ff5f82a93ea9,39,,3457.0,Payout,318.91,2026-09-28 09:53:47.881650,Completed
1365,4f4957b2-f9d5-474d-9e27-5bb46e6a8b2a,344,,3460.0,Payout,49.1,2026-09-28 09:53:47.881650,Completed
1366,c9c5b799-32e7-44b3-9186-1e56757c5687,624,,3462.0,Payout,1408.11,2026-09-28 09:53:47.881650,Completed
1367,8b056082-2e25-4f1f-ba7d-ad3771094b4b,755,,3465.0,Payout,222.5,2026-09-28 09:53:47.881650,Completed
1368,139b46f9-bfeb-461c-9cb3-8f2f7918d33c,203,,3466.0,Payout,26777.35,2026-09-28 09:53:47.881650,Completed
1369,ba6126b7-2cd9-43f1-a10f-764cb08e40de,166,,3472.0,Payout,684.9,2026-09-28 09:53:47.881650,Completed
1370,ea3723ae-bad6-48b5-b9c0-9a3458f5504c,622,,3483.0,Payout,221.78,2026-09-28 09:53:47.881650,Completed
1371,29ac58c2-7d97-4879-b551-d71cac20b8b4,377,,3484.0,Payout,53866.7,2026-09-28 09:53:47.881650,Completed
1372,06be8d7d-3df6-436c-8ee1-452f0c596593,384,,3486.0,Payout,2337.94,2026-09-28 09:53:47.881650,Completed
1373,3bc0c5e6-c800-4328-88b8-7523934701ec,225,,3487.0,Payout,154.65,2026-09-28 09:53:47.881650,Completed
1374,4cb57d67-2a76-4dd2-9595-b2320faf1c05,648,,3488.0,Payout,3366.39,2026-09-28 09:53:47.881650,Completed
1375,1d20bd82-f9b6-46fd-b1ec-bd711def6932,108,,3500.0,Payout,11760.11,2026-09-28 09:53:47.881650,Completed
1376,babdc9ed-9d77-4afc-8e99-51a4e594544a,234,,3504.0,Payout,455.54,2026-09-28 09:53:47.881650,Completed
1377,1ee333e9-9fdc-4fb0-872d-2d98dd214094,10,,3505.0,Payout,16757.94,2026-09-28 09:53:47.881650,Completed
1378,f0fa182b-9706-4344-a9ee-643975a90968,558,,3507.0,Payout,37303.21,2026-09-28 09:53:47.881650,Completed
1379,db583175-f961-4cb5-8257-a3102af2de3f,762,,3508.0,Payout,17129.09,2026-09-28 09:53:47.881650,Completed
1380,e584bcfd-3788-428b-9bf1-f3369062f876,59,,3511.0,Payout,3570.7,2026-09-28 09:53:47.881650,Completed
1381,85c77f76-b362-4722-b96d-68972f7ecdd3,724,,3513.0,Payout,7587.96,2026-09-28 09:53:47.881650,Completed
1382,7b4f4c8f-5cef-4225-8c66-c73d61e73625,559,,3514.0,Payout,343.88,2026-09-28 09:53:47.881650,Completed
1383,566b0459-79b4-4619-a3c9-f9fce213a076,334,,3517.0,Payout,769.94,2026-09-28 09:53:47.881650,Completed
1384,9462441c-d4ff-460a-be60-a5c7a6b2d2b6,767,,3518.0,Payout,858.69,2026-09-28 09:53:47.881650,Completed
1385,a7372b4d-a2dd-4820-84b5-d90120a5994b,784,,3521.0,Payout,303.34,2026-09-28 09:53:47.881650,Completed
1386,ce86b929-5b0e-4801-9a6a-4085492aaf48,231,,3522.0,Payout,1338.58,2026-09-28 09:53:47.881650,Completed
1387,5fa22924-d734-4c6f-a978-4bdb8d49abb7,982,,3531.0,Payout,13457.52,2026-09-28 09:53:47.881650,Completed
1388,922937ee-b244-4e86-ac14-f7aa0456336a,225,,3534.0,Payout,612.09,2026-09-28 09:53:47.881650,Completed
1389,e2ebf895-a935-427f-be08-7c7b060a63d1,121,,3535.0,Payout,2935.17,2026-09-28 09:53:47.881650,Completed
1390,3040f5f6-9af8-4425-a55b-f9a57d3d1715,631,,3537.0,Payout,12530.68,2026-09-28 09:53:47.881650,Completed
1391,86228660-2155-4a35-9cd1-8fed59b12c76,866,,3538.0,Payout,8915.05,2026-09-28 09:53:47.881650,Completed
1392,65c64d4a-3bac-4f47-99e2-c3cf08d47c75,426,,3540.0,Payout,215.17,2026-09-28 09:53:47.881650,Completed
1393,1fd5f87d-ba9e-4989-b098-9ab8c9492c16,268,,3541.0,Payout,2366.57,2026-09-28 09:53:47.881650,Completed
1394,a1a3c19d-1c85-4732-b5f3-a8b7b5d6aa3c,596,,3542.0,Payout,1060.31,2026-09-28 09:53:47.881650,Completed
1395,580dd78e-ff6c-4e8b-bb80-ebe970900c3a,836,,3545.0,Payout,3191.7,2026-09-28 09:53:47.881650,Completed
1396,974eea95-ce9b-4417-8769-4e4f061e1ae8,13,,3549.0,Payout,310.0,2026-09-28 09:53:47.881650,Completed
1397,7a29034c-fc3c-4b29-9617-901a0761146c,656,,3555.0,Payout,51917.88,2026-09-28 09:53:47.881650,Completed
1398,540b86e1-1dfc-43e8-a551-ad391557649f,38,,3556.0,Payout,15881.2,2026-09-28 09:53:47.881650,Completed
1399,ebee916b-e268-4c70-9ece-3c32d8113d53,703,,3557.0,Payout,5562.48,2026-09-28 09:53:47.881650,Completed
1400,3fb08d4d-95eb-4d40-a351-64d92a2f1d4e,64,,3559.0,Payout,1011.41,2026-09-28 09:53:47.881650,Completed
1401,79b61537-c6d0-4226-bf4e-58bc7f572b7d,515,,3563.0,Payout,208.63,2026-09-28 09:53:47.881650,Completed
1402,1683db41-dfeb-41ef-be52-afe5c836fe3d,305,,3565.0,Payout,169.74,2026-09-28 09:53:47.881650,Completed
1403,cbbdff19-7248-46bd-ade4-3075fae3f596,347,,3568.0,Payout,367.11,2026-09-28 09:53:47.881650,Completed
1404,7f9db8c5-0778-4360-b445-71d8d338b793,62,,3572.0,Payout,1630.96,2026-09-28 09:53:47.881650,Completed
1405,14e48a41-ee39-492c-b4bb-eae18cc7b93d,200,,3573.0,Payout,321.62,2026-09-28 09:53:47.881650,Completed
1406,f5c3caa7-6dde-47b4-a754-5cfdc4efcb9c,242,,3576.0,Payout,1104.83,2026-09-28 09:53:47.881650,Completed
1407,40b4be67-bdb1-4211-a459-99104681fccb,729,,3578.0,Payout,52555.47,2026-09-28 09:53:47.881650,Completed
1408,5fe8b390-7a32-4c8c-8ebb-2a25e0b6f60c,132,,3579.0,Payout,22.07,2026-09-28 09:53:47.881650,Completed
1409,86de18be-fbfb-431d-90f1-97448c7f3cc0,196,,3581.0,Payout,41382.56,2026-09-28 09:53:47.881650,Completed
1410,eb3d6858-9418-4ee4-85dc-1c3517dca4d1,934,,3583.0,Payout,786.94,2026-09-28 09:53:47.881650,Completed
1411,f2e85590-d75c-4870-b944-e85a8f22421d,277,,3586.0,Payout,62478.93,2026-09-28 09:53:47.881650,Completed
1412,2bcd6995-c0a5-4552-9406-92d476ce37ca,697,,3594.0,Payout,2626.39,2026-09-28 09:53:47.881650,Completed
1413,a1b8cb70-1ef5-428d-b896-d32a5c0c2cb9,748,,3595.0,Payout,39188.31,2026-09-28 09:53:47.881650,Completed
1414,0db1c405-7d63-4ff7-b483-c5c0715911a6,366,,3597.0,Payout,4221.79,2026-09-28 09:53:47.881650,Completed
1415,2ca516eb-f931-46a2-ab19-60c7546a6a58,968,,3599.0,Payout,448.93,2026-09-28 09:53:47.881650,Completed
1416,8b2fedd1-91cf-4d65-add8-6feb39ee3a16,101,,3600.0,Payout,84.79,2026-09-28 09:53:47.881650,Completed
1417,ecca7828-8c3c-4e3b-8f0e-8bfe0b9fbf82,702,,3602.0,Payout,242888.65,2026-09-28 09:53:47.881650,Completed
1418,78d264b8-a477-4609-85ac-d98a380f50e2,3,,3605.0,Payout,1105.4,2026-09-28 09:53:47.881650,Completed
1419,d2c3c335-dac8-4327-9eb0-92a8b9fa50a8,189,,3608.0,Payout,1848.12,2026-09-28 09:53:47.881650,Completed
1420,75e8b8ce-03f7-4bbb-861a-1a9bd123bc24,729,,3611.0,Payout,165.71,2026-09-28 09:53:47.881650,Completed
1421,e8ff35cc-b216-4ec3-b2a8-4fe386d1dcd7,890,,3612.0,Payout,2749.35,2026-09-28 09:53:47.881650,Completed
1422,4aa9218f-ee63-4beb-a279-797a4c187c4d,643,,3613.0,Payout,838.93,2026-09-28 09:53:47.881650,Completed
1423,8d2079ba-6ed7-45f4-a173-930448cc80d4,948,,3617.0,Payout,8704.7,2026-09-28 09:53:47.881650,Completed
1424,0843049b-4660-4de8-b9ec-90f9d24bccaa,723,,3619.0,Payout,2110.96,2026-09-28 09:53:47.881650,Completed
1425,f2ce1305-30e7-4a27-af35-488a959b0a83,812,,3627.0,Payout,417.19,2026-09-28 09:53:47.881650,Completed
1426,67d0879b-c897-43bf-8718-55c340be4b59,676,,3631.0,Payout,168.75,2026-09-28 09:53:47.881650,Completed
1427,b5b5d379-bb6b-423d-8d29-7dfd9c48be05,946,,3634.0,Payout,1611.93,2026-09-28 09:53:47.881650,Completed
1428,e6b5c15a-3c8d-4863-afc3-eefacfb90fbe,123,,3636.0,Payout,1212.71,2026-09-28 09:53:47.881650,Completed
1429,fe411c95-7278-4448-863e-4c4f94f3e2b2,225,,3638.0,Payout,423.62,2026-09-28 09:53:47.881650,Completed
1430,1cb3b82a-44b0-4705-82e5-6dc6bb02af0c,804,,3639.0,Payout,3929.34,2026-09-28 09:53:47.881650,Completed
1431,1e7e174d-1880-4ed8-af35-45a1aa266c0f,448,,3643.0,Payout,1643.88,2026-09-28 09:53:47.881650,Completed
1432,b12116ea-2731-4313-ba1b-945bd9b0fd60,425,,3644.0,Payout,2645.55,2026-09-28 09:53:47.881650,Completed
1433,bd0efe07-a0bc-4f8c-91df-f2122e720c13,464,,3645.0,Payout,130.38,2026-09-28 09:53:47.881650,Completed
1434,6cb566fc-328d-48b3-9b7e-2e3f4cd4f347,429,,3647.0,Payout,32997.01,2026-09-28 09:53:47.881650,Completed
1435,aaa084c1-3074-461f-8877-bce3d01ef742,136,,3648.0,Payout,34634.1,2026-09-28 09:53:47.881650,Completed
1436,c7d971d6-4d05-4812-a166-38d8fcf176e2,979,,3652.0,Payout,30923.27,2026-09-28 09:53:47.881650,Completed
1437,fe3d64ff-536b-40f7-a163-be691eacb264,176,,3653.0,Payout,6233.66,2026-09-28 09:53:47.881650,Completed
1438,2071c397-b2ca-4ddd-9443-405dc395f2b2,691,,3656.0,Payout,89.87,2026-09-28 09:53:47.881650,Completed
1439,cf4b85cf-40eb-4794-896c-f18ce7d992d1,250,,3657.0,Payout,394.11,2026-09-28 09:53:47.881650,Completed
1440,6ac2bec5-6f5e-4669-b75e-cb708d43886a,131,,3661.0,Payout,200.97,2026-09-28 09:53:47.881650,Completed
1441,920bd2c7-4d9b-4e02-a26e-c98d99163af7,317,,3668.0,Payout,56043.16,2026-09-28 09:53:47.881650,Completed
1442,b2281517-6d80-4cdd-9503-497db52c4841,139,,3672.0,Payout,392.09,2026-09-28 09:53:47.881650,Completed
1443,1d313bbc-ee29-4ede-89af-3a03d887f658,651,,3677.0,Payout,1564.4,2026-09-28 09:53:47.881650,Completed
1444,5254535a-a374-4795-b905-cb4a5986228a,686,,3678.0,Payout,299.34,2026-09-28 09:53:47.881650,Completed
1445,72d12960-f8f0-4cbd-82b7-bc0fc9f9ec68,483,,3679.0,Payout,3362.01,2026-09-28 09:53:47.881650,Completed
1446,eca45a72-8024-40df-bdbc-668f08cf80de,519,,3680.0,Payout,174200.21,2026-09-28 09:53:47.881650,Completed
1447,78bd4532-3b41-4a62-8cfa-eda05bfd0723,259,,3681.0,Payout,17156.57,2026-09-28 09:53:47.881650,Completed
1448,cace3143-b554-4bf1-9301-3b60b9544274,629,,3683.0,Payout,5129.32,2026-09-28 09:53:47.881650,Completed
1449,f215fcd2-30e8-407c-a1e4-61e4c1a1bca2,423,,3686.0,Payout,2088.29,2026-09-28 09:53:47.881650,Completed
1450,381774ab-907a-4d7c-8734-4460b7320d5e,989,,3689.0,Payout,15563.7,2026-09-28 09:53:47.881650,Completed
1451,3236692b-2580-401a-9cde-7b79e05da18a,999,,3690.0,Payout,1340.04,2026-09-28 09:53:47.881650,Completed
1452,a0e3f583-c236-44ba-b2c6-45a031c5301c,855,,3692.0,Payout,172.27,2026-09-28 09:53:47.881650,Completed
1453,9632bf93-ca91-45c4-9bc1-57539c11c4fb,466,,3695.0,Payout,38500.43,2026-09-28 09:53:47.881650,Completed
1454,7abef8cd-0149-4d1b-ba2c-56d1124c41fa,545,,3699.0,Payout,628.88,2026-09-28 09:53:47.881650,Completed
1455,bd57599b-1dfb-44c1-8b5e-1b6f003404ee,942,,3700.0,Payout,145.38,2026-09-28 09:53:47.881650,Completed
1456,4daa6cef-234f-493e-9eff-91ac53a89056,544,,3701.0,Payout,6008.84,2026-09-28 09:53:47.881650,Completed
1457,9ccea876-da97-4775-a35b-7ed20fda5101,233,,3708.0,Payout,343508.3,2026-09-28 09:53:47.881650,Completed
1458,b7a29954-83be-4276-b3cc-e092b251d13c,455,,3709.0,Payout,9983.63,2026-09-28 09:53:47.881650,Completed
1459,fb72a725-b73f-4667-b0dd-96ac605acc2d,815,,3716.0,Payout,112.6,2026-09-28 09:53:47.881650,Completed
1460,d6f486bb-4c0c-43f2-ad66-a123620c8c89,401,,3717.0,Payout,95.81,2026-09-28 09:53:47.881650,Completed
1461,dea51a94-afc9-4734-ad98-a4f14b4c165b,805,,3718.0,Payout,1033.32,2026-09-28 09:53:47.881650,Completed
1462,e8ebb1e0-151c-434a-868e-e89c8f9d2dd9,922,,3721.0,Payout,55344.92,2026-09-28 09:53:47.881650,Completed
1463,8a04c0eb-aa18-4918-9e09-65532763b431,16,,3723.0,Payout,280.76,2026-09-28 09:53:47.881650,Completed
1464,9a654aaa-055b-4efb-abf3-7a06e3d21908,573,,3726.0,Payout,38796.71,2026-09-28 09:53:47.881650,Completed
1465,e171f796-1b93-4db5-a571-05505d19a980,245,,3727.0,Payout,327.08,2026-09-28 09:53:47.881650,Completed
1466,1c0ad1df-a1d3-429d-80e7-d1726188bfba,571,,3732.0,Payout,10669.6,2026-09-28 09:53:47.881650,Completed
1467,3a4073b5-c731-46ea-b090-658402d05264,367,,3733.0,Payout,4055.18,2026-09-28 09:53:47.881650,Completed
1468,0e71b956-2249-4e94-baac-56b3ffbf122b,159,,3734.0,Payout,2591.71,2026-09-28 09:53:47.881650,Completed
1469,cd378d2b-304c-4e98-b082-cbf2310b3649,810,,3737.0,Payout,592.16,2026-09-28 09:53:47.881650,Completed
1470,f2b6221b-dc40-4436-867f-932ee887a38c,391,,3738.0,Payout,120.22,2026-09-28 09:53:47.881650,Completed
1471,9ae89796-afaf-4460-baa6-f1457deb46d6,408,,3740.0,Payout,164.13,2026-09-28 09:53:47.881650,Completed
1472,1ef8c7c4-245a-4796-bfc3-35022b1d8a4b,267,,3741.0,Payout,82.94,2026-09-28 09:53:47.881650,Completed
1473,584a7a07-9037-48cb-bacd-6e166376452e,275,,3744.0,Payout,4170.87,2026-09-28 09:53:47.881650,Completed
1474,f3d4008c-8b1a-4b2a-a129-60a7fdb46ccf,758,,3750.0,Payout,14696.36,2026-09-28 09:53:47.881650,Completed
1475,224505c5-a3a3-4aed-81a5-bdae38ad6cae,412,,3752.0,Payout,571.94,2026-09-28 09:53:47.881650,Completed
1476,6cd86dce-9b63-45d6-b6e4-8be9aa53b5ca,462,,3753.0,Payout,150.36,2026-09-28 09:53:47.881650,Completed
1477,40bdffc5-1381-49df-bfde-a2169a551923,304,,3756.0,Payout,7340.92,2026-09-28 09:53:47.881650,Completed
1478,79891133-cc69-4ab7-b8e8-c60bd3df7874,462,,3761.0,Payout,3208.39,2026-09-28 09:53:47.881650,Completed
1479,93610b47-442d-4a6a-8fdb-b354b700f4e8,936,,3763.0,Payout,27550.81,2026-09-28 09:53:47.881650,Completed
1480,ea34b39f-6175-448c-ad3d-7b5e13d7219e,321,,3768.0,Payout,16187.15,2026-09-28 09:53:47.881650,Completed
1481,fc8c13d9-4553-49ca-840e-acdad708621e,788,,3770.0,Payout,356.04,2026-09-28 09:53:47.881650,Completed
1482,4a7073df-bbc5-4be1-bfd4-dfee5a3217df,434,,3771.0,Payout,4245.91,2026-09-28 09:53:47.881650,Completed
1483,e398df39-f8f6-42fe-9465-5b63a0cbdc72,310,,3773.0,Payout,44.99,2026-09-28 09:53:47.881650,Completed
1484,74b82c42-538e-460a-be93-355fefda7eea,76,,3774.0,Payout,742.06,2026-09-28 09:53:47.881650,Completed
1485,7c8b7fbb-04e0-40a7-b867-e7e04ca8048f,910,,3775.0,Payout,507.91,2026-09-28 09:53:47.881650,Completed
1486,a13326cc-25a7-4043-b151-bb3b108dccee,862,,3777.0,Payout,2061.63,2026-09-28 09:53:47.881650,Completed
1487,f5164454-1422-4f28-8639-841741e16bad,271,,3780.0,Payout,268.14,2026-09-28 09:53:47.881650,Completed
1488,582c5fde-8b16-45e7-b64f-af4253374e81,915,,3782.0,Payout,139221.09,2026-09-28 09:53:47.881650,Completed
1489,8bbc2f57-c187-470c-81db-04d9f5d6e960,553,,3783.0,Payout,24463.09,2026-09-28 09:53:47.881650,Completed
1490,b9326167-af88-4ff1-9a99-678415f6ddb3,463,,3786.0,Payout,604.17,2026-09-28 09:53:47.881650,Completed
1491,f2e96c23-77c9-4d84-b50f-66fe72814007,353,,3787.0,Payout,890.16,2026-09-28 09:53:47.881650,Completed
1492,5a753ffc-a834-4177-9e34-6a844100e98e,855,,3788.0,Payout,152.34,2026-09-28 09:53:47.881650,Completed
1493,b079fd2f-c962-4582-9e15-ae6c9a037520,908,,3790.0,Payout,4629.31,2026-09-28 09:53:47.881650,Completed
1494,8357ca96-a964-42d0-a383-2f6067223b74,560,,3791.0,Payout,5.85,2026-09-28 09:53:47.881650,Completed
1495,567ed93b-5b85-4b28-a5ec-c061f9700bfc,228,,3792.0,Payout,62.62,2026-09-28 09:53:47.881650,Completed
1496,59abc755-5472-4b44-9ff3-d810d3683c1b,821,,3796.0,Payout,8434.41,2026-09-28 09:53:47.881650,Completed
1497,30e61250-86e7-4899-a6b2-d477016be3df,259,,3799.0,Payout,1284.09,2026-09-28 09:53:47.881650,Completed
1498,0eed3091-5efd-4613-bf92-55032da2bdc5,273,,3800.0,Payout,39465.9,2026-09-28 09:53:47.881650,Completed
1499,bbb43fbf-4dee-41b4-a0ac-239919b5ebae,173,,3802.0,Payout,49.88,2026-09-28 09:53:47.881650,Completed
1500,d11b8b83-bfd0-4b8a-a6bf-82853021a892,629,,3803.0,Payout,551.59,2026-09-28 09:53:47.881650,Completed
1501,b1074ee4-16bd-4436-95b1-5dfe2112d545,674,,3804.0,Payout,2021.22,2026-09-28 09:53:47.881650,Completed
1502,961f97d6-5267-4586-8739-643fd11b732b,265,,3810.0,Payout,140.44,2026-09-28 09:53:47.881650,Completed
1503,770d6372-50d7-42af-a945-96ca0cadd036,46,,3811.0,Payout,208.64,2026-09-28 09:53:47.881650,Completed
1504,aae1eb29-7675-438c-8630-ea2d220a942a,18,,3812.0,Payout,3553.01,2026-09-28 09:53:47.881650,Completed
1505,efb37ee2-19e8-4218-801b-94ae4d8869e1,934,,3814.0,Payout,37785.36,2026-09-28 09:53:47.881650,Completed
1506,4c18fdf5-93ab-435d-8635-faa271f1bdcf,593,,3817.0,Payout,9817.81,2026-09-28 09:53:47.881650,Completed
1507,7c500cf7-f565-4eb3-9554-c643dc2fee96,548,,3818.0,Payout,160.51,2026-09-28 09:53:47.881650,Completed
1508,65a234f3-a459-4f70-8cce-f894e820f584,562,,3825.0,Payout,352.91,2026-09-28 09:53:47.881650,Completed
1509,6cb28759-10d6-47a1-8448-8f6cee432b0a,891,,3829.0,Payout,120.68,2026-09-28 09:53:47.881650,Completed
1510,b62eea27-8434-49ff-9bae-203e51e687ca,322,,3830.0,Payout,699.48,2026-09-28 09:53:47.881650,Completed
1511,9e82726f-0e9f-4779-8aba-4989d5a79fb3,872,,3831.0,Payout,1721.79,2026-09-28 09:53:47.881650,Completed
1512,626e7fbd-9993-43fa-9403-7c1b3312c0ad,51,,3832.0,Payout,43.6,2026-09-28 09:53:47.881650,Completed
1513,901f066c-274f-4250-af4d-d5aafeb3a049,954,,3834.0,Payout,95052.36,2026-09-28 09:53:47.881650,Completed
1514,73f575dc-118e-44c5-972b-d5d770654ac1,49,,3835.0,Payout,9578.35,2026-09-28 09:53:47.881650,Completed
1515,c05a5c60-9c73-4952-b661-63053b4116b7,272,,3837.0,Payout,2373.16,2026-09-28 09:53:47.881650,Completed
1516,bb54f34f-fdd8-41f1-987c-5d5983d68a7b,118,,3838.0,Payout,242.99,2026-09-28 09:53:47.881650,Completed
1517,fad7ffe9-b48d-4980-a829-06c583615def,786,,3841.0,Payout,1950.05,2026-09-28 09:53:47.881650,Completed
1518,ab793082-ae3e-4b2a-ae20-51c7d3e0a875,889,,3843.0,Payout,128.01,2026-09-28 09:53:47.881650,Completed
1519,b958e47e-f97b-408b-9fe3-d72426bc87a7,465,,3845.0,Payout,27480.31,2026-09-28 09:53:47.881650,Completed
1520,ad5178c1-e59a-4d26-ab90-b1df0e407e58,762,,3846.0,Payout,1986.86,2026-09-28 09:53:47.881650,Completed
1521,ec12425a-e4c6-414e-96e8-a7c0970e132c,804,,3847.0,Payout,663.34,2026-09-28 09:53:47.881650,Completed
1522,a9f088d0-a110-4aa9-9442-74c912f82fc4,871,,3848.0,Payout,2027.83,2026-09-28 09:53:47.881650,Completed
1523,cdbca1bc-08db-4666-9ffd-58bca5458b0b,533,,3849.0,Payout,108.69,2026-09-28 09:53:47.881650,Completed
1524,ba4eaedd-f521-4214-b36d-136a12a00121,140,,3856.0,Payout,471.63,2026-09-28 09:53:47.881650,Completed
1525,93555232-2d09-42fe-9093-8c72d924ffbd,89,,3859.0,Payout,26.65,2026-09-28 09:53:47.881650,Completed
1526,4b249f29-266a-43b4-8711-b98e3c433aae,610,,3866.0,Payout,155.06,2026-09-28 09:53:47.881650,Completed
1527,9a04838b-cf65-42d3-a1c6-2af23e162dc1,131,,3868.0,Payout,2393.05,2026-09-28 09:53:47.881650,Completed
1528,26ecf464-21a7-49cb-81c7-1916a4ae5254,373,,3869.0,Payout,4173.34,2026-09-28 09:53:47.881650,Completed
1529,d12ebb17-79ac-4265-b8f4-558f1a7f1c0d,897,,3870.0,Payout,5842.27,2026-09-28 09:53:47.881650,Completed
1530,845505cf-c17c-413d-925d-dfd1883e62fc,103,,3871.0,Payout,21.92,2026-09-28 09:53:47.881650,Completed
1531,e34dec99-320b-447b-8613-2dc788a61e8b,338,,3873.0,Payout,204.09,2026-09-28 09:53:47.881650,Completed
1532,fd0c921f-4536-4842-a1ae-1d5886f150de,894,,3879.0,Payout,578.49,2026-09-28 09:53:47.881650,Completed
1533,91f01a0d-79fa-4aaf-bad5-4049d243a7ca,88,,3881.0,Payout,141.37,2026-09-28 09:53:47.881650,Completed
1534,d4802a9e-dc24-4efb-b1c2-58f43cbf442c,560,,3882.0,Payout,71.53,2026-09-28 09:53:47.881650,Completed
1535,4acc82cb-98c0-48d1-b6dd-61ade5075b55,958,,3883.0,Payout,419.64,2026-09-28 09:53:47.881650,Completed
1536,54ac596c-a394-4769-8a0e-f6b906499f83,293,,3884.0,Payout,2000.19,2026-09-28 09:53:47.881650,Completed
1537,87bd972b-0627-4bc3-958f-b9ed5087f3b1,618,,3885.0,Payout,10623.6,2026-09-28 09:53:47.881650,Completed
1538,7ac09b51-45c2-4b17-934b-d1184cff0934,635,,3886.0,Payout,199.27,2026-09-28 09:53:47.881650,Completed
1539,1ee9096b-d1c9-435e-afc6-5d4cba58cdfc,672,,3890.0,Payout,4460.91,2026-09-28 09:53:47.881650,Completed
1540,3b47847f-7ede-44bb-ab33-3b036c040a7a,884,,3894.0,Payout,12849.96,2026-09-28 09:53:47.881650,Completed
1541,01ebf98f-c575-4280-9933-daea0f2fb4a5,662,,3896.0,Payout,500.79,2026-09-28 09:53:47.881650,Completed
1542,cd65751f-1e43-4b3e-9f93-4e8782780c85,766,,3899.0,Payout,2718.23,2026-09-28 09:53:47.881650,Completed
1543,216c1e14-d406-4287-aabb-fe49741da085,987,,3905.0,Payout,18340.82,2026-09-28 09:53:47.881650,Completed
1544,838ef6bf-b11a-45b7-8b97-565599a75fa0,589,,3912.0,Payout,2349.44,2026-09-28 09:53:47.881650,Completed
1545,2d0a843b-0a34-47de-988c-47566d5208ea,955,,3913.0,Payout,520.07,2026-09-28 09:53:47.881650,Completed
1546,fec9897c-3479-4070-881a-bfbd92dd8e46,878,,3914.0,Payout,1993.73,2026-09-28 09:53:47.881650,Completed
1547,d5c397b1-051c-4cd9-a177-d2293e2a927e,22,,3915.0,Payout,582.56,2026-09-28 09:53:47.881650,Completed
1548,8f2a305f-5ee2-4e18-a971-b38d9d09873b,537,,3916.0,Payout,5101.69,2026-09-28 09:53:47.881650,Completed
1549,17157032-9319-4294-a1e7-7f0b596de3b1,385,,3921.0,Payout,417.35,2026-09-28 09:53:47.881650,Completed
1550,a9de3763-9063-4c28-b4fd-3e7f946d92ad,400,,3923.0,Payout,3993.68,2026-09-28 09:53:47.881650,Completed
1551,27bc434a-faa7-436f-bb58-f21fffbda9e8,175,,3925.0,Payout,391.14,2026-09-28 09:53:47.881650,Completed
1552,16212b4f-ae21-417a-aa57-327f1d355f12,6,,3926.0,Payout,5109.66,2026-09-28 09:53:47.881650,Completed
1553,590759b2-9970-473f-8941-4f0a3ab47e48,493,,3929.0,Payout,24463.65,2026-09-28 09:53:47.881650,Completed
1554,a1afec2b-f803-4e46-a310-9fa3739ac608,654,,3931.0,Payout,43388.85,2026-09-28 09:53:47.881650,Completed
1555,c9aa1809-4252-4c8e-a071-ce3f6f81d37b,578,,3933.0,Payout,121.58,2026-09-28 09:53:47.881650,Completed
1556,6ac7d38e-4ab8-40ac-9503-1978e1f4a810,99,,3936.0,Payout,4946.86,2026-09-28 09:53:47.881650,Completed
1557,4d21b595-bdd2-453e-8140-85853792f987,353,,3938.0,Payout,10517.33,2026-09-28 09:53:47.881650,Completed
1558,2a9eb4f3-1d85-4c64-ae35-2f7972ceee21,676,,3939.0,Payout,358.6,2026-09-28 09:53:47.881650,Completed
1559,5d5610af-ad20-498b-84b7-8a9016d2ab6b,889,,3942.0,Payout,8009.66,2026-09-28 09:53:47.881650,Completed
1560,892d3a7d-4640-44a5-8b6e-ed7e56ef9905,504,,3943.0,Payout,84.49,2026-09-28 09:53:47.881650,Completed
1561,9d2dc223-2c00-416a-b38a-0558854ca1c9,262,,3944.0,Payout,11082.64,2026-09-28 09:53:47.881650,Completed
1562,20d827df-12a0-42f4-923d-ef4e0f8592d6,920,,3945.0,Payout,2363.02,2026-09-28 09:53:47.881650,Completed
1563,32b1bdf3-4c40-4e10-aabc-f74747fb6ec2,480,,3946.0,Payout,1007.27,2026-09-28 09:53:47.881650,Completed
1564,cee52365-9067-432a-ad30-e51d1b7f16a5,742,,3950.0,Payout,602.31,2026-09-28 09:53:47.881650,Completed
1565,1516ae63-87fb-49f6-ac27-07d0c6f25a06,272,,3952.0,Payout,2502.32,2026-09-28 09:53:47.881650,Completed
1566,1b389c4c-6374-491d-b65c-a108855cc314,877,,3955.0,Payout,297.86,2026-09-28 09:53:47.881650,Completed
1567,c8dc9080-d6ed-4830-873e-742216877347,584,,3957.0,Payout,18772.32,2026-09-28 09:53:47.881650,Completed
1568,f80e8044-45a6-4aff-9d95-ecb021bad751,532,,3958.0,Payout,134.8,2026-09-28 09:53:47.881650,Completed
1569,2aa25126-b8e7-47cf-8b61-da242147af10,847,,3962.0,Payout,43095.98,2026-09-28 09:53:47.881650,Completed
1570,b772063f-238e-4acb-984b-c14957a9404b,678,,3963.0,Payout,2374.06,2026-09-28 09:53:47.881650,Completed
1571,03c09d47-5e75-4cbc-92e9-c2cd6fd5cabb,150,,3964.0,Payout,728.21,2026-09-28 09:53:47.881650,Completed
1572,d96abf8c-f66f-4357-94b6-813ad1e3ac7d,756,,3965.0,Payout,15479.23,2026-09-28 09:53:47.881650,Completed
1573,eb5a1caf-4838-4ad4-b65c-9e9f8615c210,885,,3966.0,Payout,15133.17,2026-09-28 09:53:47.881650,Completed
1574,4f0697f7-a8d3-443a-9e21-6906ad364d11,740,,3969.0,Payout,30422.93,2026-09-28 09:53:47.881650,Completed
1575,6f24963f-fa59-41d9-b60e-51b29de0b392,185,,3971.0,Payout,38171.18,2026-09-28 09:53:47.881650,Completed
1576,77821869-25fc-4d4d-84d3-071cbdb86b4c,631,,3973.0,Payout,46.9,2026-09-28 09:53:47.881650,Completed
1577,6ef512db-5162-4e1c-8e7b-19006648ea47,208,,3976.0,Payout,559.29,2026-09-28 09:53:47.881650,Completed
1578,dd44e961-a987-4305-b55d-d0acc0e96161,794,,3977.0,Payout,352.99,2026-09-28 09:53:47.881650,Completed
1579,54fdc5c8-6b57-4a2f-9094-5fd94fed6a48,497,,3981.0,Payout,226.03,2026-09-28 09:53:47.881650,Completed
1580,0c68555c-dab2-4ce8-a8de-19a0aab204ef,987,,3985.0,Payout,435.37,2026-09-28 09:53:47.881650,Completed
1581,8aba4fd6-394a-404a-8990-76f4de20140a,831,,3986.0,Payout,11320.75,2026-09-28 09:53:47.881650,Completed
1582,a7ca26e5-96d8-42f1-a40a-e2e60cd0fa91,595,,3987.0,Payout,372.32,2026-09-28 09:53:47.881650,Completed
1583,2120766c-4098-4f0f-9828-424a5ef3dcb3,460,,3988.0,Payout,67407.87,2026-09-28 09:53:47.881650,Completed
1584,d857e95d-4f2a-4b51-a8a9-2a615aa984e2,305,,3991.0,Payout,2443.71,2026-09-28 09:53:47.881650,Completed
1585,5b2a5352-27ae-46d5-8a04-0328208b09e5,569,,3992.0,Payout,26272.16,2026-09-28 09:53:47.881650,Completed
1586,3c7bcf60-b9d8-4d01-8110-ec0fc6e2fc6f,899,,3995.0,Payout,380.94,2026-09-28 09:53:47.881650,Completed
1587,aa91415f-4772-462d-9214-50304b7ed344,658,,3996.0,Payout,24.51,2026-09-28 09:53:47.881650,Completed
1588,d4962b94-6d4b-41e5-b1f8-f73ca5cce409,101,,3998.0,Payout,2537.51,2026-09-28 09:53:47.881650,Completed
1589,3a0621db-cdaf-4421-8e10-04af89e735f3,764,,4003.0,Payout,6743.59,2026-09-28 09:53:47.881650,Completed
1590,6ba42f43-1ff5-4b27-9a75-111a79f4f08c,634,,4004.0,Payout,300.76,2026-09-28 09:53:47.881650,Completed
1591,37ecde28-4784-4cf3-9018-8f2c5b1dcfa7,784,,4005.0,Payout,387.66,2026-09-28 09:53:47.881650,Completed
1592,4ed3d760-974a-459c-bdbe-616eccc103b5,634,,4008.0,Payout,61229.25,2026-09-28 09:53:47.881650,Completed
1593,b4ce9bdc-1770-4f6c-9f0d-a7c7b09a6ef0,378,,4009.0,Payout,9711.18,2026-09-28 09:53:47.881650,Completed
1594,81115c12-c45b-4625-873c-804636036921,758,,4012.0,Payout,37894.08,2026-09-28 09:53:47.881650,Completed
1595,d1f31545-b926-49c6-9b64-cc404a8a9b14,809,,4017.0,Payout,16.9,2026-09-28 09:53:47.881650,Completed
1596,fe28f8b4-ca6d-4e4b-989b-157ef8f2b7a5,298,,4019.0,Payout,894.78,2026-09-28 09:53:47.881650,Completed
1597,7cb43040-8bd6-40f3-9954-0cc70991c5b5,230,,4021.0,Payout,1583.21,2026-09-28 09:53:47.881650,Completed
1598,063ff009-f203-465f-877a-bdc3f21cb551,202,,4023.0,Payout,235.66,2026-09-28 09:53:47.881650,Completed
1599,a2f20a05-f879-4b7f-afd9-1806d29d0531,71,,4024.0,Payout,313.67,2026-09-28 09:53:47.881650,Completed
1600,e84a607c-58c2-4b16-bc53-06af57d75e8b,354,,4026.0,Payout,71284.67,2026-09-28 09:53:47.881650,Completed
1601,1337b251-9a9d-4522-8506-176bb09dee7d,659,,4029.0,Payout,108.09,2026-09-28 09:53:47.881650,Completed
1602,e4ceff80-9afd-457f-be26-3b3092c870f2,620,,4031.0,Payout,11293.43,2026-09-28 09:53:47.881650,Completed
1603,8e8ff9e0-ca35-46c1-bb3e-736b877bf09a,156,,4033.0,Payout,172.37,2026-09-28 09:53:47.881650,Completed
1604,e3745de1-ebf9-4a32-95a4-aba85bc263cd,95,,4035.0,Payout,12421.2,2026-09-28 09:53:47.881650,Completed
1605,b1f95158-132f-4df4-9a68-cbb1c9162b34,379,,4037.0,Payout,120.06,2026-09-28 09:53:47.881650,Completed
1606,e671db2a-4a0f-48b4-9fb0-1374c33080b4,13,,4038.0,Payout,2657.76,2026-09-28 09:53:47.881650,Completed
1607,c62879e2-5878-4642-8323-c885aefa8138,627,,4042.0,Payout,2773.35,2026-09-28 09:53:47.881650,Completed
1608,7a0fb86e-8132-4c0e-acfd-40e3907dfc4e,139,,4050.0,Payout,7365.29,2026-09-28 09:53:47.881650,Completed
1609,f9d8ff6b-7bb0-4847-94e8-8b48ed2596f0,565,,4052.0,Payout,2265.31,2026-09-28 09:53:47.881650,Completed
1610,0c723cec-d8e4-4e24-ac04-3470ecab80b2,372,,4055.0,Payout,424.81,2026-09-28 09:53:47.881650,Completed
1611,0d5225fd-4304-4c0b-8c7b-c3ceadad7049,900,,4057.0,Payout,63793.59,2026-09-28 09:53:47.881650,Completed
1612,ddcdf19f-a474-43e4-ab39-f67653924368,714,,4058.0,Payout,2774.36,2026-09-28 09:53:47.881650,Completed
1613,b6646ef5-1c8a-4e49-afb2-e34424b8315d,182,,4059.0,Payout,6843.91,2026-09-28 09:53:47.881650,Completed
1614,d3c03b9b-f26a-4004-a5a6-2886fed1b432,436,,4062.0,Payout,164.35,2026-09-28 09:53:47.881650,Completed
1615,7508570e-8386-4efc-ac9d-973fbcd0df83,255,,4063.0,Payout,1712.05,2026-09-28 09:53:47.881650,Completed
1616,a49fa50c-0ce6-4650-8334-5a83a8643cec,380,,4066.0,Payout,6503.08,2026-09-28 09:53:47.881650,Completed
1617,8f997905-6807-40b7-baff-bc61f58cfe4d,767,,4067.0,Payout,26.69,2026-09-28 09:53:47.881650,Completed
1618,f646a322-36e8-4147-b986-81b3efcdbf1c,794,,4068.0,Payout,49126.62,2026-09-28 09:53:47.881650,Completed
1619,478065d4-8b7f-46b1-a765-7f4ae6a20a60,181,,4069.0,Payout,362.8,2026-09-28 09:53:47.881650,Completed
1620,cb1118fe-c831-43e5-a20b-5b32a1b16aa9,998,,4074.0,Payout,247.11,2026-09-28 09:53:47.881650,Completed
1621,a77b5330-c4e5-4b17-9ede-48949f56a07a,967,,4076.0,Payout,14.09,2026-09-28 09:53:47.881650,Completed
1622,a04ce477-aaf4-42cc-81c7-814699b70240,250,,4077.0,Payout,192.48,2026-09-28 09:53:47.881650,Completed
1623,c438f9ca-afac-4ffb-9415-878abaebb85d,880,,4078.0,Payout,877.17,2026-09-28 09:53:47.881650,Completed
1624,db0dbd5d-e267-4a4d-aa9a-d83e6b244bff,211,,4085.0,Payout,1195.01,2026-09-28 09:53:47.881650,Completed
1625,e4a290e7-097d-4acc-ba72-704cea63a50b,318,,4087.0,Payout,16741.14,2026-09-28 09:53:47.881650,Completed
1626,030ac47e-d5d3-4b83-83b1-ecb6b4e78bde,880,,4091.0,Payout,163.08,2026-09-28 09:53:47.881650,Completed
1627,00628930-eb23-490a-adf1-d7f33c7d0375,743,,4096.0,Payout,851.0,2026-09-28 09:53:47.881650,Completed
1628,c77d123e-a565-4338-9c3b-f8ac69c0c710,852,,4098.0,Payout,20298.51,2026-09-28 09:53:47.881650,Completed
1629,211f47e2-3fd9-44be-a0a3-e43600a4d21f,564,,4100.0,Payout,6.04,2026-09-28 09:53:47.881650,Completed
1630,b008b528-d65b-4b73-ad39-847b0f7cfdbd,54,,4109.0,Payout,47627.83,2026-09-28 09:53:47.881650,Completed
1631,c9a14a45-dc87-4e17-9706-cfbb7b2dcf2c,41,,4113.0,Payout,144.74,2026-09-28 09:53:47.881650,Completed
1632,e47e82d9-2880-44e3-95ac-c7cf372555b5,107,,4120.0,Payout,920.52,2026-09-28 09:53:47.881650,Completed
1633,e1ac7282-9538-4e0f-9067-c349366e1311,209,,4122.0,Payout,5723.6,2026-09-28 09:53:47.881650,Completed
1634,c9bda27d-0ca1-4b49-9eb5-447a2ee2f330,401,,4123.0,Payout,9494.46,2026-09-28 09:53:47.881650,Completed
1635,8a3cb1bc-30eb-4680-a9c0-171c02785443,111,,4126.0,Payout,16.28,2026-09-28 09:53:47.881650,Completed
1636,721dcdc0-5312-4a67-bd25-8bceb26d7a57,806,,4129.0,Payout,2297.45,2026-09-28 09:53:47.881650,Completed
1637,5d6804e1-abe1-4039-b0c2-e3e24a4a65c7,107,,4132.0,Payout,72.4,2026-09-28 09:53:47.881650,Completed
1638,fcb5efa4-5304-443e-95af-6d6936dc18ed,260,,4133.0,Payout,273.9,2026-09-28 09:53:47.881650,Completed
1639,1551d6e9-a81d-45e6-af48-48769ea3bc91,934,,4135.0,Payout,48811.94,2026-09-28 09:53:47.881650,Completed
1640,3fc1bb0a-8ce2-45af-a56e-d8a25f444ea1,782,,4136.0,Payout,137.16,2026-09-28 09:53:47.881650,Completed
1641,d68a5f77-e38e-4c8d-8e3a-6fa7b0dfb0cc,306,,4141.0,Payout,159.16,2026-09-28 09:53:47.881650,Completed
1642,2cf72588-0a71-4180-aeaf-9770da762c11,986,,4142.0,Payout,4068.83,2026-09-28 09:53:47.881650,Completed
1643,d8ba6d40-1976-465a-9019-1b042633c52b,400,,4143.0,Payout,3522.46,2026-09-28 09:53:47.881650,Completed
1644,f9470ab7-0a78-40f1-8481-6c98252f3f32,318,,4148.0,Payout,336.04,2026-09-28 09:53:47.881650,Completed
1645,e4d9543a-1cec-41e1-b968-654d5899cd7c,454,,4149.0,Payout,7516.35,2026-09-28 09:53:47.881650,Completed
1646,e3f8e204-6b6a-45a7-813b-87bb82420d9a,321,,4150.0,Payout,19577.45,2026-09-28 09:53:47.881650,Completed
1647,fdf684b3-2780-4743-89c4-5f3d308b499f,794,,4151.0,Payout,37.11,2026-09-28 09:53:47.881650,Completed
1648,5ebb55c3-3849-4a42-804b-049062b5b5b9,901,,4152.0,Payout,5618.49,2026-09-28 09:53:47.881650,Completed
1649,186c0abe-da10-4237-8d18-3d4395cc541b,630,,4154.0,Payout,17521.05,2026-09-28 09:53:47.881650,Completed
1650,6c7902ba-4828-4489-8d08-a51cf75fd994,785,,4155.0,Payout,3071.19,2026-09-28 09:53:47.881650,Completed
1651,9b8c4cbc-20cd-4502-aa95-8938424caacb,479,,4156.0,Payout,609.77,2026-09-28 09:53:47.881650,Completed
1652,3872d535-d089-4561-b1f4-afbb40565a2d,89,,4157.0,Payout,14999.57,2026-09-28 09:53:47.881650,Completed
1653,b08034b3-36c4-4b31-8bf9-8f94c0610b26,196,,4159.0,Payout,1372.52,2026-09-28 09:53:47.881650,Completed
1654,9b5dfcb0-5060-4497-b875-575d64221c27,811,,4163.0,Payout,936.5,2026-09-28 09:53:47.881650,Completed
1655,5c56676e-9e07-44a4-bff9-9c1e4724b232,710,,4164.0,Payout,2465.82,2026-09-28 09:53:47.881650,Completed
1656,807cb145-2f3b-4a1d-a2ef-391b0679271c,325,,4165.0,Payout,283.45,2026-09-28 09:53:47.881650,Completed
1657,4699c4b8-dcf1-48ba-aa9c-aafc51658d45,58,,4167.0,Payout,141.0,2026-09-28 09:53:47.881650,Completed
1658,33ae95e5-2784-4644-9af9-5fb9d656d130,974,,4170.0,Payout,9648.58,2026-09-28 09:53:47.881650,Completed
1659,0e92c3fa-bae0-43c3-9ef3-a44a55aeb9d2,545,,4171.0,Payout,14669.59,2026-09-28 09:53:47.881650,Completed
1660,1b21b212-fc73-42ab-a0ad-22cddf59cbe7,419,,4172.0,Payout,1539.85,2026-09-28 09:53:47.881650,Completed
1661,c4b34223-aba5-4779-8f6d-9a8986ec48aa,159,,4173.0,Payout,275.07,2026-09-28 09:53:47.881650,Completed
1662,2764c7c4-b832-428f-8732-ba115722093b,89,,4179.0,Payout,15.56,2026-09-28 09:53:47.881650,Completed
1663,3624142f-ce85-4386-b0e9-37fa8d5cda1c,533,,4180.0,Payout,1093.5,2026-09-28 09:53:47.881650,Completed
1664,871ea971-f359-4e10-a40a-4eda1c715d7e,571,,4182.0,Payout,1309.72,2026-09-28 09:53:47.881650,Completed
1665,465c104f-af66-49be-a416-a63c499ba10c,9,,4188.0,Payout,1101.6,2026-09-28 09:53:47.881650,Completed
1666,3a996b96-a422-4a34-ac5c-94d48502f08f,299,,4194.0,Payout,234.37,2026-09-28 09:53:47.881650,Completed
1667,4501d560-b61d-46e8-86e7-1ff1bd4f98e9,113,,4195.0,Payout,1752.56,2026-09-28 09:53:47.881650,Completed
1668,49565fa3-639d-498b-8dfb-56422c385891,685,,4198.0,Payout,19258.49,2026-09-28 09:53:47.881650,Completed
1669,51a1c1e7-4cc7-49ee-b0d5-8163de1b6471,642,,4200.0,Payout,2068.96,2026-09-28 09:53:47.881650,Completed
1670,cf832f86-ec7d-4f7f-8a27-823faea0e836,798,,4202.0,Payout,5046.23,2026-09-28 09:53:47.881650,Completed
1671,b213ea1a-d398-4d0b-98b9-7ec8a26f081e,59,,4203.0,Payout,57776.43,2026-09-28 09:53:47.881650,Completed
1672,fbddbe9d-3b5d-4f99-8ad4-d99ee14d440b,170,,4204.0,Payout,226.26,2026-09-28 09:53:47.881650,Completed
1673,2b7103c3-37c2-4053-a2a6-16b1f19a7b77,574,,4205.0,Payout,1407.32,2026-09-28 09:53:47.881650,Completed
1674,886da1f6-b0ea-43f3-87ae-97688d9fcf78,340,,4207.0,Payout,72300.57,2026-09-28 09:53:47.881650,Completed
1675,fa135032-51bb-41dd-8a62-8c29d4637d5e,539,,4208.0,Payout,22223.48,2026-09-28 09:53:47.881650,Completed
1676,be7c9fdf-bf64-4bc1-a400-a498683705ee,952,,4212.0,Payout,9922.56,2026-09-28 09:53:47.881650,Completed
1677,b5024e79-2fc1-4374-8de9-77bd583bec04,421,,4213.0,Payout,55663.98,2026-09-28 09:53:47.881650,Completed
1678,085031b3-4be7-42f3-abe2-44bffc2a9dbd,235,,4214.0,Payout,40.94,2026-09-28 09:53:47.881650,Completed
1679,4a73690d-fa39-4b3d-acd7-9ad1d104afcc,986,,4219.0,Payout,69720.17,2026-09-28 09:53:47.881650,Completed
1680,99b5fbb2-10b1-4bb1-ad4c-9ce8e7d3fd61,532,,4220.0,Payout,3145.48,2026-09-28 09:53:47.881650,Completed
1681,8de2f0fe-21c6-4e04-a29b-98c1a61902d7,554,,4222.0,Payout,832.56,2026-09-28 09:53:47.881650,Completed
1682,2bb75009-4ef5-4ff8-b63e-f748bb664473,441,,4227.0,Payout,9684.76,2026-09-28 09:53:47.881650,Completed
1683,b4609f69-59e4-463f-a7e7-05b5ea2ea4f4,198,,4228.0,Payout,7901.0,2026-09-28 09:53:47.881650,Completed
1684,ed8d7b39-1239-4980-aede-64d33c767160,690,,4230.0,Payout,3845.49,2026-09-28 09:53:47.881650,Completed
1685,90bcd884-29fd-4e57-8bcb-315484523398,914,,4231.0,Payout,46.61,2026-09-28 09:53:47.881650,Completed
1686,ad57bb04-619c-41b0-b349-e04124fcd5f7,797,,4232.0,Payout,94324.98,2026-09-28 09:53:47.881650,Completed
1687,ac5ac843-5b97-4850-8fac-dcb53049977b,598,,4235.0,Payout,1705.22,2026-09-28 09:53:47.881650,Completed
1688,04e5c24b-7d1e-4e72-85bb-135a86caf67f,650,,4239.0,Payout,1152.21,2026-09-28 09:53:47.881650,Completed
1689,f900b728-9c0c-4edd-b185-428cc54495cd,515,,4249.0,Payout,30361.63,2026-09-28 09:53:47.881650,Completed
1690,565f21fa-6e26-49be-ac21-acbc72672484,522,,4250.0,Payout,221.05,2026-09-28 09:53:47.881650,Completed
1691,785fcfac-5b0c-4e15-9af7-847dd2fb3873,623,,4251.0,Payout,11194.37,2026-09-28 09:53:47.881650,Completed
1692,d2568c04-5a28-44f4-9732-40c70cd0a2dd,148,,4252.0,Payout,7548.6,2026-09-28 09:53:47.881650,Completed
1693,5e87c722-dc7c-4c6f-a953-2533babd51a3,407,,4254.0,Payout,1177.29,2026-09-28 09:53:47.881650,Completed
1694,f8bfbdb3-a3c5-433d-99dd-36bf319b69a9,924,,4258.0,Payout,813.09,2026-09-28 09:53:47.881650,Completed
1695,0241d0d8-49b7-48f2-8c75-e16a47c8a8bc,575,,4261.0,Payout,280.44,2026-09-28 09:53:47.881650,Completed
1696,8f208de4-e32f-4424-a018-f59685ad1964,429,,4262.0,Payout,5110.41,2026-09-28 09:53:47.881650,Completed
1697,81dfc797-b803-4e27-9ccd-8622851d6714,20,,4263.0,Payout,996.33,2026-09-28 09:53:47.881650,Completed
1698,25b24d2d-6aeb-496e-a6f0-fb662372e920,940,,4265.0,Payout,607.34,2026-09-28 09:53:47.881650,Completed
1699,bc545c73-8e8a-459e-9a24-9b12279e66f6,143,,4268.0,Payout,28.62,2026-09-28 09:53:47.881650,Completed
1700,da3a5506-3697-4b17-af97-103bab087e49,345,,4270.0,Payout,3098.87,2026-09-28 09:53:47.881650,Completed
1701,2397b717-163f-4ec2-b1af-a6a58bb3b9b1,16,,4272.0,Payout,444.4,2026-09-28 09:53:47.881650,Completed
1702,6fb8b882-216c-4ea5-b0eb-c2f3ae5e397d,324,,4275.0,Payout,17352.27,2026-09-28 09:53:47.881650,Completed
1703,cd6e5d9c-a65f-4022-bf59-4ac0599f9fc8,889,,4276.0,Payout,447.02,2026-09-28 09:53:47.881650,Completed
1704,d122cbce-0aa0-4702-af1a-a63d8947374d,427,,4277.0,Payout,26394.22,2026-09-28 09:53:47.881650,Completed
1705,26909bd5-9a78-48bb-999b-cd4940ce977a,995,,4278.0,Payout,37.85,2026-09-28 09:53:47.881650,Completed
1706,34db286d-90ba-4e54-a4b8-489d6b26d1e2,759,,4279.0,Payout,2495.13,2026-09-28 09:53:47.881650,Completed
1707,eca87c93-49cf-471e-afe1-f2225bf07edc,353,,4282.0,Payout,14881.08,2026-09-28 09:53:47.881650,Completed
1708,7f3fcd7e-e36e-43a6-86b5-c40f6ab20d78,486,,4283.0,Payout,1280.74,2026-09-28 09:53:47.881650,Completed
1709,c25c0d36-80e3-48ca-8ed5-4b73cb261847,638,,4284.0,Payout,19320.48,2026-09-28 09:53:47.881650,Completed
1710,d8a1d20b-0b93-4332-8e19-02d7e68c8b68,380,,4285.0,Payout,699.57,2026-09-28 09:53:47.881650,Completed
1711,a3fdd612-1117-413d-a4ea-7cdc91d8c130,364,,4286.0,Payout,7574.47,2026-09-28 09:53:47.881650,Completed
1712,0b30733b-2db6-4196-8116-b58af5084b91,522,,4290.0,Payout,18.7,2026-09-28 09:53:47.881650,Completed
1713,a294f89f-7c7a-47ae-b370-5eb1274208c5,704,,4291.0,Payout,746.35,2026-09-28 09:53:47.881650,Completed
1714,2ab7c19f-2747-4042-ab7c-b83625e1764d,565,,4293.0,Payout,231.31,2026-09-28 09:53:47.881650,Completed
1715,94717b09-3385-4b26-8195-a58cd79a5d03,21,,4295.0,Payout,47372.45,2026-09-28 09:53:47.881650,Completed
1716,e0cb6f55-6029-4038-ad77-fc85a959eb77,732,,4299.0,Payout,18093.58,2026-09-28 09:53:47.881650,Completed
1717,ed2faecd-6485-4bf1-acfd-844dfda80741,490,,4300.0,Payout,9618.98,2026-09-28 09:53:47.881650,Completed
1718,84e3790c-e1ca-4b27-8ac6-c6fefadc56ed,453,,4301.0,Payout,1316.2,2026-09-28 09:53:47.881650,Completed
1719,06efd546-caea-49aa-b51f-5db318a37fdf,295,,4305.0,Payout,136.47,2026-09-28 09:53:47.881650,Completed
1720,30b87131-4326-4923-94ad-157df4775807,578,,4306.0,Payout,180.38,2026-09-28 09:53:47.881650,Completed
1721,0dede3e6-bd25-46ca-bea5-6aaa8d141f47,632,,4312.0,Payout,638.48,2026-09-28 09:53:47.881650,Completed
1722,dc0a7f2e-da24-49d4-979d-c656c0593b88,613,,4313.0,Payout,48422.13,2026-09-28 09:53:47.881650,Completed
1723,2202afb1-5247-42f3-b35e-b7f304adbd18,664,,4315.0,Payout,6869.26,2026-09-28 09:53:47.881650,Completed
1724,75910554-e1c8-49fa-80c8-c6fc1c1b9b47,299,,4318.0,Payout,1378.33,2026-09-28 09:53:47.881650,Completed
1725,2863605e-15bc-4c50-8fdb-00e3f617dc74,252,,4319.0,Payout,964.33,2026-09-28 09:53:47.881650,Completed
1726,28610da2-8711-430a-93c9-a2471aaa900f,104,,4320.0,Payout,3716.08,2026-09-28 09:53:47.881650,Completed
1727,8a52d1e8-cfb9-4f69-82a2-1c932db41783,806,,4321.0,Payout,39823.63,2026-09-28 09:53:47.881650,Completed
1728,544f1a39-28a6-4c22-84d5-0a2de6c44b92,697,,4329.0,Payout,1675.24,2026-09-28 09:53:47.881650,Completed
1729,70f8c13f-974e-4f9f-926c-4b823bf50d93,597,,4331.0,Payout,15581.27,2026-09-28 09:53:47.881650,Completed
1730,87bc9c2d-e0eb-41d9-9fdb-20650f3625c0,466,,4332.0,Payout,8566.42,2026-09-28 09:53:47.881650,Completed
1731,b4242fed-d173-4b08-ba55-c8a57759f1f2,191,,4334.0,Payout,302.92,2026-09-28 09:53:47.881650,Completed
1732,832a51be-47a7-4ce9-bf1b-e8edbc9ab8d9,14,,4336.0,Payout,1413.91,2026-09-28 09:53:47.881650,Completed
1733,487befd4-f94c-4090-a6bc-a50e17ccc145,17,,4337.0,Payout,547.58,2026-09-28 09:53:47.881650,Completed
1734,82807b51-ab1e-4799-ba46-c8474cf578e7,299,,4341.0,Payout,12.4,2026-09-28 09:53:47.881650,Completed
1735,be4e58d1-fed3-4f03-a40f-f879eea7440c,53,,4342.0,Payout,266.12,2026-09-28 09:53:47.881650,Completed
1736,51380b9e-fbeb-4963-9cb0-114a99379ffc,505,,4344.0,Payout,35.05,2026-09-28 09:53:47.881650,Completed
1737,70f31744-bc15-4f8e-bd63-00a761742e44,28,,4345.0,Payout,7498.9,2026-09-28 09:53:47.881650,Completed
1738,6d790208-ac4b-4f43-b2f6-c76f2aa3f5ed,716,,4346.0,Payout,45986.91,2026-09-28 09:53:47.881650,Completed
1739,856a1abc-d542-421f-a257-06a3bd6ee68f,184,,4350.0,Payout,2094.86,2026-09-28 09:53:47.881650,Completed
1740,cbb0a340-e08c-49c6-a863-eb48f2f0da0e,580,,4351.0,Payout,716.49,2026-09-28 09:53:47.881650,Completed
1741,a2702535-c89e-426b-9e0c-a7cebbd78313,798,,4355.0,Payout,21240.25,2026-09-28 09:53:47.881650,Completed
1742,dbfa38da-95af-4776-b1e8-3800d19f93d0,340,,4356.0,Payout,9306.17,2026-09-28 09:53:47.881650,Completed
1743,2bbfa511-8167-4389-8a66-8900667397f1,836,,4357.0,Payout,14945.57,2026-09-28 09:53:47.881650,Completed
1744,934d13bf-6380-4378-9617-a73dc653a1ea,819,,4358.0,Payout,1382.5,2026-09-28 09:53:47.881650,Completed
1745,4d1fef83-9aeb-428a-83fc-3f4c8ffffa7f,683,,4359.0,Payout,39404.98,2026-09-28 09:53:47.881650,Completed
1746,d983ddde-9fe8-475d-946c-e36e4b9f5074,868,,4360.0,Payout,644.61,2026-09-28 09:53:47.881650,Completed
1747,deeaf4b4-72a2-4fd2-a43e-4d71e89bee6e,580,,4362.0,Payout,1073.44,2026-09-28 09:53:47.881650,Completed
1748,f0bcd8bd-ded7-4aef-a964-e0022e2c2f32,455,,4363.0,Payout,684.57,2026-09-28 09:53:47.881650,Completed
1749,d84ad6e6-cf0f-422f-8f4f-c094864aa580,141,,4364.0,Payout,827.96,2026-09-28 09:53:47.881650,Completed
1750,7c07b7fe-303c-4dcb-9a4a-0a48b9f57460,925,,4368.0,Payout,112.78,2026-09-28 09:53:47.881650,Completed
1751,fc4c9b64-5ba6-488f-8f7e-24cb94364504,346,,4372.0,Payout,151.29,2026-09-28 09:53:47.881650,Completed
1752,4c56edb3-4800-4b98-83a3-eae7c5ca7f31,211,,4375.0,Payout,2925.68,2026-09-28 09:53:47.881650,Completed
1753,6af7655f-f4c7-4555-b6ef-57d49bdfcdcf,280,,4380.0,Payout,7688.27,2026-09-28 09:53:47.881650,Completed
1754,ecd72baa-e005-4d0f-ab8b-d9f8abe3c334,568,,4381.0,Payout,1140.6,2026-09-28 09:53:47.881650,Completed
1755,69ce15c8-4ce7-413b-ba45-53169f669e67,504,,4382.0,Payout,7457.17,2026-09-28 09:53:47.881650,Completed
1756,2789be07-711d-4984-aa49-d0b99531f852,605,,4385.0,Payout,10975.96,2026-09-28 09:53:47.881650,Completed
1757,3fad31b7-9105-4cc5-a1cf-81af3d9ea05e,442,,4387.0,Payout,5615.41,2026-09-28 09:53:47.881650,Completed
1758,99f74033-0332-4223-b300-cc3b8eb7f252,51,,4393.0,Payout,344.75,2026-09-28 09:53:47.881650,Completed
1759,4e0131a7-daac-4e2b-87d9-42140f8586ad,983,,4395.0,Payout,4942.4,2026-09-28 09:53:47.881650,Completed
1760,5a4e014d-47b6-47e2-aa82-dd5020c31bd8,11,,4396.0,Payout,2876.31,2026-09-28 09:53:47.881650,Completed
1761,1df8554c-c71f-4258-ac36-2c9068dd0e9d,282,,4401.0,Payout,260.88,2026-09-28 09:53:47.881650,Completed
1762,07d045f6-bd1a-4235-aae6-655023c53684,673,,4402.0,Payout,341.93,2026-09-28 09:53:47.881650,Completed
1763,7e544839-e58a-4b04-bd12-be923f7e04f0,964,,4406.0,Payout,216.26,2026-09-28 09:53:47.881650,Completed
1764,9bcca37c-13ee-4381-a627-7d7ff23f3005,530,,4409.0,Payout,53771.94,2026-09-28 09:53:47.881650,Completed
1765,88823ca8-721d-4cd8-a3ce-b469968c0cd9,482,,4410.0,Payout,447.57,2026-09-28 09:53:47.881650,Completed
1766,ece89635-459b-444a-a26c-8ad456d755eb,140,,4411.0,Payout,118863.4,2026-09-28 09:53:47.881650,Completed
1767,08b9853e-fa76-450d-af59-d496372855a9,206,,4413.0,Payout,7029.56,2026-09-28 09:53:47.881650,Completed
1768,e1cd9b7a-c4ab-4181-9738-5b16b6651107,759,,4415.0,Payout,772.3,2026-09-28 09:53:47.881650,Completed
1769,74e14b3a-3744-40c4-8204-4fcbd1e4d46f,514,,4421.0,Payout,53.37,2026-09-28 09:53:47.881650,Completed
1770,e5bcd79e-1af8-4c79-9311-9e11331966d2,643,,4425.0,Payout,50.21,2026-09-28 09:53:47.881650,Completed
1771,4b20b343-8eac-4246-a3ee-52ef3b06ff13,629,,4426.0,Payout,204.76,2026-09-28 09:53:47.881650,Completed
1772,99e44b59-10b9-4d0e-bcb0-a35e31919426,190,,4430.0,Payout,2620.74,2026-09-28 09:53:47.881650,Completed
1773,b8cd995c-7162-4ef2-b38a-ce6db04dfbae,94,,4432.0,Payout,3925.58,2026-09-28 09:53:47.881650,Completed
1774,1ecba00d-07f3-4d2f-9feb-7c4a4ba4f358,504,,4433.0,Payout,34.32,2026-09-28 09:53:47.881650,Completed
1775,fb3018d8-f3a2-4cf4-8954-b283add7558b,566,,4435.0,Payout,3027.45,2026-09-28 09:53:47.881650,Completed
1776,217a44b0-6089-4423-bb72-e053bbfca5ab,378,,4438.0,Payout,16873.03,2026-09-28 09:53:47.881650,Completed
1777,cc09df03-ea21-4124-8848-30670fe5cc87,173,,4439.0,Payout,5354.82,2026-09-28 09:53:47.881650,Completed
1778,324fcd3b-77e9-4c1f-974c-9e29421d5179,149,,4440.0,Payout,75.33,2026-09-28 09:53:47.881650,Completed
1779,5b72bbbe-4573-48ca-ace5-96eb88ec3c24,816,,4442.0,Payout,12583.49,2026-09-28 09:53:47.881650,Completed
1780,1ce97c01-cfeb-49f0-9f60-6a32c4328f0a,627,,4443.0,Payout,484.69,2026-09-28 09:53:47.881650,Completed
1781,2c0f4fd3-67e3-4d79-a1ad-c0ddcd39400b,76,,4446.0,Payout,20003.05,2026-09-28 09:53:47.881650,Completed
1782,c09ac8ba-9ce8-4c76-b517-f13d79c27db9,966,,4447.0,Payout,33579.17,2026-09-28 09:53:47.881650,Completed
1783,b154ff32-7a8f-45f4-89d4-834319c15452,347,,4449.0,Payout,2432.81,2026-09-28 09:53:47.881650,Completed
1784,d4da4218-4c53-4f11-b9a5-7838e0a84134,53,,4452.0,Payout,11764.19,2026-09-28 09:53:47.881650,Completed
1785,7dfa728f-6ddb-4018-814e-6193e8313035,137,,4453.0,Payout,35666.29,2026-09-28 09:53:47.881650,Completed
1786,2ff0cc0f-9dee-4fe6-b8db-4966691f13d7,165,,4454.0,Payout,249.23,2026-09-28 09:53:47.881650,Completed
1787,d4717065-974e-4518-84f8-26ab48e63858,266,,4456.0,Payout,20501.4,2026-09-28 09:53:47.881650,Completed
1788,5296aa61-fc84-46dd-b0dd-452bf49f0cdc,829,,4459.0,Payout,37464.85,2026-09-28 09:53:47.881650,Completed
1789,357622e2-dc13-47e7-8d9a-e3bbb18e4e7e,905,,4465.0,Payout,64.49,2026-09-28 09:53:47.881650,Completed
1790,6459ac65-1a0b-44e8-802b-7da4e61219ad,771,,4466.0,Payout,48.33,2026-09-28 09:53:47.881650,Completed
1791,08645dcc-796e-4320-b4d5-488e264b9202,330,,4467.0,Payout,693.5,2026-09-28 09:53:47.881650,Completed
1792,414ee395-d2cf-47a2-a68f-448707a2ea0a,375,,4471.0,Payout,3096.21,2026-09-28 09:53:47.881650,Completed
1793,5ba82c0c-8704-48e9-a76a-350355bfc970,236,,4474.0,Payout,3369.29,2026-09-28 09:53:47.881650,Completed
1794,79512bf3-6310-40e8-94f6-d4d36c951c15,63,,4476.0,Payout,1011.94,2026-09-28 09:53:47.881650,Completed
1795,e0fac6ec-3106-4bab-b28e-7b87ef500c9e,455,,4480.0,Payout,3070.02,2026-09-28 09:53:47.881650,Completed
1796,a317d6c9-1f8d-4224-b525-f4123aa8d6cb,856,,4486.0,Payout,2139.83,2026-09-28 09:53:47.881650,Completed
1797,ab73a89b-e76c-4cdc-907c-71b271772f00,445,,4491.0,Payout,216.15,2026-09-28 09:53:47.881650,Completed
1798,54c14173-c767-43cd-9e3a-3bf115c0e3e9,860,,4494.0,Payout,3487.24,2026-09-28 09:53:47.881650,Completed
1799,7267a7d9-76c2-4a80-9ec3-62f691ff71bc,575,,4498.0,Payout,558.01,2026-09-28 09:53:47.881650,Completed
1800,42770011-3f5f-4f30-9be7-390e0ffb231e,333,,4499.0,Payout,23202.07,2026-09-28 09:53:47.881650,Completed
1801,3832758c-a570-455f-8f8d-0e7cd2cb2ca9,409,,4502.0,Payout,1079.14,2026-09-28 09:53:47.881650,Completed
1802,3499ce2c-0a0b-46f5-8098-aaa3290e61e1,601,,4503.0,Payout,523.05,2026-09-28 09:53:47.881650,Completed
1803,c081f964-d7eb-4348-94fb-5d3753e2c83a,983,,4509.0,Payout,369.85,2026-09-28 09:53:47.881650,Completed
1804,09f02095-06aa-4229-8297-039860cc6593,393,,4510.0,Payout,686.51,2026-09-28 09:53:47.881650,Completed
1805,72ba3fbd-7f4c-4aec-8986-b1f461e871cd,73,,4511.0,Payout,354.5,2026-09-28 09:53:47.881650,Completed
1806,6b4d8930-5bd1-47c8-8e48-dcedfe62b800,634,,4513.0,Payout,13557.11,2026-09-28 09:53:47.881650,Completed
1807,f2623eda-eabb-4192-833b-a4fe689ea68b,784,,4515.0,Payout,180731.73,2026-09-28 09:53:47.881650,Completed
1808,4628272b-ce90-4be4-bb99-0a2e71b704d4,285,,4517.0,Payout,478.46,2026-09-28 09:53:47.881650,Completed
1809,3ab97259-d059-47d9-a5a4-52afe03df567,407,,4521.0,Payout,5083.24,2026-09-28 09:53:47.881650,Completed
1810,a789c225-335a-4d21-af8f-ceac0e41da08,152,,4523.0,Payout,5887.08,2026-09-28 09:53:47.881650,Completed
1811,87f01cc6-3491-474b-8e3b-cb0022c10d07,927,,4526.0,Payout,7884.56,2026-09-28 09:53:47.881650,Completed
1812,63c1ac08-4364-418d-9d10-17522fdbccf7,651,,4528.0,Payout,617.51,2026-09-28 09:53:47.881650,Completed
1813,fa90c071-0ea2-4677-9f25-ebcf5b33d424,344,,4532.0,Payout,680.59,2026-09-28 09:53:47.881650,Completed
1814,e78a3140-c914-4366-877e-5651b095b945,954,,4534.0,Payout,5663.82,2026-09-28 09:53:47.881650,Completed
1815,c1f478cf-bad3-4607-bba9-69e97cc43769,34,,4537.0,Payout,51.05,2026-09-28 09:53:47.881650,Completed
1816,1f7a049f-7453-42e9-8182-b98b46b4d87b,892,,4542.0,Payout,738.0,2026-09-28 09:53:47.881650,Completed
1817,96250d81-5359-4b37-bbd6-d678fbd229d7,189,,4544.0,Payout,9478.0,2026-09-28 09:53:47.881650,Completed
1818,19ce21c7-20d9-475c-aa2d-3963fa3640b7,455,,4545.0,Payout,590.4,2026-09-28 09:53:47.881650,Completed
1819,c30650c7-e13e-44e2-abd7-0cdc600680d0,352,,4547.0,Payout,5095.96,2026-09-28 09:53:47.881650,Completed
1820,43b987e9-7e54-425b-af6b-be4a90c578a4,566,,4548.0,Payout,122.81,2026-09-28 09:53:47.881650,Completed
1821,47a939a5-edef-4f2b-be4a-2d87a3a6d022,553,,4550.0,Payout,1545.11,2026-09-28 09:53:47.881650,Completed
1822,6719de15-b0cd-4b58-8479-d13db5393da2,611,,4556.0,Payout,482.33,2026-09-28 09:53:47.881650,Completed
1823,b23b7e89-75e1-42bd-b2f2-1bfb42f4deeb,923,,4558.0,Payout,307.76,2026-09-28 09:53:47.881650,Completed
1824,e5d158d1-5198-45d3-b380-6da2fca0fc07,953,,4562.0,Payout,363.59,2026-09-28 09:53:47.881650,Completed
1825,5535ac6b-71c1-4b36-a8a2-b0f2e4eb6318,91,,4565.0,Payout,311.15,2026-09-28 09:53:47.881650,Completed
1826,402d6bb2-e0d9-4ddb-ab24-f7a3f048e102,718,,4567.0,Payout,436.54,2026-09-28 09:53:47.881650,Completed
1827,f1a3203e-face-4a23-b830-1919c5b3825a,844,,4568.0,Payout,13071.75,2026-09-28 09:53:47.881650,Completed
1828,07a5bbfa-f237-434f-ab72-00deab0202dd,797,,4570.0,Payout,602.66,2026-09-28 09:53:47.881650,Completed
1829,dea9e4cc-86e8-495c-a692-c2a8f017087a,54,,4572.0,Payout,268.16,2026-09-28 09:53:47.881650,Completed
1830,f1a1a246-b873-4253-8fe0-a01c9edc76b1,315,,4573.0,Payout,908.49,2026-09-28 09:53:47.881650,Completed
1831,5945ffb8-276a-4c35-a97d-1fbc303e5bab,443,,4575.0,Payout,1789.05,2026-09-28 09:53:47.881650,Completed
1832,4940dede-2abe-4519-955f-c11d9a7b1018,33,,4576.0,Payout,409.91,2026-09-28 09:53:47.881650,Completed
1833,15104e5a-b64d-4223-b4d7-8fe1d20cb4f5,810,,4577.0,Payout,9555.28,2026-09-28 09:53:47.881650,Completed
1834,f6cba9a0-1f7c-4f9c-9fd8-890fe1f978ba,173,,4578.0,Payout,1821.66,2026-09-28 09:53:47.881650,Completed
1835,51e4da66-1a71-4c74-8b58-ddc3b75f763a,534,,4580.0,Payout,2870.43,2026-09-28 09:53:47.881650,Completed
1836,69ce1695-d1c0-4df6-9b34-527827cad4f6,256,,4583.0,Payout,4776.6,2026-09-28 09:53:47.881650,Completed
1837,1c4fae3b-3c44-42c7-bbe0-ecbc26fb154e,831,,4588.0,Payout,5267.8,2026-09-28 09:53:47.881650,Completed
1838,d3df0c16-699b-412d-9094-11163b71db83,913,,4589.0,Payout,48638.75,2026-09-28 09:53:47.881650,Completed
1839,31d19fef-872b-44b6-b21a-298ff80908bd,117,,4590.0,Payout,1639.69,2026-09-28 09:53:47.881650,Completed
1840,5ab8ad4b-0bff-4a78-8b6f-eca29edcb1ea,716,,4591.0,Payout,32841.93,2026-09-28 09:53:47.881650,Completed
1841,f9058dac-4ae8-4b4c-ae92-cfd5e8e526d0,496,,4595.0,Payout,724.97,2026-09-28 09:53:47.881650,Completed
1842,fd315ec0-6c4b-4aba-8e65-7659dcc7c791,897,,4598.0,Payout,20.58,2026-09-28 09:53:47.881650,Completed
1843,f4bd95c2-f3dc-4cb4-adff-f5a3b910f47e,996,,4601.0,Payout,1168.71,2026-09-28 09:53:47.881650,Completed
1844,03f0e349-9d2f-4857-b9ef-a71b4467f071,731,,4602.0,Payout,4065.29,2026-09-28 09:53:47.881650,Completed
1845,139682d6-504b-4a2a-91cf-ff840fe5fee9,928,,4603.0,Payout,29829.85,2026-09-28 09:53:47.881650,Completed
1846,feaa8175-fad8-4e25-b304-ac6f60d85209,806,,4604.0,Payout,17.14,2026-09-28 09:53:47.881650,Completed
1847,85d1423d-89f1-4817-8ba6-a6d627207fef,179,,4605.0,Payout,54.03,2026-09-28 09:53:47.881650,Completed
1848,9a817ef4-0144-4bed-bff2-e8e8a66c4a9b,863,,4608.0,Payout,2840.49,2026-09-28 09:53:47.881650,Completed
1849,53e48c10-0655-4052-ae63-df9a78698692,10,,4611.0,Payout,170.35,2026-09-28 09:53:47.881650,Completed
1850,8f7b94f8-6725-4ec8-88ba-b56b3e189675,313,,4612.0,Payout,185.37,2026-09-28 09:53:47.881650,Completed
1851,6f15d773-2d92-42eb-ad04-f6587c616385,869,,4614.0,Payout,104.56,2026-09-28 09:53:47.881650,Completed
1852,19cea675-c3ea-49de-b7ac-2b22c127a289,257,,4615.0,Payout,697.13,2026-09-28 09:53:47.881650,Completed
1853,879de1c0-6413-43a7-98a6-3140faf2992e,585,,4617.0,Payout,138.82,2026-09-28 09:53:47.881650,Completed
1854,78e8184c-9823-4599-a72c-01ba657921d4,604,,4621.0,Payout,187.32,2026-09-28 09:53:47.881650,Completed
1855,7f21d97c-649b-4194-adec-c514b8422181,740,,4622.0,Payout,978.66,2026-09-28 09:53:47.881650,Completed
1856,e7f5a4f4-bb01-49c8-8732-60c161612ad1,455,,4623.0,Payout,815.83,2026-09-28 09:53:47.881650,Completed
1857,cea553ae-4aee-499d-ac9b-c36c69e57d4f,374,,4627.0,Payout,285.64,2026-09-28 09:53:47.881650,Completed
1858,7a777234-bef7-41f4-a8e2-6f94bd0fb19f,371,,4629.0,Payout,127.23,2026-09-28 09:53:47.881650,Completed
1859,7cf23498-169d-42d1-aa20-7dfd28343422,49,,4630.0,Payout,283.71,2026-09-28 09:53:47.881650,Completed
1860,cae3ecbe-99a2-47cb-ad79-b3483097e29f,809,,4631.0,Payout,106.35,2026-09-28 09:53:47.881650,Completed
1861,0b1f58b5-1a50-43d0-afcd-6e8d4f16983a,351,,4632.0,Payout,752.81,2026-09-28 09:53:47.881650,Completed
1862,cdae7bc8-ea37-46ad-9e01-29a741215d6f,891,,4635.0,Payout,101.57,2026-09-28 09:53:47.881650,Completed
1863,20129dfb-e62e-44c4-afda-5f3d59415a4a,167,,4636.0,Payout,200.12,2026-09-28 09:53:47.881650,Completed
1864,dfd14874-c957-4abb-923b-dd87263bac0d,550,,4638.0,Payout,422.47,2026-09-28 09:53:47.881650,Completed
1865,05a67217-1016-4fc1-bead-ffdad16cc729,586,,4640.0,Payout,2053.44,2026-09-28 09:53:47.881650,Completed
1866,1c1171d9-3a19-4cb2-9c21-d9e3b14c1d2b,171,,4641.0,Payout,49.24,2026-09-28 09:53:47.881650,Completed
1867,829208ad-6315-475d-b4a7-f7c2d24cb185,421,,4643.0,Payout,1129.94,2026-09-28 09:53:47.881650,Completed
1868,11371634-b235-4027-be6c-3a1787ad0b78,735,,4645.0,Payout,1484.86,2026-09-28 09:53:47.881650,Completed
1869,c500c872-0b97-443a-a8be-aad5b1388d9f,244,,4648.0,Payout,955.67,2026-09-28 09:53:47.881650,Completed
1870,ea096405-49de-4d04-b03e-f43e6e6e7c15,168,,4653.0,Payout,34277.54,2026-09-28 09:53:47.881650,Completed
1871,17cd9673-defe-4666-906f-83089f40690b,778,,4654.0,Payout,43469.04,2026-09-28 09:53:47.881650,Completed
1872,379fe3b3-d274-427b-8f00-ee9d40949010,393,,4657.0,Payout,235.5,2026-09-28 09:53:47.881650,Completed
1873,f743bcc7-63a1-4189-9c73-5b1f98c50fb4,614,,4660.0,Payout,94366.44,2026-09-28 09:53:47.881650,Completed
1874,98c69c55-116b-4839-ac20-50b332238c96,569,,4663.0,Payout,527.89,2026-09-28 09:53:47.881650,Completed
1875,46e8538c-d4b1-43ab-ba98-3469cff9b6a1,103,,4665.0,Payout,358.82,2026-09-28 09:53:47.881650,Completed
1876,32bb5f38-4bd9-4ada-bbbc-3dccdecc72a0,949,,4668.0,Payout,3230.65,2026-09-28 09:53:47.881650,Completed
1877,4e620228-a813-4e11-969e-8f2d58532a52,681,,4671.0,Payout,187.7,2026-09-28 09:53:47.881650,Completed
1878,f5d3d82d-4683-4800-8170-3e9c5ece1d68,139,,4673.0,Payout,443.07,2026-09-28 09:53:47.881650,Completed
1879,14bc8a79-85c1-4c0a-83a9-730c64dba18b,391,,4675.0,Payout,749.82,2026-09-28 09:53:47.881650,Completed
1880,0365ea3c-d70f-4278-a948-6083d157dada,857,,4677.0,Payout,3745.07,2026-09-28 09:53:47.881650,Completed
1881,87207275-6869-45f4-aa92-2e44d8703560,500,,4678.0,Payout,2627.37,2026-09-28 09:53:47.881650,Completed
1882,b25f991f-249a-467f-a91a-3837f2fabbab,844,,4680.0,Payout,1219.45,2026-09-28 09:53:47.881650,Completed
1883,6ff7e315-66cd-475a-a89b-807a9d2c79d1,666,,4681.0,Payout,4178.62,2026-09-28 09:53:47.881650,Completed
1884,b27005fc-1635-4471-b085-464d037af02c,116,,4683.0,Payout,2136.32,2026-09-28 09:53:47.881650,Completed
1885,3ff4e53b-fd8d-41e3-a33d-accd4de55d39,407,,4684.0,Payout,393.85,2026-09-28 09:53:47.881650,Completed
1886,8e8fb3be-3386-4ba2-ae8c-f91b03ec5ed4,884,,4692.0,Payout,32.2,2026-09-28 09:53:47.881650,Completed
1887,6bff3fd2-8fa8-48a4-a3ab-77a9527ece8d,842,,4696.0,Payout,2297.45,2026-09-28 09:53:47.881650,Completed
1888,d14d1746-1933-403b-8d73-e0f6cc634fe6,932,,4698.0,Payout,4265.23,2026-09-28 09:53:47.881650,Completed
1889,23af2204-458a-410d-b28e-e15b29258d92,156,,4699.0,Payout,2755.19,2026-09-28 09:53:47.881650,Completed
1890,dbf3008a-8af4-4b7f-b852-7ab06a02bda0,839,,4702.0,Payout,978.39,2026-09-28 09:53:47.881650,Completed
1891,40ce4ed9-2659-4fd0-b54b-f7a8217c56e8,848,,4703.0,Payout,3133.89,2026-09-28 09:53:47.881650,Completed
1892,bdd7084b-fc03-45f7-9c59-37c804007bd5,301,,4705.0,Payout,363.78,2026-09-28 09:53:47.881650,Completed
1893,255672e7-0330-4362-be5c-12e5ec3a6191,991,,4706.0,Payout,386.29,2026-09-28 09:53:47.881650,Completed
1894,1e59c342-1148-4285-8970-607c326a6385,619,,4709.0,Payout,495.21,2026-09-28 09:53:47.881650,Completed
1895,2dcdbb68-07ba-417a-bf94-e5d8090102e2,963,,4713.0,Payout,289.68,2026-09-28 09:53:47.881650,Completed
1896,39fecb0f-89d5-4c6c-b11f-38c0a5a53d35,594,,4716.0,Payout,4005.63,2026-09-28 09:53:47.881650,Completed
1897,ba655605-b7fe-4801-8472-d6d72563715d,588,,4719.0,Payout,18929.2,2026-09-28 09:53:47.881650,Completed
1898,5eb9c94c-6ba1-4ccc-97fb-8d64ad29df16,527,,4722.0,Payout,42871.12,2026-09-28 09:53:47.881650,Completed
1899,e201de11-7eab-403b-a06d-e7c99e2d0695,280,,4726.0,Payout,1446.48,2026-09-28 09:53:47.881650,Completed
1900,7ae2ddd6-9044-4217-919b-d1fabe82ca17,116,,4729.0,Payout,682.31,2026-09-28 09:53:47.881650,Completed
1901,43f55069-92cc-44b1-a3c0-c3753769c529,408,,4730.0,Payout,66.69,2026-09-28 09:53:47.881650,Completed
1902,6ea7c85a-805c-4697-9d54-47d153cb4ab5,568,,4733.0,Payout,2869.83,2026-09-28 09:53:47.881650,Completed
1903,6ac2b109-e5c2-4f47-b69c-453789339e7c,717,,4736.0,Payout,1181.48,2026-09-28 09:53:47.881650,Completed
1904,190ba9e1-c4ef-4765-8cfb-3ffb6a3953b7,184,,4738.0,Payout,1306.62,2026-09-28 09:53:47.881650,Completed
1905,958d829b-0164-4c3b-ba73-eb5a6092b50a,827,,4741.0,Payout,1625.37,2026-09-28 09:53:47.881650,Completed
1906,d43d280a-3259-4267-9ad4-ea0e9181017e,829,,4743.0,Payout,598.85,2026-09-28 09:53:47.881650,Completed
1907,8554de63-5534-489f-9479-a5408cc4cbbe,114,,4744.0,Payout,161.53,2026-09-28 09:53:47.881650,Completed
1908,791966cc-ea82-43f0-887b-1c2381f0b957,886,,4745.0,Payout,2906.63,2026-09-28 09:53:47.881650,Completed
1909,c7514d34-1bb9-4622-81c0-d14e158cbae0,192,,4748.0,Payout,396.73,2026-09-28 09:53:47.881650,Completed
1910,54f6039b-ff74-4e14-8c33-ff2e1d7ec14d,263,,4754.0,Payout,16010.9,2026-09-28 09:53:47.881650,Completed
1911,ecc82129-66a7-436e-b7c8-6c8e0bbda5e1,238,,4761.0,Payout,101.8,2026-09-28 09:53:47.881650,Completed
1912,259b5b87-8a1b-4250-9c62-5567e95e762a,142,,4763.0,Payout,247.5,2026-09-28 09:53:47.881650,Completed
1913,ed8a8c29-b1fc-43f4-9a56-1f16d49f559e,366,,4764.0,Payout,966.84,2026-09-28 09:53:47.881650,Completed
1914,c0c1838f-0857-4ccd-9339-73a1f10000dc,146,,4768.0,Payout,384.99,2026-09-28 09:53:47.881650,Completed
1915,0cb29f91-0dd6-4df2-870f-86d145f9b262,208,,4773.0,Payout,83941.81,2026-09-28 09:53:47.881650,Completed
1916,e428c5c9-3837-45db-98eb-cf6739757903,569,,4775.0,Payout,865.11,2026-09-28 09:53:47.881650,Completed
1917,921fafbf-df8e-47a8-aa67-0e76f52d7e87,319,,4776.0,Payout,745.02,2026-09-28 09:53:47.881650,Completed
1918,9c2edfc4-9c60-4691-a69d-3895391d5260,434,,4780.0,Payout,283.36,2026-09-28 09:53:47.881650,Completed
1919,c349f32e-3405-44f9-ad7b-10b5b6a2637d,546,,4781.0,Payout,89.6,2026-09-28 09:53:47.881650,Completed
1920,2aa1f331-901d-4f6c-8e1a-a622eda0ec42,514,,4782.0,Payout,1639.46,2026-09-28 09:53:47.881650,Completed
1921,ac65a55e-7cd7-4490-8bae-676528cd2853,641,,4783.0,Payout,363.07,2026-09-28 09:53:47.881650,Completed
1922,3c2d7e58-98e9-4f45-bac7-8a162e188bc2,319,,4785.0,Payout,3898.88,2026-09-28 09:53:47.881650,Completed
1923,15099b2a-ca9a-4a93-95a6-2e177c8b96e4,1000,,4787.0,Payout,417.46,2026-09-28 09:53:47.881650,Completed
1924,86b56327-9617-4d98-b56b-738507ce0644,215,,4788.0,Payout,548.78,2026-09-28 09:53:47.881650,Completed
1925,308606ca-cdf6-464e-a679-5e7026e79377,623,,4789.0,Payout,9900.97,2026-09-28 09:53:47.881650,Completed
1926,492aca6d-6498-4388-b390-0450dd1778d0,190,,4792.0,Payout,19986.67,2026-09-28 09:53:47.881650,Completed
1927,1c2e3c69-ae3e-41e7-9be3-78680ad9ffb5,597,,4795.0,Payout,3812.41,2026-09-28 09:53:47.881650,Completed
1928,505a4528-b6bd-43c4-8175-085b9f5e99c9,294,,4796.0,Payout,1799.17,2026-09-28 09:53:47.881650,Completed
1929,74d0b6ff-2025-42fc-ba73-5e2200576b8b,815,,4797.0,Payout,11674.93,2026-09-28 09:53:47.881650,Completed
1930,c25474f5-db35-4842-827f-23b4c9b45b6b,594,,4798.0,Payout,2408.05,2026-09-28 09:53:47.881650,Completed
1931,ae123daf-eefa-44f8-813c-87b1bed3b775,303,,4800.0,Payout,486.8,2026-09-28 09:53:47.881650,Completed
1932,8408e707-4a53-418f-bcfd-46086a137c99,660,,4803.0,Payout,329.85,2026-09-28 09:53:47.881650,Completed
1933,1aee3f12-a424-44b1-ab19-7b47455bbad0,279,,4804.0,Payout,1847.94,2026-09-28 09:53:47.881650,Completed
1934,15ef3172-2e4a-4c1b-81e3-de78f43fdfb9,634,,4806.0,Payout,483.79,2026-09-28 09:53:47.881650,Completed
1935,6e87cbbb-c07a-450a-bbc6-2ff26194b1bf,534,,4807.0,Payout,1547.04,2026-09-28 09:53:47.881650,Completed
1936,5a71e32f-8572-4d47-82b0-fa397dd09848,816,,4809.0,Payout,15247.89,2026-09-28 09:53:47.881650,Completed
1937,5580ab4a-ea7f-4d03-b03f-730185ecb26f,188,,4815.0,Payout,304.71,2026-09-28 09:53:47.881650,Completed
1938,bb05960f-748d-4f4e-967a-0b5a66b20cfc,845,,4817.0,Payout,1335.68,2026-09-28 09:53:47.881650,Completed
1939,b02b1b98-4921-4db3-94a9-0a93acdf7405,944,,4818.0,Payout,27869.92,2026-09-28 09:53:47.881650,Completed
1940,ee9ba49f-a72a-4a25-8584-c5a3fd213dc2,896,,4820.0,Payout,14202.16,2026-09-28 09:53:47.881650,Completed
1941,52db544a-3906-46db-8ed4-a2399f2ab2a9,180,,4823.0,Payout,1209.84,2026-09-28 09:53:47.881650,Completed
1942,8679cb1c-4d27-487d-96da-ccc765acf55a,327,,4825.0,Payout,2469.66,2026-09-28 09:53:47.881650,Completed
1943,840cac66-bf64-4aa7-ac87-acc5866389ab,987,,4826.0,Payout,572.92,2026-09-28 09:53:47.881650,Completed
1944,6bcf68ec-1b68-47bb-a09b-95ff8e228f4b,308,,4832.0,Payout,2376.01,2026-09-28 09:53:47.881650,Completed
1945,4191472f-7013-46ad-93b9-27ece0cdcba1,731,,4833.0,Payout,21095.61,2026-09-28 09:53:47.881650,Completed
1946,989685dc-c743-4f73-bb2e-d73c4b50226c,97,,4835.0,Payout,259.95,2026-09-28 09:53:47.881650,Completed
1947,d9272e2c-240a-4bb2-bd47-5c58c9aae86d,689,,4836.0,Payout,4628.33,2026-09-28 09:53:47.881650,Completed
1948,3a41f038-1e75-440a-8184-b2b7b59d2e28,909,,4837.0,Payout,1635.73,2026-09-28 09:53:47.881650,Completed
1949,ea5dca57-cb50-4210-b9e2-9ee6a31154fd,729,,4838.0,Payout,873.84,2026-09-28 09:53:47.881650,Completed
1950,b08c0ba1-2770-4f6d-8a38-26e032093f95,405,,4839.0,Payout,396.8,2026-09-28 09:53:47.881650,Completed
1951,f50f80c0-745b-4662-8a2c-f62c68f2b3e1,600,,4842.0,Payout,1957.67,2026-09-28 09:53:47.881650,Completed
1952,ffa52ff9-8141-457b-a3a0-b05096e845e6,241,,4843.0,Payout,1859.75,2026-09-28 09:53:47.881650,Completed
1953,355ed1d6-1d14-4089-a03d-91f1b0617fdf,604,,4847.0,Payout,574.51,2026-09-28 09:53:47.881650,Completed
1954,b46b126c-7024-412a-96bf-2f9ccd263121,232,,4848.0,Payout,626.7,2026-09-28 09:53:47.881650,Completed
1955,c2eb4bd9-b63f-42b1-8442-1a07c3290612,414,,4850.0,Payout,1796.88,2026-09-28 09:53:47.881650,Completed
1956,10cd00a5-ce13-429c-99cb-341c46216792,525,,4854.0,Payout,1755.03,2026-09-28 09:53:47.881650,Completed
1957,e3ec9cd8-8d66-470f-a4ba-107486ab7601,629,,4858.0,Payout,293.47,2026-09-28 09:53:47.881650,Completed
1958,9b2d8687-ee6d-46fd-b8e8-994c63f9ad64,334,,4861.0,Payout,3404.76,2026-09-28 09:53:47.881650,Completed
1959,6ca8e4c4-de72-4692-8047-d38e1fafb362,49,,4863.0,Payout,136.18,2026-09-28 09:53:47.881650,Completed
1960,dde5df42-052d-4d41-a292-232630848a6c,969,,4864.0,Payout,902.2,2026-09-28 09:53:47.881650,Completed
1961,2f725daf-8b59-4e7e-a424-2bcba5a887ed,137,,4865.0,Payout,3283.93,2026-09-28 09:53:47.881650,Completed
1962,90e33189-7bcc-4bf3-b6df-ff8104e07c28,284,,4866.0,Payout,64798.11,2026-09-28 09:53:47.881650,Completed
1963,9a1b7457-fe1d-49c8-aeb3-30725eaf9f43,559,,4869.0,Payout,330.13,2026-09-28 09:53:47.881650,Completed
1964,1c1eadac-fb21-4f14-add2-68cd6e1779b7,143,,4873.0,Payout,415.54,2026-09-28 09:53:47.881650,Completed
1965,8cf5a990-b9a6-4880-b651-3384c5ac8e83,990,,4874.0,Payout,25761.0,2026-09-28 09:53:47.881650,Completed
1966,ccda1846-3fa2-4406-8111-eb7a5f130118,567,,4876.0,Payout,6452.47,2026-09-28 09:53:47.881650,Completed
1967,f6285f51-dc2d-4762-a99d-d660913c046f,116,,4881.0,Payout,1748.49,2026-09-28 09:53:47.881650,Completed
1968,4e4a5cc8-3255-4e00-94b1-c2e54c030f7b,363,,4885.0,Payout,8119.79,2026-09-28 09:53:47.881650,Completed
1969,00da229a-ae3c-4dd2-93a1-e15d58e4651c,422,,4888.0,Payout,22.04,2026-09-28 09:53:47.881650,Completed
1970,1b891555-345e-4f80-ba7f-b1e2fe43cce7,419,,4891.0,Payout,2259.75,2026-09-28 09:53:47.881650,Completed
1971,3aabca4a-bf71-4e70-b7be-f928992b1f05,786,,4893.0,Payout,4793.95,2026-09-28 09:53:47.881650,Completed
1972,a0794cf6-4b48-4f8f-89fb-26a818654e61,879,,4895.0,Payout,6590.19,2026-09-28 09:53:47.881650,Completed
1973,de775297-3bda-4fdb-b8fc-d13809765aaf,131,,4901.0,Payout,661.59,2026-09-28 09:53:47.881650,Completed
1974,3f359666-b4e0-4b80-bda3-801a4b41ffbf,509,,4902.0,Payout,24190.93,2026-09-28 09:53:47.881650,Completed
1975,9349c0f6-9584-4c14-8f05-8fae36bd1122,847,,4904.0,Payout,7380.83,2026-09-28 09:53:47.881650,Completed
1976,8de75949-16bb-4635-b0c1-af854a71acb4,642,,4906.0,Payout,128.55,2026-09-28 09:53:47.881650,Completed
1977,edbf609a-898a-4b81-bad9-65c305ab188f,146,,4911.0,Payout,395.74,2026-09-28 09:53:47.881650,Completed
1978,23980e7d-588f-47c1-938a-3eee40c37d2e,1000,,4914.0,Payout,12759.3,2026-09-28 09:53:47.881650,Completed
1979,8c735453-b9f6-46b0-b3ed-c41fd3e33f31,800,,4916.0,Payout,978.66,2026-09-28 09:53:47.881650,Completed
1980,d814f7fe-4e60-42d0-ae09-eade5fede20f,34,,4918.0,Payout,3847.68,2026-09-28 09:53:47.881650,Completed
1981,cb1ace3c-ee2f-448d-a723-ee412ac79114,760,,4919.0,Payout,29429.82,2026-09-28 09:53:47.881650,Completed
1982,4f0f4ff2-5ff8-4cdf-bd41-19ac1d2a1cb6,342,,4921.0,Payout,134.64,2026-09-28 09:53:47.881650,Completed
1983,3c9c8624-c57a-4e10-ab39-b509aaa8e240,166,,4928.0,Payout,7236.88,2026-09-28 09:53:47.881650,Completed
1984,8d7832c9-2921-4e75-8cb3-c53173d15071,217,,4933.0,Payout,8586.98,2026-09-28 09:53:47.881650,Completed
1985,7fc6960f-a3de-4ddb-9790-aa420982394d,721,,4935.0,Payout,22384.2,2026-09-28 09:53:47.881650,Completed
1986,2424b7dd-e501-4648-be7a-66533a821e66,534,,4937.0,Payout,1355.41,2026-09-28 09:53:47.881650,Completed
1987,a8a2708b-5234-43d1-a331-3d62c71be1de,816,,4938.0,Payout,145.39,2026-09-28 09:53:47.881650,Completed
1988,fa2731e8-6ed1-4304-aae0-35fb1e7448dd,161,,4939.0,Payout,3721.93,2026-09-28 09:53:47.881650,Completed
1989,dc5fca1a-9ba0-4fa3-985a-482c545d1eb7,254,,4943.0,Payout,920.09,2026-09-28 09:53:47.881650,Completed
1990,9200a458-3ea6-4afb-8005-6cc845ef13fc,457,,4945.0,Payout,99.04,2026-09-28 09:53:47.881650,Completed
1991,661e6102-d140-4cc6-8217-4e1a4b7dade1,454,,4951.0,Payout,217.59,2026-09-28 09:53:47.881650,Completed
1992,8e64e7ae-d361-4d32-9911-e7cbf04b5b09,878,,4952.0,Payout,1787.33,2026-09-28 09:53:47.881650,Completed
1993,fb3ae8cc-a24d-4e6c-bc63-2d203dfdacc0,198,,4963.0,Payout,4410.47,2026-09-28 09:53:47.881650,Completed
1994,fd34a223-3917-40b9-8baf-0d0600db1576,226,,4964.0,Payout,567.81,2026-09-28 09:53:47.881650,Completed
1995,3e9b2e4e-4ec5-4f85-b665-1cd231de627b,321,,4968.0,Payout,132.28,2026-09-28 09:53:47.881650,Completed
1996,186912df-fdff-422b-9442-15000c8146d3,621,,4972.0,Payout,2917.78,2026-09-28 09:53:47.881650,Completed
1997,3beb9632-33b6-49e6-ac46-9256b962fe1c,678,,4973.0,Payout,1036.97,2026-09-28 09:53:47.881650,Completed
1998,c2527ec0-cc54-4d5f-94f2-16aeee2c2363,863,,4974.0,Payout,504.99,2026-09-28 09:53:47.881650,Completed
1999,1a376fc8-4af9-4371-bf3d-698b5df0fc68,101,,4980.0,Payout,8103.8,2026-09-28 09:53:47.881650,Completed
2000,fb2b04a5-922f-459d-bf90-4dd630b3e9d6,144,,4981.0,Payout,885.56,2026-09-28 09:53:47.881650,Completed
2001,b44c66c0-846d-4fd5-aaeb-dc2687a95928,916,,4983.0,Payout,41068.9,2026-09-28 09:53:47.881650,Completed
2002,17334a16-beb0-409d-8f36-cda7eec2eb1a,35,,4984.0,Payout,97.92,2026-09-28 09:53:47.881650,Completed
2003,661ad5be-de35-49e4-8305-2b2a42ee5fde,216,,4985.0,Payout,135.03,2026-09-28 09:53:47.881650,Completed
2004,d161c215-8fd9-4065-adea-e515a96c7f67,652,,4987.0,Payout,620.66,2026-09-28 09:53:47.881650,Completed
2005,fb33a022-859d-4aa0-9472-5e4bf0fb0cfd,301,,4988.0,Payout,43361.97,2026-09-28 09:53:47.881650,Completed
2006,a179f9e2-3877-4c38-b437-358d4e47dff6,870,,4990.0,Payout,18013.08,2026-09-28 09:53:47.881650,Completed
2007,29ba89a1-b7e2-437c-ad66-ed8935ecbb9b,200,,4994.0,Payout,56666.29,2026-09-28 09:53:47.881650,Completed
2008,5bb92347-8055-4d1f-a072-70e3916e0ea4,792,,4996.0,Payout,193.52,2026-09-28 09:53:47.881650,Completed
2009,897cb88a-c179-46df-b65c-a3732c087ba0,705,1.0,,Withdrawal,386.37,2026-09-28 09:53:47.881650,Completed
2010,827c3baa-b65f-4f99-ade6-930d2baffeb0,298,4.0,,Deposit,431.68,2026-09-28 09:53:47.881650,Completed
2011,dbbd0e5d-3b2c-40c1-9ad0-ba5d2021e4fb,232,3.0,,Withdrawal,116.5,2026-09-28 09:53:47.881650,Completed
2012,8255df14-f796-457d-bb22-2c0f82b6eb55,836,,,Adjustment,266.63,2026-09-28 09:53:47.881650,Completed
2013,2f42bc31-ab6c-474b-8f48-6e796e8f7e3e,422,4.0,,Withdrawal,300.86,2026-09-28 09:53:47.881650,Completed
2014,e5637298-c133-4b14-b027-929c8df18896,221,1.0,,Withdrawal,126.43,2026-09-28 09:53:47.881650,Completed
2015,2ec714f4-0d41-481c-9d7e-bd81a6fc2df7,92,4.0,,Withdrawal,68.97,2026-09-28 09:53:47.881650,Completed
2016,418d1c95-307e-47b8-822a-8b35dfd31896,815,3.0,,Deposit,133.05,2026-09-28 09:53:47.881650,Completed
2017,cfd8d96a-0852-4468-ad7a-97993c79d4ec,957,5.0,,Withdrawal,364.11,2026-09-28 09:53:47.881650,Completed
2018,5cd98b1c-336e-44d5-b31d-b8867e0bf984,643,3.0,,Deposit,464.62,2026-09-28 09:53:47.881650,Completed
2019,f9d6b01f-fad8-49ab-8bfa-84e7d5801f26,472,5.0,,Deposit,145.98,2026-09-28 09:53:47.881650,Completed
2020,8cd53b8d-72d9-4099-824e-8525bcb442cc,661,4.0,,Withdrawal,241.04,2026-09-28 09:53:47.881650,Completed
2021,cdcef37c-c75f-47f4-9d0d-f161f0998d37,660,2.0,,Deposit,91.15,2026-09-28 09:53:47.881650,Completed
2022,da2635e3-0377-4fa1-8943-ddbe2d240ed1,447,4.0,,Withdrawal,27.83,2026-09-28 09:53:47.881650,Completed
2023,a36f5fb2-4495-4ad4-a463-5256b9470494,972,2.0,,Deposit,245.07,2026-09-28 09:53:47.881650,Completed
2024,ec364058-8f47-491f-8bc3-769114a91369,746,,,Adjustment,353.41,2026-09-28 09:53:47.881650,Completed
2025,0d41a1a4-0641-475e-8e70-04700bd42de1,456,,,Adjustment,431.87,2026-09-28 09:53:47.881650,Completed
2026,02bcb787-8341-4349-b0e0-b98f624a4c88,734,4.0,,Deposit,379.75,2026-09-28 09:53:47.881650,Completed
2027,1cbe92a9-f895-4d78-bf79-6ad37f6aeab7,463,3.0,,Withdrawal,97.87,2026-09-28 09:53:47.881650,Completed
2028,6e51117c-f69c-46e7-9e0f-8b591a83b511,908,,,Adjustment,110.18,2026-09-28 09:53:47.881650,Completed
2029,b576e49e-ec65-4743-8cf6-0423ffa9f9d8,707,4.0,,Deposit,221.04,2026-09-28 09:53:47.881650,Completed
2030,9d277398-6d92-4f35-a315-70c2cdd58349,576,2.0,,Deposit,392.7,2026-09-28 09:53:47.881650,Completed
2031,7fa5e7a4-407f-4377-8921-9469663d95a8,422,5.0,,Withdrawal,258.21,2026-09-28 09:53:47.881650,Completed
2032,b0ad4f8e-1cb4-4aa1-830f-677d0f332a6a,808,2.0,,Withdrawal,239.96,2026-09-28 09:53:47.881650,Completed
2033,679552fa-7aef-41d9-aefc-b76bd707c1f5,624,1.0,,Withdrawal,445.42,2026-09-28 09:53:47.881650,Completed
2034,71ef7ee4-5bc2-4307-8881-a0363393255e,620,1.0,,Deposit,102.48,2026-09-28 09:53:47.881650,Completed
2035,187c3fff-6d8c-471a-8d8f-a7f50bb96331,382,1.0,,Deposit,319.91,2026-09-28 09:53:47.881650,Completed
2036,82a73f6c-ec59-4270-a685-7812683f6d02,281,,,Adjustment,57.98,2026-09-28 09:53:47.881650,Completed
2037,19983722-b676-44e9-b1e7-4f53f3e80938,843,2.0,,Deposit,87.9,2026-09-28 09:53:47.881650,Completed
2038,c8b867b0-b2a2-4a92-b0f5-eabfded72e47,860,,,Adjustment,58.86,2026-09-28 09:53:47.881650,Completed
2039,0d0056ea-2bb3-40b9-a932-2782f762d5bd,939,1.0,,Withdrawal,239.04,2026-09-28 09:53:47.881650,Completed
2040,f7b282aa-2035-47ae-8927-f72135558d06,886,4.0,,Withdrawal,272.99,2026-09-28 09:53:47.881650,Completed
2041,84b8d5bd-3f93-407e-aad7-26f802387213,885,5.0,,Deposit,102.01,2026-09-28 09:53:47.881650,Completed
2042,706e805c-968c-4994-8226-f7f225bd1e65,845,,,Adjustment,164.64,2026-09-28 09:53:47.881650,Completed
2043,3ac27c03-b27a-4dd3-b0fc-def50dbb28ad,843,4.0,,Deposit,287.0,2026-09-28 09:53:47.881650,Completed
2044,b0bf1b0f-f1cc-409c-a662-4b4296289cd8,705,4.0,,Withdrawal,474.4,2026-09-28 09:53:47.881650,Completed
2045,11da4960-c525-4dfc-961c-937318eedc7c,271,5.0,,Deposit,40.06,2026-09-28 09:53:47.881650,Completed
2046,65196b84-c29d-4809-bdf9-7176eed8d50d,456,2.0,,Deposit,432.88,2026-09-28 09:53:47.881650,Completed
2047,c4081a47-5276-42f6-9a9f-cf4f6ead90c8,106,3.0,,Deposit,172.29,2026-09-28 09:53:47.881650,Completed
2048,ab2c4e25-e92a-4719-b612-6369fd2e716a,311,4.0,,Withdrawal,236.8,2026-09-28 09:53:47.881650,Completed
2049,28903685-2aa1-4275-a873-41cf852eee26,778,3.0,,Deposit,259.45,2026-09-28 09:53:47.881650,Completed
2050,2c044338-0f07-4d02-bb8c-9844dc3fabdd,635,3.0,,Withdrawal,191.93,2026-09-28 09:53:47.881650,Completed
2051,22add194-cfff-4026-bca2-c1653a640b1a,833,,,Adjustment,445.61,2026-09-28 09:53:47.881650,Completed
2052,f8136e3a-0a93-477d-9b98-ee5ade7268d7,242,3.0,,Withdrawal,294.28,2026-09-28 09:53:47.881650,Completed
2053,53c391f2-a13a-4bcb-827d-e4abfe03f9e7,705,5.0,,Withdrawal,363.36,2026-09-28 09:53:47.881650,Completed
2054,eb3f8dfe-ed1a-4ec9-adae-3f53b7ff2d60,505,4.0,,Withdrawal,384.18,2026-09-28 09:53:47.881650,Completed
2055,f2a1fc1d-bf1c-48f5-ba5d-53a344ab6d20,614,2.0,,Deposit,156.18,2026-09-28 09:53:47.881650,Completed
2056,ef3bc515-9157-4506-9371-71b856073a02,107,5.0,,Withdrawal,411.38,2026-09-28 09:53:47.881650,Completed
2057,6a89415b-8f43-45e9-a300-e470fcfa3e31,638,,,Adjustment,374.31,2026-09-28 09:53:47.881650,Completed
2058,ae70aeca-bd7e-4d1f-a9d8-faa7c188db60,879,4.0,,Withdrawal,234.71,2026-09-28 09:53:47.881650,Completed
2059,6f5b19f5-37bd-4fc9-9cbf-be2db2eb2fb3,288,2.0,,Withdrawal,206.4,2026-09-28 09:53:47.881650,Completed
2060,d359b081-1de5-4cac-bb72-678eeed12868,401,2.0,,Withdrawal,364.98,2026-09-28 09:53:47.881650,Completed
2061,1191db55-b89d-479f-9f55-c2728b5c7bbe,960,2.0,,Withdrawal,222.82,2026-09-28 09:53:47.881650,Completed
2062,22422bb4-6e0f-47c0-a57c-080ffa3f7aa4,222,3.0,,Deposit,166.68,2026-09-28 09:53:47.881650,Completed
2063,9bf34fd8-218d-4303-a666-54e493e4670a,359,,,Adjustment,254.4,2026-09-28 09:53:47.881650,Completed
2064,849ca645-3f95-4194-8941-539cf2ec0df0,671,2.0,,Withdrawal,187.51,2026-09-28 09:53:47.881650,Completed
2065,19d45414-9b30-461b-9882-31f0f1d75029,129,2.0,,Deposit,265.17,2026-09-28 09:53:47.881650,Completed
2066,6fcb1f4b-7fc7-46c6-b3db-44dad424afba,146,,,Adjustment,363.17,2026-09-28 09:53:47.881650,Completed
2067,4e53eecb-da92-4ebe-9c20-cd864fefc90f,520,5.0,,Withdrawal,344.37,2026-09-28 09:53:47.881650,Completed
2068,28e08a4d-0f9b-4398-a138-6c6893044477,672,,,Adjustment,332.27,2026-09-28 09:53:47.881650,Completed
2069,1e1a5581-8db5-4f25-a065-501fa9fe8f98,513,,,Adjustment,198.68,2026-09-28 09:53:47.881650,Completed
2070,5f1e06af-c6b9-43f1-bc5b-51cbe997c81c,892,,,Adjustment,488.96,2026-09-28 09:53:47.881650,Completed
2071,b17662b8-5bd4-4d68-befe-e65bda39960a,251,4.0,,Withdrawal,138.9,2026-09-28 09:53:47.881650,Completed
2072,529f6357-47f7-4489-807c-b6a999dd393f,711,,,Adjustment,380.4,2026-09-28 09:53:47.881650,Completed
2073,587f93f1-890f-4449-a2a5-a8c0b3cadf76,549,3.0,,Deposit,208.72,2026-09-28 09:53:47.881650,Completed
2074,bedacf8b-1c69-432e-a1e0-5a0696c96176,34,2.0,,Withdrawal,433.17,2026-09-28 09:53:47.881650,Completed
2075,5b203998-e434-48a0-a370-d76688c5255e,43,4.0,,Deposit,273.57,2026-09-28 09:53:47.881650,Completed
2076,ee9394f3-8c93-4be6-9d12-8baeb630b7c4,274,1.0,,Deposit,259.44,2026-09-28 09:53:47.881650,Completed
2077,261e2865-18ba-4030-bf61-872cf0d8124a,557,4.0,,Withdrawal,271.24,2026-09-28 09:53:47.881650,Completed
2078,8a9d7d29-0ec6-48cb-9e9f-e51794a98048,161,,,Adjustment,361.89,2026-09-28 09:53:47.881650,Completed
2079,ca018398-aef8-4476-af08-9153b9453185,432,,,Adjustment,200.57,2026-09-28 09:53:47.881650,Completed
2080,d499bfe4-22a8-40e3-bd05-2d4f9763e32f,348,1.0,,Withdrawal,263.88,2026-09-28 09:53:47.881650,Completed
2081,68bef984-4b1d-4f0b-aa52-1549806569e3,88,,,Adjustment,320.72,2026-09-28 09:53:47.881650,Completed
2082,0531c1f1-c3b9-40c0-9bde-0e4046c93208,91,2.0,,Deposit,116.98,2026-09-28 09:53:47.881650,Completed
2083,5b7e5fe0-0bbb-4034-9a1f-2ef3623539a0,28,3.0,,Withdrawal,36.28,2026-09-28 09:53:47.881650,Completed
2084,ebc57c3e-fec2-4ea7-983f-94b27438ea09,703,3.0,,Deposit,212.26,2026-09-28 09:53:47.881650,Completed
2085,a5ef2b8d-f49d-40c6-a5c0-cefe27468b0f,953,,,Adjustment,316.09,2026-09-28 09:53:47.881650,Completed
2086,d5b35a98-09d1-4d30-b584-a878297de822,168,5.0,,Deposit,189.57,2026-09-28 09:53:47.881650,Completed
2087,c6222b3d-5394-4cbd-acd3-0c78efd26bde,675,1.0,,Withdrawal,134.96,2026-09-28 09:53:47.881650,Completed
2088,7b541787-6bdb-4fc3-9add-7b5775d9f170,607,,,Adjustment,199.99,2026-09-28 09:53:47.881650,Completed
2089,d5ebbbae-c5e9-4fa8-9ddc-9ed8d7262b1f,331,,,Adjustment,441.63,2026-09-28 09:53:47.881650,Completed
2090,b459293f-b65c-4393-afc8-99b4597e5b34,786,1.0,,Deposit,229.77,2026-09-28 09:53:47.881650,Completed
2091,46517941-d99a-47c1-a693-bd0b257416bf,423,,,Adjustment,188.72,2026-09-28 09:53:47.881650,Completed
2092,d70944a8-452a-4d68-a290-a4a3f40c83df,193,3.0,,Withdrawal,107.29,2026-09-28 09:53:47.881650,Completed
2093,d3303dc5-3d00-4454-baaf-e27671abe61a,162,2.0,,Deposit,358.6,2026-09-28 09:53:47.881650,Completed
2094,9b0ec0ce-00f7-4fe7-a909-2165fa81e054,626,,,Adjustment,251.4,2026-09-28 09:53:47.881650,Completed
2095,097d195a-6128-47ff-bb96-56cd0b1c355f,408,,,Adjustment,221.98,2026-09-28 09:53:47.881650,Completed
2096,0babde13-14a0-4b2c-b0a0-f02f37f72d86,511,3.0,,Deposit,24.12,2026-09-28 09:53:47.881650,Completed
2097,1ecd4b6f-381b-4194-a5be-b262c588636c,472,2.0,,Deposit,320.19,2026-09-28 09:53:47.881650,Completed
2098,84fea2c8-7c39-4031-8569-c4042f78ecd6,929,4.0,,Deposit,332.18,2026-09-28 09:53:47.881650,Completed
2099,e1b5e805-9fe6-4821-9cb9-5a89495baaad,526,1.0,,Withdrawal,283.31,2026-09-28 09:53:47.881650,Completed
2100,e0b9756f-2f9b-4e9a-8e48-b0b8aa928259,672,4.0,,Withdrawal,292.1,2026-09-28 09:53:47.881650,Completed
2101,4d8e6fe2-e5ca-4a87-8c34-ee5e41d028b8,806,,,Adjustment,401.45,2026-09-28 09:53:47.881650,Completed
2102,381cc90a-7d01-4bc0-96de-3b16b37f9c2e,667,5.0,,Withdrawal,494.81,2026-09-28 09:53:47.881650,Completed
2103,2df5c7a0-118b-4c98-89fe-764b67350925,424,,,Adjustment,478.53,2026-09-28 09:53:47.881650,Completed
2104,4539cb82-a00f-4d16-af62-c3aa8ca2a645,125,2.0,,Withdrawal,271.69,2026-09-28 09:53:47.881650,Completed
2105,f1786881-c999-40b1-83fb-ae637d07dfaa,823,5.0,,Withdrawal,119.02,2026-09-28 09:53:47.881650,Completed
2106,a5104690-8aa6-4e43-afbe-79d849d3ae5b,23,5.0,,Withdrawal,333.98,2026-09-28 09:53:47.881650,Completed
2107,bc1566d6-7f09-4b63-930f-d914d492e35e,10,,,Adjustment,29.38,2026-09-28 09:53:47.881650,Completed
2108,332583f4-6c28-4987-9ba0-e9d15e84cdf3,639,1.0,,Withdrawal,195.96,2026-09-28 09:53:47.881650,Completed
2109,abcd2f1b-57b2-4d65-856e-7e49ae2c207d,351,2.0,,Deposit,226.85,2026-09-28 09:53:47.881650,Completed
2110,92a50226-814b-4bff-9db5-6e199731cb67,871,,,Adjustment,75.87,2026-09-28 09:53:47.881650,Completed
2111,5f7f9c10-433b-442f-892a-10206b1e49e7,448,,,Adjustment,401.33,2026-09-28 09:53:47.881650,Completed
2112,602c9c8b-859e-4aac-b259-705070be6bea,283,,,Adjustment,441.69,2026-09-28 09:53:47.881650,Completed
2113,46ddd09d-a458-455b-96e9-c8a3db585519,317,,,Adjustment,464.53,2026-09-28 09:53:47.881650,Completed
2114,c1b3f266-a95e-48e6-8983-559bc0e46c09,430,,,Adjustment,272.77,2026-09-28 09:53:47.881650,Completed
2115,6a56e897-d526-4e5a-82c4-ece65c3ffad3,254,3.0,,Deposit,323.42,2026-09-28 09:53:47.881650,Completed
2116,c49064a2-412b-4b8f-9dd6-904262515963,377,,,Adjustment,386.67,2026-09-28 09:53:47.881650,Completed
2117,6384cd58-8a0c-4d57-82b3-b931851f5e93,937,3.0,,Deposit,111.73,2026-09-28 09:53:47.881650,Completed
2118,d10052b5-2050-4746-b429-1f2c896cffab,328,1.0,,Withdrawal,402.93,2026-09-28 09:53:47.881650,Completed
2119,c26edebb-84d2-4c6e-bfe1-3913d2f7c30e,635,2.0,,Deposit,89.79,2026-09-28 09:53:47.881650,Completed
2120,4b07ab55-19c1-4de4-bc44-ef57ce7af059,194,,,Adjustment,150.05,2026-09-28 09:53:47.881650,Completed
2121,c1ca0238-2a30-462e-846f-821f8679166c,74,2.0,,Withdrawal,344.78,2026-09-28 09:53:47.881650,Completed
2122,15a0b49c-9951-4dac-a14e-f4e2ed8ee11d,358,,,Adjustment,279.85,2026-09-28 09:53:47.881650,Completed
2123,e3792872-8a33-48f8-95b7-45968e08926b,245,,,Adjustment,383.49,2026-09-28 09:53:47.881650,Completed
2124,e657a9a0-7c9e-4fb0-b41f-3eaf8a99386b,335,5.0,,Withdrawal,120.68,2026-09-28 09:53:47.881650,Completed
2125,056d46b0-3ff7-4866-a4df-7b5846bd320c,781,3.0,,Deposit,415.72,2026-09-28 09:53:47.881650,Completed
2126,0264a6b2-1052-4c58-acdd-54871290a79f,820,1.0,,Deposit,290.71,2026-09-28 09:53:47.881650,Completed
2127,1527e2f2-d012-47e1-800a-38494240c15b,763,,,Adjustment,480.6,2026-09-28 09:53:47.881650,Completed
2128,805d15f3-f5b3-44e7-87cf-e5b14770223e,779,,,Adjustment,396.6,2026-09-28 09:53:47.881650,Completed
2129,ce99ee58-abe9-434f-b114-652f76e8f953,806,1.0,,Withdrawal,240.37,2026-09-28 09:53:47.881650,Completed
2130,3ca92a43-fb71-403f-a3e6-4ae930b0f46e,220,4.0,,Withdrawal,428.65,2026-09-28 09:53:47.881650,Completed
2131,228d7122-805d-4bb7-bbde-05026ed85dcc,606,3.0,,Withdrawal,452.84,2026-09-28 09:53:47.881650,Completed
2132,045e8505-0ad0-4f47-9abb-170dcdbe9939,762,4.0,,Withdrawal,205.94,2026-09-28 09:53:47.881650,Completed
2133,cd024f7e-1e8f-4547-8868-4a42df8975d4,187,5.0,,Deposit,320.7,2026-09-28 09:53:47.881650,Completed
2134,d72b17e7-c6f9-4fd9-a9c0-e2c252b4ffbf,712,,,Adjustment,422.18,2026-09-28 09:53:47.881650,Completed
2135,cd300bd0-26f2-4483-b4cd-688cb4249e55,137,,,Adjustment,103.5,2026-09-28 09:53:47.881650,Completed
2136,fb33778f-c82f-47a0-986b-88108dc08da2,264,,,Adjustment,145.57,2026-09-28 09:53:47.881650,Completed
2137,87cce87e-1efd-4775-aa0c-53eb2c0e48c7,653,5.0,,Withdrawal,14.45,2026-09-28 09:53:47.881650,Completed
2138,57067a08-1693-4095-9e64-c894bb46a5af,40,5.0,,Deposit,326.56,2026-09-28 09:53:47.881650,Completed
2139,ead17f8a-22a7-4515-830d-e65288bcdef6,713,3.0,,Deposit,56.7,2026-09-28 09:53:47.881650,Completed
2140,255c2e35-b476-4c02-bd6e-8fea1925bfa7,32,1.0,,Withdrawal,82.84,2026-09-28 09:53:47.881650,Completed
2141,73035d46-b95d-47fc-bf43-96c89c13a6cd,726,2.0,,Deposit,420.93,2026-09-28 09:53:47.881650,Completed
2142,2254bcd8-31ad-4ec7-b29c-c4c9df91156d,214,,,Adjustment,492.62,2026-09-28 09:53:47.881650,Completed
2143,f2806385-fe72-42b7-ab99-01140a2ef34e,265,4.0,,Withdrawal,384.8,2026-09-28 09:53:47.881650,Completed
2144,017a299a-9c26-4396-b4a8-75c2f92d173a,798,3.0,,Withdrawal,39.26,2026-09-28 09:53:47.881650,Completed
2145,2353ae8a-0b0e-4331-954f-da7ac4db0ca2,330,3.0,,Withdrawal,358.89,2026-09-28 09:53:47.881650,Completed
2146,b9985b12-aa36-42d1-98e8-ee7994bbd06d,310,,,Adjustment,69.01,2026-09-28 09:53:47.881650,Completed
2147,a0166dee-19a6-4559-9d63-14a5e6b9ed3d,922,4.0,,Withdrawal,459.42,2026-09-28 09:53:47.881650,Completed
2148,4c18d71f-3ba6-46b3-ad05-f42f16d99ba2,295,,,Adjustment,213.26,2026-09-28 09:53:47.881650,Completed
2149,083d7e06-c16c-407b-b49d-6fc71a3283e5,291,,,Adjustment,29.12,2026-09-28 09:53:47.881650,Completed
2150,7e64b637-ebe2-4f34-bb70-725919aef1c2,523,1.0,,Deposit,302.61,2026-09-28 09:53:47.881650,Completed
2151,746a3204-392e-46ce-8285-aebece2726d2,711,4.0,,Deposit,120.78,2026-09-28 09:53:47.881650,Completed
2152,e50ffed6-625b-4d94-ace4-97d9b1b53440,102,,,Adjustment,224.55,2026-09-28 09:53:47.881650,Completed
2153,bb82c5e5-2365-4e94-8df6-1bb3b0a34cd5,653,5.0,,Deposit,227.91,2026-09-28 09:53:47.881650,Completed
2154,c8f3467a-aad9-40f7-8dde-80f0bbd08d56,595,5.0,,Withdrawal,165.11,2026-09-28 09:53:47.881650,Completed
2155,cdb25b0c-dc50-4df9-be14-bdbcd8e299d8,188,,,Adjustment,85.29,2026-09-28 09:53:47.881650,Completed
2156,f1d74eed-67fe-4496-bc77-303b80fb12cf,220,,,Adjustment,18.86,2026-09-28 09:53:47.881650,Completed
2157,48abf17a-dde7-43d7-9929-3dcd535e2e5f,27,5.0,,Deposit,139.47,2026-09-28 09:53:47.881650,Completed
2158,6a743e1f-b1f3-46f2-ac68-4175a638638c,348,2.0,,Deposit,317.4,2026-09-28 09:53:47.881650,Completed
2159,63ba5dc5-dea7-42fb-969a-4913d66a0075,316,5.0,,Deposit,317.72,2026-09-28 09:53:47.881650,Completed
2160,c25dc4be-d24d-4ec3-9d3a-187cf4540997,834,,,Adjustment,195.4,2026-09-28 09:53:47.881650,Completed
2161,b0aa2d9a-9798-49c2-b3b5-75cb7f415d2e,20,3.0,,Withdrawal,347.35,2026-09-28 09:53:47.881650,Completed
2162,0069126e-ee31-4ef3-a410-0da6fe6818d9,855,3.0,,Deposit,452.66,2026-09-28 09:53:47.881650,Completed
2163,8cbc34e8-ed8e-4ba6-a89e-30fd0a8b6dae,419,1.0,,Withdrawal,371.46,2026-09-28 09:53:47.881650,Completed
2164,100b2ca4-384b-4fe0-b14a-fdfc1e0b4675,864,1.0,,Deposit,127.97,2026-09-28 09:53:47.881650,Completed
2165,d35cd12e-3784-481e-861f-07550fb96977,664,4.0,,Withdrawal,350.29,2026-09-28 09:53:47.881650,Completed
2166,960f5193-d855-459c-89b9-1be4900548d6,907,2.0,,Withdrawal,269.94,2026-09-28 09:53:47.881650,Completed
2167,d4701762-3f76-469b-8352-89a0bc2dc301,286,3.0,,Deposit,199.9,2026-09-28 09:53:47.881650,Completed
2168,4107e44c-83fc-47a9-ad63-b1007642e547,364,4.0,,Withdrawal,54.18,2026-09-28 09:53:47.881650,Completed
2169,865e35a7-00ad-408d-bf0c-e24b84c8e75d,498,1.0,,Withdrawal,161.91,2026-09-28 09:53:47.881650,Completed
2170,ad163ee3-d2fe-4e77-9a06-76446cee75cd,705,4.0,,Withdrawal,411.19,2026-09-28 09:53:47.881650,Completed
2171,a96682bd-3ad6-4cdc-b4aa-1517b52e9bc9,449,1.0,,Withdrawal,210.83,2026-09-28 09:53:47.881650,Completed
2172,766c8e89-033f-431b-bfc9-88dda196055f,539,1.0,,Deposit,425.41,2026-09-28 09:53:47.881650,Completed
2173,685760e5-4cd6-443b-aaeb-06c81509e2f3,38,2.0,,Deposit,266.42,2026-09-28 09:53:47.881650,Completed
2174,e126de4e-fad2-4906-8399-fdb99f7d1b11,160,,,Adjustment,496.49,2026-09-28 09:53:47.881650,Completed
2175,955674f0-4907-49ef-8eb6-4ca99680211b,702,5.0,,Withdrawal,146.8,2026-09-28 09:53:47.881650,Completed
2176,61cdd091-6600-42b6-9b00-cca67e982f58,509,,,Adjustment,35.29,2026-09-28 09:53:47.881650,Completed
2177,81d9ec65-9c18-49bd-a40f-ef7c0e5a9e36,456,3.0,,Deposit,354.54,2026-09-28 09:53:47.881650,Completed
2178,a1eb6e1d-a5a8-437c-a08e-cf80485140ba,812,4.0,,Deposit,121.7,2026-09-28 09:53:47.881650,Completed
2179,dc0e2543-80e7-46f3-b632-3b0b8734a8ee,713,,,Adjustment,10.57,2026-09-28 09:53:47.881650,Completed
2180,89a3b3ab-84b2-4fe5-9f98-eb044ba2ab35,776,,,Adjustment,204.33,2026-09-28 09:53:47.881650,Completed
2181,735f077d-44e1-4810-bbf3-93307e340929,405,,,Adjustment,358.49,2026-09-28 09:53:47.881650,Completed
2182,2aaa249f-3965-4e73-8b14-329800435854,198,,,Adjustment,63.36,2026-09-28 09:53:47.881650,Completed
2183,6f2bdd05-aead-4d81-9f22-ed687569b8af,860,3.0,,Withdrawal,195.55,2026-09-28 09:53:47.881650,Completed
2184,3d76d7a0-4836-49bd-8aac-45e2dc8dda3f,610,,,Adjustment,388.04,2026-09-28 09:53:47.881650,Completed
2185,40b78104-936d-4d7e-938a-35a1bd1345dd,40,1.0,,Deposit,299.26,2026-09-28 09:53:47.881650,Completed
2186,a8f68a88-92f5-460d-9678-4b0e202bbd6e,822,1.0,,Withdrawal,436.03,2026-09-28 09:53:47.881650,Completed
2187,7c113f42-54c4-4d06-81aa-22774cede30a,472,1.0,,Withdrawal,112.63,2026-09-28 09:53:47.881650,Completed
2188,2434f899-eada-4d03-baab-0cf9c901ac13,829,1.0,,Withdrawal,171.43,2026-09-28 09:53:47.881650,Completed
2189,fb36f327-ff73-43f2-9010-3caa55352d5e,713,,,Adjustment,410.06,2026-09-28 09:53:47.881650,Completed
2190,19d3728a-0a42-4424-ad99-320fd72dc4bb,679,,,Adjustment,31.57,2026-09-28 09:53:47.881650,Completed
2191,2df6fb01-f00e-4a1e-8a5b-99c65433a10b,887,4.0,,Deposit,290.84,2026-09-28 09:53:47.881650,Completed
2192,ea118a45-0413-4c8d-84cf-04c07a0d66dc,990,3.0,,Deposit,430.11,2026-09-28 09:53:47.881650,Completed
2193,03c94a22-1da9-44a5-b82a-5a2a6924d020,488,1.0,,Withdrawal,208.72,2026-09-28 09:53:47.881650,Completed
2194,c4bd558b-93c6-4941-853e-8fd35189fb33,478,3.0,,Deposit,359.91,2026-09-28 09:53:47.881650,Completed
2195,047d2198-b948-42de-b5c1-e421d98e0a5c,918,2.0,,Deposit,50.52,2026-09-28 09:53:47.881650,Completed
2196,60b40219-e775-459e-a2d8-c436b051f9a4,818,3.0,,Deposit,222.55,2026-09-28 09:53:47.881650,Completed
2197,636434d9-e196-4fb8-86f4-6ba45818606c,663,,,Adjustment,85.24,2026-09-28 09:53:47.881650,Completed
2198,851f7f19-b543-4b02-a7d2-862096b1836c,946,3.0,,Withdrawal,23.94,2026-09-28 09:53:47.881650,Completed
2199,d0758f42-9783-4ada-975b-1e85632f00d8,855,1.0,,Withdrawal,154.44,2026-09-28 09:53:47.881650,Completed
2200,0e4ae57d-3f06-439e-acfc-32e73d314d96,362,1.0,,Deposit,491.89,2026-09-28 09:53:47.881650,Completed
2201,9cc8ae4e-8b95-4476-abac-475af11025d2,106,3.0,,Withdrawal,23.17,2026-09-28 09:53:47.881650,Completed
2202,24d916a7-ddb6-4cf0-aa48-2fc2e052095c,346,,,Adjustment,471.69,2026-09-28 09:53:47.881650,Completed
2203,86f6cb7f-b79f-4024-a9df-11fb917546bb,967,1.0,,Deposit,353.49,2026-09-28 09:53:47.881650,Completed
2204,72d27a5f-801e-472b-9fd9-94c92610edc0,900,1.0,,Deposit,438.57,2026-09-28 09:53:47.881650,Completed
2205,afeef2d8-7c12-481f-af4d-eb757850a341,305,2.0,,Withdrawal,117.14,2026-09-28 09:53:47.881650,Completed
2206,9ed03024-8569-4919-87c9-ec00e05c0360,19,1.0,,Deposit,67.67,2026-09-28 09:53:47.881650,Completed
2207,39332012-36ad-450b-8a09-ff57dbad32ab,400,3.0,,Withdrawal,148.59,2026-09-28 09:53:47.881650,Completed
2208,c461a272-e58e-4aeb-bc9a-5e469f155204,951,,,Adjustment,387.16,2026-09-28 09:53:47.881650,Completed
2209,5368f5e2-1040-49f2-8a10-9440b6cf6d49,590,3.0,,Withdrawal,16.82,2026-09-28 09:53:47.881650,Completed
2210,6d58c7d8-6bcc-4bae-8b21-5e7310155406,28,5.0,,Deposit,211.45,2026-09-28 09:53:47.881650,Completed
2211,c4f938e5-b19f-4093-8f78-40f316b10a76,350,,,Adjustment,436.35,2026-09-28 09:53:47.881650,Completed
2212,3527820f-d297-46ba-a15f-ef00b7ed7826,304,3.0,,Withdrawal,142.5,2026-09-28 09:53:47.881650,Completed
2213,d1777375-1c88-4b8b-87ad-11a6b5cc1d8f,161,1.0,,Withdrawal,168.95,2026-09-28 09:53:47.881650,Completed
2214,ced528c8-f22d-44a2-8cee-10534d7c902e,56,2.0,,Deposit,140.58,2026-09-28 09:53:47.881650,Completed
2215,4da74e63-4150-4d98-ac6b-e4312ef5a8e5,47,,,Adjustment,56.75,2026-09-28 09:53:47.881650,Completed
2216,3bc3f1f4-3034-4824-acba-b926026646f1,685,,,Adjustment,465.56,2026-09-28 09:53:47.881650,Completed
2217,a26f7c62-8306-43b5-83e1-5acf4d47c1cf,791,4.0,,Deposit,342.29,2026-09-28 09:53:47.881650,Completed
2218,15544203-74a2-472c-9e3c-573fc6650e6f,466,1.0,,Withdrawal,19.52,2026-09-28 09:53:47.881650,Completed
2219,2464b574-4ca8-445b-8a77-2f7ab3bf54d1,488,,,Adjustment,416.4,2026-09-28 09:53:47.881650,Completed
2220,f69c9496-0d43-4b71-ad36-6b3b249ec1a0,239,4.0,,Deposit,322.33,2026-09-28 09:53:47.881650,Completed
2221,082a9fff-4cdd-4d74-bdc7-10229d0faf53,949,3.0,,Withdrawal,155.45,2026-09-28 09:53:47.881650,Completed
2222,928d480b-68c5-41d0-958e-e1d49693fd2d,951,3.0,,Deposit,338.77,2026-09-28 09:53:47.881650,Completed
2223,9206913e-ef33-475f-819b-a7d57081c3c5,504,2.0,,Deposit,426.36,2026-09-28 09:53:47.881650,Completed
2224,0b22ef65-1391-44d7-b1e9-f1920410a14f,190,3.0,,Withdrawal,176.41,2026-09-28 09:53:47.881650,Completed
2225,59e80e9c-4cf7-4699-9df4-be96ea847bdf,991,3.0,,Withdrawal,374.39,2026-09-28 09:53:47.881650,Completed
2226,0b0f6039-c1d3-4615-81b7-6deca3a7ad6f,256,5.0,,Withdrawal,180.55,2026-09-28 09:53:47.881650,Completed
2227,2089a7de-3ce3-4309-a7c3-f7df70d30600,36,,,Adjustment,32.81,2026-09-28 09:53:47.881650,Completed
2228,ddf8db26-1ae8-4fce-85f1-08f08f360a42,797,5.0,,Deposit,349.43,2026-09-28 09:53:47.881650,Completed
2229,2a42a2f9-b722-45f0-86f6-c3c0a771bd11,553,,,Adjustment,230.73,2026-09-28 09:53:47.881650,Completed
2230,ed3bc24c-024f-4e9d-b7c6-1769acb8c8fd,311,3.0,,Withdrawal,306.9,2026-09-28 09:53:47.881650,Completed
2231,ebcfecd4-9972-4203-8fdf-837558b854a5,131,1.0,,Deposit,126.01,2026-09-28 09:53:47.881650,Completed
2232,1529ab6c-db95-4631-8afe-3d58c0e3216c,991,,,Adjustment,407.2,2026-09-28 09:53:47.881650,Completed
2233,0a3b8d81-4146-4f98-8d2e-f5c09d3f3374,309,3.0,,Withdrawal,492.3,2026-09-28 09:53:47.881650,Completed
2234,dfba58d7-18f0-49ee-9616-c02f58c305cb,142,,,Adjustment,272.71,2026-09-28 09:53:47.881650,Completed
2235,dc5ec50d-29c7-479d-abb8-4e4eb94e9099,578,5.0,,Deposit,145.82,2026-09-28 09:53:47.881650,Completed
2236,f3ed5285-9f27-40a7-b81f-d2b7c23dac7a,697,5.0,,Withdrawal,375.68,2026-09-28 09:53:47.881650,Completed
2237,2ecb56dc-e409-45b1-b658-7a974054f8c6,895,5.0,,Withdrawal,474.71,2026-09-28 09:53:47.881650,Completed
2238,00a843d3-bdfb-49da-a3c0-b73ed8a6ea8a,379,,,Adjustment,171.81,2026-09-28 09:53:47.881650,Completed
2239,0350f70a-eace-4ecb-85f5-7c2996636ece,110,,,Adjustment,108.02,2026-09-28 09:53:47.881650,Completed
2240,223b5bae-fe84-4438-ac6b-defd39d2e073,24,2.0,,Deposit,371.97,2026-09-28 09:53:47.881650,Completed
2241,b30dbed0-02b7-47e0-8408-5f4c23485d95,113,1.0,,Deposit,103.49,2026-09-28 09:53:47.881650,Completed
2242,ca19e792-f187-4820-b089-b7705f277cf5,260,1.0,,Withdrawal,273.95,2026-09-28 09:53:47.881650,Completed
2243,8b9083b9-cad4-400b-a6b4-386d4f191339,383,5.0,,Withdrawal,342.4,2026-09-28 09:53:47.881650,Completed
2244,01d4c23c-b96b-445d-b4a4-70cfc3257df2,45,,,Adjustment,115.35,2026-09-28 09:53:47.881650,Completed
2245,bd1f56e1-e31e-4fe5-939a-0fb8638f67e9,568,,,Adjustment,205.62,2026-09-28 09:53:47.881650,Completed
2246,d9a74412-5dfb-4bbd-85c6-3ff655d5b4d1,562,1.0,,Withdrawal,253.41,2026-09-28 09:53:47.881650,Completed
2247,af992f27-6b6f-4180-a83f-f1ca89c6b53a,307,,,Adjustment,70.93,2026-09-28 09:53:47.881650,Completed
2248,fedca2b5-1426-4705-a55c-51785bf6c570,211,1.0,,Withdrawal,83.52,2026-09-28 09:53:47.881650,Completed
2249,461cf4b8-f668-4654-8638-038cdf0d0ea5,383,,,Adjustment,256.86,2026-09-28 09:53:47.881650,Completed
2250,6b700f88-747c-4599-b662-f2a4a34ec2b5,98,2.0,,Deposit,226.75,2026-09-28 09:53:47.881650,Completed
2251,7a349f69-bb64-4647-8626-8f645a4d5ff8,578,,,Adjustment,243.0,2026-09-28 09:53:47.881650,Completed
2252,b23127be-7e7b-466d-8ddf-70d002701343,624,5.0,,Withdrawal,233.28,2026-09-28 09:53:47.881650,Completed
2253,d87545e0-8bac-427a-bb57-cdfd1e709253,872,5.0,,Withdrawal,402.0,2026-09-28 09:53:47.881650,Completed
2254,2bdff533-33f2-476c-829b-cc246eaff484,572,3.0,,Deposit,35.83,2026-09-28 09:53:47.881650,Completed
2255,74a6549c-9d71-40bd-a8e9-64896afc9ad9,526,4.0,,Deposit,296.8,2026-09-28 09:53:47.881650,Completed
2256,b0216382-b2f6-40ef-b1f0-fecca981e514,30,4.0,,Deposit,425.38,2026-09-28 09:53:47.881650,Completed
2257,d750f92d-90d3-4f17-8b61-329e44ffd789,379,,,Adjustment,375.53,2026-09-28 09:53:47.881650,Completed
2258,23221b8d-c5e7-4ba9-adf2-745e48b321da,49,4.0,,Withdrawal,170.15,2026-09-28 09:53:47.881650,Completed
2259,e014fdaa-ab57-4021-bbcb-1f7c810ab0eb,477,3.0,,Withdrawal,372.19,2026-09-28 09:53:47.881650,Completed
2260,48e78bcc-a632-42b2-9965-08d77bd230cc,210,3.0,,Deposit,31.81,2026-09-28 09:53:47.881650,Completed
2261,88a52db5-9704-4f40-a514-6fb6b2065240,596,4.0,,Deposit,32.41,2026-09-28 09:53:47.881650,Completed
2262,5fe184d8-1506-4f87-bed2-7de387e98de6,841,,,Adjustment,373.33,2026-09-28 09:53:47.881650,Completed
2263,31acce1e-0809-4ff1-b336-dbca8aedd1b7,965,2.0,,Withdrawal,160.1,2026-09-28 09:53:47.881650,Completed
2264,79ffcbdf-9be9-4e9f-83f2-e2f60d297af5,906,4.0,,Withdrawal,400.46,2026-09-28 09:53:47.881650,Completed
2265,7c2ae32d-e15e-4ff3-b3e0-da173e549673,250,4.0,,Deposit,447.48,2026-09-28 09:53:47.881650,Completed
2266,0e521889-60de-4786-b88e-eece09859464,961,,,Adjustment,405.32,2026-09-28 09:53:47.881650,Completed
2267,5e18b7ff-85b1-49b5-a167-93f1998621a4,874,4.0,,Deposit,401.94,2026-09-28 09:53:47.881650,Completed
2268,87943ed5-3397-4c5e-bf04-1e7c0d09f015,966,5.0,,Deposit,310.32,2026-09-28 09:53:47.881650,Completed
2269,f6e57f37-e294-413c-bdd2-2ee868717ce2,786,,,Adjustment,422.54,2026-09-28 09:53:47.881650,Completed
2270,166f1c1c-cd51-4c30-b20f-6af9c23d7f62,167,2.0,,Deposit,67.08,2026-09-28 09:53:47.881650,Completed
2271,30b2d867-4cf5-4b07-8f20-7f4f2255c453,565,,,Adjustment,489.57,2026-09-28 09:53:47.881650,Completed
2272,ffa8bfbd-212e-4c66-b107-7d5e4b64b129,952,1.0,,Withdrawal,11.37,2026-09-28 09:53:47.881650,Completed
2273,0e7afb21-5644-494e-8426-d75ac4f9a08e,391,3.0,,Deposit,437.13,2026-09-28 09:53:47.881650,Completed
2274,bd95b466-1398-493c-9304-b1767ae8f67f,438,3.0,,Withdrawal,169.49,2026-09-28 09:53:47.881650,Completed
2275,b2a4cc3f-dedc-474b-b603-174c9dea0b01,212,3.0,,Deposit,96.08,2026-09-28 09:53:47.881650,Completed
2276,cc5804fe-c241-4092-acbc-9416f2150227,778,,,Adjustment,185.53,2026-09-28 09:53:47.881650,Completed
2277,c7b4ed0d-4dfc-45b6-96cb-799fd983ed19,657,5.0,,Withdrawal,448.69,2026-09-28 09:53:47.881650,Completed
2278,4fc66fe9-7820-4fc6-9b57-9dcd8aa60dd3,147,,,Adjustment,324.21,2026-09-28 09:53:47.881650,Completed
2279,ba22ce16-bc0d-4ca7-b25d-50abbe7c160f,618,3.0,,Deposit,322.27,2026-09-28 09:53:47.881650,Completed
2280,a0b1241e-8f32-4e40-b139-28dc64684a4c,181,,,Adjustment,483.82,2026-09-28 09:53:47.881650,Completed
2281,7d091a8f-73d1-4110-bbe6-3bd257932844,575,4.0,,Deposit,469.88,2026-09-28 09:53:47.881650,Completed
2282,d862cdbc-7f35-4dad-8e56-f9bcb248d66c,269,1.0,,Withdrawal,465.35,2026-09-28 09:53:47.881650,Completed
2283,102298eb-fc1b-4c71-b3d5-6d31faa75508,959,3.0,,Withdrawal,260.92,2026-09-28 09:53:47.881650,Completed
2284,9a7b2b9a-ef97-415f-a6d2-789592c638fc,239,3.0,,Withdrawal,16.7,2026-09-28 09:53:47.881650,Completed
2285,9779fa4e-0304-4363-89cb-892b0cd03da0,472,2.0,,Withdrawal,296.15,2026-09-28 09:53:47.881650,Completed
2286,b0170feb-b738-40ac-8d59-00c8df07ddc4,303,,,Adjustment,409.82,2026-09-28 09:53:47.881650,Completed
2287,ef28a645-e267-4d1d-8818-9816001f8ccb,928,3.0,,Withdrawal,97.94,2026-09-28 09:53:47.881650,Completed
2288,3dfb0a1c-ffd6-4b1c-85fd-e350fe0c88c4,885,5.0,,Withdrawal,469.04,2026-09-28 09:53:47.881650,Completed
2289,8b8c3c4b-3fe4-44c8-ba78-562bba2ba5ad,229,4.0,,Deposit,83.86,2026-09-28 09:53:47.881650,Completed
2290,4dab045f-77d2-40f9-8506-db3bfb2b95cb,773,1.0,,Deposit,499.76,2026-09-28 09:53:47.881650,Completed
2291,f519e2ca-d303-40ab-a65a-538277302aee,100,,,Adjustment,171.18,2026-09-28 09:53:47.881650,Completed
2292,a389dc35-aab5-4c32-a317-7dfd7ff0b73a,917,1.0,,Withdrawal,262.13,2026-09-28 09:53:47.881650,Completed
2293,23347a98-c5eb-492e-9a66-c104c3925bf7,652,3.0,,Withdrawal,127.81,2026-09-28 09:53:47.881650,Completed
2294,4ef9c8c2-8030-45eb-82d5-fb2d01463476,186,1.0,,Deposit,150.31,2026-09-28 09:53:47.881650,Completed
2295,532089a6-1d14-4d5a-841e-4ed799a33081,453,1.0,,Deposit,174.97,2026-09-28 09:53:47.881650,Completed
2296,a254e063-b451-404e-94ff-3dabe6399ee1,663,,,Adjustment,81.27,2026-09-28 09:53:47.881650,Completed
2297,f0087dc3-3de6-41ec-881e-f7fe8e0613e3,860,2.0,,Withdrawal,475.87,2026-09-28 09:53:47.881650,Completed
2298,7192e2ea-cea5-41ee-ac5d-5ffc348834b2,209,4.0,,Deposit,496.29,2026-09-28 09:53:47.881650,Completed
2299,8544d340-15c9-4798-b5c2-c44f0d826cfd,374,4.0,,Deposit,313.79,2026-09-28 09:53:47.881650,Completed
2300,5b412a32-cc7a-428e-86ee-a3cc1f6a8a51,384,1.0,,Deposit,402.69,2026-09-28 09:53:47.881650,Completed
2301,3efe7d16-d448-47ae-bf5d-de35c4b8901d,323,3.0,,Withdrawal,41.8,2026-09-28 09:53:47.881650,Completed
2302,1f3ad9d5-486c-4483-a3f5-646f67999f77,930,2.0,,Withdrawal,495.25,2026-09-28 09:53:47.881650,Completed
2303,033ed462-3345-4344-b0be-d6861687ecfd,539,5.0,,Deposit,95.84,2026-09-28 09:53:47.881650,Completed
2304,5b96544a-1722-4171-96a1-e208b3a6a6df,475,5.0,,Withdrawal,320.23,2026-09-28 09:53:47.881650,Completed
2305,cd710f42-2959-458a-b613-86f58eefe338,189,3.0,,Withdrawal,265.42,2026-09-28 09:53:47.881650,Completed
2306,02b03110-8822-4dcb-84df-ff38a9fa2b59,424,4.0,,Deposit,103.94,2026-09-28 09:53:47.881650,Completed
2307,2581ff39-d7d5-47ec-93f7-5c600b3e99d7,651,,,Adjustment,104.39,2026-09-28 09:53:47.881650,Completed
2308,8b000359-74f1-4c45-8ef4-919b0714db8d,442,,,Adjustment,388.04,2026-09-28 09:53:47.881650,Completed
2309,2511adf2-0f64-4e5d-8259-72d4b1140867,725,,,Adjustment,162.43,2026-09-28 09:53:47.881650,Completed
2310,eb37ca1b-98f8-4e19-b424-5fb8566af151,343,,,Adjustment,372.61,2026-09-28 09:53:47.881650,Completed
2311,81e69f1e-479d-4949-bf37-280e588dcee9,448,5.0,,Deposit,133.22,2026-09-28 09:53:47.881650,Completed
2312,fe448f89-4928-49d8-998c-9a5c17380984,829,4.0,,Withdrawal,399.22,2026-09-28 09:53:47.881650,Completed
2313,7508d5e4-2a37-42af-869a-921b9e0b77d4,285,5.0,,Deposit,85.74,2026-09-28 09:53:47.881650,Completed
2314,892186e0-ddc1-473e-b557-6cba89a03af8,539,2.0,,Withdrawal,420.15,2026-09-28 09:53:47.881650,Completed
2315,84e661ce-3b3b-40ba-8f98-01e79b35b2a8,260,,,Adjustment,386.17,2026-09-28 09:53:47.881650,Completed
2316,bccde206-fb95-4267-9fe5-32f4b2561084,360,2.0,,Withdrawal,379.71,2026-09-28 09:53:47.881650,Completed
2317,af3523bb-028a-4ec4-acd6-3191e18226ff,672,,,Adjustment,499.23,2026-09-28 09:53:47.881650,Completed
2318,d0dd3457-49fa-4dd6-827b-43cf7073737a,928,5.0,,Withdrawal,50.66,2026-09-28 09:53:47.881650,Completed
2319,4d47d8ab-a792-45ef-abfb-2f61c926bb9d,23,,,Adjustment,397.35,2026-09-28 09:53:47.881650,Completed
2320,0d9f0157-8691-448a-89c6-de737ef3ca18,253,5.0,,Deposit,381.26,2026-09-28 09:53:47.881650,Completed
2321,0e5b0f87-acec-4c80-b73a-77f6194b1653,794,5.0,,Withdrawal,98.95,2026-09-28 09:53:47.881650,Completed
2322,27e53209-1634-4c80-8b3a-63e1e0895505,268,1.0,,Withdrawal,355.03,2026-09-28 09:53:47.881650,Completed
2323,0734123c-f265-4779-98eb-cb4dadf61511,672,3.0,,Withdrawal,119.29,2026-09-28 09:53:47.881650,Completed
2324,4f570631-985b-4e36-86a9-1a01c9cb2563,416,,,Adjustment,210.4,2026-09-28 09:53:47.881650,Completed
2325,8cc07f65-9521-41b0-aad2-96262d63af5e,559,1.0,,Withdrawal,87.21,2026-09-28 09:53:47.881650,Completed
2326,8c02295b-bec4-4677-bcc2-220d4863f838,909,,,Adjustment,35.76,2026-09-28 09:53:47.881650,Completed
2327,412c3664-bf91-465c-b8e7-6cbb2878641c,258,1.0,,Deposit,414.01,2026-09-28 09:53:47.881650,Completed
2328,f0417b8b-d076-407b-a869-c7c0f5d517a8,941,5.0,,Withdrawal,141.07,2026-09-28 09:53:47.881650,Completed
2329,6d5dac76-6de5-4bb9-b8a1-f64755f28b54,780,,,Adjustment,153.16,2026-09-28 09:53:47.881650,Completed
2330,6e2496d5-b8b4-4663-9a04-a17c143ec4c1,802,4.0,,Deposit,446.36,2026-09-28 09:53:47.881650,Completed
2331,d7fba001-d8fd-457b-af6e-2e3893bf9017,971,,,Adjustment,364.23,2026-09-28 09:53:47.881650,Completed
2332,6f008edc-e1c4-4a3e-8e5e-244dda156fa8,517,2.0,,Deposit,476.31,2026-09-28 09:53:47.881650,Completed
2333,d93bdee0-2ef4-407d-8b8a-1f107767aa65,273,,,Adjustment,176.75,2026-09-28 09:53:47.881650,Completed
2334,a475dd99-dc95-453a-a956-2ed68b5d5c04,991,3.0,,Deposit,475.62,2026-09-28 09:53:47.881650,Completed
2335,1058dbad-8d37-457a-b4ff-cd8223b922cf,148,5.0,,Deposit,465.08,2026-09-28 09:53:47.881650,Completed
2336,aca16fa3-871c-4ed5-9b2f-e42aab568dc9,303,,,Adjustment,37.44,2026-09-28 09:53:47.881650,Completed
2337,9be9dc4e-9641-439e-8335-33a6fcb8d66a,188,2.0,,Withdrawal,491.56,2026-09-28 09:53:47.881650,Completed
2338,33c8546e-ef64-4217-9e2d-7d1c3009a080,289,3.0,,Withdrawal,392.17,2026-09-28 09:53:47.881650,Completed
2339,95aeaf92-e95f-4c79-80bb-a2a7827d4a43,84,2.0,,Deposit,422.0,2026-09-28 09:53:47.881650,Completed
2340,cf9fe352-5847-4802-a91c-1633d26f3b15,147,,,Adjustment,128.73,2026-09-28 09:53:47.881650,Completed
2341,50a43516-f74c-4f3c-b2a5-c5028cc11999,766,,,Adjustment,15.32,2026-09-28 09:53:47.881650,Completed
2342,aa7f17e8-dcfc-4ef8-84d8-4c3a8872aece,263,4.0,,Deposit,323.11,2026-09-28 09:53:47.881650,Completed
2343,f5397efa-9b37-473c-af4f-482e62cec203,812,3.0,,Deposit,444.13,2026-09-28 09:53:47.881650,Completed
2344,995970dc-6883-4367-aff1-03ef152d9110,150,5.0,,Deposit,297.08,2026-09-28 09:53:47.881650,Completed
2345,79360774-2242-4885-9fba-097153e4ca03,747,,,Adjustment,200.1,2026-09-28 09:53:47.881650,Completed
2346,553d350e-8d58-4bb9-bf54-6c1e09afc460,490,4.0,,Deposit,46.92,2026-09-28 09:53:47.881650,Completed
2347,4cabea5c-7f52-4ac1-be60-9644b24612af,125,1.0,,Withdrawal,455.35,2026-09-28 09:53:47.881650,Completed
2348,abbe54f5-6feb-4073-9ccf-b2aff4b201df,862,1.0,,Withdrawal,490.53,2026-09-28 09:53:47.881650,Completed
2349,0ce6d665-04db-4b10-a9b2-60689e7524ca,985,,,Adjustment,388.55,2026-09-28 09:53:47.881650,Completed
2350,8f1906cc-6c13-4ff4-b4c1-d10acf137758,179,,,Adjustment,485.28,2026-09-28 09:53:47.881650,Completed
2351,0eb72bfc-2a1c-4d7a-b293-ffb3e43fada3,293,1.0,,Deposit,172.6,2026-09-28 09:53:47.881650,Completed
2352,29b56bde-26f0-46bd-8426-479aa2ac68e9,380,5.0,,Withdrawal,454.74,2026-09-28 09:53:47.881650,Completed
2353,dcaf785c-2120-4a76-8f8d-10c80e34bfa7,772,,,Adjustment,380.61,2026-09-28 09:53:47.881650,Completed
2354,f04c881f-6749-409e-9883-dd2250d7f796,182,5.0,,Withdrawal,307.29,2026-09-28 09:53:47.881650,Completed
2355,4958572d-0641-4d18-b577-909082abed65,36,1.0,,Withdrawal,61.03,2026-09-28 09:53:47.881650,Completed
2356,b2cd3d1c-0ccd-4075-a365-eadd294ec291,736,3.0,,Withdrawal,473.74,2026-09-28 09:53:47.881650,Completed
2357,db79cd35-2e90-4b19-9e09-7fc2f0a32631,143,1.0,,Withdrawal,105.01,2026-09-28 09:53:47.881650,Completed
2358,8d4516c6-0798-49d5-a1fa-f170239082f8,531,1.0,,Deposit,454.08,2026-09-28 09:53:47.881650,Completed
2359,6970260e-6ba5-4269-a483-99b336221c6b,226,,,Adjustment,486.76,2026-09-28 09:53:47.881650,Completed
2360,6402b839-9fdd-4dc9-a5fd-58f408f3843e,586,5.0,,Deposit,13.97,2026-09-28 09:53:47.881650,Completed
2361,0e28ad63-f17c-44b3-86fb-342c7be1e3d0,351,1.0,,Withdrawal,222.29,2026-09-28 09:53:47.881650,Completed
2362,a41c0879-91af-4bf8-abac-9901c3f7f877,809,,,Adjustment,281.88,2026-09-28 09:53:47.881650,Completed
2363,77f92f6e-7804-47f8-b137-9fb058f6ab10,70,,,Adjustment,307.8,2026-09-28 09:53:47.881650,Completed
2364,ea508eaa-d751-483f-9ed7-eb0e8a8f3b02,287,,,Adjustment,337.25,2026-09-28 09:53:47.881650,Completed
2365,7339d5ff-1b93-4cfb-8598-daf624752014,710,4.0,,Withdrawal,50.53,2026-09-28 09:53:47.881650,Completed
2366,f7598aff-388b-4a27-a41c-2f5e0797115f,975,1.0,,Deposit,246.57,2026-09-28 09:53:47.881650,Completed
2367,523f887c-efbb-40ab-bdf2-cb9105cdd052,214,1.0,,Deposit,175.46,2026-09-28 09:53:47.881650,Completed
2368,c3fdbd94-360e-4b49-9549-76404282a80e,498,,,Adjustment,485.02,2026-09-28 09:53:47.881650,Completed
2369,22ab74d8-fb7e-4f66-bb1e-cbcf98b1e047,709,5.0,,Deposit,226.96,2026-09-28 09:53:47.881650,Completed
2370,e594a4c8-2369-45aa-b911-14ae61ae93f6,224,,,Adjustment,236.46,2026-09-28 09:53:47.881650,Completed
2371,bc112836-4dd5-4e5d-9921-e2e0510d737f,615,1.0,,Withdrawal,437.41,2026-09-28 09:53:47.881650,Completed
2372,c05b5ba0-3268-441c-8085-972aec494474,661,1.0,,Withdrawal,174.97,2026-09-28 09:53:47.881650,Completed
2373,971d2817-963e-420e-8f5e-a554eaf0bb8e,597,1.0,,Deposit,429.49,2026-09-28 09:53:47.881650,Completed
2374,b51a1120-c9e6-4e87-883a-5bd54234ed5e,2,3.0,,Withdrawal,254.07,2026-09-28 09:53:47.881650,Completed
2375,635b7c2a-30bc-454a-8310-440e1b5f5655,60,4.0,,Deposit,156.6,2026-09-28 09:53:47.881650,Completed
2376,8c3f3707-de65-4ddb-aff9-994707a2ffdc,135,5.0,,Withdrawal,113.6,2026-09-28 09:53:47.881650,Completed
2377,1f96ed9d-9ea7-45a1-b355-a5f36590b8d1,409,4.0,,Withdrawal,401.53,2026-09-28 09:53:47.881650,Completed
2378,cbb413ea-d698-47e0-b6fa-39b5306ba3e6,813,3.0,,Withdrawal,364.85,2026-09-28 09:53:47.881650,Completed
2379,790104b9-80aa-47cf-8ded-11dc819709c3,152,,,Adjustment,181.1,2026-09-28 09:53:47.881650,Completed
2380,51543f33-2518-4f0b-8fa2-98a175dda334,97,1.0,,Withdrawal,317.32,2026-09-28 09:53:47.881650,Completed
2381,5fb68e6c-32f0-4227-9848-e5b886ac0e63,862,3.0,,Deposit,258.72,2026-09-28 09:53:47.881650,Completed
2382,cb43e9e7-3090-4c28-894d-f69bc64e936b,126,3.0,,Withdrawal,28.95,2026-09-28 09:53:47.881650,Completed
2383,8dba361e-dc85-4a56-a53e-9a7895ef8fce,830,1.0,,Deposit,261.74,2026-09-28 09:53:47.881650,Completed
2384,1fe40b0a-a048-4f37-a7b7-f093c56226cb,880,2.0,,Withdrawal,198.02,2026-09-28 09:53:47.881650,Completed
2385,cdf07dfe-1d26-46ab-b2c4-b7a3811d71b3,880,,,Adjustment,287.06,2026-09-28 09:53:47.881650,Completed
2386,943a90bf-31db-428c-9fd9-cfcee687aa98,940,4.0,,Deposit,183.15,2026-09-28 09:53:47.881650,Completed
2387,74e3349f-ea16-47c2-a2bb-febb54473e32,536,2.0,,Withdrawal,484.26,2026-09-28 09:53:47.881650,Completed
2388,1d5a69ae-86a6-4c4f-82f7-4833f98bd9ed,367,,,Adjustment,328.89,2026-09-28 09:53:47.881650,Completed
2389,04e632bb-1051-4390-bea5-033575f6c81d,918,,,Adjustment,206.24,2026-09-28 09:53:47.881650,Completed
2390,3b77ac19-9081-46d3-bcfb-9c8ea2481062,58,1.0,,Withdrawal,196.73,2026-09-28 09:53:47.881650,Completed
2391,1e993990-6516-492e-b135-3bbbd6377f2c,325,4.0,,Deposit,24.63,2026-09-28 09:53:47.881650,Completed
2392,70475573-140b-4d03-96c9-7790f67142a3,879,,,Adjustment,162.83,2026-09-28 09:53:47.881650,Completed
2393,f0b96ba3-31bd-49cd-8b88-fc334f10fcd9,789,,,Adjustment,397.61,2026-09-28 09:53:47.881650,Completed
2394,fee42223-d47c-43ac-af91-019a7df7d89d,607,4.0,,Deposit,491.25,2026-09-28 09:53:47.881650,Completed
2395,cd1525b5-28c0-4d04-b94e-1221130fdd87,862,2.0,,Deposit,402.94,2026-09-28 09:53:47.881650,Completed
2396,ea3c5d40-fa9f-4727-a0d4-92b05d9f3a2f,518,,,Adjustment,310.62,2026-09-28 09:53:47.881650,Completed
2397,42ad67ad-78c5-49b0-b4e7-c9884e05ae79,388,3.0,,Withdrawal,471.19,2026-09-28 09:53:47.881650,Completed
2398,931f6904-64ea-4471-9166-f5e5a9c2f82f,258,,,Adjustment,488.09,2026-09-28 09:53:47.881650,Completed
2399,ec8cd70e-fa13-412d-b5e5-94661d3276dd,745,1.0,,Deposit,58.18,2026-09-28 09:53:47.881650,Completed
2400,f8847d50-37f4-47de-bf4a-1679458ef585,997,3.0,,Deposit,496.24,2026-09-28 09:53:47.881650,Completed
2401,1e7e9b77-fdd6-43ac-81ac-2fc5b5badc79,223,3.0,,Withdrawal,291.06,2026-09-28 09:53:47.881650,Completed
2402,ec6dea7a-6ecd-49e7-acaa-442a1434fb67,259,,,Adjustment,414.15,2026-09-28 09:53:47.881650,Completed
2403,ee9071a1-c311-4eed-8428-1b08884165bd,308,,,Adjustment,227.41,2026-09-28 09:53:47.881650,Completed
2404,34abfb50-511e-45f9-94c7-b994519b9a75,109,4.0,,Deposit,432.93,2026-09-28 09:53:47.881650,Completed
2405,331effcd-a7bd-440e-b11f-01b4ca1f0cb5,713,3.0,,Withdrawal,431.28,2026-09-28 09:53:47.881650,Completed
2406,39347baa-a647-49c2-9116-a2a31794863a,365,1.0,,Withdrawal,441.17,2026-09-28 09:53:47.881650,Completed
2407,a0861c14-1843-4361-8fd4-e0aa46bf2c21,811,2.0,,Deposit,248.23,2026-09-28 09:53:47.881650,Completed
2408,7389b685-5cfd-4edf-ae08-c21b97113527,521,5.0,,Deposit,191.35,2026-09-28 09:53:47.881650,Completed
2409,3dd84565-faf7-456b-8e92-7bbd36013ee7,199,4.0,,Deposit,360.82,2026-09-28 09:53:47.881650,Completed
2410,fbbb5ca5-3e83-4ce2-8096-e888469e47a6,653,2.0,,Withdrawal,283.93,2026-09-28 09:53:47.881650,Completed
2411,105cde86-c940-4f05-96c0-dcdcd58cd23c,510,4.0,,Withdrawal,133.26,2026-09-28 09:53:47.881650,Completed
2412,8eaf6a3d-3e4c-4820-bd1c-44d6ea3e61bb,175,1.0,,Withdrawal,347.99,2026-09-28 09:53:47.881650,Completed
2413,efa8f078-c528-42f2-9ec5-fac8f996fb18,702,4.0,,Withdrawal,83.43,2026-09-28 09:53:47.881650,Completed
2414,8699e761-04e8-427c-bb1c-a34bbf03b96d,846,2.0,,Deposit,68.03,2026-09-28 09:53:47.881650,Completed
2415,bfc930c3-8b01-4e2a-97af-a3f2b2b0d375,92,,,Adjustment,201.43,2026-09-28 09:53:47.881650,Completed
2416,e186aefb-3ac8-46cb-b2b8-a6354af6da32,692,1.0,,Deposit,110.33,2026-09-28 09:53:47.881650,Completed
2417,b6b5ea82-15d7-4dee-b590-25c576e61b4e,77,5.0,,Withdrawal,454.48,2026-09-28 09:53:47.881650,Completed
2418,4b729868-8cd9-4459-a9b9-cabf1cf192a4,260,,,Adjustment,257.86,2026-09-28 09:53:47.881650,Completed
2419,64a21e04-f60f-45cb-9799-fdae630f27da,103,,,Adjustment,454.77,2026-09-28 09:53:47.881650,Completed
2420,305eb942-dd4f-4a83-b59a-52ede7569463,376,3.0,,Withdrawal,492.96,2026-09-28 09:53:47.881650,Completed
2421,a9ecb2c5-1103-4f4d-9c0e-e8326d55fc3c,162,5.0,,Withdrawal,431.87,2026-09-28 09:53:47.881650,Completed
2422,ff80f22d-1aca-4351-b569-28ffee633e5d,450,5.0,,Withdrawal,377.69,2026-09-28 09:53:47.881650,Completed
2423,d5bb6263-a003-468b-bebe-bc0f49da9c00,869,,,Adjustment,231.49,2026-09-28 09:53:47.881650,Completed
2424,dd62c19d-e500-4419-ba76-b506f30f5a85,44,5.0,,Withdrawal,183.42,2026-09-28 09:53:47.881650,Completed
2425,34d78b49-3475-40bb-a083-933947dfff9b,21,1.0,,Deposit,141.41,2026-09-28 09:53:47.881650,Completed
2426,5b7542e3-5869-49a8-95a3-fa1378e09466,285,1.0,,Deposit,372.04,2026-09-28 09:53:47.881650,Completed
2427,9c053932-f01a-47f0-8cef-11ec2a25b583,421,2.0,,Withdrawal,123.67,2026-09-28 09:53:47.881650,Completed
2428,75184d29-8db3-4c1b-97e5-53d68813bf9d,43,,,Adjustment,408.98,2026-09-28 09:53:47.881650,Completed
2429,1a938845-46f8-4ccf-83f6-78c33fb148ea,3,,,Adjustment,19.94,2026-09-28 09:53:47.881650,Completed
2430,3226fd3b-5526-480b-b2bd-dec316309dd6,590,2.0,,Deposit,456.94,2026-09-28 09:53:47.881650,Completed
2431,c95b3abd-546c-4056-a9d5-248c6be82221,77,4.0,,Withdrawal,31.69,2026-09-28 09:53:47.881650,Completed
2432,6e07f1fd-2757-4512-bf05-ca24a50aae9e,219,,,Adjustment,315.76,2026-09-28 09:53:47.881650,Completed
2433,4cd97f6f-eb1f-45cf-8f05-b6acf0c7bac0,315,3.0,,Deposit,429.68,2026-09-28 09:53:47.881650,Completed
2434,3743561c-f00c-4fb4-888d-c04d87d80773,130,3.0,,Withdrawal,187.75,2026-09-28 09:53:47.881650,Completed
2435,7729cd88-d20e-477f-8628-981780a26839,661,,,Adjustment,365.29,2026-09-28 09:53:47.881650,Completed
2436,c6979e40-33c9-44ff-af95-31a2e61f4f45,428,1.0,,Deposit,267.91,2026-09-28 09:53:47.881650,Completed
2437,a0a89038-c4c7-420f-8a90-6b9aed2fa66f,512,3.0,,Deposit,186.08,2026-09-28 09:53:47.881650,Completed
2438,d075116d-134d-4637-a795-75bfee7c8b3c,254,1.0,,Withdrawal,145.67,2026-09-28 09:53:47.881650,Completed
2439,7397ca90-bd13-4280-a554-9c66d679541a,483,4.0,,Deposit,287.18,2026-09-28 09:53:47.881650,Completed
2440,0b7cc5bc-2bd0-4533-878a-48ffbd864fc2,359,3.0,,Deposit,115.85,2026-09-28 09:53:47.881650,Completed
2441,65be2778-d58c-4501-b0d3-e91529a29d6a,487,3.0,,Withdrawal,418.49,2026-09-28 09:53:47.881650,Completed
2442,7703e2ac-a843-4411-95d1-9baaa6a11ee4,443,1.0,,Withdrawal,283.18,2026-09-28 09:53:47.881650,Completed
2443,e4693e83-cf09-4f21-9f64-13268874d568,983,5.0,,Deposit,116.25,2026-09-28 09:53:47.881650,Completed
2444,62602b59-1eca-4645-b07c-d003f4942cad,547,,,Adjustment,123.59,2026-09-28 09:53:47.881650,Completed
2445,b4207d25-faef-4c72-afda-804d0a68f715,597,1.0,,Withdrawal,357.93,2026-09-28 09:53:47.881650,Completed
2446,2726cdce-689b-4dbb-84a5-1fe06721aa1c,943,,,Adjustment,88.58,2026-09-28 09:53:47.881650,Completed
2447,425f99cf-c452-44b7-a9e1-cc078b1bd707,254,4.0,,Withdrawal,433.75,2026-09-28 09:53:47.881650,Completed
2448,40dec164-29e2-4384-bf45-e12e46040247,93,3.0,,Withdrawal,223.38,2026-09-28 09:53:47.881650,Completed
2449,11c129ed-0879-4fff-82b6-5a9df5296110,994,1.0,,Withdrawal,110.53,2026-09-28 09:53:47.881650,Completed
2450,496a6a66-f3a8-420e-b8d8-017820cedcea,395,,,Adjustment,230.49,2026-09-28 09:53:47.881650,Completed
2451,59938261-1190-4c7b-b98f-2a893b99efca,424,1.0,,Withdrawal,361.85,2026-09-28 09:53:47.881650,Completed
2452,5f228d23-9c9e-4c60-932b-805d6e8ad66f,694,,,Adjustment,485.89,2026-09-28 09:53:47.881650,Completed
2453,cec4547b-f25c-4ba8-9a6f-f0b07f6ad2bd,258,1.0,,Deposit,355.7,2026-09-28 09:53:47.881650,Completed
2454,a05c554d-7aa1-4b3c-9b30-2bc1122ce569,120,2.0,,Deposit,81.27,2026-09-28 09:53:47.881650,Completed
2455,e498f6c8-6d5a-405d-8cc0-386eb42a4727,112,3.0,,Withdrawal,15.08,2026-09-28 09:53:47.881650,Completed
2456,0b1ce239-94b7-47b0-8cd9-e506525bf630,960,5.0,,Withdrawal,284.54,2026-09-28 09:53:47.881650,Completed
2457,02fc1c57-eb01-4ecc-a448-b8663bbe64ac,140,1.0,,Withdrawal,251.39,2026-09-28 09:53:47.881650,Completed
2458,faecd1c7-4216-4b99-9ee3-db0e16dc0603,80,5.0,,Deposit,202.5,2026-09-28 09:53:47.881650,Completed
2459,c92d6f48-9abe-4460-88ac-db723c47e70a,959,4.0,,Withdrawal,488.4,2026-09-28 09:53:47.881650,Completed
2460,f3f21c4a-3588-40ea-a6a9-d5aad1ed7ea9,489,,,Adjustment,453.72,2026-09-28 09:53:47.881650,Completed
2461,dbd32562-6e76-4a03-bf4f-6f3c383c1b2f,720,1.0,,Withdrawal,97.59,2026-09-28 09:53:47.881650,Completed
2462,88c38592-eb98-4237-a7ba-9b4729951f16,75,5.0,,Withdrawal,359.88,2026-09-28 09:53:47.881650,Completed
2463,8d8e7917-9b02-48ca-8649-9206b896e06d,31,1.0,,Withdrawal,357.91,2026-09-28 09:53:47.881650,Completed
2464,ad0a43aa-549e-4980-baca-bf7631f329af,988,,,Adjustment,112.76,2026-09-28 09:53:47.881650,Completed
2465,98189180-1aa3-435d-aa1d-0a261c51107e,281,,,Adjustment,203.22,2026-09-28 09:53:47.881650,Completed
2466,f24f5923-9b17-4e0a-9809-ebfbd828d5ad,359,2.0,,Withdrawal,45.13,2026-09-28 09:53:47.881650,Completed
2467,09344325-1e74-4b04-bd3d-0e1fff256257,482,4.0,,Deposit,350.75,2026-09-28 09:53:47.881650,Completed
2468,0290971a-8296-48f4-8b3b-f7ee99d7689c,269,,,Adjustment,441.84,2026-09-28 09:53:47.881650,Completed
2469,bd439188-5ef2-4992-808a-098e6a7c7705,275,,,Adjustment,200.13,2026-09-28 09:53:47.881650,Completed
2470,6ddf2eaa-a4f5-4985-a0f6-f226b4b2f2a4,91,3.0,,Withdrawal,119.89,2026-09-28 09:53:47.881650,Completed
2471,62092325-9f2a-4ae4-84b9-aef06e3d8ace,427,4.0,,Deposit,473.5,2026-09-28 09:53:47.881650,Completed
2472,cb8a87fb-2e1a-4189-8fdd-4706ff15bc91,915,2.0,,Withdrawal,474.21,2026-09-28 09:53:47.881650,Completed
2473,d6075758-cf0b-4fc3-ae2d-5bf66240f601,226,1.0,,Deposit,69.06,2026-09-28 09:53:47.881650,Completed
2474,f83cb6b2-d07f-4384-8fab-08e8eedce593,264,,,Adjustment,182.61,2026-09-28 09:53:47.881650,Completed
2475,2645804c-c363-4770-b2f7-7e7c49cd7603,439,3.0,,Withdrawal,36.78,2026-09-28 09:53:47.881650,Completed
2476,c52600ab-e58d-49f1-97ed-7aaaae0ba982,88,,,Adjustment,78.32,2026-09-28 09:53:47.881650,Completed
2477,326d3f17-14a6-49ba-a57e-803ac326ff94,794,,,Adjustment,347.43,2026-09-28 09:53:47.881650,Completed
2478,cc1f0ed6-df26-4ca1-86d5-5b9e37c24896,849,,,Adjustment,247.97,2026-09-28 09:53:47.881650,Completed
2479,a763234c-ad7b-4ca7-8cf4-f3c571fad78b,104,3.0,,Deposit,151.59,2026-09-28 09:53:47.881650,Completed
2480,d88f2419-3286-466f-9a22-0c406710a1c9,823,,,Adjustment,72.0,2026-09-28 09:53:47.881650,Completed
2481,bcaca09f-807c-4e61-a5a5-5c02c9876236,309,5.0,,Withdrawal,122.34,2026-09-28 09:53:47.881650,Completed
2482,c8cef382-678f-451e-86b2-dba11c0e572a,186,,,Adjustment,486.62,2026-09-28 09:53:47.881650,Completed
2483,b08ba24e-1e04-489f-8beb-b7b551bc463c,527,5.0,,Withdrawal,218.75,2026-09-28 09:53:47.881650,Completed
2484,9b88094f-e744-4b28-ad49-ac1a7974b310,36,4.0,,Withdrawal,338.54,2026-09-28 09:53:47.881650,Completed
2485,2be66a73-5ce1-4733-be78-dbd9421e0c4b,664,5.0,,Deposit,227.38,2026-09-28 09:53:47.881650,Completed
2486,b46f9bfc-890d-4cc3-a142-ea180edb21af,709,,,Adjustment,348.64,2026-09-28 09:53:47.881650,Completed
2487,d569fa90-b999-4ae9-9cc3-113678488639,978,4.0,,Deposit,472.3,2026-09-28 09:53:47.881650,Completed
2488,a2479b52-d8f4-493a-b7c6-2567fe12372b,292,2.0,,Withdrawal,116.27,2026-09-28 09:53:47.881650,Completed
2489,8dd9fdde-f38e-4cb1-bce7-3de243dba8f2,722,1.0,,Deposit,465.53,2026-09-28 09:53:47.881650,Completed
2490,193624a5-4a2f-42c0-bbfd-1eb5bdd11be2,164,,,Adjustment,77.32,2026-09-28 09:53:47.881650,Completed
2491,f85e317b-d665-42c6-b500-a7dd79ae7dd0,993,5.0,,Withdrawal,461.27,2026-09-28 09:53:47.881650,Completed
2492,cf0a5621-8730-4438-bdb4-652aa7c89747,620,,,Adjustment,407.71,2026-09-28 09:53:47.881650,Completed
2493,c074dcf1-147b-4b69-abdc-dae7640859e3,505,2.0,,Withdrawal,33.35,2026-09-28 09:53:47.881650,Completed
2494,5088b444-5341-43be-9ea4-d78668edf65c,114,,,Adjustment,432.78,2026-09-28 09:53:47.881650,Completed
2495,7a240b40-d1ae-4b78-9b72-97acf4567675,203,,,Adjustment,141.64,2026-09-28 09:53:47.881650,Completed
2496,20119230-2373-4517-849e-4806937e2736,861,,,Adjustment,391.2,2026-09-28 09:53:47.881650,Completed
2497,8d5f5d17-18bc-4db1-8b6f-85d309230dd0,455,2.0,,Withdrawal,471.39,2026-09-28 09:53:47.881650,Completed
2498,67ef0850-f0f8-4dc7-86f0-12a72e1f2f18,925,3.0,,Withdrawal,130.01,2026-09-28 09:53:47.881650,Completed
2499,c52e6864-049b-4d4a-b01a-27c7d8987937,250,3.0,,Withdrawal,103.78,2026-09-28 09:53:47.881650,Completed
2500,f1333900-a3bb-49f9-8af8-f717f24d1414,283,5.0,,Withdrawal,321.76,2026-09-28 09:53:47.881650,Completed
2501,17cfe2be-5504-4972-aba8-bb73b8baceba,773,,,Adjustment,469.45,2026-09-28 09:53:47.881650,Completed
2502,d8e569f3-6036-4e3c-af8e-1972f784d7d9,537,,,Adjustment,54.15,2026-09-28 09:53:47.881650,Completed
2503,b2b3e83b-9a4f-40ea-8729-3e43f75fb940,601,,,Adjustment,162.85,2026-09-28 09:53:47.881650,Completed
2504,1af62e77-9893-424f-901f-7f70bb783e63,61,2.0,,Withdrawal,474.08,2026-09-28 09:53:47.881650,Completed
2505,f3a736b1-5852-4da2-8ca5-1536264bddab,321,1.0,,Withdrawal,369.77,2026-09-28 09:53:47.881650,Completed
2506,10d9d6ad-4626-4e7c-8d64-17fe889d25fc,800,2.0,,Deposit,323.82,2026-09-28 09:53:47.881650,Completed
2507,699305d9-1fea-4ab9-a0ec-cfbdfafd61fa,748,,,Adjustment,69.63,2026-09-28 09:53:47.881650,Completed
2508,4d131d3a-60e3-41e2-9494-a12640ff0e3f,299,,,Adjustment,458.02,2026-09-28 09:53:47.881650,Completed
2509,49e2d854-e235-479b-903a-b48de7e92aff,280,,,Adjustment,305.39,2026-09-28 09:53:47.881650,Completed
2510,ff21b472-ac88-4861-95c4-a9faf7d30c10,853,4.0,,Withdrawal,289.35,2026-09-28 09:53:47.881650,Completed
2511,87822e8e-2ad8-4bf8-9f00-c6f7fd033036,211,2.0,,Deposit,30.92,2026-09-28 09:53:47.881650,Completed
2512,59601661-bd63-4265-b111-c2f80bcc8ca6,490,2.0,,Withdrawal,493.24,2026-09-28 09:53:47.881650,Completed
2513,e58289e6-413a-43c9-b9d9-3f9cb59518ce,447,3.0,,Deposit,185.3,2026-09-28 09:53:47.881650,Completed
2514,dc85e696-8ca7-4000-8cd4-c1de824e1392,909,4.0,,Withdrawal,43.15,2026-09-28 09:53:47.881650,Completed
2515,5eb966dc-49a6-4369-bc94-16c3cc70528f,556,5.0,,Withdrawal,243.31,2026-09-28 09:53:47.881650,Completed
2516,5536f1ea-cf7f-423f-ab16-c5256884da10,958,,,Adjustment,359.36,2026-09-28 09:53:47.881650,Completed
2517,6f201fcb-506d-4d5f-9e29-5ddac9ae3b9a,19,2.0,,Withdrawal,36.87,2026-09-28 09:53:47.881650,Completed
2518,061c25cf-2b7a-4767-b790-739389ea90b4,983,1.0,,Withdrawal,304.47,2026-09-28 09:53:47.881650,Completed
2519,8f53b908-e3b1-4f34-b7bb-5027b89b7c52,761,,,Adjustment,305.8,2026-09-28 09:53:47.881650,Completed
2520,2651f747-e478-413a-892f-174692787739,235,5.0,,Deposit,496.53,2026-09-28 09:53:47.881650,Completed
2521,46ab871b-f75f-46f3-9817-04b1d3618f9f,253,3.0,,Deposit,92.09,2026-09-28 09:53:47.881650,Completed
2522,377d4a1d-489a-46be-9075-1682ed015edb,868,,,Adjustment,193.75,2026-09-28 09:53:47.881650,Completed
2523,4bcba99b-954c-44cd-a1a7-1521e7ecf0b3,96,5.0,,Deposit,171.62,2026-09-28 09:53:47.881650,Completed
2524,3fe789c9-367d-4078-8558-1796960815ee,407,,,Adjustment,353.47,2026-09-28 09:53:47.881650,Completed
2525,e39b9ed4-196f-46f4-8a86-688c3851c8f4,820,5.0,,Withdrawal,323.88,2026-09-28 09:53:47.881650,Completed
2526,366a0bf4-d29e-4d4f-a000-6a32338ac288,483,4.0,,Deposit,118.08,2026-09-28 09:53:47.881650,Completed
2527,634c43c4-636a-489d-abe2-375fb49a009d,129,4.0,,Deposit,28.03,2026-09-28 09:53:47.881650,Completed
2528,19bc55d9-b573-4261-9832-caa0fbf6689b,702,5.0,,Withdrawal,248.49,2026-09-28 09:53:47.881650,Completed
2529,2a316a6a-472f-4a7e-a45f-2cd551aea474,470,,,Adjustment,144.32,2026-09-28 09:53:47.881650,Completed
2530,2bf6e95d-c779-48a6-9ebf-f18eb54ab7ba,193,2.0,,Deposit,438.63,2026-09-28 09:53:47.881650,Completed
2531,57cf113d-afc0-48bc-b7e7-055f140f7180,814,,,Adjustment,15.53,2026-09-28 09:53:47.881650,Completed
2532,a145895d-5d5f-4824-afb5-0c70462f3c9a,209,,,Adjustment,269.11,2026-09-28 09:53:47.881650,Completed
2533,fc9d79a0-a338-4cf2-8c31-934278240acd,132,1.0,,Deposit,396.02,2026-09-28 09:53:47.881650,Completed
2534,96eee96b-f780-41a8-a7b4-3a201802f61a,218,5.0,,Withdrawal,70.47,2026-09-28 09:53:47.881650,Completed
2535,6d9d8107-a72c-474b-a12c-1f1c104a08cd,981,2.0,,Withdrawal,177.33,2026-09-28 09:53:47.881650,Completed
2536,f201066a-fbd6-4272-80b4-b05f9f935443,802,,,Adjustment,385.83,2026-09-28 09:53:47.881650,Completed
2537,5ef8c598-46b7-4c2e-810e-3dba2ec5901d,525,2.0,,Deposit,462.93,2026-09-28 09:53:47.881650,Completed
2538,182acfd7-5073-4017-b25c-1b151489a415,467,3.0,,Deposit,184.96,2026-09-28 09:53:47.881650,Completed
2539,0945b4e8-2964-4cec-b415-e320f925b7ab,453,,,Adjustment,217.82,2026-09-28 09:53:47.881650,Completed
2540,a40bbfc7-10b4-4f47-9faf-f678ef2a8f16,69,4.0,,Withdrawal,160.5,2026-09-28 09:53:47.881650,Completed
2541,6b577481-f611-4e60-85d5-86b2b28eadea,265,1.0,,Withdrawal,118.64,2026-09-28 09:53:47.881650,Completed
2542,5189c80e-1281-4df2-8865-5fb3f35f7ff4,269,4.0,,Withdrawal,137.89,2026-09-28 09:53:47.881650,Completed
2543,50c223bb-07fe-445c-9c83-89098b086908,732,2.0,,Deposit,427.76,2026-09-28 09:53:47.881650,Completed
2544,0e6721ff-85c4-4754-be6e-f49fca965daa,840,3.0,,Deposit,249.04,2026-09-28 09:53:47.881650,Completed
2545,02cbf772-531a-4a02-bfb9-22915bb43044,200,,,Adjustment,92.58,2026-09-28 09:53:47.881650,Completed
2546,a94d2746-9dc5-4310-a03d-46ecd46c8607,801,,,Adjustment,468.64,2026-09-28 09:53:47.881650,Completed
2547,316b80c1-0e0e-49b3-8599-effd364ca9a2,398,2.0,,Withdrawal,152.04,2026-09-28 09:53:47.881650,Completed
2548,c71771fc-99fa-4cf0-99c6-ee48bf0a3df5,748,3.0,,Withdrawal,356.59,2026-09-28 09:53:47.881650,Completed
2549,d1cd2fc1-abd4-4b81-bb52-e32f82fa3458,172,5.0,,Deposit,478.87,2026-09-28 09:53:47.881650,Completed
2550,1835969b-096e-4486-98a0-4490592db880,632,,,Adjustment,231.85,2026-09-28 09:53:47.881650,Completed
2551,be9c0c03-7c77-4e60-9e4d-5d7b693dd24a,201,,,Adjustment,451.0,2026-09-28 09:53:47.881650,Completed
2552,da3a7216-2152-4151-bda7-ebc6c3c61712,660,1.0,,Withdrawal,271.03,2026-09-28 09:53:47.881650,Completed
2553,62492c7c-b5ce-4d93-a02b-78dee59da54e,47,2.0,,Withdrawal,117.42,2026-09-28 09:53:47.881650,Completed
2554,5373d559-8b95-4b0b-9058-5f5d60163c63,706,2.0,,Withdrawal,90.29,2026-09-28 09:53:47.881650,Completed
2555,abd08726-4bb9-4bbd-85b6-21ff00740683,649,3.0,,Deposit,117.19,2026-09-28 09:53:47.881650,Completed
2556,e4be0e91-755d-41cb-98ec-6ae2f380f643,959,1.0,,Withdrawal,418.34,2026-09-28 09:53:47.881650,Completed
2557,b1dae3d3-db14-4273-830a-85fdf1e73d9a,994,4.0,,Deposit,342.79,2026-09-28 09:53:47.881650,Completed
2558,c30ba88a-1384-449d-8ec9-ebc7e8613006,524,4.0,,Deposit,346.19,2026-09-28 09:53:47.881650,Completed
2559,3dfefea0-10fd-4cdd-ad40-9b7380fae137,219,5.0,,Withdrawal,180.55,2026-09-28 09:53:47.881650,Completed
2560,f10e3b85-a326-4130-8c0d-73f31dd4182a,379,,,Adjustment,483.83,2026-09-28 09:53:47.881650,Completed
2561,540ca188-6fd2-4e62-b6cf-a72ff049a013,801,3.0,,Withdrawal,298.74,2026-09-28 09:53:47.881650,Completed
2562,d4857c3e-732c-4939-b8b9-5aa1a6a159d7,21,,,Adjustment,249.11,2026-09-28 09:53:47.881650,Completed
2563,fc8aad49-1204-4d27-9ad4-c8a64e738ce8,669,,,Adjustment,228.59,2026-09-28 09:53:47.881650,Completed
2564,ba63cba5-ceb9-485d-acd1-858b931cf4c7,980,,,Adjustment,286.07,2026-09-28 09:53:47.881650,Completed
2565,7f9265a3-00e1-40be-9a6f-5a2fad1c212b,246,4.0,,Withdrawal,259.7,2026-09-28 09:53:47.881650,Completed
2566,be502d45-fb7d-48ea-b9c3-b026eb0d3095,710,1.0,,Deposit,480.93,2026-09-28 09:53:47.881650,Completed
2567,c2b5d961-9d41-49dc-b85f-dba69cba1d70,329,4.0,,Deposit,260.68,2026-09-28 09:53:47.881650,Completed
2568,8907757b-70c5-4001-adc8-c114c440d049,687,1.0,,Deposit,372.29,2026-09-28 09:53:47.881650,Completed
2569,3c632554-91d1-49b4-960f-b4ba8c69ec47,385,,,Adjustment,176.62,2026-09-28 09:53:47.881650,Completed
2570,fdb106a2-758d-43c0-a1fc-722c1a6d3a90,862,,,Adjustment,395.93,2026-09-28 09:53:47.881650,Completed
2571,84c847b5-4f86-4e35-8b3c-5644b51c5f19,246,1.0,,Deposit,233.73,2026-09-28 09:53:47.881650,Completed
2572,e5a40759-77a9-4b37-934d-cae060be3446,645,,,Adjustment,264.77,2026-09-28 09:53:47.881650,Completed
2573,dc28b098-0e70-4272-833e-d92e5d8efea7,168,1.0,,Withdrawal,296.64,2026-09-28 09:53:47.881650,Completed
2574,d2e5a6d3-edf8-4265-a07a-9d5ec1749008,489,3.0,,Withdrawal,423.94,2026-09-28 09:53:47.881650,Completed
2575,e501a9f9-7462-4aaf-b4dd-c781f6970c68,278,4.0,,Deposit,264.14,2026-09-28 09:53:47.881650,Completed
2576,ac6f3d62-9866-4a7a-8047-507c910f6287,218,,,Adjustment,489.64,2026-09-28 09:53:47.881650,Completed
2577,a7db13f5-30a6-46fb-86ea-3f4ef629378d,84,,,Adjustment,207.09,2026-09-28 09:53:47.881650,Completed
2578,a94ba534-3e6d-4ff1-bf24-a006b6ab0624,130,,,Adjustment,149.8,2026-09-28 09:53:47.881650,Completed
2579,9481273f-2369-425c-abd3-2aab11298ecb,551,4.0,,Withdrawal,173.59,2026-09-28 09:53:47.881650,Completed
2580,d3cb3545-3da6-4705-8455-c539fa697e2a,101,4.0,,Deposit,365.32,2026-09-28 09:53:47.881650,Completed
2581,1df5dcb2-1364-4ea2-98fc-9531b7e89ec7,489,,,Adjustment,208.73,2026-09-28 09:53:47.881650,Completed
2582,a707f157-915b-4ca6-91bf-e5f76c7d558a,40,,,Adjustment,453.6,2026-09-28 09:53:47.881650,Completed
2583,0eb8500d-899b-4385-b677-b78019e65dcd,564,5.0,,Withdrawal,332.98,2026-09-28 09:53:47.881650,Completed
2584,21f0017a-fd56-46cd-a838-adc397915592,774,,,Adjustment,60.02,2026-09-28 09:53:47.881650,Completed
2585,baf3d823-57be-4d45-99b1-a89943251d22,869,5.0,,Deposit,209.31,2026-09-28 09:53:47.881650,Completed
2586,424474e6-221d-43a2-8d5b-48c4f392897c,149,1.0,,Deposit,173.31,2026-09-28 09:53:47.881650,Completed
2587,60e4d58b-b858-41a3-b674-b1cec1c78ae2,929,2.0,,Deposit,320.68,2026-09-28 09:53:47.881650,Completed
2588,6dee903b-8205-4937-888e-84d42941295f,481,2.0,,Deposit,361.58,2026-09-28 09:53:47.881650,Completed
2589,8bbc514e-ce8e-4ec9-b6e5-d72c42e55d94,38,4.0,,Deposit,42.19,2026-09-28 09:53:47.881650,Completed
2590,79d1aa60-f03f-454d-ad2c-e6a30d10812f,581,,,Adjustment,138.08,2026-09-28 09:53:47.881650,Completed
2591,76fb3328-b53f-4005-b6a1-dd369d9dd3c5,130,2.0,,Withdrawal,126.18,2026-09-28 09:53:47.881650,Completed
2592,bca6c6a5-4f4f-426b-8f66-3c740218e4fd,239,4.0,,Deposit,148.03,2026-09-28 09:53:47.881650,Completed
2593,659a4e04-a41e-4805-ad34-159ca2a8a52f,13,2.0,,Deposit,218.97,2026-09-28 09:53:47.881650,Completed
2594,46b4d652-29f9-4cf4-b89f-690eac7e3ac2,116,5.0,,Withdrawal,75.03,2026-09-28 09:53:47.881650,Completed
2595,ec163c56-ee42-49b2-b43e-64e00c0b81fc,305,5.0,,Withdrawal,29.71,2026-09-28 09:53:47.881650,Completed
2596,3c57ad28-f146-4c17-b7c4-0204d8fd8e34,487,5.0,,Withdrawal,360.27,2026-09-28 09:53:47.881650,Completed
2597,ab175c34-e210-4304-8616-ec2a2efcca97,593,5.0,,Withdrawal,36.79,2026-09-28 09:53:47.881650,Completed
2598,5acad2fb-9c9b-47aa-9e75-badade7fe4c4,882,,,Adjustment,17.41,2026-09-28 09:53:47.881650,Completed
2599,1a54f82b-d4e7-4675-91eb-449dda65842f,665,2.0,,Deposit,111.45,2026-09-28 09:53:47.881650,Completed
2600,3c4a8c40-f5bc-4385-8f2b-92af4cf1947e,589,2.0,,Deposit,137.14,2026-09-28 09:53:47.881650,Completed
2601,cefe4d7e-bb22-4fb1-b75b-32a5e4518483,264,5.0,,Withdrawal,149.7,2026-09-28 09:53:47.881650,Completed
2602,a01f6c90-e0cd-46f0-a263-691d5233bfd9,856,,,Adjustment,207.88,2026-09-28 09:53:47.881650,Completed
2603,b405afe2-19bc-4c0b-87f1-430ed353c58c,779,5.0,,Deposit,82.47,2026-09-28 09:53:47.881650,Completed
2604,680d4cac-cc22-448b-81f3-7befb063d499,865,,,Adjustment,338.2,2026-09-28 09:53:47.881650,Completed
2605,9dda3399-1080-44f4-a5da-b69f928ea407,221,5.0,,Withdrawal,13.09,2026-09-28 09:53:47.881650,Completed
2606,af9002c6-e8d7-4a84-9b9c-344c5807beaf,349,5.0,,Deposit,31.16,2026-09-28 09:53:47.881650,Completed
2607,3db443de-1789-4504-b449-82db8dc233c2,127,1.0,,Deposit,384.63,2026-09-28 09:53:47.881650,Completed
2608,e096d408-ca53-49bc-a5ed-8dc4367dc7f4,552,1.0,,Withdrawal,140.22,2026-09-28 09:53:47.881650,Completed
2609,bb8c9b90-7ee9-4c0b-bd87-d547a3d75521,840,5.0,,Withdrawal,48.0,2026-09-28 09:53:47.881650,Completed
2610,8a1d8c08-af78-4f50-a40c-4ae1a36d8ef3,344,,,Adjustment,335.6,2026-09-28 09:53:47.881650,Completed
2611,9f1bfbb0-2a21-4b95-9981-802eb0523e8e,487,3.0,,Withdrawal,123.79,2026-09-28 09:53:47.881650,Completed
2612,b7719135-8678-4ab0-b062-62a92201f65a,610,,,Adjustment,236.06,2026-09-28 09:53:47.881650,Completed
2613,431e0a41-c055-4a64-ab46-836b753a9469,673,3.0,,Deposit,210.47,2026-09-28 09:53:47.881650,Completed
2614,b8da7a86-15af-479d-8217-d63fad89c36d,185,,,Adjustment,91.21,2026-09-28 09:53:47.881650,Completed
2615,8ea660f0-e95d-41e8-9a6d-bd14ab3f6aff,908,2.0,,Deposit,269.92,2026-09-28 09:53:47.881650,Completed
2616,13baa587-4741-41c7-b086-39bcf22384bf,20,3.0,,Withdrawal,207.3,2026-09-28 09:53:47.881650,Completed
2617,eba20e24-eb55-4a2c-880b-7f3d5792487e,294,5.0,,Deposit,98.02,2026-09-28 09:53:47.881650,Completed
2618,41243fc7-60e6-497a-bfbd-8140ec9ab022,689,2.0,,Withdrawal,256.0,2026-09-28 09:53:47.881650,Completed
2619,911c22fd-8546-4062-9907-641c600f0c86,14,5.0,,Withdrawal,234.79,2026-09-28 09:53:47.881650,Completed
2620,b644dea8-5dc6-4528-a02d-bbcf088e265d,242,,,Adjustment,144.69,2026-09-28 09:53:47.881650,Completed
2621,e80d650f-27ee-46d5-89a6-457eefdfd9a4,562,,,Adjustment,140.52,2026-09-28 09:53:47.881650,Completed
2622,185e88d7-bd52-4f41-aa84-aea44d8101f4,33,2.0,,Deposit,92.44,2026-09-28 09:53:47.881650,Completed
2623,a8fece76-72ab-43b6-ad50-b197c8ca1c07,182,4.0,,Withdrawal,17.52,2026-09-28 09:53:47.881650,Completed
2624,89be14ef-10dd-4c5e-9054-0e1a7d7a0a45,908,,,Adjustment,241.59,2026-09-28 09:53:47.881650,Completed
2625,f323eadf-b45b-4c27-83a1-98ca0c702f06,49,3.0,,Withdrawal,68.45,2026-09-28 09:53:47.881650,Completed
2626,710e6273-c483-4520-b0ef-bf9871badbcc,754,2.0,,Deposit,31.48,2026-09-28 09:53:47.881650,Completed
2627,c299c21b-4352-427e-a7ba-1f88c9ddb0e2,784,5.0,,Withdrawal,189.79,2026-09-28 09:53:47.881650,Completed
2628,a935453b-23dd-4a30-b74c-7cd5b1d49506,630,,,Adjustment,373.5,2026-09-28 09:53:47.881650,Completed
2629,dd50ef1b-34fc-4f79-914c-cd492589a71a,817,3.0,,Withdrawal,46.23,2026-09-28 09:53:47.881650,Completed
2630,95a88143-7916-4d4b-8097-f2459ff78f8f,586,4.0,,Deposit,17.85,2026-09-28 09:53:47.881650,Completed
2631,7f4bf851-0993-4813-906c-967f316d7f89,124,3.0,,Deposit,282.21,2026-09-28 09:53:47.881650,Completed
2632,a6230d43-9e6f-4129-aebb-a8579b126d13,316,2.0,,Withdrawal,355.94,2026-09-28 09:53:47.881650,Completed
2633,2c67e3c2-1036-46ed-9e11-0aa9d3e7a383,535,5.0,,Withdrawal,382.19,2026-09-28 09:53:47.881650,Completed
2634,9c158de7-5776-4e0a-b847-4652e7b52c70,749,,,Adjustment,409.51,2026-09-28 09:53:47.881650,Completed
2635,44edf95a-737f-431f-80a1-5e22d4b3b875,905,,,Adjustment,380.93,2026-09-28 09:53:47.881650,Completed
2636,379c1344-ecde-4560-9e98-ec2dfdc4b3c8,411,2.0,,Withdrawal,275.88,2026-09-28 09:53:47.881650,Completed
2637,fc233862-bdec-4f31-a804-a8a1daf9f6f7,676,,,Adjustment,127.73,2026-09-28 09:53:47.881650,Completed
2638,8b46edf8-5273-48bb-b692-c2580f6f6b0d,404,1.0,,Deposit,215.31,2026-09-28 09:53:47.881650,Completed
2639,5e70a6b1-607c-4824-bf8c-0cbf574f4c50,45,5.0,,Withdrawal,204.99,2026-09-28 09:53:47.881650,Completed
2640,5dc491e1-2c86-4bf2-858a-6c82122ae5c3,622,2.0,,Withdrawal,140.8,2026-09-28 09:53:47.881650,Completed
2641,f516c851-06ec-4674-a100-a9b22979db1c,798,,,Adjustment,358.46,2026-09-28 09:53:47.881650,Completed
2642,95a459ca-848c-4ca1-a2ec-fd6c98b581c9,304,,,Adjustment,424.9,2026-09-28 09:53:47.881650,Completed
2643,efd44b25-b55e-4a1e-8cc1-01041112b02b,82,5.0,,Deposit,188.28,2026-09-28 09:53:47.881650,Completed
2644,24bf6504-8781-4a39-89d6-f792c99779a5,52,,,Adjustment,285.5,2026-09-28 09:53:47.881650,Completed
2645,86ce14fe-73d2-4bad-a0b4-da660de71e1a,60,1.0,,Deposit,346.28,2026-09-28 09:53:47.881650,Completed
2646,49e37f3d-d54f-4686-99c7-3a922b774fca,761,,,Adjustment,472.13,2026-09-28 09:53:47.881650,Completed
2647,19576003-5396-4db1-b9bb-da295fb3eccf,508,,,Adjustment,433.28,2026-09-28 09:53:47.881650,Completed
2648,e86ded8a-bfc2-42a0-af92-9505e4b7a772,532,2.0,,Withdrawal,412.77,2026-09-28 09:53:47.881650,Completed
2649,33a7d5d4-df53-44cc-b867-bf72803eb90c,661,,,Adjustment,406.84,2026-09-28 09:53:47.881650,Completed
2650,93cb3105-4a05-4f87-a234-ea9718b1afc3,255,2.0,,Deposit,217.47,2026-09-28 09:53:47.881650,Completed
2651,71fbdb48-f354-439f-9d59-3a9f3c0c30ca,949,4.0,,Deposit,178.55,2026-09-28 09:53:47.881650,Completed
2652,ad599116-417d-4390-9ae8-fc579f31b349,575,,,Adjustment,272.23,2026-09-28 09:53:47.881650,Completed
2653,59fd7db8-6aa9-4ca0-8042-c372383da801,129,3.0,,Deposit,196.77,2026-09-28 09:53:47.881650,Completed
2654,ca58b2e9-7a21-4169-be8a-0bbcb3b9b72b,117,1.0,,Withdrawal,163.24,2026-09-28 09:53:47.881650,Completed
2655,77566287-fa88-45b9-a903-d1b346b51413,351,,,Adjustment,261.17,2026-09-28 09:53:47.881650,Completed
2656,d9781f09-feae-46af-a378-4c0ee62a8001,87,5.0,,Withdrawal,320.52,2026-09-28 09:53:47.881650,Completed
2657,3b236fa6-583b-4027-82af-4a7741524965,861,4.0,,Withdrawal,383.37,2026-09-28 09:53:47.881650,Completed
2658,55fdcb01-0d2e-470c-99c8-15296a4ad657,985,3.0,,Deposit,58.7,2026-09-28 09:53:47.881650,Completed
2659,57ec6a22-fe6d-40fe-b79b-d9308659928b,226,,,Adjustment,404.91,2026-09-28 09:53:47.881650,Completed
2660,87c37fb8-7b2d-4450-aa99-165758978a1b,656,5.0,,Deposit,80.7,2026-09-28 09:53:47.881650,Completed
2661,b88f887f-26ab-420f-9638-4580486f6e1a,695,5.0,,Deposit,250.8,2026-09-28 09:53:47.881650,Completed
2662,d911d29d-799c-4f37-b660-373b417b1cd9,201,2.0,,Deposit,478.93,2026-09-28 09:53:47.881650,Completed
2663,50ee2524-9705-4c0a-907e-6e9fab9c7d42,750,5.0,,Withdrawal,383.68,2026-09-28 09:53:47.881650,Completed
2664,e455507b-fd5b-4675-adb0-8dcec288f902,760,4.0,,Deposit,192.4,2026-09-28 09:53:47.881650,Completed
2665,f97ae656-1894-495c-9023-f33ceee7bc29,533,2.0,,Withdrawal,121.42,2026-09-28 09:53:47.881650,Completed
2666,68092979-6da1-43fe-ac52-677f3c95688e,957,2.0,,Deposit,194.47,2026-09-28 09:53:47.881650,Completed
2667,97d7c662-4d8c-4e1c-b94a-39c632f95365,607,,,Adjustment,298.94,2026-09-28 09:53:47.881650,Completed
2668,26daf8de-78e1-4009-b8f2-09a3ab11ea55,710,5.0,,Withdrawal,132.49,2026-09-28 09:53:47.881650,Completed
2669,c20772da-bce7-4cdf-b20d-311deea2c9ef,487,4.0,,Deposit,363.09,2026-09-28 09:53:47.881650,Completed
2670,70016ddd-4c37-42b8-8692-c090afb88529,54,1.0,,Deposit,262.17,2026-09-28 09:53:47.881650,Completed
2671,1639cbda-0210-4c01-a902-00ba6fc014dc,213,3.0,,Deposit,362.28,2026-09-28 09:53:47.881650,Completed
2672,3eb01056-57ac-40ca-8424-b27f25c8ace6,545,5.0,,Deposit,328.81,2026-09-28 09:53:47.881650,Completed
2673,42785b94-93e4-46fa-aa75-3c60388b4431,568,5.0,,Deposit,458.16,2026-09-28 09:53:47.881650,Completed
2674,be33a9c9-4a76-4704-a177-eed71023eb03,26,2.0,,Deposit,228.49,2026-09-28 09:53:47.881650,Completed
2675,e74e61c5-901b-4d8e-9347-34a67473cf29,180,4.0,,Withdrawal,270.0,2026-09-28 09:53:47.881650,Completed
2676,c12e7f2a-05ae-4d63-a7f6-a4ee6fff3e76,801,1.0,,Deposit,191.5,2026-09-28 09:53:47.881650,Completed
2677,2abe4a82-beff-4a4c-9d1f-e45adbde5bad,777,1.0,,Deposit,35.01,2026-09-28 09:53:47.881650,Completed
2678,8afc37c5-ba57-4b79-b334-7e6e9b911aa4,323,5.0,,Withdrawal,358.23,2026-09-28 09:53:47.881650,Completed
2679,83110124-462f-4b6e-929e-337be960b123,979,,,Adjustment,227.69,2026-09-28 09:53:47.881650,Completed
2680,11f7c7ef-82ef-4dc8-9632-8f5a4a4fde56,199,4.0,,Deposit,18.18,2026-09-28 09:53:47.881650,Completed
2681,13ac55df-3ff6-4622-8195-416c8c35bda1,512,4.0,,Withdrawal,193.73,2026-09-28 09:53:47.881650,Completed
2682,91859f38-dbaf-4b7d-beaa-5238ecb898e5,626,3.0,,Withdrawal,186.48,2026-09-28 09:53:47.881650,Completed
2683,82f6c975-7129-4091-9b18-4c14f36bb756,548,5.0,,Withdrawal,195.34,2026-09-28 09:53:47.881650,Completed
2684,4832a04e-497a-4c07-95bb-8673fc5055a0,29,4.0,,Deposit,318.15,2026-09-28 09:53:47.881650,Completed
2685,cbd24fae-2cad-46eb-9175-67d406d03439,177,2.0,,Withdrawal,110.72,2026-09-28 09:53:47.881650,Completed
2686,cecbd614-a25c-4f0b-8834-8051ade37e6d,228,3.0,,Deposit,461.61,2026-09-28 09:53:47.881650,Completed
2687,0fcd4876-81fc-4aa4-b6b2-96fb2063ee4b,637,5.0,,Withdrawal,75.36,2026-09-28 09:53:47.881650,Completed
2688,9516e6a7-24bd-4bf1-a5a3-dc0cd67dc0c4,171,2.0,,Withdrawal,466.83,2026-09-28 09:53:47.881650,Completed
2689,5cba0a46-c58e-4e34-91cb-8ddbe33aa124,148,4.0,,Deposit,461.96,2026-09-28 09:53:47.881650,Completed
2690,f8654986-ffb9-4147-85db-a2d045094f4a,132,,,Adjustment,474.72,2026-09-28 09:53:47.881650,Completed
2691,86eb56cf-c5aa-4415-8f16-3ef2e09e804b,248,4.0,,Withdrawal,95.82,2026-09-28 09:53:47.881650,Completed
2692,04b79123-dd9d-4da7-84b3-3f313972fbdb,819,5.0,,Withdrawal,408.86,2026-09-28 09:53:47.881650,Completed
2693,be87ad33-a24b-47db-af06-ea12bc5f9b18,55,3.0,,Withdrawal,102.76,2026-09-28 09:53:47.881650,Completed
2694,a7590cf8-43e4-4ccd-87bd-1e2c84258a46,941,4.0,,Deposit,245.06,2026-09-28 09:53:47.881650,Completed
2695,cd807d0a-7dd8-4095-a1c5-0d81d738c734,235,3.0,,Withdrawal,14.5,2026-09-28 09:53:47.881650,Completed
2696,7bf00fa0-c9e3-4fcb-86dd-933915f79a26,458,2.0,,Withdrawal,371.46,2026-09-28 09:53:47.881650,Completed
2697,72951447-7a20-45df-bfd4-07447b6130df,842,3.0,,Withdrawal,190.11,2026-09-28 09:53:47.881650,Completed
2698,63074d28-61b8-47bb-834b-037992477934,714,2.0,,Withdrawal,285.09,2026-09-28 09:53:47.881650,Completed
2699,da42019f-d9e0-4a24-9784-6b2593286633,431,1.0,,Deposit,404.86,2026-09-28 09:53:47.881650,Completed
2700,1ccd6f72-1b35-41a8-8d7b-7cca5174e5e9,297,2.0,,Deposit,74.59,2026-09-28 09:53:47.881650,Completed
2701,bf54dbd9-f7a2-457d-8df8-076c75d264aa,141,5.0,,Withdrawal,343.96,2026-09-28 09:53:47.881650,Completed
2702,0917bbcb-7117-489d-928b-bc8b70d8560e,763,1.0,,Withdrawal,476.88,2026-09-28 09:53:47.881650,Completed
2703,63085325-8f43-44c1-85f5-9eef4fb68bc7,43,,,Adjustment,314.28,2026-09-28 09:53:47.881650,Completed
2704,66e079e8-9cc8-40e5-bdd3-41fb8ba5be5b,219,1.0,,Withdrawal,233.32,2026-09-28 09:53:47.881650,Completed
2705,1b046868-5f21-4f0c-84c6-e69dd37b2386,980,5.0,,Deposit,498.47,2026-09-28 09:53:47.881650,Completed
2706,77a9fbf4-fca0-483d-a0b3-2bb11f5bfdd2,61,,,Adjustment,162.97,2026-09-28 09:53:47.881650,Completed
2707,9e909536-6e4c-4bb5-b56d-72c1e41b50d7,887,,,Adjustment,175.67,2026-09-28 09:53:47.881650,Completed
2708,b3044307-51e9-4868-96e4-1c6e0b50feca,437,,,Adjustment,271.17,2026-09-28 09:53:47.881650,Completed
2709,aee77612-fc69-49f3-9f3c-081dd2eb15e4,424,3.0,,Withdrawal,448.72,2026-09-28 09:53:47.881650,Completed
2710,8c4df423-9e80-4682-94e1-1f2629f958c0,592,,,Adjustment,313.41,2026-09-28 09:53:47.881650,Completed
2711,95385843-65c4-4622-a1a3-438b837e8593,75,5.0,,Withdrawal,252.05,2026-09-28 09:53:47.881650,Completed
2712,1256ed30-5313-4e16-ba5d-3f6c6f63c4bf,873,,,Adjustment,151.39,2026-09-28 09:53:47.881650,Completed
2713,b734e9e6-e4a1-48e6-a83b-9f9f4e42af96,226,1.0,,Deposit,101.48,2026-09-28 09:53:47.881650,Completed
2714,8d4fd098-4769-49f5-bd3e-94a18dc99836,647,1.0,,Deposit,407.53,2026-09-28 09:53:47.881650,Completed
2715,b1040986-acd5-4da3-befe-918d0d471ffa,771,,,Adjustment,493.72,2026-09-28 09:53:47.881650,Completed
2716,44933c6b-4937-4295-95da-fc662a3a2153,232,,,Adjustment,21.77,2026-09-28 09:53:47.881650,Completed
2717,b90924f2-1518-4d0c-b456-74ed119d228f,354,2.0,,Withdrawal,287.97,2026-09-28 09:53:47.881650,Completed
2718,b49b18b0-8bb0-4132-97b3-33157b126f88,211,,,Adjustment,271.03,2026-09-28 09:53:47.881650,Completed
2719,e2e64484-e7d8-4fc8-afe4-649cbe6b1fc4,546,,,Adjustment,15.87,2026-09-28 09:53:47.881650,Completed
2720,66e19fb5-14d5-4ba4-8aef-464bef4fff06,931,1.0,,Withdrawal,79.45,2026-09-28 09:53:47.881650,Completed
2721,db250431-dfff-44a3-947e-f8e431e23ce9,316,1.0,,Withdrawal,208.57,2026-09-28 09:53:47.881650,Completed
2722,4d4ce267-88ad-4715-889e-1ed9da0b7d67,360,3.0,,Deposit,455.49,2026-09-28 09:53:47.881650,Completed
2723,7a404e17-ac07-4c75-b885-ede16bf4a026,151,5.0,,Withdrawal,435.55,2026-09-28 09:53:47.881650,Completed
2724,057ab6d0-94fc-43c5-a342-9f72996720b3,491,,,Adjustment,313.8,2026-09-28 09:53:47.881650,Completed
2725,7ddb28cf-986e-434f-9070-4994ad9c57ba,287,2.0,,Withdrawal,115.66,2026-09-28 09:53:47.881650,Completed
2726,ff2130de-4294-49c5-b6d7-cde7b3e44c17,429,1.0,,Withdrawal,447.45,2026-09-28 09:53:47.881650,Completed
2727,239e7eae-33e6-490f-88d4-faca2cb804cd,65,,,Adjustment,386.46,2026-09-28 09:53:47.881650,Completed
2728,aa9ed160-50fd-4a7c-99fd-2179fb3d250c,911,1.0,,Deposit,378.82,2026-09-28 09:53:47.881650,Completed
2729,d4cb2304-e52e-4a22-b26c-95b8e7d6d976,827,5.0,,Withdrawal,345.95,2026-09-28 09:53:47.881650,Completed
2730,4e9490e3-574f-4826-b834-ccea362ea1fe,305,3.0,,Deposit,21.38,2026-09-28 09:53:47.881650,Completed
2731,ad4653fc-0ffd-4942-a3f5-92eafc9df031,178,3.0,,Deposit,72.12,2026-09-28 09:53:47.881650,Completed
2732,03a1df0d-cd22-4925-83f1-db8c4a64006c,818,,,Adjustment,365.83,2026-09-28 09:53:47.881650,Completed
2733,75c803ff-33ac-4dda-9403-e8147a2f3796,707,5.0,,Deposit,179.33,2026-09-28 09:53:47.881650,Completed
2734,120bf689-a76d-41e5-9208-3c4e053fa3e1,558,1.0,,Withdrawal,200.9,2026-09-28 09:53:47.881650,Completed
2735,c2baee69-a00b-4c5d-bed3-38fdccca8d54,539,5.0,,Deposit,338.21,2026-09-28 09:53:47.881650,Completed
2736,dabb703b-8386-418e-b8ce-85df3ea952ad,681,,,Adjustment,171.85,2026-09-28 09:53:47.881650,Completed
2737,12df037b-3034-4e2e-87ab-e6b9dca758a9,847,,,Adjustment,468.78,2026-09-28 09:53:47.881650,Completed
2738,9f386ede-330b-440e-9e48-4d686adcbf28,543,5.0,,Withdrawal,244.92,2026-09-28 09:53:47.881650,Completed
2739,fd720b45-6b23-467b-a97f-b36f405ea82a,827,1.0,,Withdrawal,360.75,2026-09-28 09:53:47.881650,Completed
2740,f32a5ccf-6e0a-44af-a2b6-12a25b6c34b5,936,5.0,,Withdrawal,439.76,2026-09-28 09:53:47.881650,Completed
2741,d9fa45f9-59c9-4f5b-a2d2-951c3825371f,477,2.0,,Deposit,60.89,2026-09-28 09:53:47.881650,Completed
2742,98e67fca-5192-429f-8ebb-9ea2799d5202,61,5.0,,Withdrawal,441.6,2026-09-28 09:53:47.881650,Completed
2743,36bf72cd-6ed7-4c39-8fac-03e3b7f1ff77,938,3.0,,Deposit,134.3,2026-09-28 09:53:47.881650,Completed
2744,1f5885a5-1fa1-44bd-b199-6cc044ef4de5,29,1.0,,Withdrawal,365.7,2026-09-28 09:53:47.881650,Completed
2745,7265be4f-5dea-4a57-a69d-0c20031135f2,692,3.0,,Deposit,45.99,2026-09-28 09:53:47.881650,Completed
2746,af09cca2-cdae-40e6-bba2-09574e32e327,329,5.0,,Withdrawal,189.11,2026-09-28 09:53:47.881650,Completed
2747,5150712d-a608-4452-a0eb-97819868a956,370,4.0,,Deposit,177.78,2026-09-28 09:53:47.881650,Completed
2748,0842fc85-2741-444b-8d73-c98d9ec5d124,276,2.0,,Deposit,103.66,2026-09-28 09:53:47.881650,Completed
2749,9dbd7eb7-7449-49dc-9e41-d9658e889a71,60,,,Adjustment,376.21,2026-09-28 09:53:47.881650,Completed
2750,80582b26-9d95-45f6-a951-7005d129bada,859,1.0,,Deposit,486.31,2026-09-28 09:53:47.881650,Completed
2751,926800ec-93f0-49c4-84c3-1035deba91d1,397,5.0,,Deposit,219.17,2026-09-28 09:53:47.881650,Completed
2752,ae29bfcc-a7a1-45c3-8992-9c89365a3c31,461,1.0,,Deposit,441.7,2026-09-28 09:53:47.881650,Completed
2753,5398465b-5d6f-4022-a8dc-527951fecdc6,358,,,Adjustment,168.94,2026-09-28 09:53:47.881650,Completed
2754,114798fa-b2af-44ce-b15f-06c2227c9994,679,,,Adjustment,307.34,2026-09-28 09:53:47.881650,Completed
2755,c9999038-21c0-4c08-87e6-d1ea56a66031,857,5.0,,Deposit,102.88,2026-09-28 09:53:47.881650,Completed
2756,9c947672-a931-4408-aee3-3e525e807a37,381,2.0,,Withdrawal,32.68,2026-09-28 09:53:47.881650,Completed
2757,121ffc62-e008-4bbf-9b3d-2c09589d3d83,554,3.0,,Withdrawal,52.12,2026-09-28 09:53:47.881650,Completed
2758,5c2ba85f-b1b8-4030-a88f-0cef85a60b6b,41,4.0,,Withdrawal,157.64,2026-09-28 09:53:47.881650,Completed
2759,c300b87f-d66a-48b1-af95-13dedd7a89a2,472,3.0,,Withdrawal,147.37,2026-09-28 09:53:47.881650,Completed
2760,2b347316-11ba-4dd2-8cad-e18d4742c1d2,587,,,Adjustment,424.12,2026-09-28 09:53:47.881650,Completed
2761,8226acf5-74fc-417d-9354-4555e40b06f9,463,4.0,,Deposit,185.36,2026-09-28 09:53:47.881650,Completed
2762,2c95b58c-fcd4-41b2-9f09-70c1ded37984,683,,,Adjustment,458.62,2026-09-28 09:53:47.881650,Completed
2763,821f51e0-158d-4bf8-928a-c9ffd357869a,257,4.0,,Withdrawal,482.28,2026-09-28 09:53:47.881650,Completed
2764,988c08c7-9cc0-4c1f-881d-284b546c4451,604,5.0,,Withdrawal,163.17,2026-09-28 09:53:47.881650,Completed
2765,4c24a23c-4813-42e0-854c-ba66e2866d47,600,4.0,,Withdrawal,177.03,2026-09-28 09:53:47.881650,Completed
2766,a7085ec5-d8e5-48c9-ac64-a27546324141,910,3.0,,Withdrawal,333.76,2026-09-28 09:53:47.881650,Completed
2767,2c4f72b5-5e14-4da5-8380-e940c12f3cca,821,,,Adjustment,311.25,2026-09-28 09:53:47.881650,Completed
2768,4f1ae137-3e18-4d7e-ac6d-cf06f0f59ced,553,4.0,,Deposit,458.99,2026-09-28 09:53:47.881650,Completed
2769,bdd641be-fd87-47fe-aca4-5e2613814973,119,4.0,,Withdrawal,141.12,2026-09-28 09:53:47.881650,Completed
2770,d35a2d09-6714-456f-b05a-101152445790,850,,,Adjustment,493.38,2026-09-28 09:53:47.881650,Completed
2771,56948154-6a10-478b-85ed-259e59a8f964,408,3.0,,Deposit,151.2,2026-09-28 09:53:47.881650,Completed
2772,f15b7849-fb62-4667-80b8-43d19bf3c37c,624,3.0,,Withdrawal,281.64,2026-09-28 09:53:47.881650,Completed
2773,048d94f7-6056-4550-8aec-7d3ce13c7e2d,174,1.0,,Deposit,477.48,2026-09-28 09:53:47.881650,Completed
2774,f46d2759-da4e-42bb-9cab-96e971dcda27,465,,,Adjustment,389.25,2026-09-28 09:53:47.881650,Completed
2775,b33b9a47-59f8-4f74-9d92-d810cf77eaf6,890,1.0,,Deposit,293.26,2026-09-28 09:53:47.881650,Completed
2776,c296ad72-2ebb-4daa-a00d-d798c994f6e7,303,3.0,,Deposit,132.17,2026-09-28 09:53:47.881650,Completed
2777,71b2459e-adbe-415b-8a52-97a42d859cc0,189,5.0,,Deposit,82.65,2026-09-28 09:53:47.881650,Completed
2778,d86d2d7b-f38b-441c-a3cb-565ad4f43013,406,5.0,,Withdrawal,14.06,2026-09-28 09:53:47.881650,Completed
2779,51863809-19e8-4a94-b7ef-a24ecf5e1226,357,1.0,,Deposit,292.05,2026-09-28 09:53:47.881650,Completed
2780,bad426e9-ee5a-4fe6-9655-0148e9f21a04,676,,,Adjustment,22.06,2026-09-28 09:53:47.881650,Completed
2781,f91aa110-4a28-4931-a676-21f5143312fa,434,4.0,,Deposit,419.8,2026-09-28 09:53:47.881650,Completed
2782,c06d2f62-2daa-4342-b0cd-ecae407c977f,16,3.0,,Withdrawal,313.72,2026-09-28 09:53:47.881650,Completed
2783,fd4d87ee-9e90-4c16-9aed-a1a23c8555f2,781,,,Adjustment,373.2,2026-09-28 09:53:47.881650,Completed
2784,e2c7224e-925f-4eb4-a252-ec4dc9bd7616,720,3.0,,Deposit,98.5,2026-09-28 09:53:47.881650,Completed
2785,8d645e5b-3e22-4714-8cf2-e2b44b982cf7,283,,,Adjustment,126.35,2026-09-28 09:53:47.881650,Completed
2786,d458396e-0967-4319-9caf-f0d2323407cd,65,,,Adjustment,52.94,2026-09-28 09:53:47.881650,Completed
2787,b9123623-6486-47e0-a86e-8ba5e2409d00,125,2.0,,Withdrawal,39.13,2026-09-28 09:53:47.881650,Completed
2788,1d02f8c9-b152-4df3-ae80-ef89d1cbdbf6,407,2.0,,Withdrawal,166.91,2026-09-28 09:53:47.881650,Completed
2789,e035c7f0-681e-46e8-a6a1-171a9f23dbe6,17,2.0,,Withdrawal,322.43,2026-09-28 09:53:47.881650,Completed
2790,6788a4b4-0e71-4d24-8d3f-d7a8547908c8,739,,,Adjustment,357.67,2026-09-28 09:53:47.881650,Completed
2791,446b8a18-a939-49d6-a0c6-b09f633ab128,128,,,Adjustment,56.57,2026-09-28 09:53:47.881650,Completed
2792,bdcf070e-7929-44dd-bc98-72c763c948af,870,1.0,,Deposit,332.0,2026-09-28 09:53:47.881650,Completed
2793,ee692329-40a3-472c-ac30-8002f92a1248,975,3.0,,Deposit,468.07,2026-09-28 09:53:47.881650,Completed
2794,634267e8-b10e-414a-ba18-10834834e759,474,4.0,,Withdrawal,435.09,2026-09-28 09:53:47.881650,Completed
2795,b15001dd-21e9-4745-8871-3ad112e30903,513,4.0,,Deposit,268.34,2026-09-28 09:53:47.881650,Completed
2796,439e1789-6783-45c9-9e04-b2214a0365ac,775,5.0,,Withdrawal,398.61,2026-09-28 09:53:47.881650,Completed
2797,21e9c67f-9f46-4190-a660-cb4c6e4a8a43,903,3.0,,Withdrawal,405.25,2026-09-28 09:53:47.881650,Completed
2798,86647596-2317-4ec3-99a8-335bdb610045,47,2.0,,Withdrawal,93.22,2026-09-28 09:53:47.881650,Completed
2799,edb0a0c6-c05f-4d61-aa05-c162cc2db59d,703,5.0,,Withdrawal,215.97,2026-09-28 09:53:47.881650,Completed
2800,bec91b50-6b4d-4453-9bcb-828a211cc436,70,,,Adjustment,269.59,2026-09-28 09:53:47.881650,Completed
2801,f6b779d9-d8e2-4ace-94a3-d9159373bb6a,447,3.0,,Deposit,49.55,2026-09-28 09:53:47.881650,Completed
2802,38b2c169-3c5d-4ddd-8a17-fa06969876d7,729,,,Adjustment,136.74,2026-09-28 09:53:47.881650,Completed
2803,e0427de3-4b10-489f-b031-c0b9f65f4b1f,291,2.0,,Withdrawal,478.13,2026-09-28 09:53:47.881650,Completed
2804,0de66207-b174-4460-9da5-311978f88385,663,,,Adjustment,388.04,2026-09-28 09:53:47.881650,Completed
2805,0c38d6d6-333c-4f87-88f3-631a753e24f2,195,4.0,,Deposit,491.42,2026-09-28 09:53:47.881650,Completed
2806,5e424012-8b84-4f6e-9c9a-1740650b0979,455,2.0,,Deposit,494.6,2026-09-28 09:53:47.881650,Completed
2807,6eb61b2b-3eaa-4d7b-97a7-3c7f370a00ad,223,3.0,,Withdrawal,226.97,2026-09-28 09:53:47.881650,Completed
2808,8c54c3c5-2221-452e-aa33-202a196a05e8,496,3.0,,Deposit,293.82,2026-09-28 09:53:47.881650,Completed
2809,e89fb2e3-a91c-44bb-8c53-e4b885420db9,693,,,Adjustment,347.63,2026-09-28 09:53:47.881650,Completed
2810,bef79392-4771-483c-bcee-e22496421e35,439,,,Adjustment,63.05,2026-09-28 09:53:47.881650,Completed
2811,6b1516e5-3cb0-4b34-ab00-210051518a61,316,2.0,,Withdrawal,220.96,2026-09-28 09:53:47.881650,Completed
2812,9d5aaaff-30cd-430f-bc7c-bd0f5ef04e67,744,3.0,,Deposit,388.44,2026-09-28 09:53:47.881650,Completed
2813,65cf432b-b033-4c72-8d12-d9838263e2f7,999,4.0,,Deposit,200.2,2026-09-28 09:53:47.881650,Completed
2814,b0d70b99-f412-4947-a216-e99e78e0fc27,188,5.0,,Deposit,394.14,2026-09-28 09:53:47.881650,Completed
2815,a3624ef4-a6ae-4c50-8481-474da8caf196,906,,,Adjustment,311.29,2026-09-28 09:53:47.881650,Completed
2816,fba3327a-1b80-46c0-a60d-a5b18abf943d,387,,,Adjustment,402.13,2026-09-28 09:53:47.881650,Completed
2817,a11e3263-9890-4478-ad7b-a9cbcd9454db,928,4.0,,Withdrawal,450.59,2026-09-28 09:53:47.881650,Completed
2818,f3c59af8-9274-44c9-aaa7-652904a2dd90,71,,,Adjustment,203.47,2026-09-28 09:53:47.881650,Completed
2819,da0f0bd0-2116-4b19-8d3f-640d77611ff8,836,3.0,,Deposit,101.16,2026-09-28 09:53:47.881650,Completed
2820,1f096419-1eb2-44b8-bead-ce8077ff7855,409,,,Adjustment,418.52,2026-09-28 09:53:47.881650,Completed
2821,f8d394c1-c978-439b-a1ff-d7a711809a01,278,3.0,,Deposit,14.8,2026-09-28 09:53:47.881650,Completed
2822,d6272b0e-29cd-4481-8661-a6e88a76feab,9,3.0,,Withdrawal,23.4,2026-09-28 09:53:47.881650,Completed
2823,bbfc38ad-ff44-476d-b064-8e5f4668d4fb,41,,,Adjustment,481.58,2026-09-28 09:53:47.881650,Completed
2824,1ab84d65-1c2d-414a-9f82-0bb1a7fe2174,866,4.0,,Deposit,303.61,2026-09-28 09:53:47.881650,Completed
2825,de1faaa8-f6f1-464f-b811-6c26d5ab7144,654,2.0,,Deposit,83.31,2026-09-28 09:53:47.881650,Completed
2826,1fd68a48-38fc-444c-9b40-7b1fab96424d,641,3.0,,Withdrawal,88.52,2026-09-28 09:53:47.881650,Completed
2827,df56e068-6760-47ee-8ea6-bcaf75a5bdf0,437,3.0,,Withdrawal,266.39,2026-09-28 09:53:47.881650,Completed
2828,9b7643fd-784d-43d7-949c-52ef9945c0fc,707,1.0,,Deposit,118.76,2026-09-28 09:53:47.881650,Completed
2829,e48f512d-3773-4b98-9174-4669fe6f52e0,622,,,Adjustment,398.98,2026-09-28 09:53:47.881650,Completed
2830,dfd9aefc-c213-4fd8-93f4-33e4ee1ff6db,903,5.0,,Deposit,295.08,2026-09-28 09:53:47.881650,Completed
2831,6dbe5fd1-d72e-4f8c-9068-efd43ce9b253,579,4.0,,Withdrawal,116.54,2026-09-28 09:53:47.881650,Completed
2832,12a0dd7a-7d5b-40e2-a89a-aaf1242729cc,837,,,Adjustment,377.25,2026-09-28 09:53:47.881650,Completed
2833,3e6dcbc8-9086-4eab-88d1-daad7d0feda6,850,2.0,,Withdrawal,49.64,2026-09-28 09:53:47.881650,Completed
2834,a5b096fd-8ac3-4a9e-920e-f2f07bf97048,732,5.0,,Deposit,413.15,2026-09-28 09:53:47.881650,Completed
2835,45ce8139-811b-4c1f-89d2-d8c194dcee2f,174,5.0,,Deposit,242.38,2026-09-28 09:53:47.881650,Completed
2836,48591a80-75cf-4d80-ae88-df322c5f32e5,940,1.0,,Withdrawal,324.8,2026-09-28 09:53:47.881650,Completed
2837,e93c1126-8d66-42d9-9dc4-54011cf67e9b,605,,,Adjustment,213.82,2026-09-28 09:53:47.881650,Completed
2838,34ee1ae4-2f2a-4ba9-b85d-50de7397de58,312,3.0,,Withdrawal,76.5,2026-09-28 09:53:47.881650,Completed
2839,32ad6234-d3b8-4287-ac6d-6eb7c74a8002,265,1.0,,Deposit,58.82,2026-09-28 09:53:47.881650,Completed
2840,5e391d8f-ecc6-47b4-971b-b742903ca382,680,1.0,,Withdrawal,242.68,2026-09-28 09:53:47.881650,Completed
2841,05a32e8f-72a5-4844-82cd-92dbe1172abe,560,3.0,,Withdrawal,445.19,2026-09-28 09:53:47.881650,Completed
2842,00ad1218-63db-4c17-896a-c09e89ff6e2f,702,2.0,,Withdrawal,475.34,2026-09-28 09:53:47.881650,Completed
2843,c460cecb-4097-4dd9-b3ec-40f43e0c62d7,910,,,Adjustment,467.98,2026-09-28 09:53:47.881650,Completed
2844,aba8c2a2-0010-439b-be48-91fb0ec5dffc,283,,,Adjustment,333.12,2026-09-28 09:53:47.881650,Completed
2845,7d78f127-9674-450a-af8d-8d9229413e72,724,5.0,,Deposit,461.67,2026-09-28 09:53:47.881650,Completed
2846,b39ff085-5633-44b2-9b90-03fb1462b253,200,,,Adjustment,244.18,2026-09-28 09:53:47.881650,Completed
2847,c6373f00-006f-4fb5-ad7c-846e796318b3,321,,,Adjustment,87.27,2026-09-28 09:53:47.881650,Completed
2848,548576ec-f686-4923-ad86-2d0c86286a88,947,5.0,,Withdrawal,48.87,2026-09-28 09:53:47.881650,Completed
2849,47b8c572-eebf-4bb5-8799-90e167ed6796,974,1.0,,Deposit,347.47,2026-09-28 09:53:47.881650,Completed
2850,ad91f3da-3251-4dee-8fff-13b55fd9cc8c,13,2.0,,Withdrawal,255.49,2026-09-28 09:53:47.881650,Completed
2851,467e0e12-25b5-4965-a1f9-df19ea0fbd4f,151,1.0,,Withdrawal,247.65,2026-09-28 09:53:47.881650,Completed
2852,3d58352a-4743-4f94-9974-02a18fa1385d,104,,,Adjustment,59.91,2026-09-28 09:53:47.881650,Completed
2853,6f444407-6c59-403c-a1b7-dbc0bd0a2141,11,2.0,,Deposit,67.71,2026-09-28 09:53:47.881650,Completed
2854,00ad4c22-b6cb-4c82-ac9f-060aac76e057,137,2.0,,Withdrawal,100.23,2026-09-28 09:53:47.881650,Completed
2855,3ad79339-0488-42f5-9240-8db9af2e4839,110,,,Adjustment,121.22,2026-09-28 09:53:47.881650,Completed
2856,aa923944-8359-493f-9cbc-704664d92192,901,5.0,,Withdrawal,352.69,2026-09-28 09:53:47.881650,Completed
2857,5f66db02-433b-4df7-9409-1ca769c9c88e,871,4.0,,Withdrawal,73.76,2026-09-28 09:53:47.881650,Completed
2858,b03bf0b4-5e86-4737-a355-a0ca63a4b642,814,3.0,,Withdrawal,167.31,2026-09-28 09:53:47.881650,Completed
2859,04b3fd03-30ed-42ff-aabe-29d8f11747f1,483,5.0,,Withdrawal,371.14,2026-09-28 09:53:47.881650,Completed
2860,23d54c21-915a-4be1-b968-4e1921192f3e,232,,,Adjustment,416.54,2026-09-28 09:53:47.881650,Completed
2861,40c33d48-6859-48f4-bbaf-f565fce9ac46,154,,,Adjustment,184.77,2026-09-28 09:53:47.881650,Completed
2862,60e5ef9a-fde1-4c4b-8302-17978414dfe4,141,,,Adjustment,473.13,2026-09-28 09:53:47.881650,Completed
2863,51088454-1836-4cf6-9fc8-8c747aa7657f,643,4.0,,Deposit,37.6,2026-09-28 09:53:47.881650,Completed
2864,181a6530-980d-441f-a9b9-9a2f35bedb44,503,4.0,,Withdrawal,257.97,2026-09-28 09:53:47.881650,Completed
2865,07057720-359e-4336-95e4-7e6d68690422,110,,,Adjustment,475.57,2026-09-28 09:53:47.881650,Completed
2866,1810cc8e-a4b0-41e0-b312-b36f715b90ac,309,5.0,,Withdrawal,364.87,2026-09-28 09:53:47.881650,Completed
2867,96c3e16c-5c56-4de2-a2ae-5691b15cbf85,264,3.0,,Deposit,311.14,2026-09-28 09:53:47.881650,Completed
2868,da06d1e5-2cc3-496e-b9e4-c45d8c9b92e8,973,3.0,,Withdrawal,367.7,2026-09-28 09:53:47.881650,Completed
2869,251b78c7-1a44-4b57-9c3b-9067d6bcff85,787,1.0,,Deposit,489.27,2026-09-28 09:53:47.881650,Completed
2870,84bcf90e-b080-4db5-b858-38bb5a21b0b6,635,4.0,,Withdrawal,315.94,2026-09-28 09:53:47.881650,Completed
2871,9502c5da-0fb8-431e-b504-4e528b7d95d7,712,4.0,,Withdrawal,360.8,2026-09-28 09:53:47.881650,Completed
2872,d773f795-fc5d-4a1b-b4d0-43d07b74a0bb,327,,,Adjustment,290.88,2026-09-28 09:53:47.881650,Completed
2873,9aaabab1-8b68-4278-802c-293a13d3a1ea,178,,,Adjustment,339.99,2026-09-28 09:53:47.881650,Completed
2874,58b6ae72-b094-4c36-bb03-4a72dca73a4f,476,,,Adjustment,192.29,2026-09-28 09:53:47.881650,Completed
2875,8fe7902d-133e-4c2d-b33c-6af17c0e7814,1000,3.0,,Withdrawal,110.29,2026-09-28 09:53:47.881650,Completed
2876,580bea12-a35c-4415-98ed-7dd2128e46f4,973,4.0,,Deposit,439.11,2026-09-28 09:53:47.881650,Completed
2877,28307206-8a1b-4f13-9741-f7d55d3a9c03,841,,,Adjustment,25.3,2026-09-28 09:53:47.881650,Completed
2878,8ba3c40b-a383-4b6d-a0e2-b836a7bd56e0,82,5.0,,Withdrawal,357.81,2026-09-28 09:53:47.881650,Completed
2879,ec956e01-b133-44c7-bbb3-f01ea4066a0d,897,3.0,,Withdrawal,329.73,2026-09-28 09:53:47.881650,Completed
2880,5cd76b92-eea1-4f06-a402-e848c4891510,784,2.0,,Withdrawal,218.12,2026-09-28 09:53:47.881650,Completed
2881,806fc0e6-909c-417f-bdf6-079f9890b4cb,677,,,Adjustment,52.23,2026-09-28 09:53:47.881650,Completed
2882,3317644e-5957-49ea-97df-5d48ea723eb4,612,,,Adjustment,428.94,2026-09-28 09:53:47.881650,Completed
2883,2f9c75df-173e-4932-99a2-3c55501b89de,360,,,Adjustment,465.51,2026-09-28 09:53:47.881650,Completed
2884,a939a8c0-7a7b-4f14-809b-a1f673fafc93,307,2.0,,Deposit,349.72,2026-09-28 09:53:47.881650,Completed
2885,c8e82428-03fa-43cf-84fa-2b7e7262dfaf,937,,,Adjustment,292.19,2026-09-28 09:53:47.881650,Completed
2886,2f853570-602d-4c87-b8a5-187c824b3746,385,1.0,,Withdrawal,387.8,2026-09-28 09:53:47.881650,Completed
2887,56014399-fe6f-4e2d-8827-b9ae83f32e85,257,2.0,,Withdrawal,99.79,2026-09-28 09:53:47.881650,Completed
2888,6f78035c-5f46-476a-8508-e200a87168da,520,5.0,,Withdrawal,44.63,2026-09-28 09:53:47.881650,Completed
2889,9cccfd2c-9bbb-4431-b58c-398f147fd6e5,41,,,Adjustment,217.43,2026-09-28 09:53:47.881650,Completed
2890,e9b2a314-da54-4a10-96a8-81ded863b92a,637,,,Adjustment,63.32,2026-09-28 09:53:47.881650,Completed
2891,85ef1952-68b8-4495-bddd-66b2ebaf6214,730,3.0,,Withdrawal,483.54,2026-09-28 09:53:47.881650,Completed
2892,5b8ba3da-f7ce-45ea-a743-948927669045,747,5.0,,Withdrawal,477.47,2026-09-28 09:53:47.881650,Completed
2893,5ff67689-978b-45c2-8c5d-594449023cdd,875,,,Adjustment,67.26,2026-09-28 09:53:47.881650,Completed
2894,de15c108-bb6f-4053-a128-373c3a8d43d5,408,5.0,,Deposit,347.32,2026-09-28 09:53:47.881650,Completed
2895,5fd7b539-fd93-44cb-afbf-2c175c9088be,318,4.0,,Deposit,152.25,2026-09-28 09:53:47.881650,Completed
2896,db4de2a6-bef8-442d-b304-6c6dc906d1ba,412,,,Adjustment,314.87,2026-09-28 09:53:47.881650,Completed
2897,41e978a5-726a-443a-93fb-394ed900458a,676,,,Adjustment,222.48,2026-09-28 09:53:47.881650,Completed
2898,7c64e07f-494b-4940-b4d8-904db786388a,140,,,Adjustment,143.8,2026-09-28 09:53:47.881650,Completed
2899,fdd054e8-3c7b-4cc7-98c3-531fa3d14292,888,4.0,,Withdrawal,192.2,2026-09-28 09:53:47.881650,Completed
2900,0bc34820-d7dd-486b-8537-aa8ab7682fa3,423,3.0,,Deposit,196.98,2026-09-28 09:53:47.881650,Completed
2901,ed21610e-3770-43e6-aa4c-ecc23a9f0984,258,1.0,,Deposit,303.55,2026-09-28 09:53:47.881650,Completed
2902,04059446-5feb-4dd4-bdcb-f74726edb39e,186,,,Adjustment,37.19,2026-09-28 09:53:47.881650,Completed
2903,8295fcbf-f5df-4514-87b8-c53e49bc46b4,63,2.0,,Deposit,175.95,2026-09-28 09:53:47.881650,Completed
2904,5ee948d0-fa91-49a5-8b78-cf79e2944094,472,1.0,,Deposit,335.32,2026-09-28 09:53:47.881650,Completed
2905,7de67847-320d-4404-9d32-b52796545dc0,806,2.0,,Deposit,64.24,2026-09-28 09:53:47.881650,Completed
2906,de990d11-7af4-497e-a2f7-9f1460444296,552,1.0,,Withdrawal,201.49,2026-09-28 09:53:47.881650,Completed
2907,17eff320-5fce-45c4-b055-ee5e9ad2db34,903,2.0,,Withdrawal,59.4,2026-09-28 09:53:47.881650,Completed
2908,bebdbcbb-6888-4f75-97b3-7050745d8994,323,2.0,,Deposit,241.78,2026-09-28 09:53:47.881650,Completed
2909,b454ea1b-6563-4b14-9c93-567d97e1303a,136,3.0,,Withdrawal,128.01,2026-09-28 09:53:47.881650,Completed
2910,b496f054-801a-4605-b6d8-2ac255fd001e,239,3.0,,Withdrawal,369.83,2026-09-28 09:53:47.881650,Completed
2911,06a2f75f-1b2a-487f-b2dc-fac6a009a990,579,4.0,,Withdrawal,15.76,2026-09-28 09:53:47.881650,Completed
2912,6314165b-807c-4b36-943c-7df057014eb8,345,,,Adjustment,86.03,2026-09-28 09:53:47.881650,Completed
2913,94f12f6b-a90d-40a4-8b8d-8f4988ecf12d,165,2.0,,Withdrawal,366.67,2026-09-28 09:53:47.881650,Completed
2914,c64c2c74-0e68-4c9b-9f80-a1c0613fb193,993,,,Adjustment,473.98,2026-09-28 09:53:47.881650,Completed
2915,012a5e75-a48e-4aeb-8396-d7a7a0a8ee11,165,,,Adjustment,474.73,2026-09-28 09:53:47.881650,Completed
2916,a6a42391-0bd7-4bbf-9fb3-2e2b3beddcec,843,,,Adjustment,21.11,2026-09-28 09:53:47.881650,Completed
2917,a92aed19-9ab2-42c4-8a59-2008f30c1bd4,878,3.0,,Deposit,424.74,2026-09-28 09:53:47.881650,Completed
2918,efa402fd-8012-4dbf-a5bc-e5cdf6d69ee6,625,,,Adjustment,96.21,2026-09-28 09:53:47.881650,Completed
2919,c9efe8eb-6166-4284-ac8b-71377006ed9c,734,1.0,,Deposit,257.75,2026-09-28 09:53:47.881650,Completed
2920,1d8beffc-631d-4e03-8ca1-0a614cb64f6e,474,1.0,,Withdrawal,356.33,2026-09-28 09:53:47.881650,Completed
2921,98a1ecef-984b-4e3d-ba22-041d2e4b1801,250,5.0,,Deposit,179.63,2026-09-28 09:53:47.881650,Completed
2922,685eb691-fcca-4c05-bcef-bb6bda0da6ed,715,3.0,,Withdrawal,428.07,2026-09-28 09:53:47.881650,Completed
2923,5fdba0b1-d8dd-4a71-81bb-d72c2657302b,284,,,Adjustment,187.55,2026-09-28 09:53:47.881650,Completed
2924,7a30aac2-9fa5-4f9c-8e5b-f323d90accba,564,3.0,,Withdrawal,480.88,2026-09-28 09:53:47.881650,Completed
2925,2955c4a8-ba7c-43b1-895d-9f8ac32572ae,456,,,Adjustment,491.65,2026-09-28 09:53:47.881650,Completed
2926,5e32d2da-0e97-4882-9292-5c729600b44b,148,,,Adjustment,402.27,2026-09-28 09:53:47.881650,Completed
2927,b9964510-2b57-46fc-8802-e8aa2ac7246f,399,,,Adjustment,198.2,2026-09-28 09:53:47.881650,Completed
2928,8dc37ebe-7288-430b-8834-c04055b8940e,589,1.0,,Deposit,254.89,2026-09-28 09:53:47.881650,Completed
2929,eef47405-efca-4be0-b3ea-f807c86bc2e0,830,5.0,,Withdrawal,422.45,2026-09-28 09:53:47.881650,Completed
2930,73ab6a86-6c7f-468a-843b-ef13576c6de3,538,,,Adjustment,476.9,2026-09-28 09:53:47.881650,Completed
2931,39c1e0d0-44b6-4a13-b60d-1768aceb9953,239,,,Adjustment,111.22,2026-09-28 09:53:47.881650,Completed
2932,10a5476f-9fe5-466c-9fc5-349d388bb250,974,2.0,,Withdrawal,470.45,2026-09-28 09:53:47.881650,Completed
2933,98337335-315d-41c6-83bb-41bf68f32c71,809,4.0,,Deposit,437.32,2026-09-28 09:53:47.881650,Completed
2934,b495888b-63d9-49ab-8c7d-c5e83a2abf9b,297,2.0,,Withdrawal,170.05,2026-09-28 09:53:47.881650,Completed
2935,764fd039-f84a-4e30-a6c2-c5cc0b5c1c89,409,5.0,,Withdrawal,427.75,2026-09-28 09:53:47.881650,Completed
2936,4b2e8468-d855-4233-a284-2f689758368c,439,5.0,,Deposit,20.87,2026-09-28 09:53:47.881650,Completed
2937,a1bf6b1a-bea4-4056-88bf-814a7d7091d8,839,4.0,,Deposit,46.25,2026-09-28 09:53:47.881650,Completed
2938,d758ffa5-f5e3-4b65-b29f-8d652a7492e8,842,3.0,,Deposit,496.21,2026-09-28 09:53:47.881650,Completed
2939,38589711-ba0a-4d18-bb3c-74c20bd10b48,735,2.0,,Deposit,81.34,2026-09-28 09:53:47.881650,Completed
2940,3cf16a2f-2edb-43b7-8c18-fe19c3626cfd,905,1.0,,Withdrawal,245.93,2026-09-28 09:53:47.881650,Completed
2941,cb732661-11ec-436e-a0ea-047172597221,981,5.0,,Withdrawal,94.6,2026-09-28 09:53:47.881650,Completed
2942,4e0326d4-5b46-4912-9855-ae6c4fe982fd,89,5.0,,Deposit,466.32,2026-09-28 09:53:47.881650,Completed
2943,9df7fd6f-f993-4e7d-a221-00d928b58c21,566,,,Adjustment,473.11,2026-09-28 09:53:47.881650,Completed
2944,b4b3d64f-8d85-4051-8107-178057c5f54c,202,5.0,,Deposit,233.64,2026-09-28 09:53:47.881650,Completed
2945,37894ccb-19f1-4f03-b451-1d2b80f004da,171,2.0,,Withdrawal,294.42,2026-09-28 09:53:47.881650,Completed
2946,662db0a0-c3f6-4b1a-93a0-1689709295fb,293,,,Adjustment,329.65,2026-09-28 09:53:47.881650,Completed
2947,5f96e670-6b5c-459f-b40e-d78bdb0dbf46,500,1.0,,Deposit,52.05,2026-09-28 09:53:47.881650,Completed
2948,68ccf14d-2188-4e35-8529-b4d51a09e858,353,4.0,,Withdrawal,35.77,2026-09-28 09:53:47.881650,Completed
2949,75a4d8ae-e520-4c04-9341-a26df9ac0204,423,1.0,,Withdrawal,473.91,2026-09-28 09:53:47.881650,Completed
2950,7ee25aed-3341-434d-aec5-6c83999d3c14,150,2.0,,Deposit,54.76,2026-09-28 09:53:47.881650,Completed
2951,89994079-40bc-4210-8ee3-06afe81eb522,344,4.0,,Deposit,91.97,2026-09-28 09:53:47.881650,Completed
2952,69a42ccd-2412-45f1-aed0-458945e3297a,656,,,Adjustment,379.83,2026-09-28 09:53:47.881650,Completed
2953,1df7adae-148c-4589-b89b-09b1a952abfe,628,,,Adjustment,78.03,2026-09-28 09:53:47.881650,Completed
2954,28afca76-18eb-4656-8c00-0a2d35796483,241,,,Adjustment,34.9,2026-09-28 09:53:47.881650,Completed
2955,5b17ed7b-ead9-4bed-a77c-fbe033901267,530,3.0,,Withdrawal,53.87,2026-09-28 09:53:47.881650,Completed
2956,6933c2c6-ea56-4469-b8a9-c7872df37319,281,,,Adjustment,92.58,2026-09-28 09:53:47.881650,Completed
2957,fb2131e9-e7cc-4356-af08-8f42e9c932b2,167,5.0,,Withdrawal,447.42,2026-09-28 09:53:47.881650,Completed
2958,036608a2-df97-49d7-ae31-9442b0e7ed6d,498,4.0,,Deposit,93.88,2026-09-28 09:53:47.881650,Completed
2959,fa143822-5147-4fd9-ae3f-9a9ed7b472de,286,3.0,,Deposit,234.46,2026-09-28 09:53:47.881650,Completed
2960,97f52fb7-3a5d-404e-aa92-e6f278d2db9f,419,,,Adjustment,327.51,2026-09-28 09:53:47.881650,Completed
2961,4d75d2bc-fc53-49bc-889e-d18cf9745278,461,,,Adjustment,70.19,2026-09-28 09:53:47.881650,Completed
2962,35024ce9-3910-4397-b1d2-e326d88c9f08,905,,,Adjustment,411.5,2026-09-28 09:53:47.881650,Completed
2963,e8c81d47-98cf-406b-8808-7ca776542719,812,,,Adjustment,184.31,2026-09-28 09:53:47.881650,Completed
2964,441c89a7-cb26-4ab2-b1a5-5ca1e3694d25,388,,,Adjustment,301.45,2026-09-28 09:53:47.881650,Completed
2965,a99744d2-60bd-4103-a19c-43fcfa2a0e2f,705,4.0,,Deposit,298.54,2026-09-28 09:53:47.881650,Completed
2966,0bc88601-9287-45c3-80da-1dc90cda0ed7,356,,,Adjustment,231.44,2026-09-28 09:53:47.881650,Completed
2967,2a88cfcb-532f-48a6-831e-dcb4bd479dc3,7,5.0,,Deposit,461.75,2026-09-28 09:53:47.881650,Completed
2968,f6b0f767-d78f-4649-ae5f-1c0764235bb5,186,,,Adjustment,246.4,2026-09-28 09:53:47.881650,Completed
2969,9b010107-795c-43b5-baba-470d6c0f5ea3,380,5.0,,Deposit,158.35,2026-09-28 09:53:47.881650,Completed
2970,b1ce3efd-9c72-4138-886d-5f5c520748fb,554,3.0,,Withdrawal,345.46,2026-09-28 09:53:47.881650,Completed
2971,6a25e903-0fa9-4c9c-81a7-4f325bb10555,21,,,Adjustment,490.42,2026-09-28 09:53:47.881650,Completed
2972,4871d78c-ff16-4117-bedd-06c6e3e50c0f,354,1.0,,Deposit,311.98,2026-09-28 09:53:47.881650,Completed
2973,d03cf6b0-799b-4a38-bc8a-e7be15604836,797,2.0,,Withdrawal,175.04,2026-09-28 09:53:47.881650,Completed
2974,1807b3c5-1160-4791-a205-3b5a9acc08d2,803,4.0,,Deposit,85.57,2026-09-28 09:53:47.881650,Completed
2975,8c79eef5-90ef-4dbd-be0f-61a02e133286,778,,,Adjustment,181.22,2026-09-28 09:53:47.881650,Completed
2976,40395bbe-47e8-4469-a6ad-2a18b7ebe47c,64,,,Adjustment,189.65,2026-09-28 09:53:47.881650,Completed
2977,766c56a8-b6fd-4be9-97cc-bede602eb7fb,348,,,Adjustment,471.58,2026-09-28 09:53:47.881650,Completed
2978,bf2d7329-2062-49aa-a9ed-d6c2776bfe78,284,4.0,,Deposit,385.76,2026-09-28 09:53:47.881650,Completed
2979,7cea2a0f-f772-4e9e-8e8d-cbb693b820ba,966,,,Adjustment,238.39,2026-09-28 09:53:47.881650,Completed
2980,c9d742b9-0c35-436e-b822-8b4faa8b924a,735,,,Adjustment,266.21,2026-09-28 09:53:47.881650,Completed
2981,6157cf6a-ba3f-402b-9cb6-22123e768726,1000,,,Adjustment,51.65,2026-09-28 09:53:47.881650,Completed
2982,ac788b41-ea97-48c8-beec-78bb7e6cc133,55,,,Adjustment,278.58,2026-09-28 09:53:47.881650,Completed
2983,019d646a-454a-4da2-99f8-3fbd88208b1f,747,,,Adjustment,269.31,2026-09-28 09:53:47.881650,Completed
2984,05d22a61-2162-48b4-90d9-ae3d6fddf2d4,752,,,Adjustment,273.82,2026-09-28 09:53:47.881650,Completed
2985,76f90b7e-1366-46a0-a7fc-ddf5ccc9377d,123,4.0,,Deposit,445.95,2026-09-28 09:53:47.881650,Completed
2986,a4ce8b70-e115-4f26-8114-ce8b8a6b9974,689,3.0,,Deposit,165.45,2026-09-28 09:53:47.881650,Completed
2987,57672224-1e6e-48e6-b583-20d8a74cc487,847,,,Adjustment,406.84,2026-09-28 09:53:47.881650,Completed
2988,f7af82e2-e21c-4bd9-b109-76c1a8bc4a08,320,,,Adjustment,459.66,2026-09-28 09:53:47.881650,Completed
2989,591826ff-0ab1-40ee-9fcb-e36c6493db2e,41,,,Adjustment,412.66,2026-09-28 09:53:47.881650,Completed
2990,9c81c0bd-9179-4876-aee3-6e05494c9a32,406,,,Adjustment,125.52,2026-09-28 09:53:47.881650,Completed
2991,cf000db0-2651-42a6-a3ec-7fcb04c9912f,964,1.0,,Deposit,215.37,2026-09-28 09:53:47.881650,Completed
2992,542fc6d6-2df3-40be-91ed-da744a420a15,721,2.0,,Deposit,87.81,2026-09-28 09:53:47.881650,Completed
2993,80cff59f-841c-4956-85b0-b0f7b16963f0,872,,,Adjustment,225.34,2026-09-28 09:53:47.881650,Completed
2994,cdd334ac-5d9d-4abe-96b5-396865928f59,324,,,Adjustment,341.71,2026-09-28 09:53:47.881650,Completed
2995,83b1db50-bafa-4200-82b5-9f4c108178f9,727,4.0,,Deposit,356.38,2026-09-28 09:53:47.881650,Completed
2996,7ed234a4-8b10-4c82-944b-7346c1378321,415,3.0,,Deposit,428.56,2026-09-28 09:53:47.881650,Completed
2997,28c57aab-6f9c-4480-81f4-1dd539d83f54,171,,,Adjustment,265.31,2026-09-28 09:53:47.881650,Completed
2998,32db8e54-3f21-405e-be0b-bbab8da7acb3,312,1.0,,Withdrawal,46.8,2026-09-28 09:53:47.881650,Completed
2999,2f6be28a-bca1-4c23-bda5-bd2428a169ff,480,5.0,,Withdrawal,160.83,2026-09-28 09:53:47.881650,Completed
3000,a5c87f0c-2418-4b6b-9d50-17458d99323c,432,2.0,,Withdrawal,109.22,2026-09-28 09:53:47.881650,Completed
3001,dddcaf0c-dab0-4441-95d4-0f43114741cb,43,4.0,,Withdrawal,219.37,2026-09-28 09:53:47.881650,Completed
3002,474bfebe-8e7f-485b-a05a-092bb6af95cc,659,4.0,,Deposit,241.69,2026-09-28 09:53:47.881650,Completed
3003,ce232e58-66c7-47f5-820d-2a891474a57a,266,5.0,,Withdrawal,348.52,2026-09-28 09:53:47.881650,Completed
3004,be492a06-63ef-4b06-9d1b-dcc5a6c70d0e,339,1.0,,Withdrawal,386.65,2026-09-28 09:53:47.881650,Completed
3005,564e8d7b-1171-4235-aca4-8c40f4cf3dec,609,5.0,,Withdrawal,345.29,2026-09-28 09:53:47.881650,Completed
3006,fad8605f-c541-4724-aaac-819b34d720ae,558,1.0,,Deposit,126.85,2026-09-28 09:53:47.881650,Completed
3007,51a928d2-e44e-47a0-940e-4dd606a6d51d,540,5.0,,Withdrawal,225.46,2026-09-28 09:53:47.881650,Completed
3008,56ffdbad-8be3-4773-b596-ea030ae63988,439,,,Adjustment,354.29,2026-09-28 09:53:47.881650,Completed
3009,9bc6cc25-65a6-4125-bcb1-3754c4556f2a,845,,,Adjustment,244.18,2026-09-28 09:53:47.881650,Completed
3010,1eb2f8ce-3ab3-4b4b-8f6c-82ab887a470a,748,,,Adjustment,74.25,2026-09-28 09:53:47.881650,Completed
3011,51d63381-8b0d-4c8b-960b-d307975ab94c,167,2.0,,Deposit,399.99,2026-09-28 09:53:47.881650,Completed
3012,c1014b05-6ef4-4b57-a515-377069fcffaa,294,,,Adjustment,215.64,2026-09-28 09:53:47.881650,Completed
3013,fcd1ae7c-6338-49c3-a8c1-08e59dea958d,406,5.0,,Deposit,291.84,2026-09-28 09:53:47.881650,Completed
3014,e4cbd551-8891-4f8a-ba94-ec1be3321da4,786,5.0,,Deposit,461.45,2026-09-28 09:53:47.881650,Completed
3015,8feffc1e-9f9a-428d-91cb-3ab79ff06bd7,924,,,Adjustment,404.72,2026-09-28 09:53:47.881650,Completed
3016,b934578c-6405-4d8d-94b6-c760744eaa5b,353,2.0,,Deposit,473.62,2026-09-28 09:53:47.881650,Completed
3017,817871be-fc1f-4e45-8f01-8523234c7a30,520,4.0,,Withdrawal,483.27,2026-09-28 09:53:47.881650,Completed
3018,ca4fe925-e769-4b47-80e0-1664328313d8,505,2.0,,Withdrawal,32.59,2026-09-28 09:53:47.881650,Completed
3019,c55443bb-24e9-493d-b9e8-eaa42749994d,155,,,Adjustment,237.63,2026-09-28 09:53:47.881650,Completed
3020,0adb4d88-cc36-4a19-a699-06133c57a1c7,326,5.0,,Withdrawal,14.51,2026-09-28 09:53:47.881650,Completed
3021,eacce6e6-3d98-426b-a0b5-d96c3e06fa94,84,2.0,,Withdrawal,86.93,2026-09-28 09:53:47.881650,Completed
3022,8fa7db58-1800-4b2c-8242-92433381feac,536,4.0,,Withdrawal,256.1,2026-09-28 09:53:47.881650,Completed
3023,d191117f-7290-45dc-9fe2-c4a7b5b5b222,77,1.0,,Deposit,293.61,2026-09-28 09:53:47.881650,Completed
3024,79040190-25e7-445a-b6d3-5826fdb5539b,33,5.0,,Deposit,162.22,2026-09-28 09:53:47.881650,Completed
3025,e7eefc63-57bc-4b81-bb82-f013d7418c11,676,1.0,,Withdrawal,139.57,2026-09-28 09:53:47.881650,Completed
3026,d9b567f1-57bd-4548-8575-53cfe3c3c6e7,388,1.0,,Deposit,411.71,2026-09-28 09:53:47.881650,Completed
3027,5ec3b63b-4312-4096-867f-a56977bd1234,875,3.0,,Deposit,275.47,2026-09-28 09:53:47.881650,Completed
3028,a82ee299-c602-4f57-9f74-9415dfc65d07,284,,,Adjustment,328.92,2026-09-28 09:53:47.881650,Completed
3029,50ae5e16-1e83-4481-95df-199f2b404369,64,,,Adjustment,213.6,2026-09-28 09:53:47.881650,Completed
3030,753b6e08-601a-486b-8c63-38626febff28,905,,,Adjustment,201.75,2026-09-28 09:53:47.881650,Completed
3031,c93b2a6a-f51f-4324-b89d-13bcddb6e437,417,4.0,,Deposit,285.92,2026-09-28 09:53:47.881650,Completed
3032,0906b6ca-3633-41b3-bb7e-2628796c0b8e,751,1.0,,Withdrawal,423.87,2026-09-28 09:53:47.881650,Completed
3033,dc3602a7-127b-4140-b63e-1f99411fc25f,679,4.0,,Withdrawal,434.82,2026-09-28 09:53:47.881650,Completed
3034,fe982e92-4ebd-4fa2-bacd-97a21b6e7a46,35,4.0,,Withdrawal,79.14,2026-09-28 09:53:47.881650,Completed
3035,5f6a1a00-39a6-46d4-b88e-66a2b1572575,853,1.0,,Deposit,492.26,2026-09-28 09:53:47.881650,Completed
3036,6c2fc743-17d1-4efe-962b-713e14558990,332,3.0,,Deposit,21.04,2026-09-28 09:53:47.881650,Completed
3037,65937bba-73d1-4a72-a5cc-7684fe35e3cc,562,4.0,,Deposit,65.72,2026-09-28 09:53:47.881650,Completed
3038,6c514dca-0310-4e29-bb63-1de0e4a5858c,786,3.0,,Deposit,175.48,2026-09-28 09:53:47.881650,Completed
3039,3bc886f5-3deb-4d6e-a66b-626938180368,740,4.0,,Withdrawal,384.07,2026-09-28 09:53:47.881650,Completed
3040,3b35c3bf-7ca8-4a09-9740-9d172cafce18,309,,,Adjustment,252.71,2026-09-28 09:53:47.881650,Completed
3041,5afb8165-b1d3-44cc-8c4d-c734b7ee7b34,410,3.0,,Withdrawal,105.14,2026-09-28 09:53:47.881650,Completed
3042,923500e4-1b27-41dc-bc68-308d9c94ff27,117,,,Adjustment,71.01,2026-09-28 09:53:47.881650,Completed
3043,00f2a340-94e7-4daf-ba58-cc5fe1ea90c1,351,5.0,,Withdrawal,101.82,2026-09-28 09:53:47.881650,Completed
3044,cb5508ca-e457-4f23-9993-ad8319cacde4,933,,,Adjustment,62.26,2026-09-28 09:53:47.881650,Completed
3045,1277aadb-94ea-4d85-9302-5156a2d38f9d,972,,,Adjustment,351.9,2026-09-28 09:53:47.881650,Completed
3046,09f67525-ba03-4b94-8db8-187632b9905f,666,5.0,,Withdrawal,383.63,2026-09-28 09:53:47.881650,Completed
3047,c897424b-15b0-4352-a1d0-b1b2695b26d2,485,,,Adjustment,190.46,2026-09-28 09:53:47.881650,Completed
3048,7a0d97b4-5d64-47c3-b6fa-9c6a953f7c1d,451,4.0,,Withdrawal,457.1,2026-09-28 09:53:47.881650,Completed
3049,081e5b04-25ac-47af-8794-e94bb6adedae,482,5.0,,Deposit,379.36,2026-09-28 09:53:47.881650,Completed
3050,03b723c1-5750-44c4-9b85-d541d30954e6,559,1.0,,Withdrawal,69.37,2026-09-28 09:53:47.881650,Completed
3051,e0b8d34e-dde5-4c44-9afa-00e7761f0d11,155,,,Adjustment,124.57,2026-09-28 09:53:47.881650,Completed
3052,960c9088-eb60-4434-96e6-55233e936391,210,,,Adjustment,447.69,2026-09-28 09:53:47.881650,Completed
3053,f3db4dca-806c-4418-88b2-9aa10a2595fa,788,,,Adjustment,101.94,2026-09-28 09:53:47.881650,Completed
3054,050fe0c1-fd10-42e1-b8cf-71dd37923733,145,4.0,,Withdrawal,136.62,2026-09-28 09:53:47.881650,Completed
3055,6649e5e1-3163-44b1-9c2c-7d15a73c1e7a,114,3.0,,Deposit,255.64,2026-09-28 09:53:47.881650,Completed
3056,65d07583-3468-4983-8992-1e8f6516979f,460,5.0,,Deposit,150.28,2026-09-28 09:53:47.881650,Completed
3057,bfcb4feb-f904-4c0e-b637-c89fc0840b5a,65,,,Adjustment,220.73,2026-09-28 09:53:47.881650,Completed
3058,0b5003e7-df84-4cb5-87d1-479c54ddc9a0,195,5.0,,Deposit,379.3,2026-09-28 09:53:47.881650,Completed
3059,7ee86213-aa3b-4978-8e3d-207afb1445ab,543,3.0,,Deposit,173.97,2026-09-28 09:53:47.881650,Completed
3060,ccdd2c7d-9a19-44aa-a4fb-e66f1c585600,836,,,Adjustment,444.72,2026-09-28 09:53:47.881650,Completed
3061,24ac0b7c-7b15-484d-acac-7020b3586270,240,2.0,,Deposit,283.62,2026-09-28 09:53:47.881650,Completed
3062,c2784844-aea0-419b-bac5-bf74ec7fa0d9,745,5.0,,Deposit,149.86,2026-09-28 09:53:47.881650,Completed
3063,320b058f-d645-42d6-999a-5745af956152,606,,,Adjustment,419.83,2026-09-28 09:53:47.881650,Completed
3064,02c56b5e-1309-4d1c-a6a7-3ac6956f04ca,86,4.0,,Deposit,211.87,2026-09-28 09:53:47.881650,Completed
3065,ce85278c-dff0-439c-bba8-3da86a5f98f7,132,1.0,,Withdrawal,244.02,2026-09-28 09:53:47.881650,Completed
3066,c9c0f42d-15e6-4cc7-9b6d-53299400c79b,900,2.0,,Withdrawal,181.28,2026-09-28 09:53:47.881650,Completed
3067,385650d7-f494-44ac-8c4a-82249d0f0e51,278,3.0,,Withdrawal,42.65,2026-09-28 09:53:47.881650,Completed
3068,51b5ff80-362e-4890-9dad-4e4cf3fac675,222,,,Adjustment,127.77,2026-09-28 09:53:47.881650,Completed
3069,2af2bb23-2190-47a6-86e8-d4fca4d007f3,53,,,Adjustment,296.61,2026-09-28 09:53:47.881650,Completed
3070,3957e477-7e34-43a0-8300-a30588ba6ef6,308,5.0,,Withdrawal,496.56,2026-09-28 09:53:47.881650,Completed
3071,96c5e8bd-68f3-4010-ba2b-3962ab52feee,508,4.0,,Withdrawal,124.19,2026-09-28 09:53:47.881650,Completed
3072,28364258-6180-4ecb-ba30-9e19a8f784fa,591,,,Adjustment,176.65,2026-09-28 09:53:47.881650,Completed
3073,a0f0b2f5-09a4-41b2-8705-56316e59aed5,321,,,Adjustment,126.71,2026-09-28 09:53:47.881650,Completed
3074,611f0ff4-4e3d-4414-bc7c-1e4f61192c5d,284,5.0,,Deposit,59.8,2026-09-28 09:53:47.881650,Completed
3075,2518f5b7-9757-4a6a-b96e-25435451e0d5,101,,,Adjustment,347.21,2026-09-28 09:53:47.881650,Completed
3076,6d2ed5dd-910f-4e3c-b6f4-e04f7c5c6842,428,,,Adjustment,317.0,2026-09-28 09:53:47.881650,Completed
3077,13d50d65-2fc3-45b5-a271-55f91e180415,176,3.0,,Withdrawal,475.71,2026-09-28 09:53:47.881650,Completed
3078,708e5610-6009-439c-a409-5a2b0ebfd706,302,1.0,,Withdrawal,415.26,2026-09-28 09:53:47.881650,Completed
3079,9a823720-635d-4003-b8f9-c23bcfee719c,887,5.0,,Deposit,278.74,2026-09-28 09:53:47.881650,Completed
3080,661be699-31a0-4fb8-86f7-6bb1293e27c1,567,2.0,,Withdrawal,383.56,2026-09-28 09:53:47.881650,Completed
3081,f271f5ec-6145-423f-bb95-a49158af5524,710,2.0,,Deposit,380.83,2026-09-28 09:53:47.881650,Completed
3082,4f870d07-56c9-45ba-a32a-7b32c305a75a,31,1.0,,Deposit,117.68,2026-09-28 09:53:47.881650,Completed
3083,27b51b11-30ea-431d-9075-f7aff87f5c38,239,,,Adjustment,179.7,2026-09-28 09:53:47.881650,Completed
3084,38e54f5c-6af1-4902-affd-062c096cb965,174,,,Adjustment,192.26,2026-09-28 09:53:47.881650,Completed
3085,70a5eaa9-5d60-452a-a9df-ee2f8953bc02,874,4.0,,Withdrawal,361.38,2026-09-28 09:53:47.881650,Completed
3086,954f838e-6ae3-4274-b208-ec0ff8e8c656,850,,,Adjustment,57.62,2026-09-28 09:53:47.881650,Completed
3087,550d4e7c-6bea-4180-8bad-7d29f4bb1636,478,2.0,,Withdrawal,292.1,2026-09-28 09:53:47.881650,Completed
3088,b41d034b-1fca-4be2-b3ee-f6b27b3a04c9,690,1.0,,Deposit,105.48,2026-09-28 09:53:47.881650,Completed
3089,124425a3-6c41-4f42-af06-ae2d1f76ca98,519,5.0,,Deposit,486.41,2026-09-28 09:53:47.881650,Completed
3090,159b5533-e4d1-4f7f-b995-c9c0a4b6d28d,908,3.0,,Withdrawal,422.29,2026-09-28 09:53:47.881650,Completed
3091,4e5a0b6e-1e28-48dd-85cc-07793b10c068,790,,,Adjustment,238.7,2026-09-28 09:53:47.881650,Completed
3092,500d266c-0450-4a61-8565-7eee78e13d8d,736,5.0,,Deposit,112.54,2026-09-28 09:53:47.881650,Completed
3093,686f7e7c-9a1a-45bb-a7de-0005984eb6fb,531,2.0,,Deposit,145.87,2026-09-28 09:53:47.881650,Completed
3094,93028031-27d2-4d3a-a916-9caeb091feec,704,,,Adjustment,90.43,2026-09-28 09:53:47.881650,Completed
3095,cc3282d7-1333-4a1b-82c9-47bb50dedb3c,791,,,Adjustment,482.65,2026-09-28 09:53:47.881650,Completed
3096,29ef64e3-e17c-49a8-9e90-2334d7591120,253,3.0,,Withdrawal,226.44,2026-09-28 09:53:47.881650,Completed
3097,f8061f16-ef96-4b22-aef9-cafe5bbbe2ae,224,2.0,,Withdrawal,394.82,2026-09-28 09:53:47.881650,Completed
3098,31e0e2d0-a786-4eba-9944-14c02fc0b0d1,613,4.0,,Deposit,425.59,2026-09-28 09:53:47.881650,Completed
3099,730d8ebb-54e5-49b9-bb56-e5bc8327494f,437,,,Adjustment,69.88,2026-09-28 09:53:47.881650,Completed
3100,041b0c58-f902-410c-93b5-3344c13c32e3,752,3.0,,Deposit,38.8,2026-09-28 09:53:47.881650,Completed
3101,78f86df6-9998-47b4-b236-b1d9273ba16e,150,,,Adjustment,327.12,2026-09-28 09:53:47.881650,Completed
3102,a6f97d78-8092-4945-a116-ff9408927703,767,4.0,,Deposit,191.15,2026-09-28 09:53:47.881650,Completed
3103,30d1a07b-5082-45a5-9c79-4be74cf98a00,384,3.0,,Withdrawal,272.48,2026-09-28 09:53:47.881650,Completed
3104,d5b1fd8e-7f06-4717-8c64-526ae75240c7,17,1.0,,Deposit,230.83,2026-09-28 09:53:47.881650,Completed
3105,26b3cacd-9d71-47e0-8c34-eba80aa93c15,151,1.0,,Deposit,494.86,2026-09-28 09:53:47.881650,Completed
3106,7e10713b-e53c-42ea-98dc-e89a6c27f70f,160,,,Adjustment,437.74,2026-09-28 09:53:47.881650,Completed
3107,b86ffb81-7c4a-4242-8fde-cb087c468749,671,4.0,,Withdrawal,281.86,2026-09-28 09:53:47.881650,Completed
3108,77f0a73c-e3ef-4698-a825-8d6241d94660,861,,,Adjustment,116.52,2026-09-28 09:53:47.881650,Completed
3109,cc45f897-5084-4fb4-976a-ace218f439cd,363,4.0,,Withdrawal,145.12,2026-09-28 09:53:47.881650,Completed
3110,45d0e0bf-605f-4393-8c52-3ddf40a29c1f,987,,,Adjustment,492.94,2026-09-28 09:53:47.881650,Completed
3111,91c2e39a-8369-4a84-ad83-466ce2fa759c,448,,,Adjustment,169.93,2026-09-28 09:53:47.881650,Completed
3112,777710af-8ebc-4d99-8ad6-44ea7fba3cc2,233,,,Adjustment,105.73,2026-09-28 09:53:47.881650,Completed
3113,11f01525-6ea9-402a-baf6-5cec1dcfb547,679,4.0,,Withdrawal,213.9,2026-09-28 09:53:47.881650,Completed
3114,1082fcfc-06c0-4320-832f-6019c0989a2d,975,3.0,,Withdrawal,137.18,2026-09-28 09:53:47.881650,Completed
3115,7f1227bc-f8f1-442f-be3b-cb55285db2bd,932,4.0,,Deposit,47.23,2026-09-28 09:53:47.881650,Completed
3116,06743c57-fb55-4c81-8a20-4440e3f5b7f6,902,,,Adjustment,467.68,2026-09-28 09:53:47.881650,Completed
3117,17a1665c-9188-4fb4-8e92-390e2d0a4010,910,5.0,,Withdrawal,191.35,2026-09-28 09:53:47.881650,Completed
3118,a09a87fa-f469-463d-9866-3c6deaad3493,875,4.0,,Withdrawal,118.81,2026-09-28 09:53:47.881650,Completed
3119,edeec238-fe05-4cfe-a42b-62aa316318f2,656,1.0,,Withdrawal,337.58,2026-09-28 09:53:47.881650,Completed
3120,fa9f4d12-ce11-4f41-a9f6-796aadb63198,372,,,Adjustment,337.57,2026-09-28 09:53:47.881650,Completed
3121,f727fa46-cfb0-4e0d-a990-eb3588b75cad,758,3.0,,Withdrawal,451.47,2026-09-28 09:53:47.881650,Completed
3122,7ae4c13b-d44c-4c09-b103-d267659567c1,1,3.0,,Deposit,439.12,2026-09-28 09:53:47.881650,Completed
3123,a965b304-1891-4221-b09b-adda55906946,958,5.0,,Withdrawal,106.86,2026-09-28 09:53:47.881650,Completed
3124,97ea441a-a737-415d-b4b5-c4e4f47aaad4,76,,,Adjustment,14.61,2026-09-28 09:53:47.881650,Completed
3125,00753271-71e1-4ef4-885d-956e75a5c000,68,2.0,,Withdrawal,305.23,2026-09-28 09:53:47.881650,Completed
3126,9bfb5f5e-f962-4c16-bb6f-ff8c1a291114,348,,,Adjustment,54.23,2026-09-28 09:53:47.881650,Completed
3127,ce9162af-f56f-4d3c-8819-72297e3ef949,245,,,Adjustment,494.7,2026-09-28 09:53:47.881650,Completed
3128,dfd697d3-2747-4f82-801f-06fe4a1d2cad,406,2.0,,Withdrawal,193.7,2026-09-28 09:53:47.881650,Completed
3129,ec3a0935-ca3b-488b-a3bf-2cac039e7ae0,377,3.0,,Withdrawal,236.8,2026-09-28 09:53:47.881650,Completed
3130,ae689839-3738-419b-b5b1-444f765aae3c,976,3.0,,Withdrawal,169.79,2026-09-28 09:53:47.881650,Completed
3131,4fbee60f-a941-4521-b040-2194af56a0e6,148,,,Adjustment,243.09,2026-09-28 09:53:47.881650,Completed
3132,40d2268a-05e8-4435-9a9f-afe9eb9e3f51,921,1.0,,Withdrawal,406.48,2026-09-28 09:53:47.881650,Completed
3133,1275f458-2d9f-455c-aa99-d4e7dd461e0e,265,,,Adjustment,157.55,2026-09-28 09:53:47.881650,Completed
3134,e2f81344-5fca-46b8-a844-e3dfb665c422,875,2.0,,Deposit,148.28,2026-09-28 09:53:47.881650,Completed
3135,5ea14fa3-0b96-46f6-a1d3-daf2dc751c13,42,1.0,,Withdrawal,231.34,2026-09-28 09:53:47.881650,Completed
3136,38684cdd-4829-4356-954e-e9b56b6b0860,864,,,Adjustment,270.76,2026-09-28 09:53:47.881650,Completed
3137,03d372ae-e795-4159-8caf-72fbf715fbce,847,2.0,,Deposit,352.62,2026-09-28 09:53:47.881650,Completed
3138,67009e53-2e13-4cc4-b464-e793ac062bf7,746,3.0,,Withdrawal,166.89,2026-09-28 09:53:47.881650,Completed
3139,b528f079-d053-4969-80e6-fb78197eb85a,152,3.0,,Withdrawal,244.62,2026-09-28 09:53:47.881650,Completed
3140,3bfdaa33-000a-4334-a72b-2fb8aa0800e4,816,,,Adjustment,414.76,2026-09-28 09:53:47.881650,Completed
3141,9d298d85-a35f-45f5-891f-61272ef33e0e,787,1.0,,Withdrawal,117.16,2026-09-28 09:53:47.881650,Completed
3142,ae1d1a40-b3df-4b8c-aeae-3c4542a0140f,261,,,Adjustment,68.77,2026-09-28 09:53:47.881650,Completed
3143,28b9d7db-35b0-4d4b-95c3-e5caed95a335,222,4.0,,Withdrawal,474.38,2026-09-28 09:53:47.881650,Completed
3144,0aaf0d3f-8417-4de0-ad1e-5fa200281f38,680,,,Adjustment,476.78,2026-09-28 09:53:47.881650,Completed
3145,19537fa1-8a6c-435e-b0a4-3661facdd989,447,3.0,,Deposit,447.38,2026-09-28 09:53:47.881650,Completed
3146,532167dc-d976-4ef7-88b7-0378be559903,462,1.0,,Deposit,199.53,2026-09-28 09:53:47.881650,Completed
3147,3b6f9b47-9c6f-4a96-b449-47d862501220,419,4.0,,Withdrawal,353.79,2026-09-28 09:53:47.881650,Completed
3148,ba2f94ca-c95a-46a5-9ede-492a771988c7,115,2.0,,Withdrawal,322.15,2026-09-28 09:53:47.881650,Completed
3149,eab9f36a-480f-47b4-8668-bc31cd803ffc,934,5.0,,Deposit,240.09,2026-09-28 09:53:47.881650,Completed
3150,6822d036-a06e-411d-a74d-23224439978d,363,,,Adjustment,128.79,2026-09-28 09:53:47.881650,Completed
3151,320a12e2-3d72-47c0-a12c-2da9e39450ff,553,3.0,,Deposit,278.71,2026-09-28 09:53:47.881650,Completed
3152,a73cb4f7-3eca-4441-9d1f-13cb9a5afd3f,959,3.0,,Withdrawal,51.54,2026-09-28 09:53:47.881650,Completed
3153,42209772-c682-440e-b634-cad2d7e54e48,876,5.0,,Deposit,492.85,2026-09-28 09:53:47.881650,Completed
3154,f7b10665-e0b4-4958-b456-7b17373ca1aa,649,1.0,,Withdrawal,451.37,2026-09-28 09:53:47.881650,Completed
3155,80f26f21-361e-4b66-acbe-14938e03dc46,245,5.0,,Deposit,459.99,2026-09-28 09:53:47.881650,Completed
3156,7e82853d-635b-41a0-ad74-3d191a34f24f,490,,,Adjustment,62.47,2026-09-28 09:53:47.881650,Completed
3157,4d6c01d8-0e84-405b-9803-81a6558c5c90,800,4.0,,Withdrawal,267.73,2026-09-28 09:53:47.881650,Completed
3158,66b50b98-2c68-47d6-9d55-ad0b98f84dc3,222,,,Adjustment,44.06,2026-09-28 09:53:47.881650,Completed
3159,84f9c9de-eadb-448b-8b68-bd0499b68500,706,,,Adjustment,442.29,2026-09-28 09:53:47.881650,Completed
3160,e02ffa88-b591-4d18-9802-7f96fadb1e95,411,,,Adjustment,335.9,2026-09-28 09:53:47.881650,Completed
3161,d8b7b318-d4c1-4467-b2dd-307902199940,336,3.0,,Withdrawal,20.56,2026-09-28 09:53:47.881650,Completed
3162,76b73987-13b9-4782-85bb-ee28c6a1f1b7,742,3.0,,Deposit,66.72,2026-09-28 09:53:47.881650,Completed
3163,b40d2c4e-5e80-4ac9-a40f-84439d2d75a4,608,,,Adjustment,167.34,2026-09-28 09:53:47.881650,Completed
3164,6bcd4c63-167e-4b1e-a930-3e8283b727b9,810,,,Adjustment,465.96,2026-09-28 09:53:47.881650,Completed
3165,54ce296d-06b4-437b-9cd9-e0efc458736d,281,5.0,,Deposit,222.85,2026-09-28 09:53:47.881650,Completed
3166,92e088ea-561f-4262-9dad-3c195ac3b7cc,953,1.0,,Withdrawal,143.3,2026-09-28 09:53:47.881650,Completed
3167,01c0cbac-c88e-4daf-9519-ff82fccd8bce,276,,,Adjustment,189.77,2026-09-28 09:53:47.881650,Completed
3168,4627ce10-8377-437d-8363-acdbc82e2bbf,715,4.0,,Deposit,309.66,2026-09-28 09:53:47.881650,Completed
3169,8c2c4256-3a74-4f26-b425-8ef68a50140a,184,1.0,,Deposit,292.41,2026-09-28 09:53:47.881650,Completed
3170,9e2bff5b-c66b-4b3d-863e-ad0ac19bf0a3,203,,,Adjustment,136.6,2026-09-28 09:53:47.881650,Completed
3171,dd84240f-5047-4809-b135-e88adf1a53f9,794,,,Adjustment,31.5,2026-09-28 09:53:47.881650,Completed
3172,b1c6914e-617a-48e1-9300-2e375b0baa41,151,,,Adjustment,31.43,2026-09-28 09:53:47.881650,Completed
3173,56ade352-2c93-4e37-bfb8-de38a8f870f2,773,3.0,,Withdrawal,61.42,2026-09-28 09:53:47.881650,Completed
3174,ceb8b63e-1fb2-4d1e-aa2c-4eacc16d801c,405,5.0,,Withdrawal,318.26,2026-09-28 09:53:47.881650,Completed
3175,8cecdb08-28de-4cea-8e46-4c5fe1dd1f82,106,,,Adjustment,470.95,2026-09-28 09:53:47.881650,Completed
3176,877eeaab-e845-45c3-a107-a80df0e084f4,946,5.0,,Deposit,152.45,2026-09-28 09:53:47.881650,Completed
3177,ef5f4ea7-0809-4a8c-be91-187f3b6ea461,537,,,Adjustment,202.53,2026-09-28 09:53:47.881650,Completed
3178,db43889a-5427-4e45-b662-05184a60bb55,206,1.0,,Withdrawal,362.38,2026-09-28 09:53:47.881650,Completed
3179,f1049da5-d394-420a-b2eb-33490968335d,844,,,Adjustment,92.74,2026-09-28 09:53:47.881650,Completed
3180,d87c5d7d-c0f1-402a-b82c-1504cb04affc,785,5.0,,Deposit,228.98,2026-09-28 09:53:47.881650,Completed
3181,219a0f42-81c2-4d12-ae7f-6c3b1c4f0039,954,2.0,,Withdrawal,286.37,2026-09-28 09:53:47.881650,Completed
3182,622c9939-6a12-4138-a823-800b2edb923e,506,,,Adjustment,218.86,2026-09-28 09:53:47.881650,Completed
3183,c5cfec6a-af72-43dc-a7fd-fb22c5039655,754,,,Adjustment,110.18,2026-09-28 09:53:47.881650,Completed
3184,7078e8e2-d988-40cc-9d8e-8d24576ad5c7,46,,,Adjustment,244.3,2026-09-28 09:53:47.881650,Completed
3185,3f8ba424-f17c-44b8-bfa3-5b9d5ae0ce35,766,4.0,,Withdrawal,332.07,2026-09-28 09:53:47.881650,Completed
3186,06297920-5101-4ba6-b769-be48a97b1cd8,463,,,Adjustment,491.68,2026-09-28 09:53:47.881650,Completed
3187,c3972d1d-a0d8-46c7-a405-a0c13444dc42,102,2.0,,Withdrawal,219.58,2026-09-28 09:53:47.881650,Completed
3188,3256cdbe-e2cc-44f7-ba62-01fff6034595,385,1.0,,Deposit,170.46,2026-09-28 09:53:47.881650,Completed
3189,fb060661-2b07-43e7-bb29-e2f9e70c213e,551,,,Adjustment,41.1,2026-09-28 09:53:47.881650,Completed
3190,d18b5c69-b00a-4477-ab23-45fad4b761b6,892,3.0,,Deposit,176.73,2026-09-28 09:53:47.881650,Completed
3191,0fb78645-027a-4bd2-b4c8-34e1d1cc9927,500,4.0,,Withdrawal,260.27,2026-09-28 09:53:47.881650,Completed
3192,f404668d-10e5-487c-b222-22a236285d11,272,,,Adjustment,226.67,2026-09-28 09:53:47.881650,Completed
3193,58ecb95a-7365-48ae-b1f4-3818ca2a0907,84,,,Adjustment,458.66,2026-09-28 09:53:47.881650,Completed
3194,742443b0-1e20-436c-bfe5-3c3c044c90f7,220,1.0,,Withdrawal,30.4,2026-09-28 09:53:47.881650,Completed
3195,2704c7b7-b219-4f9d-a769-3f2f242225d2,872,,,Adjustment,449.64,2026-09-28 09:53:47.881650,Completed
3196,562db6ee-4180-45af-9856-d776749cc24d,44,,,Adjustment,457.31,2026-09-28 09:53:47.881650,Completed
3197,ccab0c01-7b1f-4a91-8039-6c75d97ef0fa,614,1.0,,Deposit,386.95,2026-09-28 09:53:47.881650,Completed
3198,d007ae4b-435c-4f9f-b597-04bc6f9746a9,732,,,Adjustment,182.97,2026-09-28 09:53:47.881650,Completed
3199,1314f670-3a52-44ab-8772-500e452e5507,269,4.0,,Withdrawal,37.07,2026-09-28 09:53:47.881650,Completed
3200,58190783-8547-4725-8e97-4f04943803a8,600,4.0,,Withdrawal,443.31,2026-09-28 09:53:47.881650,Completed
3201,9e269cdf-4c09-4221-af13-4d888bbe7846,873,,,Adjustment,254.25,2026-09-28 09:53:47.881650,Completed
3202,b4789e86-9a8c-4007-ba47-68964a61faad,482,,,Adjustment,380.79,2026-09-28 09:53:47.881650,Completed
3203,43ba37c7-78e7-45ea-9e9f-e46f7b0473f9,74,3.0,,Withdrawal,342.5,2026-09-28 09:53:47.881650,Completed
3204,d0213b16-a26c-42bd-83bc-9ade3bd01380,104,,,Adjustment,15.39,2026-09-28 09:53:47.881650,Completed
3205,e4e53f70-bb9b-4967-b5ed-777e0de4267d,325,3.0,,Withdrawal,461.03,2026-09-28 09:53:47.881650,Completed
3206,16d5359f-1862-4980-8649-2f267bd1d5b9,81,2.0,,Withdrawal,263.88,2026-09-28 09:53:47.881650,Completed
3207,de61078a-536e-4a13-be73-947dacbe1467,537,3.0,,Deposit,415.4,2026-09-28 09:53:47.881650,Completed
3208,aa1cd983-dc51-405e-9e4c-f4f8b4ce856d,670,,,Adjustment,276.88,2026-09-28 09:53:47.881650,Completed
3209,d6f2f33f-e09b-4bf9-b6d2-5b8b9deb1651,433,,,Adjustment,445.82,2026-09-28 09:53:47.881650,Completed
3210,3fdb5370-dbee-4e31-8f71-0000c721d358,874,,,Adjustment,459.73,2026-09-28 09:53:47.881650,Completed
3211,1a4c7ed1-874a-4bc7-80e0-4a5136df69cb,245,2.0,,Deposit,226.93,2026-09-28 09:53:47.881650,Completed
3212,7b88c851-fe2c-4cab-a428-469ba0e59242,30,,,Adjustment,357.88,2026-09-28 09:53:47.881650,Completed
3213,94db2d64-4ba1-4a22-9379-3993036e92bb,784,3.0,,Withdrawal,281.87,2026-09-28 09:53:47.881650,Completed
3214,3a46a4fb-ef7a-46ec-af13-c20749f91220,149,2.0,,Withdrawal,298.78,2026-09-28 09:53:47.881650,Completed
3215,84765ca5-68be-48ba-b03d-5c1730fee80e,627,4.0,,Deposit,418.53,2026-09-28 09:53:47.881650,Completed
3216,3cca0835-0b1b-4fbe-8695-90d1e42b3fcf,451,3.0,,Deposit,188.43,2026-09-28 09:53:47.881650,Completed
3217,e9d71a8e-fb0b-459f-85b6-9c9dc0699c1f,713,1.0,,Withdrawal,194.78,2026-09-28 09:53:47.881650,Completed
3218,608d08d4-ab0f-4ee2-8e7c-d69eae612bdd,285,5.0,,Deposit,92.75,2026-09-28 09:53:47.881650,Completed
3219,051f1aff-f9b2-4331-a085-b350b3ecc7ce,465,1.0,,Withdrawal,349.86,2026-09-28 09:53:47.881650,Completed
3220,809524c6-b461-499f-ab68-37eabd41deeb,626,,,Adjustment,367.99,2026-09-28 09:53:47.881650,Completed
3221,a040f754-189f-4207-9831-086c42df471a,987,,,Adjustment,105.69,2026-09-28 09:53:47.881650,Completed
3222,f4d08a53-620e-4af6-9ff3-9497ca3135bb,468,,,Adjustment,267.23,2026-09-28 09:53:47.881650,Completed
3223,0f076c90-76d8-45c5-82c3-8818097f0ac9,159,1.0,,Withdrawal,478.66,2026-09-28 09:53:47.881650,Completed
3224,c07605c2-5171-41c6-a97d-e8bf75985587,64,5.0,,Withdrawal,237.82,2026-09-28 09:53:47.881650,Completed
3225,b6c77ea1-90e5-4fac-9508-021683b6702c,223,3.0,,Deposit,468.16,2026-09-28 09:53:47.881650,Completed
3226,accb9e44-5594-4b25-babd-b12b3ae132a5,344,4.0,,Deposit,214.43,2026-09-28 09:53:47.881650,Completed
3227,06ebe8ad-ee7f-4093-b7b7-733c8db511b0,606,4.0,,Deposit,224.72,2026-09-28 09:53:47.881650,Completed
3228,8c0db384-cdf7-444f-811b-923637ca4d73,808,3.0,,Deposit,456.38,2026-09-28 09:53:47.881650,Completed
3229,e0f24a30-cad7-4913-930d-a4e59bf261a8,13,2.0,,Deposit,264.11,2026-09-28 09:53:47.881650,Completed
3230,f4456d27-3738-459a-92d5-2330eb01b930,389,4.0,,Withdrawal,309.09,2026-09-28 09:53:47.881650,Completed
3231,6961e9d3-25b0-4303-874e-6145a7a64ad1,549,4.0,,Deposit,44.71,2026-09-28 09:53:47.881650,Completed
3232,2a443f25-967e-4dc2-978e-25d5935d193f,467,,,Adjustment,457.68,2026-09-28 09:53:47.881650,Completed
3233,0d978c4a-83a7-401b-a067-69f26b708c21,3,,,Adjustment,29.27,2026-09-28 09:53:47.881650,Completed
3234,05f07b9b-4db3-4101-b747-0048b0a42ef0,483,3.0,,Deposit,449.86,2026-09-28 09:53:47.881650,Completed
3235,6498ad58-1c8d-4bfd-870d-f356f81a9486,476,5.0,,Withdrawal,189.55,2026-09-28 09:53:47.881650,Completed
3236,31e5da94-c4d9-4b81-8667-dc744ee78f7b,854,3.0,,Withdrawal,21.48,2026-09-28 09:53:47.881650,Completed
3237,6ea28013-850a-4d6f-ab48-758ecc3a02a3,887,2.0,,Deposit,453.38,2026-09-28 09:53:47.881650,Completed
3238,d20d52f8-7aba-42ac-8c03-6f0b551c97fa,554,,,Adjustment,307.79,2026-09-28 09:53:47.881650,Completed
3239,d0abafbb-98ba-49d0-a633-135e4c687465,903,,,Adjustment,174.48,2026-09-28 09:53:47.881650,Completed
3240,fbbacf75-0ecc-4ebb-a408-d5f7e46c02f5,208,5.0,,Deposit,483.15,2026-09-28 09:53:47.881650,Completed
3241,713bb289-dd00-4f05-a3e2-639fd3dfa3af,401,5.0,,Withdrawal,336.63,2026-09-28 09:53:47.881650,Completed
3242,d2f63460-a900-4602-8b44-761536c3c710,452,2.0,,Deposit,355.83,2026-09-28 09:53:47.881650,Completed
3243,38271563-0411-4980-b398-0678765b05b9,996,2.0,,Withdrawal,476.4,2026-09-28 09:53:47.881650,Completed
3244,7ff6d8ea-5f45-40b0-8062-492521989f64,111,5.0,,Withdrawal,162.22,2026-09-28 09:53:47.881650,Completed
3245,c522fded-c233-4292-a347-77300be50b49,391,1.0,,Withdrawal,125.43,2026-09-28 09:53:47.881650,Completed
3246,aabd2679-b8e0-4161-b2f9-c03697a47e80,910,1.0,,Deposit,374.23,2026-09-28 09:53:47.881650,Completed
3247,1adf3b90-f38c-46c9-8fad-877d2a8eda14,995,1.0,,Deposit,341.36,2026-09-28 09:53:47.881650,Completed
3248,38595cdf-83bd-4540-8335-31a17b8be595,457,,,Adjustment,33.76,2026-09-28 09:53:47.881650,Completed
3249,b1fe5d65-da8e-4073-b396-b0130c29076e,600,2.0,,Withdrawal,320.73,2026-09-28 09:53:47.881650,Completed
3250,165cc6fa-ef3c-47df-95f5-2bca552ffe57,926,,,Adjustment,248.87,2026-09-28 09:53:47.881650,Completed
3251,4e1894ff-1951-4bd9-843c-8c581eea54af,370,,,Adjustment,310.73,2026-09-28 09:53:47.881650,Completed
3252,0f6eaeb5-6896-405c-bb15-e1f345f59a2f,41,1.0,,Withdrawal,447.16,2026-09-28 09:53:47.881650,Completed
3253,25fe53af-39f4-4c00-a04a-c5d552559253,392,3.0,,Withdrawal,414.19,2026-09-28 09:53:47.881650,Completed
3254,1d0052d7-dfd3-4234-b6ae-009f139f8486,974,1.0,,Deposit,434.8,2026-09-28 09:53:47.881650,Completed
3255,2e80ff57-30ab-4579-8faa-cda76284ce5f,159,4.0,,Withdrawal,487.28,2026-09-28 09:53:47.881650,Completed
3256,b4e470db-e1e3-4ccc-9c7e-889f029818be,219,5.0,,Deposit,188.0,2026-09-28 09:53:47.881650,Completed
3257,38f277b3-b161-46e3-96eb-e169dbeef88e,825,3.0,,Withdrawal,43.91,2026-09-28 09:53:47.881650,Completed
3258,6600d78b-f122-4a4c-b8aa-e7c5da66bd29,238,,,Adjustment,435.76,2026-09-28 09:53:47.881650,Completed
3259,ec96de26-4105-4539-859d-136480c86900,456,3.0,,Withdrawal,208.33,2026-09-28 09:53:47.881650,Completed
3260,d835483e-ea92-4170-8dd6-d592b7b1fe07,725,,,Adjustment,409.22,2026-09-28 09:53:47.881650,Completed
3261,c39c6852-f7b0-48ab-893f-8fa5233a827a,325,4.0,,Withdrawal,234.02,2026-09-28 09:53:47.881650,Completed
3262,a2d7abd2-e6df-4d15-9695-1cff07dfc37a,358,,,Adjustment,42.82,2026-09-28 09:53:47.881650,Completed
3263,89047579-6250-462b-ac22-804435eaf954,426,2.0,,Withdrawal,77.56,2026-09-28 09:53:47.881650,Completed
3264,42e78501-f415-4dd9-b42b-904a321c8411,830,4.0,,Withdrawal,224.2,2026-09-28 09:53:47.881650,Completed
3265,acbbad89-93e7-4789-852c-9ff39772045d,292,2.0,,Deposit,167.48,2026-09-28 09:53:47.881650,Completed
3266,8749f4c8-fc41-4da6-873c-c6410291c753,490,4.0,,Withdrawal,424.04,2026-09-28 09:53:47.881650,Completed
3267,f0748dca-aefa-420f-a910-022a5ba33aae,717,5.0,,Deposit,494.43,2026-09-28 09:53:47.881650,Completed
3268,021df21a-5727-4216-8072-cb80152bf30e,305,,,Adjustment,138.34,2026-09-28 09:53:47.881650,Completed
3269,b2059327-62e3-4d81-86c2-998f016944b0,816,1.0,,Deposit,226.22,2026-09-28 09:53:47.881650,Completed
3270,882d5fa1-849e-46fc-9fcc-e7962dadca8f,639,5.0,,Deposit,190.92,2026-09-28 09:53:47.881650,Completed
3271,9c326c78-04ec-4215-bb4b-23f92170439b,335,3.0,,Deposit,83.32,2026-09-28 09:53:47.881650,Completed
3272,bde5763d-2011-42cd-92e4-363c6af369e4,532,,,Adjustment,189.08,2026-09-28 09:53:47.881650,Completed
3273,2a8eedc6-ce84-4285-b813-911dcf0469a2,659,4.0,,Deposit,28.43,2026-09-28 09:53:47.881650,Completed
3274,b26cb740-a06e-4051-9a4e-ba6362ae69b3,163,,,Adjustment,449.26,2026-09-28 09:53:47.881650,Completed
3275,f298d58f-6153-4ffa-968c-b107f0bd81b7,716,4.0,,Withdrawal,396.96,2026-09-28 09:53:47.881650,Completed
3276,50e2fa9f-8613-4a19-a8cf-57be32c8092d,865,5.0,,Deposit,402.22,2026-09-28 09:53:47.881650,Completed
3277,c3d2267e-70d6-48fd-a1ee-37d9114b2030,244,3.0,,Withdrawal,274.2,2026-09-28 09:53:47.881650,Completed
3278,c3e225d1-0c10-4558-a731-13235543faec,157,2.0,,Withdrawal,284.33,2026-09-28 09:53:47.881650,Completed
3279,9734eb13-a65e-49a5-87a6-50fb320cc06b,308,5.0,,Deposit,205.91,2026-09-28 09:53:47.881650,Completed
3280,0082aaf9-11ac-40e6-bdeb-e1ab82ceeb51,172,,,Adjustment,225.57,2026-09-28 09:53:47.881650,Completed
3281,a2f83bf0-0296-4757-afbe-2c75cad5d3e7,901,5.0,,Deposit,82.58,2026-09-28 09:53:47.881650,Completed
3282,4f13ae15-87ee-4106-8e19-db6277bfd4dd,551,5.0,,Withdrawal,404.43,2026-09-28 09:53:47.881650,Completed
3283,b35c7312-f75d-4403-b920-1b30d7064aeb,53,3.0,,Withdrawal,456.1,2026-09-28 09:53:47.881650,Completed
3284,95e34ae6-3dc3-4eb6-8137-7a451f2c1de7,970,4.0,,Withdrawal,46.29,2026-09-28 09:53:47.881650,Completed
3285,274cd248-b663-42d1-9171-a3291c1df47a,451,,,Adjustment,232.37,2026-09-28 09:53:47.881650,Completed
3286,34fd57ca-1925-49b6-be37-d125de32aa7d,612,,,Adjustment,349.36,2026-09-28 09:53:47.881650,Completed
3287,22bbab2e-cd2f-4fea-b336-705b1e0197cc,701,,,Adjustment,437.17,2026-09-28 09:53:47.881650,Completed
3288,25491f37-85d8-4468-9ef6-a08423ba6fdb,9,1.0,,Withdrawal,47.32,2026-09-28 09:53:47.881650,Completed
3289,f0c00576-2ea7-4c68-ad93-31714f43d556,375,,,Adjustment,205.37,2026-09-28 09:53:47.881650,Completed
3290,0fb66dc3-b3d0-46c8-a2b4-dbe130206d73,919,4.0,,Deposit,357.79,2026-09-28 09:53:47.881650,Completed
3291,aedbc9df-987a-43da-8ede-847f134a92ee,948,3.0,,Withdrawal,195.01,2026-09-28 09:53:47.881650,Completed
3292,03d5d9c4-8022-4338-a3e4-93c6e81d1283,285,,,Adjustment,184.11,2026-09-28 09:53:47.881650,Completed
3293,152a7fb6-a351-4e7f-b93e-6b4b654c2e6f,506,2.0,,Deposit,386.6,2026-09-28 09:53:47.881650,Completed
3294,7a3561f4-2bc7-4c3f-965b-bbfae6fe57c4,299,3.0,,Deposit,360.05,2026-09-28 09:53:47.881650,Completed
3295,08ffda5c-a9ba-42ac-b8b2-2baf71c7f238,757,,,Adjustment,89.31,2026-09-28 09:53:47.881650,Completed
3296,c90275e4-ebaf-4cbb-91f0-b9359a85981a,336,2.0,,Withdrawal,380.96,2026-09-28 09:53:47.881650,Completed
3297,0ab5a7e8-13c1-4026-90c9-7524bf0122b4,719,,,Adjustment,56.44,2026-09-28 09:53:47.881650,Completed
3298,95e79c80-4251-4100-8345-79d03348c9e2,511,4.0,,Withdrawal,98.11,2026-09-28 09:53:47.881650,Completed
3299,9cd23d53-8f9f-4395-a2ec-d93c2571d3b3,806,,,Adjustment,480.26,2026-09-28 09:53:47.881650,Completed
3300,25cd8943-8072-4c31-8f61-e2307ddbbd2c,396,,,Adjustment,182.44,2026-09-28 09:53:47.881650,Completed
3301,e207b895-0190-47ff-aae2-4a7e7950583e,611,4.0,,Deposit,252.01,2026-09-28 09:53:47.881650,Completed
3302,446b6a69-b5f8-4cfc-88ba-273730663b34,887,3.0,,Deposit,429.11,2026-09-28 09:53:47.881650,Completed
3303,fea322f8-d1d7-46b2-b872-637720303121,303,,,Adjustment,103.51,2026-09-28 09:53:47.881650,Completed
3304,aaec4da4-4735-4de6-bd71-e292fb7656d3,102,5.0,,Withdrawal,391.4,2026-09-28 09:53:47.881650,Completed
3305,2aba3afd-0269-47cf-a1b5-b834b6b0e890,275,4.0,,Deposit,322.07,2026-09-28 09:53:47.881650,Completed
3306,d887e153-01cf-40a3-b01d-2d0732366f4f,458,,,Adjustment,401.74,2026-09-28 09:53:47.881650,Completed
3307,2747a1e9-3225-4a41-ae77-f110ca2b82eb,477,,,Adjustment,27.79,2026-09-28 09:53:47.881650,Completed
3308,db384ab5-5c88-4f77-a9b6-d2900c409eec,359,3.0,,Withdrawal,25.67,2026-09-28 09:53:47.881650,Completed
3309,db35dade-ccf1-445c-a8c3-71b5faf5b487,83,,,Adjustment,336.1,2026-09-28 09:53:47.881650,Completed
3310,a1318203-7850-4f6a-83dd-a069e3c83cb3,441,,,Adjustment,297.04,2026-09-28 09:53:47.881650,Completed
3311,9d62ed9f-0e11-4eef-aca3-1a1a2742dcd5,588,3.0,,Deposit,376.72,2026-09-28 09:53:47.881650,Completed
3312,dec4030d-ae9f-4559-969f-00860a9d8308,97,,,Adjustment,308.53,2026-09-28 09:53:47.881650,Completed
3313,db8d46dd-b3bd-4fbb-aaec-2511a77781e9,146,3.0,,Withdrawal,484.17,2026-09-28 09:53:47.881650,Completed
3314,e31fbfbc-8eb3-4c52-816a-c427c521c18d,910,2.0,,Withdrawal,482.26,2026-09-28 09:53:47.881650,Completed
3315,1b25643e-3931-4401-9e48-5a37b4623aa2,874,2.0,,Deposit,452.95,2026-09-28 09:53:47.881650,Completed
3316,1325711b-0c66-4902-aa0c-8fb361009bf6,285,1.0,,Withdrawal,190.18,2026-09-28 09:53:47.881650,Completed
3317,95516a16-8f6f-46a4-968c-78e927b789fa,665,,,Adjustment,194.86,2026-09-28 09:53:47.881650,Completed
3318,5ad748fb-b521-442b-b49c-c338c13ef634,576,2.0,,Withdrawal,339.09,2026-09-28 09:53:47.881650,Completed
3319,0676b75e-1289-43f7-84c7-96d9aca50e25,824,3.0,,Deposit,269.64,2026-09-28 09:53:47.881650,Completed
3320,2caba01e-55c9-4065-a2a0-08961b7ff2bb,893,3.0,,Deposit,477.92,2026-09-28 09:53:47.881650,Completed
3321,4f41cf48-17a5-4c1d-aac4-a69dc2e16e85,376,1.0,,Deposit,17.44,2026-09-28 09:53:47.881650,Completed
3322,b54984fd-41a1-42b3-94f1-4f83b0c3acfc,951,4.0,,Withdrawal,337.3,2026-09-28 09:53:47.881650,Completed
3323,bdd0bdb2-0586-4906-a950-21693cb77e2a,591,4.0,,Withdrawal,18.76,2026-09-28 09:53:47.881650,Completed
3324,46ffa95b-fe07-460e-a1cd-b725ab5bff1e,999,,,Adjustment,115.6,2026-09-28 09:53:47.881650,Completed
3325,1ba5a06d-9d83-494d-96ef-371de92f83d2,2,,,Adjustment,81.14,2026-09-28 09:53:47.881650,Completed
3326,7e7bd2c3-e179-4389-98ac-cd108d188435,55,1.0,,Withdrawal,192.17,2026-09-28 09:53:47.881650,Completed
3327,d474bfa8-b329-4325-88fa-0a8ef31e0de6,202,2.0,,Deposit,366.33,2026-09-28 09:53:47.881650,Completed
3328,6ee34b39-9d61-44ec-a945-660aa3ad978d,102,3.0,,Deposit,494.36,2026-09-28 09:53:47.881650,Completed
3329,0263fb47-6697-4670-8e63-aa4fd3e2f5ad,291,1.0,,Withdrawal,364.26,2026-09-28 09:53:47.881650,Completed
3330,0ff2eccc-fab2-4044-8d51-2028ba9ee055,960,,,Adjustment,456.99,2026-09-28 09:53:47.881650,Completed
3331,67213ad2-4c87-40d9-9842-b4870cd5e23d,768,,,Adjustment,20.58,2026-09-28 09:53:47.881650,Completed
3332,b824ecc3-cb82-4460-a240-0807a48691af,2,,,Adjustment,365.96,2026-09-28 09:53:47.881650,Completed
3333,d51f2fb7-8451-499c-916f-583f1324c9f8,914,5.0,,Deposit,308.95,2026-09-28 09:53:47.881650,Completed
3334,dc3dc84f-52bc-4890-94b3-4ba7b61ade3b,462,3.0,,Withdrawal,331.51,2026-09-28 09:53:47.881650,Completed
3335,82ba249b-54bb-4524-aaab-b099c2e61fa1,419,3.0,,Withdrawal,76.51,2026-09-28 09:53:47.881650,Completed
3336,5613cae3-e51d-4224-bd5d-228af231718d,85,3.0,,Withdrawal,21.06,2026-09-28 09:53:47.881650,Completed
3337,a84939ea-0718-4c9b-a602-725cb5c4da18,325,,,Adjustment,268.12,2026-09-28 09:53:47.881650,Completed
3338,7acdd31a-3dda-460f-bb07-e5b98783e4c0,358,2.0,,Deposit,72.69,2026-09-28 09:53:47.881650,Completed
3339,1dd8e810-b8d5-4b4b-a736-a0005f8f0fca,959,4.0,,Deposit,45.0,2026-09-28 09:53:47.881650,Completed
3340,f92f3297-0067-40ca-bf49-bb07e19aad66,647,2.0,,Deposit,45.91,2026-09-28 09:53:47.881650,Completed
3341,1b3d978b-e07f-4f95-a351-2ce4407e056a,225,1.0,,Withdrawal,140.72,2026-09-28 09:53:47.881650,Completed
3342,e00d7ee8-8d77-4dbf-9749-cfd7fd4b6d5d,155,5.0,,Deposit,489.46,2026-09-28 09:53:47.881650,Completed
3343,7502757a-3f4a-4367-8394-9e64cb302de0,867,4.0,,Deposit,394.0,2026-09-28 09:53:47.881650,Completed
3344,f798ac45-4a09-41c6-bebb-2de03f8190cb,468,3.0,,Deposit,350.76,2026-09-28 09:53:47.881650,Completed
3345,b2ffa5a4-69f0-4004-b5cc-a5eeabceec2b,119,,,Adjustment,59.73,2026-09-28 09:53:47.881650,Completed
3346,80fb0fa4-1f3d-47c5-b5df-bd97c952a137,970,,,Adjustment,191.98,2026-09-28 09:53:47.881650,Completed
3347,6567370b-fe98-45b0-95bd-44d660780369,665,,,Adjustment,325.51,2026-09-28 09:53:47.881650,Completed
3348,d436439f-96c7-4eaa-8be6-f3a5833a8cc0,695,,,Adjustment,72.4,2026-09-28 09:53:47.881650,Completed
3349,47f66c71-7e63-4a87-b7ad-e7182432e44c,663,1.0,,Withdrawal,41.69,2026-09-28 09:53:47.881650,Completed
3350,75df1049-f20a-426f-bea4-48c53de1533e,140,4.0,,Deposit,416.94,2026-09-28 09:53:47.881650,Completed
3351,b3ec2b63-f645-4b85-92f6-7ebf6bad51ed,629,,,Adjustment,367.17,2026-09-28 09:53:47.881650,Completed
3352,4e1953de-8463-4404-8805-95a46fa7b186,16,,,Adjustment,90.79,2026-09-28 09:53:47.881650,Completed
3353,9eb9bd76-cba5-428a-b9ec-7b49af4edcb7,87,,,Adjustment,124.4,2026-09-28 09:53:47.881650,Completed
3354,ea05e1e1-1aaf-458a-a4cb-ac0ad71a8bab,925,,,Adjustment,39.87,2026-09-28 09:53:47.881650,Completed
3355,9a3409d6-1471-4422-86fe-d001c5b2160c,545,,,Adjustment,459.8,2026-09-28 09:53:47.881650,Completed
3356,9dace95e-6013-466e-afce-d74f9ef6cbd0,336,2.0,,Withdrawal,146.24,2026-09-28 09:53:47.881650,Completed
3357,2d12872d-4875-430a-8a38-7ecf75b3f48f,833,4.0,,Deposit,292.86,2026-09-28 09:53:47.881650,Completed
3358,63abadac-3adb-4b82-a681-62a71f4d4dd5,361,,,Adjustment,278.67,2026-09-28 09:53:47.881650,Completed
3359,39e937b3-75ed-4c62-a9de-42475c6b0f8f,544,3.0,,Withdrawal,252.4,2026-09-28 09:53:47.881650,Completed
3360,eb72eda5-c54c-4f59-97be-6f86062789be,599,3.0,,Deposit,176.41,2026-09-28 09:53:47.881650,Completed
3361,3a271e25-099b-4ce6-89ad-e105ed15e354,185,2.0,,Withdrawal,479.94,2026-09-28 09:53:47.881650,Completed
3362,62dc82ce-1e5e-42aa-b3c8-b590818da5db,744,5.0,,Deposit,334.8,2026-09-28 09:53:47.881650,Completed
3363,405d2a96-7618-4cd2-a68f-ad63545acdec,837,,,Adjustment,216.8,2026-09-28 09:53:47.881650,Completed
3364,a7063b64-468f-498e-9c57-bd8412ffaa37,449,4.0,,Withdrawal,308.02,2026-09-28 09:53:47.881650,Completed
3365,b1a58b62-0bb8-4767-84ec-427b446f81fd,28,2.0,,Deposit,16.79,2026-09-28 09:53:47.881650,Completed
3366,5a20592a-df7c-4e79-a202-454de22472e8,989,1.0,,Withdrawal,404.18,2026-09-28 09:53:47.881650,Completed
3367,c4e2a0aa-7364-4e6c-b8b9-a7417c43baf2,597,,,Adjustment,72.38,2026-09-28 09:53:47.881650,Completed
3368,1e1c0e56-d07f-4516-b62d-d5e2e37ab7ea,230,3.0,,Withdrawal,203.01,2026-09-28 09:53:47.881650,Completed
3369,46a027c3-7f49-4c80-8642-726aa6b0c1e8,825,4.0,,Deposit,72.49,2026-09-28 09:53:47.881650,Completed
3370,e1acb5d1-7b03-4e5a-ae91-e612109547d7,166,5.0,,Withdrawal,26.91,2026-09-28 09:53:47.881650,Completed
3371,6418faae-9f9a-4dd0-a9d3-b78754af3350,404,3.0,,Withdrawal,451.21,2026-09-28 09:53:47.881650,Completed
3372,3ca6ce95-4527-4cfd-ac21-1a8159446b08,464,2.0,,Withdrawal,373.14,2026-09-28 09:53:47.881650,Completed
3373,c48c1258-1581-4160-b666-dc48daedd0b3,600,5.0,,Withdrawal,245.42,2026-09-28 09:53:47.881650,Completed
3374,51cb1c28-0c49-457e-b215-c8d3393e8ddf,318,,,Adjustment,309.36,2026-09-28 09:53:47.881650,Completed
3375,800a8415-31cb-4596-a1eb-14803706b334,958,,,Adjustment,389.38,2026-09-28 09:53:47.881650,Completed
3376,b41b25c2-9079-4934-89e2-acf79a86570a,474,1.0,,Withdrawal,37.68,2026-09-28 09:53:47.881650,Completed
3377,184764b6-449f-42f3-b427-1c916d44ff73,471,5.0,,Deposit,282.3,2026-09-28 09:53:47.881650,Completed
3378,c61d72c2-844b-4fe2-8529-64dff9f82be3,174,5.0,,Deposit,340.41,2026-09-28 09:53:47.881650,Completed
3379,08bb88dc-70ea-4783-8ac8-c1dd3b24b044,498,,,Adjustment,437.74,2026-09-28 09:53:47.881650,Completed
3380,f4bd7a9d-e3f9-4396-985d-32a19ac0f8ae,160,,,Adjustment,196.36,2026-09-28 09:53:47.881650,Completed
3381,48467ad9-7b3f-4c74-ba23-93d7540f875a,835,5.0,,Deposit,42.64,2026-09-28 09:53:47.881650,Completed
3382,eb129eef-32ad-42e3-9d6b-a68caa7d9c2c,685,,,Adjustment,217.5,2026-09-28 09:53:47.881650,Completed
3383,fbdc2df7-5b03-4fb2-b837-1ede12a63abe,647,4.0,,Deposit,404.38,2026-09-28 09:53:47.881650,Completed
3384,035bbf3e-13d9-4125-b7d1-037e5a8e0188,496,3.0,,Deposit,241.67,2026-09-28 09:53:47.881650,Completed
3385,32b946b5-8066-4dea-bbf7-5803890c3001,799,1.0,,Deposit,178.68,2026-09-28 09:53:47.881650,Completed
3386,4820e984-f23c-4848-91ee-7648ecb580e2,253,,,Adjustment,313.07,2026-09-28 09:53:47.881650,Completed
3387,48825158-e0cb-4018-893b-8fe8102010c4,869,1.0,,Deposit,374.7,2026-09-28 09:53:47.881650,Completed
3388,00095439-f15c-4c20-a582-cc3081ee16c7,889,2.0,,Withdrawal,80.18,2026-09-28 09:53:47.881650,Completed
3389,152056b2-1334-4b32-ab00-21e1e4e0064c,357,5.0,,Deposit,119.69,2026-09-28 09:53:47.881650,Completed
3390,3a450eb3-60a8-4c4a-812c-ab8be8a5adc6,961,1.0,,Withdrawal,39.56,2026-09-28 09:53:47.881650,Completed
3391,faedcd55-922d-42e3-b55d-10626b28bd7f,323,2.0,,Withdrawal,260.74,2026-09-28 09:53:47.881650,Completed
3392,6e33aaaa-2271-4f31-b223-c50d08cddae6,831,4.0,,Deposit,478.72,2026-09-28 09:53:47.881650,Completed
3393,8cd1317e-bdfd-4198-8d32-36cf2fc86852,750,,,Adjustment,218.62,2026-09-28 09:53:47.881650,Completed
3394,0164f0f2-d73c-4233-ba73-fe90fb80f288,355,,,Adjustment,61.39,2026-09-28 09:53:47.881650,Completed
3395,a49f782c-e72a-4d4f-a87f-58290fc171a3,250,4.0,,Deposit,354.32,2026-09-28 09:53:47.881650,Completed
3396,cc8dc702-c18e-4918-a63e-33cec67ce02d,979,3.0,,Withdrawal,237.8,2026-09-28 09:53:47.881650,Completed
3397,cbcc0d94-a6d9-4f03-904d-f9e07cd1a7de,891,1.0,,Withdrawal,85.61,2026-09-28 09:53:47.881650,Completed
3398,8666fbd1-b320-47c4-8b6b-7be10aa73701,255,2.0,,Withdrawal,15.65,2026-09-28 09:53:47.881650,Completed
3399,b4d57426-fd63-49c9-89cf-9ef44ed89a52,220,4.0,,Withdrawal,340.78,2026-09-28 09:53:47.881650,Completed
3400,8c0395bf-88f6-4bec-aeb1-86c3a28ee993,48,2.0,,Withdrawal,430.66,2026-09-28 09:53:47.881650,Completed
3401,af9cc04d-579a-40bd-ae93-b477b2ff72c8,550,,,Adjustment,293.35,2026-09-28 09:53:47.881650,Completed
3402,a1e55516-c73e-4020-a7c3-200f69dd800e,305,5.0,,Deposit,462.24,2026-09-28 09:53:47.881650,Completed
3403,cbdad8c0-ecac-4b1b-b118-902f3ada0d00,188,3.0,,Deposit,28.69,2026-09-28 09:53:47.881650,Completed
3404,9b202b86-b6e4-47c1-a486-58e99fa4b100,753,,,Adjustment,209.7,2026-09-28 09:53:47.881650,Completed
3405,9bd3bd72-b02e-49eb-a77a-09f303c73c10,977,5.0,,Deposit,52.09,2026-09-28 09:53:47.881650,Completed
3406,50c66bcc-d63d-4a0d-8b26-8744afd8caba,618,,,Adjustment,138.21,2026-09-28 09:53:47.881650,Completed
3407,0f9f238b-3e53-4675-a115-913fa87f1242,566,1.0,,Withdrawal,86.08,2026-09-28 09:53:47.881650,Completed
3408,10b94114-cd95-4f39-8c64-6745e6cf0f0c,79,4.0,,Deposit,403.62,2026-09-28 09:53:47.881650,Completed
3409,3150356f-6299-42a8-8890-222e8992de76,556,,,Adjustment,173.29,2026-09-28 09:53:47.881650,Completed
3410,a90bd530-5c68-46cf-8311-f08bc71d2389,738,,,Adjustment,186.47,2026-09-28 09:53:47.881650,Completed
3411,c0796c92-5ef2-4511-a7f9-5726754f52c3,235,3.0,,Withdrawal,76.44,2026-09-28 09:53:47.881650,Completed
3412,d5136684-6649-4be1-befc-272fd7f06b59,306,5.0,,Withdrawal,28.08,2026-09-28 09:53:47.881650,Completed
3413,4d75718c-ed0c-4c30-903d-ee769e6b84db,989,,,Adjustment,59.52,2026-09-28 09:53:47.881650,Completed
3414,341ccf4d-ac94-4692-b72c-c8cea9699e12,276,2.0,,Deposit,219.58,2026-09-28 09:53:47.881650,Completed
3415,4a400a12-4207-4806-8b77-2a44879ab2e0,403,3.0,,Withdrawal,25.0,2026-09-28 09:53:47.881650,Completed
3416,234c1ea4-1462-48bb-9422-536368b109ae,867,5.0,,Withdrawal,118.63,2026-09-28 09:53:47.881650,Completed
3417,58a49950-63c1-4e56-8582-9dfb72b9113c,942,,,Adjustment,352.6,2026-09-28 09:53:47.881650,Completed
3418,e3f899cd-998e-417b-954d-632722f847f4,578,,,Adjustment,283.1,2026-09-28 09:53:47.881650,Completed
3419,d3347500-07cb-40f7-bab7-d481a5e5d715,115,2.0,,Deposit,484.4,2026-09-28 09:53:47.881650,Completed
3420,9c9e7679-0b2e-4c93-836b-8f5883eb9bbd,44,1.0,,Withdrawal,402.9,2026-09-28 09:53:47.881650,Completed
3421,98a48f2f-7415-4b87-9014-910651cd4156,161,2.0,,Withdrawal,245.2,2026-09-28 09:53:47.881650,Completed
3422,6ae56cc1-4299-49f2-8831-456d39e7565e,470,4.0,,Withdrawal,165.14,2026-09-28 09:53:47.881650,Completed
3423,eabcb8d0-a914-47fa-8155-670f82c86188,313,,,Adjustment,126.24,2026-09-28 09:53:47.881650,Completed
3424,20cc7f40-87ad-4f25-9aca-39189e613f6e,554,1.0,,Deposit,258.06,2026-09-28 09:53:47.881650,Completed
3425,aa4b014e-1ad3-4928-80d6-7eba2940aaac,525,1.0,,Deposit,424.56,2026-09-28 09:53:47.881650,Completed
3426,733f6a8d-2322-4681-8166-f6b7d882d960,395,2.0,,Deposit,284.35,2026-09-28 09:53:47.881650,Completed
3427,308197d8-a6b2-4e8e-8558-50579917f310,16,5.0,,Deposit,130.04,2026-09-28 09:53:47.881650,Completed
3428,de9f1196-cac4-4b26-9254-a44be9d78354,664,5.0,,Deposit,129.59,2026-09-28 09:53:47.881650,Completed
3429,39f48ff2-cd7b-459c-93e5-bb01e0cc3cbb,438,,,Adjustment,451.65,2026-09-28 09:53:47.881650,Completed
3430,e7b57767-1fd2-4593-ad45-0506ff705113,410,5.0,,Deposit,182.9,2026-09-28 09:53:47.881650,Completed
3431,b907378c-54c1-4f66-b403-c1c81895d9d1,567,1.0,,Deposit,425.36,2026-09-28 09:53:47.881650,Completed
3432,c9b3246e-b1b8-4578-99d3-0f22dcc89b88,241,,,Adjustment,366.98,2026-09-28 09:53:47.881650,Completed
3433,2de21f1f-aa7a-4289-bbd0-d1bbe4e70ddc,701,,,Adjustment,90.96,2026-09-28 09:53:47.881650,Completed
3434,7da6317a-8811-4788-8b16-122367000aef,569,3.0,,Deposit,108.97,2026-09-28 09:53:47.881650,Completed
3435,8ef3434d-63b1-41ce-96b4-188062e4d655,916,3.0,,Withdrawal,373.8,2026-09-28 09:53:47.881650,Completed
3436,ecb0bebd-e4a6-475f-be3e-c065d764628e,859,2.0,,Deposit,447.85,2026-09-28 09:53:47.881650,Completed
3437,89b18acd-6074-47b1-b6e5-fa847efb25f7,734,,,Adjustment,499.24,2026-09-28 09:53:47.881650,Completed
3438,22a432a7-2bd6-44fb-b7d7-ac8fcd9a5d19,803,2.0,,Deposit,275.64,2026-09-28 09:53:47.881650,Completed
3439,2516d037-df87-4d1b-ab96-69b8cc5535fb,495,3.0,,Withdrawal,29.73,2026-09-28 09:53:47.881650,Completed
3440,a180a8ee-c3f1-4711-9d75-b2b9bde93ec1,739,1.0,,Deposit,20.64,2026-09-28 09:53:47.881650,Completed
3441,dfe50bc4-c51a-44cf-8593-3c0cb4a85f0d,495,1.0,,Deposit,455.96,2026-09-28 09:53:47.881650,Completed
3442,ae464939-e9dc-48c5-8908-fc65676fa23f,709,2.0,,Withdrawal,452.87,2026-09-28 09:53:47.881650,Completed
3443,094e4752-002c-4bce-b410-086bc55937c9,443,2.0,,Deposit,276.61,2026-09-28 09:53:47.881650,Completed
3444,f1e1fae1-3ead-4706-91ba-de477c65aedc,689,1.0,,Deposit,159.78,2026-09-28 09:53:47.881650,Completed
3445,750f9f4d-f689-4df1-8b81-d4be47cac3d3,260,5.0,,Withdrawal,491.67,2026-09-28 09:53:47.881650,Completed
3446,634c74f4-046c-460a-bcfa-11034502aa70,450,,,Adjustment,64.84,2026-09-28 09:53:47.881650,Completed
3447,a0ef6960-d249-4b0b-955b-ff44a91d06ec,42,1.0,,Deposit,10.14,2026-09-28 09:53:47.881650,Completed
3448,30271bed-dd97-4c86-966a-395a2592d7be,502,4.0,,Deposit,62.73,2026-09-28 09:53:47.881650,Completed
3449,ba456c11-7d12-4e9a-8612-2b0bf4bb5722,647,,,Adjustment,364.33,2026-09-28 09:53:47.881650,Completed
3450,cf6e6f6f-8593-4269-b264-b78fe361fe3c,427,4.0,,Withdrawal,228.26,2026-09-28 09:53:47.881650,Completed
3451,753281dc-4a60-465c-a4b8-f4f1d57cca52,489,3.0,,Deposit,25.87,2026-09-28 09:53:47.881650,Completed
3452,e331519d-0581-4a82-818b-07594ce3f361,964,,,Adjustment,462.7,2026-09-28 09:53:47.881650,Completed
3453,26eec34e-79da-4c36-8c10-e6f094793887,808,2.0,,Deposit,206.08,2026-09-28 09:53:47.881650,Completed
3454,c96ad918-678a-4e11-a835-d4835e15d369,590,,,Adjustment,279.45,2026-09-28 09:53:47.881650,Completed
3455,606237f9-f83d-4db2-89da-72aeb813ff46,926,3.0,,Deposit,183.23,2026-09-28 09:53:47.881650,Completed
3456,4ee31bd5-9248-4a6f-854a-f18c65fff6e8,96,4.0,,Deposit,42.8,2026-09-28 09:53:47.881650,Completed
3457,802d9541-5a89-4504-bb86-0faa5011447f,115,3.0,,Deposit,33.11,2026-09-28 09:53:47.881650,Completed
3458,89d44142-9914-4097-ab00-47cb4486dbb7,780,5.0,,Deposit,334.57,2026-09-28 09:53:47.881650,Completed
3459,56de48b9-82d7-417a-b5dd-b55926e3e0e7,830,3.0,,Deposit,219.04,2026-09-28 09:53:47.881650,Completed
3460,caefec80-25e9-4adc-aaa1-5f68bbc697e6,700,,,Adjustment,59.47,2026-09-28 09:53:47.881650,Completed
3461,fd1e903f-d54a-412d-bbe2-bda343088fec,776,1.0,,Withdrawal,275.89,2026-09-28 09:53:47.881650,Completed
3462,9ef2d237-2a4e-40f2-a3b1-61a3196ffdb5,467,5.0,,Withdrawal,369.81,2026-09-28 09:53:47.881650,Completed
3463,532e2943-eecc-4396-9d52-1d1f4c213bbc,822,5.0,,Deposit,448.45,2026-09-28 09:53:47.881650,Completed
3464,d83ce67d-c72e-4aed-8675-3de6dff31a1a,625,3.0,,Deposit,75.32,2026-09-28 09:53:47.881650,Completed
3465,2fa6cf37-32c7-4e36-a0f0-8171729747b1,456,2.0,,Withdrawal,341.71,2026-09-28 09:53:47.881650,Completed
3466,133c0b5f-be1d-4552-928e-e6054384b53f,151,1.0,,Deposit,271.15,2026-09-28 09:53:47.881650,Completed
3467,59584c0a-1f1b-4474-a663-8d6e3bdfcecb,634,,,Adjustment,446.24,2026-09-28 09:53:47.881650,Completed
3468,b3bce4ed-c2c2-4027-a57e-75f13d7950ed,811,2.0,,Deposit,199.23,2026-09-28 09:53:47.881650,Completed
3469,aa4907a1-5fba-486f-a0d7-62340b4494ea,445,1.0,,Deposit,42.55,2026-09-28 09:53:47.881650,Completed
3470,89f6d676-5f38-4ff5-bb19-9a9945faa99b,853,,,Adjustment,197.51,2026-09-28 09:53:47.881650,Completed
3471,66e5146d-d2c0-465d-acbd-ad0f43eb6d6e,753,,,Adjustment,458.28,2026-09-28 09:53:47.881650,Completed
3472,98928100-5037-445f-9bf1-046a0022bd4f,618,5.0,,Deposit,408.53,2026-09-28 09:53:47.881650,Completed
3473,e98ef593-d19e-48d9-9045-991c2836e265,982,2.0,,Withdrawal,489.03,2026-09-28 09:53:47.881650,Completed
3474,8c7e433a-2b9a-4ed2-96a4-06d7e85be125,653,,,Adjustment,454.02,2026-09-28 09:53:47.881650,Completed
3475,c6b097e6-d83e-4064-99da-cf216cb659b6,85,,,Adjustment,493.71,2026-09-28 09:53:47.881650,Completed
3476,b8fd478e-38bd-4840-b424-69a4fcd2c29e,992,1.0,,Deposit,314.97,2026-09-28 09:53:47.881650,Completed
3477,b2b0eb46-c949-472e-a583-04f8fde898e7,738,4.0,,Deposit,279.13,2026-09-28 09:53:47.881650,Completed
3478,5cd0ae6b-3c59-4755-af92-caf4074706d3,673,,,Adjustment,21.37,2026-09-28 09:53:47.881650,Completed
3479,83968d7f-3a72-46f7-b3ab-c12fe8a018e9,590,3.0,,Withdrawal,189.29,2026-09-28 09:53:47.881650,Completed
3480,ebb1d454-7223-45dc-abb2-ab72354c5345,876,4.0,,Withdrawal,251.84,2026-09-28 09:53:47.881650,Completed
3481,e8a53126-89d0-4b7c-99cf-eee163eb7b21,278,4.0,,Deposit,70.73,2026-09-28 09:53:47.881650,Completed
3482,da2e453a-4cb9-4a6a-a0c4-f2da41d8f3b0,559,,,Adjustment,38.99,2026-09-28 09:53:47.881650,Completed
3483,631b4626-937a-4b92-91e0-d64a4535b91e,226,2.0,,Withdrawal,170.51,2026-09-28 09:53:47.881650,Completed
3484,5c96b2f4-a9b0-446b-88fd-41496b26d6ed,730,3.0,,Deposit,252.21,2026-09-28 09:53:47.881650,Completed
3485,1b0811d7-2632-43f3-a2f6-74a496771bc7,408,5.0,,Withdrawal,351.37,2026-09-28 09:53:47.881650,Completed
3486,a346934b-e3b0-4320-a442-4f46dd37aa15,140,2.0,,Withdrawal,19.21,2026-09-28 09:53:47.881650,Completed
3487,419577be-4d45-40fb-bdc9-8201d0a4b453,481,2.0,,Deposit,69.37,2026-09-28 09:53:47.881650,Completed
3488,d17d266a-0a3a-40ca-9257-dbf64e2d36bf,318,1.0,,Withdrawal,133.29,2026-09-28 09:53:47.881650,Completed
3489,1223ad8e-112f-44e5-a930-3caa70ae48a0,211,,,Adjustment,246.42,2026-09-28 09:53:47.881650,Completed
3490,a625e4c0-a4a9-43c1-acc1-32a63636e724,645,,,Adjustment,196.62,2026-09-28 09:53:47.881650,Completed
3491,18d28056-4af8-4a2c-b38a-260de7350bfd,868,1.0,,Deposit,99.92,2026-09-28 09:53:47.881650,Completed
3492,1684de8a-c35d-45ab-9dd6-ee1ab14d9cbb,858,4.0,,Withdrawal,97.57,2026-09-28 09:53:47.881650,Completed
3493,42008a1c-a777-45f1-b0db-6801292f1df5,769,2.0,,Deposit,142.68,2026-09-28 09:53:47.881650,Completed
3494,1db1d9bc-35bd-4e5f-ac17-a72d2542691d,479,,,Adjustment,360.79,2026-09-28 09:53:47.881650,Completed
3495,3f038842-c45f-467d-8482-6906caf3f5f1,944,,,Adjustment,342.3,2026-09-28 09:53:47.881650,Completed
3496,10089cd5-97f8-475c-9783-b67466c1e36f,809,1.0,,Deposit,126.14,2026-09-28 09:53:47.881650,Completed
3497,48178f95-4331-42b2-aaba-7c99e5f10b4e,471,2.0,,Withdrawal,334.81,2026-09-28 09:53:47.881650,Completed
3498,ea260793-b9d9-413d-a4bc-dd3230c27c65,328,5.0,,Withdrawal,151.45,2026-09-28 09:53:47.881650,Completed
3499,db4e2742-184f-4dfe-b9fd-58b1015a1558,791,,,Adjustment,292.55,2026-09-28 09:53:47.881650,Completed
3500,baa1abf4-9492-4bc4-9ff1-ab3208661cd4,562,5.0,,Deposit,58.29,2026-09-28 09:53:47.881650,Completed
3501,b1a02d1e-017e-4f72-bca4-13fe24016bf4,758,2.0,,Deposit,430.64,2026-09-28 09:53:47.881650,Completed
3502,51f4c106-28bd-437d-b381-49216c0427c6,259,1.0,,Withdrawal,428.74,2026-09-28 09:53:47.881650,Completed
3503,17f98bf1-bd2a-4ce6-a844-8aac9155aed6,143,,,Adjustment,365.93,2026-09-28 09:53:47.881650,Completed
3504,b0399767-63cc-4976-b34a-bf974e68d407,346,,,Adjustment,357.68,2026-09-28 09:53:47.881650,Completed
3505,21ccf3ef-fa00-4294-bfdd-c6450be7513c,183,4.0,,Deposit,120.03,2026-09-28 09:53:47.881650,Completed
3506,c2c7a125-fb48-4d6f-aee8-d484e345c6b0,896,5.0,,Deposit,429.74,2026-09-28 09:53:47.881650,Completed
3507,05df2f95-36e8-4581-ac6a-48f7c6e17b67,253,,,Adjustment,158.12,2026-09-28 09:53:47.881650,Completed
3508,e860997c-4d36-4637-800d-496fc6704ec0,470,,,Adjustment,424.43,2026-09-28 09:53:47.881650,Completed
3509,2d3af176-4a74-454e-8c1e-038354bb5831,83,1.0,,Withdrawal,325.67,2026-09-28 09:53:47.881650,Completed
3510,b92c2b03-c4ff-4763-8833-1511c6a35e53,366,,,Adjustment,294.4,2026-09-28 09:53:47.881650,Completed
3511,2009582a-03fe-436b-b5d8-ce96c99b08e5,859,2.0,,Deposit,349.34,2026-09-28 09:53:47.881650,Completed
3512,27c6cbb8-dc0f-46cc-a3b6-567480c12876,540,3.0,,Withdrawal,264.78,2026-09-28 09:53:47.881650,Completed
3513,fa5a2461-3668-4814-8884-67bdd2310414,717,2.0,,Withdrawal,237.82,2026-09-28 09:53:47.881650,Completed
3514,047837bc-24ab-478d-8972-2aa62701d0ca,61,,,Adjustment,457.79,2026-09-28 09:53:47.881650,Completed
3515,e6b3a29d-bcf0-449d-8dd3-f15f8d28f9a8,518,,,Adjustment,286.37,2026-09-28 09:53:47.881650,Completed
3516,ffb68fa2-0e2c-4cc6-9b0d-309a3a2afc08,979,1.0,,Deposit,297.33,2026-09-28 09:53:47.881650,Completed
3517,3b843b49-d1c2-4a7a-ac82-06488f7d3b7d,645,,,Adjustment,144.78,2026-09-28 09:53:47.881650,Completed
3518,7dd72f64-9136-4aa9-a3f5-c4feddd5000c,591,,,Adjustment,382.44,2026-09-28 09:53:47.881650,Completed
3519,89d92fc4-0ca4-48b1-aad0-f1836b478c2c,361,1.0,,Withdrawal,82.24,2026-09-28 09:53:47.881650,Completed
3520,cdf214d5-e161-4ee2-8fe0-56539590729b,531,4.0,,Deposit,467.44,2026-09-28 09:53:47.881650,Completed
3521,1a35323b-825e-4bae-b83c-0ec63a0f2204,274,5.0,,Deposit,40.7,2026-09-28 09:53:47.881650,Completed
3522,1e9dd480-b522-46bb-a558-51a5d4958b5c,545,5.0,,Withdrawal,147.38,2026-09-28 09:53:47.881650,Completed
3523,b90b84e9-9789-4480-a284-f805116355d8,130,,,Adjustment,36.8,2026-09-28 09:53:47.881650,Completed
3524,d1d924ae-4329-4dfd-9eaa-53bf2fd6bf57,80,5.0,,Withdrawal,158.15,2026-09-28 09:53:47.881650,Completed
3525,d0a354ed-74e4-4c6b-a17e-01facb2d3f05,408,2.0,,Withdrawal,56.85,2026-09-28 09:53:47.881650,Completed
3526,bfc2fe50-b22e-4b7f-b0d7-ada91b6cc875,851,3.0,,Deposit,289.72,2026-09-28 09:53:47.881650,Completed
3527,ea7f50a4-c9a4-4b42-8a0f-fb06aba3ded5,465,,,Adjustment,238.98,2026-09-28 09:53:47.881650,Completed
3528,6a70e7f2-a703-4b4e-bde0-201e8b3e4348,137,5.0,,Withdrawal,496.1,2026-09-28 09:53:47.881650,Completed
3529,121008e6-b525-4595-b6b6-a5fad15abaef,226,,,Adjustment,163.52,2026-09-28 09:53:47.881650,Completed
3530,17338936-3d34-4c7b-bc30-3273bfcb630a,61,,,Adjustment,361.93,2026-09-28 09:53:47.881650,Completed
3531,546278d2-f49e-43a2-996e-339919b7d5eb,158,,,Adjustment,353.71,2026-09-28 09:53:47.881650,Completed
3532,0b0e4ef0-15c8-4a3c-9406-e1ab114520b0,53,4.0,,Withdrawal,50.32,2026-09-28 09:53:47.881650,Completed
3533,044b0ad3-4012-49ad-b6af-7b72440b6abf,119,2.0,,Deposit,69.76,2026-09-28 09:53:47.881650,Completed
3534,decc51b9-3d63-4e14-8434-484462c05fe1,403,,,Adjustment,402.41,2026-09-28 09:53:47.881650,Completed
3535,5ec901e9-4bb3-4b0a-a151-057818da2875,5,,,Adjustment,335.52,2026-09-28 09:53:47.881650,Completed
3536,ec105f92-f385-4725-9015-b719c5456d38,525,4.0,,Deposit,352.7,2026-09-28 09:53:47.881650,Completed
3537,e71b8fc5-f592-4094-89f5-2d86d5f3f14d,529,3.0,,Deposit,194.41,2026-09-28 09:53:47.881650,Completed
3538,98c079e4-0afc-4fee-b0c3-a2c89fc287bf,480,1.0,,Deposit,400.56,2026-09-28 09:53:47.881650,Completed
3539,6c943fea-e756-4e8b-bcc7-c6b21b9ef77f,616,4.0,,Withdrawal,366.84,2026-09-28 09:53:47.881650,Completed
3540,ba20a500-9c55-423e-a71e-321b7c3e65e4,569,4.0,,Deposit,246.84,2026-09-28 09:53:47.881650,Completed
3541,65d67b24-6f19-4cb6-8366-956c14b2d7f2,750,2.0,,Deposit,162.56,2026-09-28 09:53:47.881650,Completed
3542,bdcce1ac-cee3-40ac-8a3b-08421e33fa5e,722,1.0,,Deposit,241.37,2026-09-28 09:53:47.881650,Completed
3543,e702b430-1481-4eeb-9e91-1cefc31126b1,445,4.0,,Deposit,157.6,2026-09-28 09:53:47.881650,Completed
3544,56aa50cb-b02a-442c-beb6-f54b1c112579,581,5.0,,Deposit,367.59,2026-09-28 09:53:47.881650,Completed
3545,6173ffcf-ca1a-426c-95df-4e3a730b2c74,885,,,Adjustment,39.84,2026-09-28 09:53:47.881650,Completed
3546,b5d2e5e3-15ce-4d02-9502-964a24d04c7b,965,4.0,,Withdrawal,332.22,2026-09-28 09:53:47.881650,Completed
3547,d0fb0b55-7aa6-42df-a5e6-9148e9850b2c,414,5.0,,Deposit,315.3,2026-09-28 09:53:47.881650,Completed
3548,77cf80ab-8743-4e31-8b70-dd4e673bfd42,268,,,Adjustment,10.84,2026-09-28 09:53:47.881650,Completed
3549,ad353e9e-e671-4273-8117-8558cedad20d,251,1.0,,Deposit,472.98,2026-09-28 09:53:47.881650,Completed
3550,955f1a26-cb9c-46fb-be39-1694c4cf5c82,932,4.0,,Withdrawal,162.96,2026-09-28 09:53:47.881650,Completed
3551,e55459b2-35d3-4ced-b2c2-f7ef46789a22,875,2.0,,Withdrawal,479.96,2026-09-28 09:53:47.881650,Completed
3552,5d337c63-0d59-4cab-bb94-126b8622ed36,621,4.0,,Deposit,475.97,2026-09-28 09:53:47.881650,Completed
3553,cd09012a-df10-4c00-a8c5-6539b30f444e,422,3.0,,Withdrawal,157.28,2026-09-28 09:53:47.881650,Completed
3554,a7f6ab3c-cfdc-4054-b804-b7a41e259498,69,4.0,,Withdrawal,34.41,2026-09-28 09:53:47.881650,Completed
3555,7095573a-bacb-4e80-83cb-6199af147f29,479,,,Adjustment,88.93,2026-09-28 09:53:47.881650,Completed
3556,3e78b9fc-620f-4e28-97ba-e430cb98cbb9,848,5.0,,Deposit,193.93,2026-09-28 09:53:47.881650,Completed
3557,5448e94e-2b8e-4811-b728-3e20a0a32d8e,788,,,Adjustment,172.75,2026-09-28 09:53:47.881650,Completed
3558,60b3de37-2274-4637-9369-3dc9ff2bf3a3,417,,,Adjustment,186.81,2026-09-28 09:53:47.881650,Completed
3559,1a67ee6c-5830-4576-b307-562e5fe1218e,40,,,Adjustment,242.36,2026-09-28 09:53:47.881650,Completed
3560,1285ac9c-b5b8-4d19-aa03-f95c46a6b417,119,1.0,,Withdrawal,426.83,2026-09-28 09:53:47.881650,Completed
3561,21f539d0-b630-46e2-87ec-dbf9c0678590,877,,,Adjustment,449.27,2026-09-28 09:53:47.881650,Completed
3562,585cbbd3-1a38-4847-b297-1fbc212890a0,834,2.0,,Deposit,277.95,2026-09-28 09:53:47.881650,Completed
3563,c69bd2c3-e23b-46df-ba64-ec6626ff4318,338,,,Adjustment,58.06,2026-09-28 09:53:47.881650,Completed
3564,692ebd31-5ccd-422b-95fb-223800c9755a,252,3.0,,Withdrawal,289.34,2026-09-28 09:53:47.881650,Completed
3565,c9536101-336e-4c2b-b4b2-524c3708b79e,811,5.0,,Deposit,229.74,2026-09-28 09:53:47.881650,Completed
3566,39fc8ae2-60d3-4d5a-aad6-03b12445d27b,346,2.0,,Withdrawal,335.43,2026-09-28 09:53:47.881650,Completed
3567,a21567b0-5005-493c-acec-e9b9b648f66d,984,2.0,,Deposit,144.71,2026-09-28 09:53:47.881650,Completed
3568,56f3a706-16ee-4398-8914-1355599d2962,511,,,Adjustment,227.49,2026-09-28 09:53:47.881650,Completed
3569,6622abbb-c7b0-4974-99ec-10ab429f5fb7,517,5.0,,Deposit,110.11,2026-09-28 09:53:47.881650,Completed
3570,85c9be39-f9f7-496e-b06c-d35d3aa18dfd,894,2.0,,Withdrawal,142.92,2026-09-28 09:53:47.881650,Completed
3571,9e9f79f9-2d15-40b3-9ff2-8626a55f0ed9,834,1.0,,Withdrawal,164.61,2026-09-28 09:53:47.881650,Completed
3572,e4cf6d46-17ed-49df-b697-cb5b73705b33,554,4.0,,Deposit,371.09,2026-09-28 09:53:47.881650,Completed
3573,5eaf820c-fb83-4b3c-8b1c-5ce14b29f6aa,876,,,Adjustment,395.9,2026-09-28 09:53:47.881650,Completed
3574,d9915d61-6ace-48a4-965b-9c1656642630,798,1.0,,Deposit,58.41,2026-09-28 09:53:47.881650,Completed
3575,7db7b7a1-48b1-47d9-9bc0-10e381039bca,769,4.0,,Deposit,467.78,2026-09-28 09:53:47.881650,Completed
3576,011aadb8-1ce7-4d7a-ae85-9aadb3ee9c11,634,3.0,,Withdrawal,73.22,2026-09-28 09:53:47.881650,Completed
3577,b7fa2a89-3faa-4eec-8cef-f4dbf77dbec5,920,2.0,,Withdrawal,179.77,2026-09-28 09:53:47.881650,Completed
3578,3c64b0da-baff-48af-8f1e-cd0897a77c07,254,,,Adjustment,261.99,2026-09-28 09:53:47.881650,Completed
3579,b0cda4b0-5b0a-43af-9d9e-bacfb9e2c6d7,857,5.0,,Deposit,327.32,2026-09-28 09:53:47.881650,Completed
3580,d56499b9-565f-4b46-8cb2-b6f017ef75d8,907,2.0,,Withdrawal,183.43,2026-09-28 09:53:47.881650,Completed
3581,44a597c9-be9e-43ee-ae42-49966ee10ee2,659,4.0,,Withdrawal,161.77,2026-09-28 09:53:47.881650,Completed
3582,5e87bac5-4bfc-4496-8320-4a6dc4f47e5e,943,2.0,,Deposit,70.07,2026-09-28 09:53:47.881650,Completed
3583,b2894993-4bba-4b4b-8fda-8a7541ce967d,444,1.0,,Deposit,268.15,2026-09-28 09:53:47.881650,Completed
3584,ced92d17-1fbe-4de8-8373-ac2bd21b9d7e,227,5.0,,Withdrawal,260.38,2026-09-28 09:53:47.881650,Completed
3585,20913d52-4073-4a5d-92d5-05a19d21e46b,726,1.0,,Withdrawal,222.34,2026-09-28 09:53:47.881650,Completed
3586,ed63c6c1-c670-4629-98f2-d3e89a3ca636,882,5.0,,Deposit,170.94,2026-09-28 09:53:47.881650,Completed
3587,c41d69e2-e2c8-418f-8a73-f27119935d02,357,,,Adjustment,126.05,2026-09-28 09:53:47.881650,Completed
3588,938b424c-61fd-43af-95ae-02c2fc9a66b8,377,,,Adjustment,92.15,2026-09-28 09:53:47.881650,Completed
3589,ac8e08e6-d679-4345-a739-96dc8365bea4,535,,,Adjustment,360.23,2026-09-28 09:53:47.881650,Completed
3590,9157a599-dd8a-46c4-9d7b-53887215f765,42,,,Adjustment,479.93,2026-09-28 09:53:47.881650,Completed
3591,83c0160c-47ec-4fbc-8643-313427b6ca1d,94,,,Adjustment,362.19,2026-09-28 09:53:47.881650,Completed
3592,a75cffd4-7b28-453a-8da4-85fec37730b4,9,,,Adjustment,281.68,2026-09-28 09:53:47.881650,Completed
3593,e91a376b-4c7a-4907-9991-459ca1a7bef2,149,2.0,,Withdrawal,240.15,2026-09-28 09:53:47.881650,Completed
3594,26c98b37-db6d-470d-909a-40e904699653,171,3.0,,Deposit,448.55,2026-09-28 09:53:47.881650,Completed
3595,a8eac97b-4046-4559-ba04-092900ba7cea,551,1.0,,Deposit,442.04,2026-09-28 09:53:47.881650,Completed
3596,b8bdfcfa-c15a-46f5-a7da-7e8becd6de54,434,2.0,,Withdrawal,232.26,2026-09-28 09:53:47.881650,Completed
3597,2e6f9dfc-552d-4e8e-8d32-6d1b03758cdc,348,1.0,,Deposit,416.32,2026-09-28 09:53:47.881650,Completed
3598,95dd5a41-ec6c-4c75-8c32-1d0901a14d19,389,4.0,,Deposit,364.72,2026-09-28 09:53:47.881650,Completed
3599,d65aa6cb-f062-44d7-95b1-04287abace25,363,2.0,,Deposit,146.47,2026-09-28 09:53:47.881650,Completed
3600,c355a7de-054a-479e-a5e3-aae9a9d34d36,238,1.0,,Withdrawal,314.31,2026-09-28 09:53:47.881650,Completed
3601,f3f53fdd-314d-4681-86bd-70844e261abf,218,5.0,,Deposit,14.41,2026-09-28 09:53:47.881650,Completed
3602,fb68b49b-98ae-4c02-bc9d-cf7dd0124d3e,246,,,Adjustment,233.29,2026-09-28 09:53:47.881650,Completed
3603,b12a2c13-ee61-487c-9d2b-42b1e3dd6f7d,880,3.0,,Deposit,211.79,2026-09-28 09:53:47.881650,Completed
3604,a41de89e-b7bc-4d65-831b-0fa7c2b74efb,434,5.0,,Withdrawal,128.13,2026-09-28 09:53:47.881650,Completed
3605,63d8ec6a-b852-4407-8780-9755dcd78b7c,563,,,Adjustment,482.9,2026-09-28 09:53:47.881650,Completed
3606,7304de49-3b46-4708-98de-ae9ec182372a,274,,,Adjustment,230.34,2026-09-28 09:53:47.881650,Completed
3607,d900686a-416b-4d40-9913-f8b7e009ca36,632,,,Adjustment,260.51,2026-09-28 09:53:47.881650,Completed
3608,c78bfabc-c160-43fe-ac77-c6aa5399d93c,840,5.0,,Deposit,36.2,2026-09-28 09:53:47.881650,Completed
3609,2638976e-02a0-430f-aa12-df3e77e909b7,698,5.0,,Withdrawal,211.88,2026-09-28 09:53:47.881650,Completed
3610,44f1e352-0fa5-418f-ae7e-937c9c04ab11,951,3.0,,Deposit,450.83,2026-09-28 09:53:47.881650,Completed
3611,944dbb1e-6386-4c20-bc43-836a7f8139e4,531,5.0,,Deposit,15.26,2026-09-28 09:53:47.881650,Completed
3612,021c7490-cad8-4b5b-8b4e-11e4253a9981,451,4.0,,Withdrawal,216.57,2026-09-28 09:53:47.881650,Completed
3613,87f8c5a3-6ca2-4fe0-af97-27a7ca18c6f5,719,,,Adjustment,423.19,2026-09-28 09:53:47.881650,Completed
3614,9ca826f0-4922-4918-a23d-756bb04bf006,814,,,Adjustment,349.14,2026-09-28 09:53:47.881650,Completed
3615,3b1886b5-fe6a-4221-91a7-8419821ba152,851,3.0,,Deposit,481.68,2026-09-28 09:53:47.881650,Completed
3616,57311a91-5ea5-4a6f-bc81-c460f0ea1f16,995,,,Adjustment,449.81,2026-09-28 09:53:47.881650,Completed
3617,3e5b4fa6-9d5c-463c-9f51-759c08692aad,767,2.0,,Deposit,114.56,2026-09-28 09:53:47.881650,Completed
3618,6068dfb4-269f-404b-a91e-38c35adebae5,824,,,Adjustment,344.64,2026-09-28 09:53:47.881650,Completed
3619,273a7fe3-1ef1-42ad-bd03-225a0714ea78,433,,,Adjustment,85.5,2026-09-28 09:53:47.881650,Completed
3620,e8f81e7a-2407-4acd-a0a9-de71bdf9346d,146,3.0,,Deposit,486.94,2026-09-28 09:53:47.881650,Completed
3621,d3707e02-d7b7-4cd5-8ec3-5251faebeb23,682,1.0,,Deposit,330.64,2026-09-28 09:53:47.881650,Completed
3622,4851a241-3e0b-4e23-b727-3a33e19354fb,130,3.0,,Deposit,280.02,2026-09-28 09:53:47.881650,Completed
3623,fc92bfb8-bfd9-446f-a13b-e3457c298a6b,872,5.0,,Deposit,495.22,2026-09-28 09:53:47.881650,Completed
3624,78f96fa2-a957-4d29-8f7b-03a7ba1a3ae0,885,2.0,,Withdrawal,351.37,2026-09-28 09:53:47.881650,Completed
3625,ffb70590-d55a-4584-b347-b1c10d17ba85,935,,,Adjustment,238.41,2026-09-28 09:53:47.881650,Completed
3626,9f2415af-3308-4108-99a3-696a94d0397b,321,1.0,,Withdrawal,262.93,2026-09-28 09:53:47.881650,Completed
3627,ffef5dcc-4613-43fd-a86e-7b0827e5f87e,831,,,Adjustment,422.48,2026-09-28 09:53:47.881650,Completed
3628,dc1bf87b-81d6-4071-8021-e5e161dbb74a,901,2.0,,Deposit,441.86,2026-09-28 09:53:47.881650,Completed
3629,0606ecba-762c-47b9-b285-ad75dc0177ed,598,5.0,,Deposit,189.28,2026-09-28 09:53:47.881650,Completed
3630,cc30904f-2ff2-4692-9624-3e1abc020a94,170,2.0,,Withdrawal,458.9,2026-09-28 09:53:47.881650,Completed
3631,6d2ac0ac-72e5-4991-842c-ba929d0ea0c7,540,1.0,,Deposit,154.58,2026-09-28 09:53:47.881650,Completed
3632,1a7a385d-5ecc-4f74-90de-ce5e4e9fa41b,343,,,Adjustment,107.9,2026-09-28 09:53:47.881650,Completed
3633,206e87bb-b68f-401a-b351-be05faaae6a2,889,4.0,,Withdrawal,132.48,2026-09-28 09:53:47.881650,Completed
3634,446f0ff9-0b33-483c-abfa-25ab890ea56b,477,,,Adjustment,140.31,2026-09-28 09:53:47.881650,Completed
3635,6b935d1b-a3c4-46f5-a57b-af34293c0ff1,653,2.0,,Deposit,464.13,2026-09-28 09:53:47.881650,Completed
3636,a584bc43-7c56-45ec-bda0-49b052bb6222,924,,,Adjustment,175.6,2026-09-28 09:53:47.881650,Completed
3637,27331a3a-4bb4-47d6-8c1a-35fd25e744a7,490,3.0,,Withdrawal,296.03,2026-09-28 09:53:47.881650,Completed
3638,914b5655-cc49-40c8-934f-8b5d54da5086,61,5.0,,Withdrawal,398.88,2026-09-28 09:53:47.881650,Completed
3639,5c3c0cc5-6768-4067-8454-90435b6b998a,237,4.0,,Deposit,182.09,2026-09-28 09:53:47.881650,Completed
3640,630a77a3-258b-4730-9e14-776ac816fa7a,564,5.0,,Deposit,276.12,2026-09-28 09:53:47.881650,Completed
3641,f03b0cc5-2932-4c97-85f3-8b6e00cd25b7,58,,,Adjustment,276.37,2026-09-28 09:53:47.881650,Completed
3642,b8a346c3-58f9-44ff-a0c1-808cf06b4f6f,177,2.0,,Withdrawal,330.21,2026-09-28 09:53:47.881650,Completed
3643,6230680c-d6fd-46c0-9faf-9c0a18f2ed01,492,,,Adjustment,97.54,2026-09-28 09:53:47.881650,Completed
3644,67fc37c0-4936-4791-9dc1-628c38cd0ad3,238,,,Adjustment,381.23,2026-09-28 09:53:47.881650,Completed
3645,ad40ceb4-f824-48f1-bdc7-0994a8b584c8,92,,,Adjustment,451.91,2026-09-28 09:53:47.881650,Completed
3646,ab60329b-e844-4a8b-bfd1-32dfdca3816e,418,,,Adjustment,148.77,2026-09-28 09:53:47.881650,Completed
3647,2f0f48bb-83ee-4909-8b23-a18710e15f09,147,,,Adjustment,165.96,2026-09-28 09:53:47.881650,Completed
3648,15ba9cd3-bd19-4d77-ae0d-73f3b5d85cf2,209,4.0,,Deposit,397.19,2026-09-28 09:53:47.881650,Completed
3649,a4f9dbef-110c-485e-a309-04a432791241,158,2.0,,Withdrawal,461.89,2026-09-28 09:53:47.881650,Completed
3650,5078194a-9d2b-4265-a4bc-6e345b706e89,693,3.0,,Withdrawal,376.64,2026-09-28 09:53:47.881650,Completed
3651,235fc406-682d-4d73-8534-50af4905c928,471,1.0,,Deposit,48.35,2026-09-28 09:53:47.881650,Completed
3652,179c0d14-c4e6-4e81-b5f5-a134d18f12c2,874,,,Adjustment,460.76,2026-09-28 09:53:47.881650,Completed
3653,bd1f146b-6fcc-4a80-8154-2a40c058c762,754,4.0,,Deposit,109.56,2026-09-28 09:53:47.881650,Completed
3654,63e53227-8a39-4ff0-98d9-7b3c23adc8c7,275,,,Adjustment,373.11,2026-09-28 09:53:47.881650,Completed
3655,b9bd800d-6298-4c7d-924a-dea3649bbfca,504,4.0,,Withdrawal,423.81,2026-09-28 09:53:47.881650,Completed
3656,69314a76-676a-4b3c-ae4a-8ffe845270c8,86,4.0,,Withdrawal,416.21,2026-09-28 09:53:47.881650,Completed
3657,709586a8-2a7b-40df-9208-6ffed64a3e5c,592,,,Adjustment,274.07,2026-09-28 09:53:47.881650,Completed
3658,fc7a3dee-930e-48f6-adbe-c462c83391d3,659,,,Adjustment,152.69,2026-09-28 09:53:47.881650,Completed
3659,bf3052b6-0f4c-44c0-bb70-4a0b7c32025c,47,4.0,,Deposit,184.56,2026-09-28 09:53:47.881650,Completed
3660,e67ba0ed-7f17-420a-a06d-d4a74d4514a6,294,5.0,,Deposit,336.08,2026-09-28 09:53:47.881650,Completed
3661,80dc223b-5cb8-4dd1-88cb-a313a8f8854f,31,3.0,,Withdrawal,348.62,2026-09-28 09:53:47.881650,Completed
3662,485cf79f-7c14-47a7-8c90-670316975e20,226,,,Adjustment,12.02,2026-09-28 09:53:47.881650,Completed
3663,420d7f13-a153-4ab8-ac6d-646f09ba7efd,175,1.0,,Deposit,428.15,2026-09-28 09:53:47.881650,Completed
3664,dad6d45f-9ecf-4622-bb4c-fe95e6120eb9,240,2.0,,Withdrawal,456.86,2026-09-28 09:53:47.881650,Completed
3665,699a5d6a-bb1c-43e3-9e67-985e520739bb,918,5.0,,Withdrawal,388.84,2026-09-28 09:53:47.881650,Completed
3666,ac452972-824d-4d6f-bac1-28d63c77c514,362,,,Adjustment,440.0,2026-09-28 09:53:47.881650,Completed
3667,8e43e69c-de86-4512-b7e8-b886b24d600d,557,4.0,,Withdrawal,320.91,2026-09-28 09:53:47.881650,Completed
3668,57ec08ba-3bc3-449b-a7a3-303c6388a36a,876,3.0,,Deposit,175.27,2026-09-28 09:53:47.881650,Completed
3669,375e2d9f-58af-41c3-a1e8-5dc4cb6e38ec,185,2.0,,Deposit,50.28,2026-09-28 09:53:47.881650,Completed
3670,ccb6b53f-76cf-4270-a9cd-8e1c2a7e980e,630,,,Adjustment,122.23,2026-09-28 09:53:47.881650,Completed
3671,ad0ce6eb-11af-4ab0-8604-2abd9201c427,701,3.0,,Withdrawal,305.87,2026-09-28 09:53:47.881650,Completed
3672,88bc1566-498b-44f7-a838-a4ad981a6ed7,596,1.0,,Withdrawal,122.06,2026-09-28 09:53:47.881650,Completed
3673,ea9f426c-bd72-4e0b-b155-b7e9b8ee1f2b,212,,,Adjustment,22.65,2026-09-28 09:53:47.881650,Completed
3674,1d6df654-d750-4de6-be36-816b50a1b6ff,86,1.0,,Withdrawal,461.67,2026-09-28 09:53:47.881650,Completed
3675,2d03eac4-8a12-451d-8f93-2d9fa99db9e5,868,,,Adjustment,78.56,2026-09-28 09:53:47.881650,Completed
3676,3a0c52e4-b41e-461d-a72d-584bc2aad2d0,106,1.0,,Deposit,224.54,2026-09-28 09:53:47.881650,Completed
3677,95b9975d-3082-4f1f-ab41-5d7261880547,453,1.0,,Deposit,463.96,2026-09-28 09:53:47.881650,Completed
3678,6a9bdb49-9005-4803-8935-32701cb7d92d,508,2.0,,Deposit,186.22,2026-09-28 09:53:47.881650,Completed
3679,254e8734-19fe-4408-b8f2-701844df879d,399,2.0,,Withdrawal,19.62,2026-09-28 09:53:47.881650,Completed
3680,96badd62-c767-415d-8785-c0d24312b2d6,292,,,Adjustment,470.63,2026-09-28 09:53:47.881650,Completed
3681,aff1d7ea-7ceb-4e3e-914d-dd13c4fbc116,55,1.0,,Deposit,315.95,2026-09-28 09:53:47.881650,Completed
3682,646f2c0d-ff2c-4ed5-9d45-aa27398fa494,900,,,Adjustment,497.49,2026-09-28 09:53:47.881650,Completed
3683,ad8270fb-c9f7-4640-a036-34cf2e0a924e,297,3.0,,Withdrawal,124.97,2026-09-28 09:53:47.881650,Completed
3684,46b4d69e-25b8-4bab-a043-a041241722bb,532,5.0,,Deposit,116.2,2026-09-28 09:53:47.881650,Completed
3685,a0665dd7-56cf-400b-becd-a90e1285a53f,795,,,Adjustment,64.81,2026-09-28 09:53:47.881650,Completed
3686,92c83847-8b2f-42e5-b1c8-48625306c0c8,663,2.0,,Deposit,285.85,2026-09-28 09:53:47.881650,Completed
3687,bac407ce-143f-45b2-b665-b02f0efb2ca2,603,2.0,,Deposit,93.68,2026-09-28 09:53:47.881650,Completed
3688,282a0731-d950-4830-a77b-a087f02a863a,592,1.0,,Withdrawal,498.02,2026-09-28 09:53:47.881650,Completed
3689,b7287fe7-141e-458f-8789-88cebef53629,171,,,Adjustment,430.32,2026-09-28 09:53:47.881650,Completed
3690,2ab0a5c9-9de1-4678-9d9a-8e29512fe6f3,957,,,Adjustment,124.49,2026-09-28 09:53:47.881650,Completed
3691,252015f9-23f3-407a-95fa-b3ecca95544f,374,4.0,,Deposit,281.17,2026-09-28 09:53:47.881650,Completed
3692,04f922da-6e30-4db2-9a47-890f76d75007,945,5.0,,Withdrawal,102.63,2026-09-28 09:53:47.881650,Completed
3693,7b61aba0-c80b-43cb-90e7-0306ba9443c4,795,3.0,,Deposit,444.47,2026-09-28 09:53:47.881650,Completed
3694,2c157832-43dd-4572-9341-d9d39a67703f,907,3.0,,Withdrawal,478.63,2026-09-28 09:53:47.881650,Completed
3695,f35a4ae7-4e2d-43a0-b252-dfed67c56843,541,4.0,,Withdrawal,220.97,2026-09-28 09:53:47.881650,Completed
3696,2961cd2b-3f9e-4444-b8a5-26363173d463,460,1.0,,Withdrawal,123.03,2026-09-28 09:53:47.881650,Completed
3697,6ed20edb-7685-4ecb-a4df-3823c9b063a0,90,1.0,,Deposit,241.88,2026-09-28 09:53:47.881650,Completed
3698,f5bdf80c-7e26-4070-805e-dbcdbdacb7f5,427,2.0,,Withdrawal,248.7,2026-09-28 09:53:47.881650,Completed
3699,7693debd-ef0f-4085-874c-d716f6c85b0a,877,4.0,,Deposit,322.41,2026-09-28 09:53:47.881650,Completed
3700,779b5370-82c2-4bd7-89b2-f77e91a56ed1,188,5.0,,Withdrawal,175.68,2026-09-28 09:53:47.881650,Completed
3701,ac812a9b-ece5-426a-b63e-4fa7ee3864e4,38,1.0,,Withdrawal,368.0,2026-09-28 09:53:47.881650,Completed
3702,0e1f5a56-8a53-488a-a3d3-3c35d50db81b,122,1.0,,Deposit,144.19,2026-09-28 09:53:47.881650,Completed
3703,13c6fffc-669e-4a0f-813c-d06f7f50b6ae,680,2.0,,Withdrawal,170.44,2026-09-28 09:53:47.881650,Completed
3704,e231f646-7ed0-4f35-a7ab-7151019cd136,924,1.0,,Withdrawal,255.79,2026-09-28 09:53:47.881650,Completed
3705,dca5c9ab-6fd0-42f2-805d-6a9258769c96,226,3.0,,Withdrawal,26.41,2026-09-28 09:53:47.881650,Completed
3706,70a86496-f3df-4f72-bf0f-f2cbb1f07e96,813,,,Adjustment,396.35,2026-09-28 09:53:47.881650,Completed
3707,b4feddda-4a4e-4aea-a6ff-3cba4d8fd06e,518,5.0,,Deposit,98.42,2026-09-28 09:53:47.881650,Completed
3708,98954893-7a85-4490-b651-108de33caf5d,684,,,Adjustment,50.92,2026-09-28 09:53:47.881650,Completed
3709,ae8ba8c4-b200-4a64-bfec-83dd5af02c0d,38,4.0,,Deposit,335.33,2026-09-28 09:53:47.881650,Completed
3710,36f0e75c-8cc2-415d-a3e2-da42e8093d81,642,1.0,,Deposit,138.18,2026-09-28 09:53:47.881650,Completed
3711,457092d5-3582-4644-abd3-abd73ca80d84,955,,,Adjustment,454.42,2026-09-28 09:53:47.881650,Completed
3712,2bd4c63e-5b9b-4a2d-ad82-557a9ec3b6be,105,4.0,,Withdrawal,491.63,2026-09-28 09:53:47.881650,Completed
3713,01c405b2-c93e-45a7-97c3-780fa78bbecd,424,5.0,,Withdrawal,78.9,2026-09-28 09:53:47.881650,Completed
3714,c4bedf1e-843a-411e-9daa-1a3a932f3625,745,,,Adjustment,48.02,2026-09-28 09:53:47.881650,Completed
3715,0b61d825-bbc2-49f6-9d49-1f9e483a51b3,536,,,Adjustment,128.02,2026-09-28 09:53:47.881650,Completed
3716,531a6377-4f22-488b-a72d-d035b6afff7a,949,,,Adjustment,389.45,2026-09-28 09:53:47.881650,Completed
3717,c3b2f3fa-0c2c-43dd-9485-7738ae83c037,669,3.0,,Withdrawal,174.15,2026-09-28 09:53:47.881650,Completed
3718,6d91a1a7-db53-496b-8e59-0b645e85e49f,946,4.0,,Deposit,360.45,2026-09-28 09:53:47.881650,Completed
3719,ec4f661f-bf80-4e99-889c-40cccbdf5359,330,,,Adjustment,26.09,2026-09-28 09:53:47.881650,Completed
3720,0cde3c65-455b-4d4c-a245-cfa29a232e8e,129,2.0,,Deposit,67.74,2026-09-28 09:53:47.881650,Completed
3721,02df3eba-50d9-47e2-bafc-5f008f41229d,306,3.0,,Deposit,305.74,2026-09-28 09:53:47.881650,Completed
3722,0e75da15-4615-47d7-99a6-42dfebb22e78,56,,,Adjustment,411.83,2026-09-28 09:53:47.881650,Completed
3723,8ba44d9d-95d3-4e66-8c72-1a7b363f4200,836,5.0,,Withdrawal,475.51,2026-09-28 09:53:47.881650,Completed
3724,2494782e-457e-4b1e-ab04-61f9f3ce90be,383,5.0,,Withdrawal,123.8,2026-09-28 09:53:47.881650,Completed
3725,9fa9d988-5db6-4a77-876b-e2079a2d11b1,362,,,Adjustment,183.68,2026-09-28 09:53:47.881650,Completed
3726,b00aeb15-430f-4d35-929d-ed9234016846,775,1.0,,Deposit,110.71,2026-09-28 09:53:47.881650,Completed
3727,561fc9fe-e469-4845-a52d-8b5e0504ea59,799,4.0,,Withdrawal,14.73,2026-09-28 09:53:47.881650,Completed
3728,ef55ce17-76a4-4901-b9b1-6b750ebb32ea,853,3.0,,Deposit,400.72,2026-09-28 09:53:47.881650,Completed
3729,48107ce4-0368-496e-a5d1-9c5c2fd154ad,23,3.0,,Deposit,61.28,2026-09-28 09:53:47.881650,Completed
3730,122248f1-0357-44cb-8275-62d253902924,773,1.0,,Withdrawal,174.65,2026-09-28 09:53:47.881650,Completed
3731,ec2425fd-fc4a-4a87-9224-d3c9a81b4e32,804,,,Adjustment,451.55,2026-09-28 09:53:47.881650,Completed
3732,17279759-7fe2-4230-9c9f-8b44619e4812,425,1.0,,Deposit,171.62,2026-09-28 09:53:47.881650,Completed
3733,aec942ca-a8f9-4e43-a5d4-5e7a491f5d37,79,4.0,,Withdrawal,202.2,2026-09-28 09:53:47.881650,Completed
3734,c4565e11-c05f-43b2-a2bb-59f744f02ea4,673,,,Adjustment,253.56,2026-09-28 09:53:47.881650,Completed
3735,e4b447b4-581b-4c10-9b42-f62b19428a8a,653,,,Adjustment,117.62,2026-09-28 09:53:47.881650,Completed
3736,a810f9a5-97c3-4e67-a3ac-aa578c61bfab,515,,,Adjustment,471.23,2026-09-28 09:53:47.881650,Completed
3737,146997cd-3bc8-4b4f-9c87-8e6da26f59cb,1,3.0,,Deposit,401.28,2026-09-28 09:53:47.881650,Completed
3738,33c0bd91-f15c-4265-9cdc-7a3f0093fa2d,998,3.0,,Withdrawal,257.64,2026-09-28 09:53:47.881650,Completed
3739,65c32965-f74a-4213-9e12-dc0827192edc,217,2.0,,Deposit,156.55,2026-09-28 09:53:47.881650,Completed
3740,4cd52e25-351a-45ba-80b8-69da674dfc0a,360,1.0,,Withdrawal,474.55,2026-09-28 09:53:47.881650,Completed
3741,9331dc77-770f-433b-bdd0-594da573fa38,54,,,Adjustment,45.39,2026-09-28 09:53:47.881650,Completed
3742,aa50735f-d059-4e2c-9d39-d48395e4cf09,816,5.0,,Deposit,75.95,2026-09-28 09:53:47.881650,Completed
3743,c3e5c75a-1053-4f03-9c80-0e4d09ba5aee,620,1.0,,Deposit,465.55,2026-09-28 09:53:47.881650,Completed
3744,8002d332-afbc-4512-8914-a08c56dc8a82,371,4.0,,Deposit,110.55,2026-09-28 09:53:47.881650,Completed
3745,36db5a5f-a106-4425-b71e-e72e58de024a,455,1.0,,Deposit,126.4,2026-09-28 09:53:47.881650,Completed
3746,3e12285c-3777-4c86-92b9-2d74d9e67d17,525,1.0,,Withdrawal,161.8,2026-09-28 09:53:47.881650,Completed
3747,ef915de0-4e28-44c0-800a-f95ab6970b49,507,3.0,,Withdrawal,393.75,2026-09-28 09:53:47.881650,Completed
3748,15fce4df-06dc-4fb4-a92b-5e861c3061b7,635,,,Adjustment,186.43,2026-09-28 09:53:47.881650,Completed
3749,4cf46b08-d656-48a6-9a30-2625a6b142d0,869,1.0,,Withdrawal,259.35,2026-09-28 09:53:47.881650,Completed
3750,1a48ccee-6734-4413-be43-751d85256cf6,704,1.0,,Deposit,68.72,2026-09-28 09:53:47.881650,Completed
3751,70189d47-89ca-4622-9505-059bf439c496,501,,,Adjustment,96.91,2026-09-28 09:53:47.881650,Completed
3752,adff7d3b-4ccc-4c48-835e-f3dcd48a5e53,233,4.0,,Deposit,88.53,2026-09-28 09:53:47.881650,Completed
3753,ee6a6b63-100f-4f31-bdfb-196df287d931,519,,,Adjustment,467.93,2026-09-28 09:53:47.881650,Completed
3754,2395fc00-708d-469b-9aad-3467d0c4c644,118,2.0,,Withdrawal,490.99,2026-09-28 09:53:47.881650,Completed
3755,19671a60-955f-4ea4-940f-ac508df51ce1,75,3.0,,Deposit,269.33,2026-09-28 09:53:47.881650,Completed
3756,983d9166-15be-49f0-bace-c14d0fe3d1e5,158,5.0,,Deposit,460.12,2026-09-28 09:53:47.881650,Completed
3757,2d70972b-9862-47ce-b502-931f087238de,862,,,Adjustment,79.82,2026-09-28 09:53:47.881650,Completed
3758,37f64a13-42d4-4f82-b872-647c72090bd1,229,3.0,,Deposit,193.73,2026-09-28 09:53:47.881650,Completed
3759,e06ec419-6288-4665-a20e-2b2906a20b90,910,,,Adjustment,432.6,2026-09-28 09:53:47.881650,Completed
3760,4db37860-8a96-42da-a097-c2b220e23eb3,914,,,Adjustment,474.56,2026-09-28 09:53:47.881650,Completed
3761,5cb15009-1e6a-4bf5-8b49-61c8e62aaabb,456,3.0,,Withdrawal,433.69,2026-09-28 09:53:47.881650,Completed
3762,570f0853-3438-4070-8aaf-9e1176d68542,721,1.0,,Deposit,417.9,2026-09-28 09:53:47.881650,Completed
3763,ba207331-4613-439b-ba8d-615eacd9fed2,38,4.0,,Withdrawal,109.16,2026-09-28 09:53:47.881650,Completed
3764,71877c3a-1917-47e6-a6d1-c21b9cd213cd,193,,,Adjustment,269.67,2026-09-28 09:53:47.881650,Completed
3765,391dd41a-b716-460b-84ce-f5694c673964,831,,,Adjustment,372.59,2026-09-28 09:53:47.881650,Completed
3766,4b9f2501-7808-4fa7-aff7-99f213ba4001,906,1.0,,Withdrawal,386.25,2026-09-28 09:53:47.881650,Completed
3767,5ff4e5bc-58f0-49d8-937e-f746143bdccf,719,,,Adjustment,70.09,2026-09-28 09:53:47.881650,Completed
3768,98619c23-fce4-4217-ab58-6cc05da7c56e,303,1.0,,Deposit,124.55,2026-09-28 09:53:47.881650,Completed
3769,5286e12e-218a-4eef-821d-70d302c5ffa5,102,1.0,,Withdrawal,110.89,2026-09-28 09:53:47.881650,Completed
3770,ccc08615-ebfc-4082-8d5a-b9bdbb89652f,134,,,Adjustment,226.17,2026-09-28 09:53:47.881650,Completed
3771,013abca9-d725-4d00-8dee-e8fbc18bcd27,744,,,Adjustment,473.55,2026-09-28 09:53:47.881650,Completed
3772,d023f9c6-fa1e-4844-b648-d51c826f7b5f,462,,,Adjustment,87.82,2026-09-28 09:53:47.881650,Completed
3773,7a66494b-5c71-490b-b2cf-55ff0cd9982f,950,,,Adjustment,127.55,2026-09-28 09:53:47.881650,Completed
3774,e9b697f4-f3a8-4010-8ef0-5b18b6e4cebc,817,1.0,,Withdrawal,451.09,2026-09-28 09:53:47.881650,Completed
3775,838a17d3-c445-4656-9998-c870ee40f8ed,726,4.0,,Withdrawal,123.51,2026-09-28 09:53:47.881650,Completed
3776,ff0d411a-b8d7-4664-b7a2-914569a9fe42,212,5.0,,Withdrawal,190.4,2026-09-28 09:53:47.881650,Completed
3777,85ea4a4c-483e-4f19-9545-1932d7c803aa,438,1.0,,Deposit,427.46,2026-09-28 09:53:47.881650,Completed
3778,ebc081f4-5e25-4378-b76e-abc07d8c3862,137,5.0,,Withdrawal,265.37,2026-09-28 09:53:47.881650,Completed
3779,bb559ece-c31d-4b5d-9b42-9299e9c80544,40,4.0,,Deposit,298.55,2026-09-28 09:53:47.881650,Completed
3780,a93e0a90-d8c9-4787-a72e-f627fe5bec28,771,5.0,,Deposit,104.17,2026-09-28 09:53:47.881650,Completed
3781,dd0325f2-b6ba-4693-9d5c-ee7bf3fe5742,837,2.0,,Deposit,471.13,2026-09-28 09:53:47.881650,Completed
3782,9ced6b29-24a8-4afb-a7c3-1f6c071573f1,371,4.0,,Deposit,405.39,2026-09-28 09:53:47.881650,Completed
3783,94ac66ea-0407-407f-8549-769a2cece94c,835,3.0,,Withdrawal,10.55,2026-09-28 09:53:47.881650,Completed
3784,4eb95500-a68e-457a-aff1-5e1b7a521847,184,5.0,,Withdrawal,194.83,2026-09-28 09:53:47.881650,Completed
3785,cae9fb52-5491-46a0-89b7-2f4757b7bad6,937,,,Adjustment,58.1,2026-09-28 09:53:47.881650,Completed
3786,6738f519-053d-4762-b92f-a3dc839efb30,786,3.0,,Withdrawal,346.4,2026-09-28 09:53:47.881650,Completed
3787,f31a06a7-2035-4b85-ab28-44a5dd560623,267,3.0,,Deposit,161.58,2026-09-28 09:53:47.881650,Completed
3788,91626d9f-1915-4b31-a275-28426c4804cd,613,1.0,,Deposit,325.32,2026-09-28 09:53:47.881650,Completed
3789,6dfd2340-958f-4595-b4a8-9a510102b60f,97,2.0,,Withdrawal,258.19,2026-09-28 09:53:47.881650,Completed
3790,3394c95a-d028-41ef-a493-b83e47cba2b4,128,,,Adjustment,75.02,2026-09-28 09:53:47.881650,Completed
3791,dc6e0bb8-69d9-4eab-9ca4-1b98f2a4eeeb,604,,,Adjustment,381.97,2026-09-28 09:53:47.881650,Completed
3792,b88328a6-f60d-4368-8d81-178294d4a8b4,472,,,Adjustment,149.2,2026-09-28 09:53:47.881650,Completed
3793,c8cabaeb-b550-493e-8e23-add967ff7712,874,,,Adjustment,248.71,2026-09-28 09:53:47.881650,Completed
3794,a2a129ff-8d47-43a2-b81a-1546cc9b9881,141,4.0,,Deposit,443.3,2026-09-28 09:53:47.881650,Completed
3795,c269e4b3-0f81-49fa-bd15-01610130ff2b,376,2.0,,Withdrawal,143.41,2026-09-28 09:53:47.881650,Completed
3796,6951d737-20e2-48c8-85c0-861932d101d0,581,,,Adjustment,138.08,2026-09-28 09:53:47.881650,Completed
3797,0bd41f00-07b8-4204-85af-23644afcc36f,150,2.0,,Deposit,117.11,2026-09-28 09:53:47.881650,Completed
3798,c2f737ef-3eb4-40e4-bc59-8bc5fd87949e,236,,,Adjustment,215.33,2026-09-28 09:53:47.881650,Completed
3799,0b17f28e-f409-4ad5-9f51-ae26a6951298,917,,,Adjustment,39.06,2026-09-28 09:53:47.881650,Completed
3800,cf79a27c-bb47-4226-9739-fa334d2d9198,588,4.0,,Deposit,124.1,2026-09-28 09:53:47.881650,Completed
3801,0b37b804-78f8-4b16-ac9f-1ff71cd9ff2e,23,5.0,,Deposit,456.52,2026-09-28 09:53:47.881650,Completed
3802,ecddc731-15c8-4f35-9eee-1a42ea889198,213,5.0,,Deposit,408.57,2026-09-28 09:53:47.881650,Completed
3803,ad408f0f-1032-4f8d-8a16-3ce5ddc28ed3,302,,,Adjustment,449.85,2026-09-28 09:53:47.881650,Completed
3804,80e01721-6377-41a1-bb37-d2afa9efe7e4,253,5.0,,Deposit,112.08,2026-09-28 09:53:47.881650,Completed
3805,d9074368-7050-4d91-9a4a-b2d861fbf0a1,155,5.0,,Deposit,161.43,2026-09-28 09:53:47.881650,Completed
3806,627e51a4-f397-4701-a67d-956079f00c63,511,,,Adjustment,86.53,2026-09-28 09:53:47.881650,Completed
3807,43b1fb3c-3050-492b-a0cf-02d31a8d8391,755,,,Adjustment,438.61,2026-09-28 09:53:47.881650,Completed
3808,f8088c8f-ab74-4b54-a13e-111102f95e8e,155,1.0,,Withdrawal,38.28,2026-09-28 09:53:47.881650,Completed
3809,72cc2da5-6873-499b-9697-e4b419c1e173,146,3.0,,Withdrawal,107.65,2026-09-28 09:53:47.881650,Completed
3810,3e57bca8-7d82-42e9-8ce6-271925f5d1f2,207,2.0,,Withdrawal,139.62,2026-09-28 09:53:47.881650,Completed
3811,88c4ae87-76e6-4db5-b29d-c64c058efbac,858,,,Adjustment,461.03,2026-09-28 09:53:47.881650,Completed
3812,3813f0c7-b14d-4e8f-9854-bd0f9a1b2d4c,245,,,Adjustment,392.55,2026-09-28 09:53:47.881650,Completed
3813,ce9268f5-5661-4581-8b0c-3b960e044905,148,,,Adjustment,426.61,2026-09-28 09:53:47.881650,Completed
3814,fc2107fe-47ca-42ad-8684-0888555d08d7,171,2.0,,Withdrawal,51.24,2026-09-28 09:53:47.881650,Completed
3815,3108f7a2-08ef-49ad-94d5-2c05c770301f,119,1.0,,Withdrawal,278.07,2026-09-28 09:53:47.881650,Completed
3816,d656d0ee-9ea5-4bcd-8a87-8facaa927117,413,,,Adjustment,76.36,2026-09-28 09:53:47.881650,Completed
3817,2de0192e-6ea4-4bab-a09a-71f3fed81a6a,322,,,Adjustment,403.47,2026-09-28 09:53:47.881650,Completed
3818,5a36fe15-6dea-416a-96a2-7c14a6e3573f,701,3.0,,Withdrawal,435.23,2026-09-28 09:53:47.881650,Completed
3819,c143add7-8c32-4053-bbea-d4d188cba37e,240,,,Adjustment,374.57,2026-09-28 09:53:47.881650,Completed
3820,aee67480-d299-43cd-9083-b05fff3c82a2,158,1.0,,Deposit,24.99,2026-09-28 09:53:47.881650,Completed
3821,77232cac-70a0-4048-ae91-6f4c4dab3ee0,201,,,Adjustment,439.96,2026-09-28 09:53:47.881650,Completed
3822,4147d7f0-af79-42dc-9d06-7f3b0ffce738,506,4.0,,Withdrawal,54.86,2026-09-28 09:53:47.881650,Completed
3823,83d433c5-b7b6-4232-8792-a324993df91d,283,2.0,,Deposit,58.97,2026-09-28 09:53:47.881650,Completed
3824,f0fbf85a-5c23-4514-b6a9-820fbabe22fd,159,3.0,,Deposit,114.08,2026-09-28 09:53:47.881650,Completed
3825,736c6b56-f488-4de9-8577-3c2ca8b9a4b8,342,5.0,,Deposit,431.82,2026-09-28 09:53:47.881650,Completed
3826,0806f8d6-f41b-4d87-8b0b-82bad3a01e1e,916,5.0,,Deposit,29.7,2026-09-28 09:53:47.881650,Completed
3827,94b039c8-f0ae-4968-b89a-3b0aa4bb0039,811,2.0,,Deposit,37.65,2026-09-28 09:53:47.881650,Completed
3828,6763a905-e00e-469a-b94e-c0892362b550,900,5.0,,Withdrawal,395.3,2026-09-28 09:53:47.881650,Completed
3829,de19d6c9-a6cf-4802-82c3-79bb1b5725c8,491,3.0,,Deposit,16.77,2026-09-28 09:53:47.881650,Completed
3830,e55ee27e-4371-4d68-9e06-4f4d25b41db1,811,5.0,,Deposit,292.47,2026-09-28 09:53:47.881650,Completed
3831,085d7452-17a2-435f-877e-d6fd73e93450,247,4.0,,Withdrawal,297.81,2026-09-28 09:53:47.881650,Completed
3832,c83466d0-2d79-430d-b446-800d5bfbd364,803,1.0,,Withdrawal,181.92,2026-09-28 09:53:47.881650,Completed
3833,f5869816-60ae-411f-929e-586194cacac7,356,1.0,,Withdrawal,463.54,2026-09-28 09:53:47.881650,Completed
3834,78e1351e-6339-4a52-92c2-e7a7150eddc7,219,4.0,,Withdrawal,222.61,2026-09-28 09:53:47.881650,Completed
3835,132bd71c-7a29-42e9-8433-8026ffbf5b96,708,,,Adjustment,25.19,2026-09-28 09:53:47.881650,Completed
3836,9a3822d0-25b5-4326-9fc0-eba31d1c06fd,425,2.0,,Deposit,368.58,2026-09-28 09:53:47.881650,Completed
3837,eb30077c-b8d0-4855-a3df-45cdb5414a6b,572,2.0,,Deposit,387.06,2026-09-28 09:53:47.881650,Completed
3838,0f7a1b36-1cda-405e-bc87-3e85ad1bb566,619,1.0,,Withdrawal,93.13,2026-09-28 09:53:47.881650,Completed
3839,9462c2a5-549d-41db-9c35-9d85c366c1a8,257,4.0,,Withdrawal,143.95,2026-09-28 09:53:47.881650,Completed
3840,9845252d-f5f1-4a20-88bb-89c8d8c587c4,522,5.0,,Deposit,119.98,2026-09-28 09:53:47.881650,Completed
3841,bb88275f-44f7-4d08-a6dd-1959d6a5ee87,328,,,Adjustment,78.46,2026-09-28 09:53:47.881650,Completed
3842,1c0bd63d-e0b6-4b03-a7e9-004fdfd97531,224,2.0,,Deposit,180.93,2026-09-28 09:53:47.881650,Completed
3843,113496e6-0066-45bc-8265-a45f2d73c2a3,628,4.0,,Withdrawal,350.63,2026-09-28 09:53:47.881650,Completed
3844,cc2a0af7-c0da-4fe9-8946-7ae50d8bcb98,278,5.0,,Deposit,58.23,2026-09-28 09:53:47.881650,Completed
3845,9cd76537-8840-47b4-8e6a-d2616593dcfb,753,3.0,,Deposit,263.24,2026-09-28 09:53:47.881650,Completed
3846,aa368bec-ba7f-4fa4-8731-31c37edba6ef,16,,,Adjustment,486.3,2026-09-28 09:53:47.881650,Completed
3847,5ef1309c-b5d7-4f25-9621-93e0826fcd1e,629,3.0,,Withdrawal,338.11,2026-09-28 09:53:47.881650,Completed
3848,fd375f28-fda8-476b-934a-ee1790764ade,969,,,Adjustment,499.62,2026-09-28 09:53:47.881650,Completed
3849,5d7fed75-dca4-4202-b3ce-44a82d2c241e,452,,,Adjustment,403.08,2026-09-28 09:53:47.881650,Completed
3850,6423638f-8d5a-48b0-b44d-af691372ac38,333,,,Adjustment,194.93,2026-09-28 09:53:47.881650,Completed
3851,b4748514-ac98-46b2-bdac-9b2c5511021c,999,5.0,,Deposit,448.71,2026-09-28 09:53:47.881650,Completed
3852,3dc3716e-0862-4700-8cbd-fff790badc74,302,,,Adjustment,129.95,2026-09-28 09:53:47.881650,Completed
3853,cb20c3b1-d65e-45e3-b0d7-5260b47c84e7,311,1.0,,Withdrawal,475.1,2026-09-28 09:53:47.881650,Completed
3854,3b2f3173-80ae-4ed4-beae-38d12a71c892,590,,,Adjustment,427.78,2026-09-28 09:53:47.881650,Completed
3855,2e0ff18c-5d20-46e5-b136-6b6f79add993,887,3.0,,Deposit,263.47,2026-09-28 09:53:47.881650,Completed
3856,64039b74-3226-48c6-8833-1976d9651d13,829,3.0,,Deposit,351.26,2026-09-28 09:53:47.881650,Completed
3857,d99ae75c-f11f-438d-a269-95c301864f8e,717,2.0,,Withdrawal,80.96,2026-09-28 09:53:47.881650,Completed
3858,d36a6453-689e-4a7c-bac2-e4eba163f359,957,,,Adjustment,201.85,2026-09-28 09:53:47.881650,Completed
3859,5c6fa8f1-5237-4b73-8e59-eafb63308573,801,5.0,,Withdrawal,105.7,2026-09-28 09:53:47.881650,Completed
3860,b0740850-f7c5-4c1f-9646-62d67706fd2b,761,,,Adjustment,286.13,2026-09-28 09:53:47.881650,Completed
3861,cb8f3c3a-9d63-471b-954b-14353f08eec1,529,1.0,,Withdrawal,14.95,2026-09-28 09:53:47.881650,Completed
3862,6dbcec7e-f566-49f2-8f7a-719c3133f135,517,,,Adjustment,205.17,2026-09-28 09:53:47.881650,Completed
3863,2764558c-0440-4dac-bf11-60be75b5ec4c,997,2.0,,Withdrawal,143.93,2026-09-28 09:53:47.881650,Completed
3864,35cda51c-64a1-4d94-8717-d4ac34749532,88,,,Adjustment,342.04,2026-09-28 09:53:47.881650,Completed
3865,50f8daa4-ce33-4301-93aa-98036462a8ec,156,,,Adjustment,123.02,2026-09-28 09:53:47.881650,Completed
3866,462835cd-4995-4af0-a3c7-5ad5fe6adeca,677,,,Adjustment,239.74,2026-09-28 09:53:47.881650,Completed
3867,286c42ec-4352-444e-a26a-65f5c54c03cf,357,4.0,,Deposit,193.47,2026-09-28 09:53:47.881650,Completed
3868,f8b53988-58fe-41a7-ba89-ea7c612cc8ba,101,4.0,,Withdrawal,63.76,2026-09-28 09:53:47.881650,Completed
3869,07ecfac1-1a6f-4276-830f-07a98ae1d089,828,4.0,,Deposit,424.33,2026-09-28 09:53:47.881650,Completed
3870,11afafc9-8f78-424f-9eb1-66cd19f0bd26,269,,,Adjustment,157.83,2026-09-28 09:53:47.881650,Completed
3871,ff65f21b-63aa-4621-85fd-5b3c9b38e1ac,749,,,Adjustment,280.28,2026-09-28 09:53:47.881650,Completed
3872,e13715fb-de46-45e2-8b6a-e9691ab7c3c9,771,1.0,,Deposit,465.25,2026-09-28 09:53:47.881650,Completed
3873,ced07795-fdeb-4632-93a4-1978baebe814,111,2.0,,Deposit,433.91,2026-09-28 09:53:47.881650,Completed
3874,daad12fc-ce20-4547-9587-239b48ca3052,124,5.0,,Withdrawal,342.99,2026-09-28 09:53:47.881650,Completed
3875,509a4576-88fa-468a-bee1-ee0d7e88508e,704,,,Adjustment,324.24,2026-09-28 09:53:47.881650,Completed
3876,fac513d6-9ece-4fac-bae2-1af5e054f4a0,302,,,Adjustment,89.67,2026-09-28 09:53:47.881650,Completed
3877,5c9a4631-dbbe-4511-9943-e9d7cf664404,71,1.0,,Withdrawal,268.44,2026-09-28 09:53:47.881650,Completed
3878,dabcc7d9-f10c-4066-b7e3-f6115fb917fa,641,3.0,,Withdrawal,411.13,2026-09-28 09:53:47.881650,Completed
3879,d9c7e996-ec20-4929-a289-4f50d1282ee5,224,,,Adjustment,232.37,2026-09-28 09:53:47.881650,Completed
3880,f3307bec-45de-489c-a3d5-f321f9ce8451,806,,,Adjustment,161.41,2026-09-28 09:53:47.881650,Completed
3881,fe3c0ac1-cb5c-4bf5-bdb3-a417de1c51b1,69,5.0,,Deposit,191.22,2026-09-28 09:53:47.881650,Completed
3882,1b1cae33-7235-4a1b-820a-2a892ccd107c,706,1.0,,Deposit,221.88,2026-09-28 09:53:47.881650,Completed
3883,1a6640fa-f880-4f4a-97b6-6194d12c9ab7,476,,,Adjustment,18.96,2026-09-28 09:53:47.881650,Completed
3884,1a35f049-bee4-48eb-b0b2-8fa7ffdea1a1,294,,,Adjustment,177.35,2026-09-28 09:53:47.881650,Completed
3885,8913b8fd-9de3-42ce-8123-2e6137598baa,171,4.0,,Deposit,412.42,2026-09-28 09:53:47.881650,Completed
3886,fec07f56-df61-4c88-8624-e55b43af4f3d,480,5.0,,Withdrawal,133.4,2026-09-28 09:53:47.881650,Completed
3887,7fee7594-5b33-43bf-81d0-5145f6b759da,328,,,Adjustment,13.4,2026-09-28 09:53:47.881650,Completed
3888,d2c0c320-d544-4a2f-a20a-bd96304e7b7a,40,3.0,,Withdrawal,79.15,2026-09-28 09:53:47.881650,Completed
3889,c3221369-0565-4e1f-82fc-6562a3601af8,877,,,Adjustment,110.8,2026-09-28 09:53:47.881650,Completed
3890,3a1b757a-1c39-4f08-aef2-3e1a353e0422,13,4.0,,Withdrawal,97.01,2026-09-28 09:53:47.881650,Completed
3891,985cb2ed-e490-44d9-8900-bf3446f9a341,618,,,Adjustment,29.59,2026-09-28 09:53:47.881650,Completed
3892,74960008-059c-4e39-ad29-f97fc0160c9d,729,,,Adjustment,298.61,2026-09-28 09:53:47.881650,Completed
3893,55a0b8c2-ef2a-4437-8765-e2fa234ed90f,176,,,Adjustment,305.81,2026-09-28 09:53:47.881650,Completed
3894,1750409d-a737-493d-ad0c-c94f0a098981,401,5.0,,Deposit,401.85,2026-09-28 09:53:47.881650,Completed
3895,7b6de95b-e39d-4924-8c77-3d49889ce1fe,722,,,Adjustment,204.1,2026-09-28 09:53:47.881650,Completed
3896,310e86c1-2b90-49bd-a42e-b12c68d600c9,849,4.0,,Withdrawal,468.58,2026-09-28 09:53:47.881650,Completed
3897,c503340a-a933-430b-9d49-1d9ba3f54785,254,4.0,,Deposit,132.08,2026-09-28 09:53:47.881650,Completed
3898,51779e84-2032-4d41-9a02-7cc3fec02134,167,5.0,,Withdrawal,473.55,2026-09-28 09:53:47.881650,Completed
3899,86f4b824-0420-46b7-b5e9-038603e95966,609,1.0,,Withdrawal,215.89,2026-09-28 09:53:47.881650,Completed
3900,c9cbbc91-593a-472a-83c4-b3cd47f75503,203,,,Adjustment,64.7,2026-09-28 09:53:47.881650,Completed
3901,2b8cf4de-deea-453f-be9b-f7049eb37953,519,,,Adjustment,340.84,2026-09-28 09:53:47.881650,Completed
3902,aa0a4c8c-2b4e-4489-8fc1-1117813c92df,699,5.0,,Withdrawal,120.36,2026-09-28 09:53:47.881650,Completed
3903,072107cd-b3d1-46a0-9899-d30acab3962a,368,1.0,,Deposit,169.13,2026-09-28 09:53:47.881650,Completed
3904,cc4faa07-159b-42b4-b4ee-a0f2b4434ce7,178,4.0,,Deposit,223.76,2026-09-28 09:53:47.881650,Completed
3905,c2593902-6564-4914-b17c-b6483d3382bf,956,4.0,,Withdrawal,477.86,2026-09-28 09:53:47.881650,Completed
3906,6122573e-acaf-4b02-bca3-60422e2dad88,111,4.0,,Deposit,138.4,2026-09-28 09:53:47.881650,Completed
3907,1282f1e9-9a51-4966-b159-7af36a3fdbba,274,,,Adjustment,378.45,2026-09-28 09:53:47.881650,Completed
3908,9c2d2451-494a-485f-96e1-9e9821696601,689,1.0,,Deposit,224.56,2026-09-28 09:53:47.881650,Completed
3909,72f441f6-9750-4d7e-9a39-1a11ea707261,877,5.0,,Deposit,244.7,2026-09-28 09:53:47.881650,Completed
3910,6082fdc7-447b-4700-86f2-aba70c2f928e,59,3.0,,Withdrawal,438.74,2026-09-28 09:53:47.881650,Completed
3911,67ed447b-dc72-4cb8-96e6-3ecff03d704f,525,4.0,,Deposit,77.92,2026-09-28 09:53:47.881650,Completed
3912,39ed7f2b-52c5-437e-9972-678f32b75ac0,164,5.0,,Withdrawal,309.89,2026-09-28 09:53:47.881650,Completed
3913,af4d74a7-698e-4a68-8106-60f6296296a9,268,4.0,,Withdrawal,54.99,2026-09-28 09:53:47.881650,Completed
3914,a96ec852-475f-42fb-81cd-281f8baa44c2,876,1.0,,Deposit,340.8,2026-09-28 09:53:47.881650,Completed
3915,7d494f81-1231-47d4-9994-0226b16fdb51,913,,,Adjustment,305.97,2026-09-28 09:53:47.881650,Completed
3916,fa620cd9-6955-49d0-b4fa-09ccba7e2adf,772,5.0,,Withdrawal,384.49,2026-09-28 09:53:47.881650,Completed
3917,a037d755-d46d-4bce-8193-7856b69695d4,995,,,Adjustment,497.7,2026-09-28 09:53:47.881650,Completed
3918,5cb0599a-92b1-4c6e-bbb0-af3dd8d52432,910,5.0,,Deposit,294.74,2026-09-28 09:53:47.881650,Completed
3919,cc707230-4bd4-48dd-9ba7-3cf1eaa0dd28,636,,,Adjustment,259.38,2026-09-28 09:53:47.881650,Completed
3920,84293a87-5a52-4b40-bcdb-4eee9420dd42,826,4.0,,Deposit,119.98,2026-09-28 09:53:47.881650,Completed
3921,8b6fe3fb-6bea-4dec-a987-2ca862ee3274,431,2.0,,Deposit,148.34,2026-09-28 09:53:47.881650,Completed
3922,0c438eab-4b23-47e4-a0e4-01d63f288113,798,,,Adjustment,33.32,2026-09-28 09:53:47.881650,Completed
3923,ab72c7e3-471e-4aaf-95ea-36dd56f58487,985,3.0,,Deposit,71.73,2026-09-28 09:53:47.881650,Completed
3924,603700f3-47e6-4816-9146-b26bce215fe1,915,4.0,,Deposit,178.29,2026-09-28 09:53:47.881650,Completed
3925,12f739d3-4d82-4e54-9cc5-51a3c3ed2826,512,5.0,,Deposit,99.65,2026-09-28 09:53:47.881650,Completed
3926,48c71f44-23cf-41ab-bef7-17ddd26fd97c,309,1.0,,Withdrawal,243.26,2026-09-28 09:53:47.881650,Completed
3927,a22874ab-64de-4a30-b0c2-2fb1a468cd65,215,5.0,,Withdrawal,182.12,2026-09-28 09:53:47.881650,Completed
3928,5d1753b1-dc74-4fe0-9f83-0ab615ef698d,852,,,Adjustment,482.36,2026-09-28 09:53:47.881650,Completed
3929,ee1ae2c3-aacb-47ca-8eee-ac13fa08b028,572,,,Adjustment,30.62,2026-09-28 09:53:47.881650,Completed
3930,9609cbea-54cc-4d49-808d-0b4349ca0489,190,5.0,,Deposit,77.21,2026-09-28 09:53:47.881650,Completed
3931,5ec807a1-64e8-4435-b8d3-508f8ecaeaa8,757,,,Adjustment,215.37,2026-09-28 09:53:47.881650,Completed
3932,4c99045e-d775-4622-99fb-c662da672e5a,747,,,Adjustment,339.4,2026-09-28 09:53:47.881650,Completed
3933,80077c7c-efca-4340-bdba-a85b6acdb615,9,3.0,,Deposit,138.15,2026-09-28 09:53:47.881650,Completed
3934,2240a129-d7f6-4fcf-81c7-c0ad13ae6fbb,998,2.0,,Withdrawal,315.4,2026-09-28 09:53:47.881650,Completed
3935,76fd1b10-fa7b-4203-85bd-74b38eb567af,165,5.0,,Deposit,274.83,2026-09-28 09:53:47.881650,Completed
3936,399b64cb-741a-4d5a-8b18-14bb6773784b,320,1.0,,Deposit,272.77,2026-09-28 09:53:47.881650,Completed
3937,8dbcb168-b173-4d8b-83fc-28644d9c99db,508,2.0,,Withdrawal,432.53,2026-09-28 09:53:47.881650,Completed
3938,2c72cfc5-555f-4a75-a79a-4eeb6207eaac,351,5.0,,Deposit,161.58,2026-09-28 09:53:47.881650,Completed
3939,3c9ad1a1-7114-4854-a718-44c08e090a0e,345,4.0,,Withdrawal,340.29,2026-09-28 09:53:47.881650,Completed
3940,925e1042-429a-4884-8381-9cb093909e72,178,2.0,,Deposit,26.61,2026-09-28 09:53:47.881650,Completed
3941,ac470036-e7e0-4d55-8872-8da6b9388929,474,,,Adjustment,419.14,2026-09-28 09:53:47.881650,Completed
3942,6c3deaa8-2983-4e5e-af2e-4104aec61ab3,587,5.0,,Deposit,99.45,2026-09-28 09:53:47.881650,Completed
3943,33337854-0db8-44f4-8182-7a651aea0270,599,5.0,,Deposit,178.83,2026-09-28 09:53:47.881650,Completed
3944,a69f6d29-1dea-4ae6-92cf-be9ccba38ade,1000,,,Adjustment,202.84,2026-09-28 09:53:47.881650,Completed
3945,fe2f1494-ffa4-4bc7-920e-a39aa9acdff6,410,3.0,,Deposit,177.21,2026-09-28 09:53:47.881650,Completed
3946,8654f92a-bef9-4bac-9de8-c414bb43cd15,542,4.0,,Deposit,73.88,2026-09-28 09:53:47.881650,Completed
3947,dfc22e88-1a5d-46b4-9a3f-b4183f81f669,47,5.0,,Deposit,80.75,2026-09-28 09:53:47.881650,Completed
3948,74b13544-0789-4280-8762-e7a229907562,362,2.0,,Deposit,314.44,2026-09-28 09:53:47.881650,Completed
3949,f812f369-91dd-47b8-9100-e8ecf4efdefa,602,2.0,,Withdrawal,26.31,2026-09-28 09:53:47.881650,Completed
3950,4e31efca-dd28-4d09-9ee0-d20469ad5f6f,816,,,Adjustment,109.06,2026-09-28 09:53:47.881650,Completed
3951,590e6a23-e543-4aed-83d4-9031932c927e,533,5.0,,Deposit,356.37,2026-09-28 09:53:47.881650,Completed
3952,1ae0ce98-a403-4967-8dd3-ff8cd9567d52,309,,,Adjustment,462.87,2026-09-28 09:53:47.881650,Completed
3953,1ded2a18-eafa-49d5-8d16-cd84749a1a31,813,2.0,,Withdrawal,30.52,2026-09-28 09:53:47.881650,Completed
3954,770132a7-5da5-43e1-99b3-56ac46a0e241,519,4.0,,Deposit,177.55,2026-09-28 09:53:47.881650,Completed
3955,4c7ee83a-13bd-4ea0-8539-a7b0bbdd0d15,343,4.0,,Deposit,168.67,2026-09-28 09:53:47.881650,Completed
3956,520389db-34d3-4885-8028-582007e1c277,488,1.0,,Deposit,73.22,2026-09-28 09:53:47.881650,Completed
3957,fb78c09d-0398-476f-8995-663b79e13c79,176,,,Adjustment,91.63,2026-09-28 09:53:47.881650,Completed
3958,784ca32e-e096-429e-b54b-0e6a4da174fb,909,5.0,,Deposit,199.01,2026-09-28 09:53:47.881650,Completed
3959,12057d8f-2cfa-4419-b469-e0cbb054c099,836,3.0,,Deposit,418.69,2026-09-28 09:53:47.881650,Completed
3960,1f89c4ae-b0de-4d8b-ab20-87303091d473,74,4.0,,Withdrawal,114.65,2026-09-28 09:53:47.881650,Completed
3961,87570ccd-c8c8-49d5-b27f-284b61418815,247,,,Adjustment,128.17,2026-09-28 09:53:47.881650,Completed
3962,83ec66fd-0e93-4dd0-82dd-3123db634aa2,385,2.0,,Withdrawal,15.8,2026-09-28 09:53:47.881650,Completed
3963,559c8de9-1c9f-4037-9098-c0de2443d6d3,370,3.0,,Deposit,272.56,2026-09-28 09:53:47.881650,Completed
3964,33a75fc0-74d8-4c9a-9177-c4051fe898cc,618,1.0,,Deposit,296.04,2026-09-28 09:53:47.881650,Completed
3965,6bf784b5-05ac-43e4-baad-35b5b020fe87,173,1.0,,Deposit,215.72,2026-09-28 09:53:47.881650,Completed
3966,c02dc8b9-f462-4dd9-8a5f-d915ace3a040,571,,,Adjustment,23.41,2026-09-28 09:53:47.881650,Completed
3967,18f23ca6-b077-46ac-b5e2-f02a04eaed49,638,,,Adjustment,434.9,2026-09-28 09:53:47.881650,Completed
3968,4a545a8e-8c37-4802-911c-75bd18d9d1c4,574,,,Adjustment,336.57,2026-09-28 09:53:47.881650,Completed
3969,6f901d49-9eb4-4dd2-9a28-b4cc806ab5fa,824,,,Adjustment,268.33,2026-09-28 09:53:47.881650,Completed
3970,91ac1a9c-9297-46d7-a96b-e8f9591e0858,13,3.0,,Deposit,254.5,2026-09-28 09:53:47.881650,Completed
3971,9eabb13d-6e9c-411d-af80-498092c7f205,870,1.0,,Withdrawal,409.28,2026-09-28 09:53:47.881650,Completed
3972,72d3742e-1436-40ac-9c52-f37ea54356b4,912,2.0,,Withdrawal,165.02,2026-09-28 09:53:47.881650,Completed
3973,3f58f1c4-d7ef-4f81-85b5-bd0e50519187,73,4.0,,Deposit,311.95,2026-09-28 09:53:47.881650,Completed
3974,eb9bd1a6-a1dd-4fb6-85d1-4411924800fb,262,,,Adjustment,284.15,2026-09-28 09:53:47.881650,Completed
3975,b830e43b-054a-4f12-93ba-d86da2061a8e,160,5.0,,Withdrawal,66.53,2026-09-28 09:53:47.881650,Completed
3976,0e86560e-6a27-47bb-9495-c201e1d9a241,43,5.0,,Deposit,466.01,2026-09-28 09:53:47.881650,Completed
3977,3d5fa646-9f10-4d07-b0eb-59391851cd26,989,2.0,,Withdrawal,253.59,2026-09-28 09:53:47.881650,Completed
3978,dffa8bdb-aab1-4e65-9e0a-f3b59c335c6b,54,,,Adjustment,22.43,2026-09-28 09:53:47.881650,Completed
3979,c8e254ce-a04f-47d7-a236-8dc02f4309c1,339,,,Adjustment,80.43,2026-09-28 09:53:47.881650,Completed
3980,dcb5356a-eb16-4367-b258-48358ebc41eb,597,5.0,,Deposit,117.19,2026-09-28 09:53:47.881650,Completed
3981,ad5ae24a-4dd3-49c2-8de5-e2cfac55c745,557,4.0,,Deposit,81.15,2026-09-28 09:53:47.881650,Completed
3982,753054a7-eee1-49f2-80ca-9791ebe3a3cd,474,2.0,,Withdrawal,33.61,2026-09-28 09:53:47.881650,Completed
3983,a6638847-2d9f-46a7-b2c0-a84bc8a617e6,674,3.0,,Deposit,50.87,2026-09-28 09:53:47.881650,Completed
3984,efb2de3b-b982-4fa9-8e54-94f3a4a59b12,494,2.0,,Withdrawal,385.49,2026-09-28 09:53:47.881650,Completed
3985,b36915f1-078a-43cd-b324-193d1c6b7162,509,,,Adjustment,274.34,2026-09-28 09:53:47.881650,Completed
3986,34ec74ec-3e96-427a-beb4-27b48a6faae6,876,1.0,,Deposit,167.91,2026-09-28 09:53:47.881650,Completed
3987,a2bfe93b-477e-4a84-b873-199adc919a33,354,3.0,,Withdrawal,98.1,2026-09-28 09:53:47.881650,Completed
3988,12d7cf4e-34d1-43a5-b114-74b787a3e30e,968,4.0,,Deposit,369.54,2026-09-28 09:53:47.881650,Completed
3989,bdfcdd64-d045-477a-ad7c-97037346e218,619,2.0,,Deposit,472.53,2026-09-28 09:53:47.881650,Completed
3990,41bdbedf-1c48-4a4e-80d0-4db8c964d6ad,507,5.0,,Deposit,23.11,2026-09-28 09:53:47.881650,Completed
3991,72e52492-a1c0-4e70-883a-1a3f075a0613,274,3.0,,Withdrawal,408.37,2026-09-28 09:53:47.881650,Completed
3992,6c0b8279-0512-40fc-8353-01ed39bbca66,262,5.0,,Withdrawal,131.68,2026-09-28 09:53:47.881650,Completed
3993,57f47067-1d1a-42c9-a9ff-8c2e63dcdf66,371,4.0,,Deposit,221.04,2026-09-28 09:53:47.881650,Completed
3994,1975a6e5-46e0-4b10-a154-8bcf20ac161a,766,,,Adjustment,355.98,2026-09-28 09:53:47.881650,Completed
3995,6525d3e2-64a3-496f-933c-fff7c2642cbb,216,2.0,,Withdrawal,294.24,2026-09-28 09:53:47.881650,Completed
3996,2f1b7cf1-1960-4660-a089-5c758cc8052f,570,5.0,,Deposit,140.94,2026-09-28 09:53:47.881650,Completed
3997,3be2cfa8-163e-4a2f-8d2e-c4fdefc2ee51,251,4.0,,Withdrawal,215.71,2026-09-28 09:53:47.881650,Completed
3998,0b44c236-e6cc-412f-a549-ea0f58a88069,55,3.0,,Withdrawal,230.41,2026-09-28 09:53:47.881650,Completed
3999,eb893ff2-0c89-49fe-880a-d1b2151460df,439,3.0,,Withdrawal,337.76,2026-09-28 09:53:47.881650,Completed
4000,fbb0900d-c2a4-465c-83ea-5c5447c5f3c1,408,3.0,,Withdrawal,42.14,2026-09-28 09:53:47.881650,Completed
4001,9775f100-7479-420e-834b-1afad44076e6,502,,,Adjustment,134.83,2026-09-28 09:53:47.881650,Completed
4002,00f6235f-6809-4300-9094-9df5812fb908,329,1.0,,Deposit,284.36,2026-09-28 09:53:47.881650,Completed
4003,c6f03b02-635a-4aa3-868b-6903371706b3,738,2.0,,Withdrawal,437.01,2026-09-28 09:53:47.881650,Completed
4004,f7de853f-3e44-4f98-9d85-4cd2e38d09c2,226,1.0,,Withdrawal,415.27,2026-09-28 09:53:47.881650,Completed
4005,e2e2c5da-8a02-4916-92f8-f6772b33ff60,208,,,Adjustment,250.05,2026-09-28 09:53:47.881650,Completed
4006,d67bf31e-72d0-47cb-b38b-d56f597515f3,72,2.0,,Withdrawal,106.39,2026-09-28 09:53:47.881650,Completed
4007,db43e581-2535-4816-92c0-c0d19296a30d,453,5.0,,Deposit,107.11,2026-09-28 09:53:47.881650,Completed
4008,de9fe855-8166-4069-a546-da450963b706,229,3.0,,Deposit,133.11,2026-09-28 09:53:47.881650,Completed
4009,4cf9468e-91fd-4665-8034-e9bf2718edf4,296,4.0,,Deposit,325.78,2026-09-28 09:53:47.881650,Completed
4010,fd859bd7-e466-46be-989c-5f2a0c56fd91,422,,,Adjustment,372.75,2026-09-28 09:53:47.881650,Completed
4011,ea443e34-3e60-4a8a-a8c6-3a4e1dd3c82e,576,,,Adjustment,230.81,2026-09-28 09:53:47.881650,Completed
4012,4422cedc-6c01-436c-975c-3bc1e6177599,750,,,Adjustment,468.48,2026-09-28 09:53:47.881650,Completed
4013,87041fbd-4c31-4cc6-95c1-972e51cf7958,831,5.0,,Deposit,238.55,2026-09-28 09:53:47.881650,Completed
4014,12174002-ca6d-4fa3-ae20-2a0a40b233b8,586,3.0,,Withdrawal,71.24,2026-09-28 09:53:47.881650,Completed
4015,a7c3ded8-7c3f-404f-a94a-b5a2ed2c6d6d,119,,,Adjustment,146.04,2026-09-28 09:53:47.881650,Completed
4016,ccf73ee1-24a2-4f56-9cdd-34c48ba08767,925,,,Adjustment,485.24,2026-09-28 09:53:47.881650,Completed
4017,db92542d-2f76-4592-bf29-3ec337718980,1,1.0,,Withdrawal,109.8,2026-09-28 09:53:47.881650,Completed
4018,f853ee62-a12b-4e73-8b43-09e499287434,336,2.0,,Withdrawal,58.42,2026-09-28 09:53:47.881650,Completed
4019,f968ea96-68ec-4640-8f45-65ad57039b30,665,,,Adjustment,11.62,2026-09-28 09:53:47.881650,Completed
4020,fdf1c6ec-4320-4d77-8579-549dc48bb4ea,527,,,Adjustment,43.74,2026-09-28 09:53:47.881650,Completed
4021,bb0df3ab-233a-4e69-8011-6962d03a4469,86,,,Adjustment,474.6,2026-09-28 09:53:47.881650,Completed
4022,db3fe263-2857-41d7-9100-df32d0922590,745,1.0,,Deposit,25.72,2026-09-28 09:53:47.881650,Completed
4023,424064b8-e9d2-4039-92e5-4a88302ef169,878,4.0,,Withdrawal,361.98,2026-09-28 09:53:47.881650,Completed
4024,ba43a6fb-d16d-4d81-a5e6-dca463cbde4e,878,3.0,,Deposit,159.21,2026-09-28 09:53:47.881650,Completed
4025,3f5f80a7-afb3-4854-9fec-548da9b354a7,774,3.0,,Withdrawal,460.32,2026-09-28 09:53:47.881650,Completed
4026,addd40e1-e4b9-43c6-80e9-6fc389c0aa83,439,1.0,,Deposit,129.62,2026-09-28 09:53:47.881650,Completed
4027,556f7e9e-eef1-4fd8-aea6-9e8e715c5a07,395,,,Adjustment,72.97,2026-09-28 09:53:47.881650,Completed
4028,b1384f52-2bcc-429c-bbc2-ae62497e4871,532,2.0,,Deposit,84.09,2026-09-28 09:53:47.881650,Completed
4029,7016d3e3-e7e1-44d7-8f35-519bc5e8c13a,636,4.0,,Deposit,343.15,2026-09-28 09:53:47.881650,Completed
4030,101c9bd5-55c7-4a57-a233-349683245bdf,777,,,Adjustment,472.19,2026-09-28 09:53:47.881650,Completed
4031,6387889f-b924-4a08-abf1-183bbe275aa1,211,,,Adjustment,86.92,2026-09-28 09:53:47.881650,Completed
4032,a7d72e76-ce8c-4cf3-84f9-c3f666842b2c,994,4.0,,Deposit,366.88,2026-09-28 09:53:47.881650,Completed
4033,c825c6a5-49a8-4d4d-b3c8-e0ae600a5729,397,,,Adjustment,258.95,2026-09-28 09:53:47.881650,Completed
4034,78fb0be9-1a67-4d62-b9a8-7a541c4e69fd,921,,,Adjustment,161.5,2026-09-28 09:53:47.881650,Completed
4035,2cc0a87e-43ab-437f-8431-82e7c6e7db18,707,,,Adjustment,54.09,2026-09-28 09:53:47.881650,Completed
4036,02b44711-1505-414a-8686-c64e57070641,405,,,Adjustment,171.24,2026-09-28 09:53:47.881650,Completed
4037,bb625c09-1463-4d04-a590-807e6d5359da,118,,,Adjustment,154.24,2026-09-28 09:53:47.881650,Completed
4038,811fa102-22f9-4dcb-b9b7-d1954d15cec1,346,5.0,,Deposit,223.11,2026-09-28 09:53:47.881650,Completed
4039,fdd01f35-0874-4305-80d1-24ed989678fe,559,1.0,,Withdrawal,32.16,2026-09-28 09:53:47.881650,Completed
4040,08261b98-7612-4e51-b5d5-2d4d3ce49d2b,1,2.0,,Deposit,358.92,2026-09-28 09:53:47.881650,Completed
4041,01354212-da74-441d-ad48-1aa3a9fecbe1,9,3.0,,Deposit,77.6,2026-09-28 09:53:47.881650,Completed
4042,34f8c693-8042-47a5-8e28-0641aae4e50f,807,3.0,,Withdrawal,497.9,2026-09-28 09:53:47.881650,Completed
4043,e11232c4-8d3c-4fc0-b0a3-8c7c273d3fc4,624,3.0,,Withdrawal,56.59,2026-09-28 09:53:47.881650,Completed
4044,d6a4f883-2ac1-4761-9d9d-952403ed8e01,717,2.0,,Withdrawal,496.06,2026-09-28 09:53:47.881650,Completed
4045,5778393f-599c-4baa-96da-fd9f2a93b044,820,1.0,,Deposit,247.65,2026-09-28 09:53:47.881650,Completed
4046,c3cf6c06-d71d-4854-9658-38b21e701ae4,862,1.0,,Withdrawal,281.25,2026-09-28 09:53:47.881650,Completed
4047,c5a3f257-76c1-484f-a73e-61aad3802939,954,,,Adjustment,50.29,2026-09-28 09:53:47.881650,Completed
4048,ebcedc49-bf1e-4b3e-87b4-b13464b5040f,919,4.0,,Withdrawal,79.86,2026-09-28 09:53:47.881650,Completed
4049,53296658-2591-43b1-b3f2-701bab0db9af,748,5.0,,Deposit,492.71,2026-09-28 09:53:47.881650,Completed
4050,a59d3e02-bbd7-4c3d-8d95-7281eb071ea2,326,,,Adjustment,16.79,2026-09-28 09:53:47.881650,Completed
4051,51373d75-6e9d-4579-a14b-f65a6473ffa4,730,2.0,,Withdrawal,301.61,2026-09-28 09:53:47.881650,Completed
4052,c06817a0-56fe-47c8-8217-eb0aaee0c419,530,4.0,,Withdrawal,98.13,2026-09-28 09:53:47.881650,Completed
4053,030ac73b-2f75-48bc-a314-6aac7c3538cf,971,4.0,,Deposit,274.65,2026-09-28 09:53:47.881650,Completed
4054,ba0c3070-8013-4bfa-8c39-55aa26f05253,341,1.0,,Deposit,224.32,2026-09-28 09:53:47.881650,Completed
4055,16952435-623d-48b0-82c1-06b19620497a,105,,,Adjustment,15.21,2026-09-28 09:53:47.881650,Completed
4056,90bfcd0f-a1a6-4ae8-abd3-edf532d8a552,811,,,Adjustment,344.42,2026-09-28 09:53:47.881650,Completed
4057,79dc98c9-7638-483f-885f-c3401b9dad43,102,3.0,,Withdrawal,116.02,2026-09-28 09:53:47.881650,Completed
4058,1409c8b7-2070-4de5-abce-504fe7bde23b,196,1.0,,Deposit,142.91,2026-09-28 09:53:47.881650,Completed
4059,a27722c4-7687-404a-9350-9e623bb1acd2,29,1.0,,Withdrawal,291.25,2026-09-28 09:53:47.881650,Completed
4060,4a502e94-a4b1-45e0-8ac0-959fea3f7c63,306,,,Adjustment,337.65,2026-09-28 09:53:47.881650,Completed
4061,f978e42d-f83a-4f89-8ad3-ecb899d9a9a7,540,4.0,,Withdrawal,491.24,2026-09-28 09:53:47.881650,Completed
4062,81965435-a7de-44ec-92e1-c9a4f1c1f3a1,704,2.0,,Withdrawal,216.41,2026-09-28 09:53:47.881650,Completed
4063,7c5e1ca3-6d52-4400-9fd3-d40e214713d9,662,2.0,,Deposit,91.54,2026-09-28 09:53:47.881650,Completed
4064,f0ea1de7-3ca6-4d95-b257-9922240733f9,244,3.0,,Withdrawal,33.66,2026-09-28 09:53:47.881650,Completed
4065,50b22198-d884-4b95-94a1-2d771264e712,699,4.0,,Deposit,160.67,2026-09-28 09:53:47.881650,Completed
4066,7ccdd45b-cf56-4bed-b807-09ebaac9470a,811,,,Adjustment,414.21,2026-09-28 09:53:47.881650,Completed
4067,1bd953ce-d44b-4990-92c7-4aa8249881e4,563,2.0,,Deposit,25.92,2026-09-28 09:53:47.881650,Completed
4068,edc50de8-5534-4967-a51e-eb0725b0c61f,703,,,Adjustment,118.04,2026-09-28 09:53:47.881650,Completed
4069,e3c07fb0-9db2-4459-a541-8dc22c79e533,668,4.0,,Withdrawal,37.1,2026-09-28 09:53:47.881650,Completed
4070,20411ef0-9d5d-4e88-9c04-816ebccfe4d5,223,5.0,,Withdrawal,458.22,2026-09-28 09:53:47.881650,Completed
4071,8a6386a7-4f82-4f5d-ba23-cd242ba849ff,193,2.0,,Deposit,293.46,2026-09-28 09:53:47.881650,Completed
4072,f1af4027-3639-4ee9-834a-d12a6e8f2971,767,4.0,,Deposit,185.56,2026-09-28 09:53:47.881650,Completed
4073,b4727d7e-69c3-48cc-b91c-d831976083d6,174,2.0,,Withdrawal,356.51,2026-09-28 09:53:47.881650,Completed
4074,e503f4d2-ef79-4d61-89a3-a88d1219e2f0,714,1.0,,Deposit,184.02,2026-09-28 09:53:47.881650,Completed
4075,92d8fb70-0e36-4f5c-aa27-9105e092511c,780,2.0,,Withdrawal,475.91,2026-09-28 09:53:47.881650,Completed
4076,6dc46591-b302-455e-a9f7-726263786cef,332,3.0,,Withdrawal,39.09,2026-09-28 09:53:47.881650,Completed
4077,5c0228d9-1f81-4bf7-b6aa-3ae1d6ed1f04,442,2.0,,Withdrawal,384.29,2026-09-28 09:53:47.881650,Completed
4078,eca429b4-aba0-4fbc-9e93-1a3dee3b9607,424,3.0,,Deposit,390.18,2026-09-28 09:53:47.881650,Completed
4079,fd941e33-fe16-438f-b632-5e42301745cd,608,,,Adjustment,10.36,2026-09-28 09:53:47.881650,Completed
4080,1c9f06de-2526-4332-a801-2416f2b55d84,663,4.0,,Withdrawal,237.26,2026-09-28 09:53:47.881650,Completed
4081,3e636a83-97ad-4840-b554-aa6679d91f66,728,1.0,,Deposit,123.05,2026-09-28 09:53:47.881650,Completed
4082,48456fd1-f655-44e9-bc64-4992918668f4,679,,,Adjustment,408.0,2026-09-28 09:53:47.881650,Completed
4083,b1edadd9-cf26-408e-b2e2-a22e2a5ec333,396,4.0,,Deposit,247.06,2026-09-28 09:53:47.881650,Completed
4084,4af14c19-f96a-4abd-a307-2ae4513e8ceb,60,,,Adjustment,392.54,2026-09-28 09:53:47.881650,Completed
4085,5a294b44-11c3-4c3a-8830-f5dad04391b2,513,4.0,,Withdrawal,392.38,2026-09-28 09:53:47.881650,Completed
4086,596cf887-47c4-43d3-b546-7514a1a4e60b,983,3.0,,Deposit,94.83,2026-09-28 09:53:47.881650,Completed
4087,2f8e32f3-d466-4a98-be7e-1a894f3298ae,266,5.0,,Deposit,147.33,2026-09-28 09:53:47.881650,Completed
4088,5995bf9f-6bea-44f0-8114-8dd567c58cdd,374,5.0,,Withdrawal,27.19,2026-09-28 09:53:47.881650,Completed
4089,9babad30-081c-429d-a696-52d5aaa5003c,933,5.0,,Withdrawal,409.74,2026-09-28 09:53:47.881650,Completed
4090,2ac4a2db-fb99-4f23-9cfa-011ebae1b7eb,34,1.0,,Withdrawal,240.57,2026-09-28 09:53:47.881650,Completed
4091,ad1b2246-6a67-4686-8f9b-b680b2715f5a,456,5.0,,Deposit,427.65,2026-09-28 09:53:47.881650,Completed
4092,474d4f6c-88e0-4ec3-af09-6f2865ee8a88,611,,,Adjustment,275.05,2026-09-28 09:53:47.881650,Completed
4093,9f4fc837-482d-40cc-a82d-dc7a05cee8cd,10,1.0,,Deposit,369.8,2026-09-28 09:53:47.881650,Completed
4094,d2d3d34f-c7fa-4df2-b8e0-a4e7b3bddcee,515,5.0,,Deposit,408.48,2026-09-28 09:53:47.881650,Completed
4095,321540c7-ea4b-4bad-be21-e64aa2c73970,331,4.0,,Withdrawal,45.98,2026-09-28 09:53:47.881650,Completed
4096,cfb40007-09ae-43ee-9f31-3b63c7c1ca76,764,5.0,,Deposit,262.7,2026-09-28 09:53:47.881650,Completed
4097,c7c74059-f038-4d44-990f-4519e15f12b4,551,,,Adjustment,132.35,2026-09-28 09:53:47.881650,Completed
4098,2b1707e5-1bbc-4585-a260-d430a91fadb0,398,2.0,,Deposit,440.26,2026-09-28 09:53:47.881650,Completed
4099,62640671-21c2-43ff-8925-ffe89b424dcb,569,4.0,,Deposit,451.95,2026-09-28 09:53:47.881650,Completed
4100,25d51e5b-06fa-4915-abe8-12d53e786aa1,736,2.0,,Withdrawal,221.72,2026-09-28 09:53:47.881650,Completed
4101,d70aded9-3cf0-4f1c-9452-626d1a1dee67,774,2.0,,Withdrawal,143.15,2026-09-28 09:53:47.881650,Completed
4102,ad104a48-5ed5-4a7e-8a98-ff41e614c883,890,2.0,,Withdrawal,286.87,2026-09-28 09:53:47.881650,Completed
4103,ace9690f-5934-4682-a42d-1ee9397478de,423,,,Adjustment,308.29,2026-09-28 09:53:47.881650,Completed
4104,96776bd1-6f4d-4f82-af51-4d5f81dc876f,918,,,Adjustment,47.89,2026-09-28 09:53:47.881650,Completed
4105,76935159-7653-4aa0-a1ff-7190bc10626b,729,1.0,,Withdrawal,30.63,2026-09-28 09:53:47.881650,Completed
4106,8909b11c-c9f3-4669-af1f-230be72ea59e,842,3.0,,Deposit,297.37,2026-09-28 09:53:47.881650,Completed
4107,5ac1e1be-81c3-4f8a-9b48-cf13532b2551,102,4.0,,Deposit,68.06,2026-09-28 09:53:47.881650,Completed
4108,0f507cfa-5f84-4b4b-8d95-b6e27926f320,409,1.0,,Deposit,433.2,2026-09-28 09:53:47.881650,Completed
4109,f01d2648-a408-4866-8a3a-dedb23fac03f,801,2.0,,Withdrawal,486.46,2026-09-28 09:53:47.881650,Completed
4110,3f4c49cf-381d-4e94-b7a0-da73e22793b5,844,2.0,,Deposit,286.92,2026-09-28 09:53:47.881650,Completed
4111,16e50aad-7437-41da-b53e-5681ea493b62,292,2.0,,Deposit,215.51,2026-09-28 09:53:47.881650,Completed
4112,979ffb14-6ead-4c9f-86d8-377be559fcc2,366,4.0,,Withdrawal,262.46,2026-09-28 09:53:47.881650,Completed
4113,34103b57-db99-49b6-966b-e0d54e8daef5,460,1.0,,Deposit,489.85,2026-09-28 09:53:47.881650,Completed
4114,27ebc02d-019e-4857-8e6e-e78715d92939,713,,,Adjustment,219.57,2026-09-28 09:53:47.881650,Completed
4115,711fb7af-000d-432e-9f85-d52432de453b,921,3.0,,Withdrawal,439.05,2026-09-28 09:53:47.881650,Completed
4116,385f86b0-eea3-4d65-af53-704f1ba93b7d,36,2.0,,Withdrawal,329.22,2026-09-28 09:53:47.881650,Completed
4117,9df79427-9f2e-438f-aa73-e9a9a22f3f18,41,4.0,,Withdrawal,436.74,2026-09-28 09:53:47.881650,Completed
4118,11a3034d-105f-4662-9a97-e491f7654f30,88,3.0,,Withdrawal,62.43,2026-09-28 09:53:47.881650,Completed
4119,0064db50-ad89-4039-aaa0-da2660f56670,910,5.0,,Deposit,229.97,2026-09-28 09:53:47.881650,Completed
4120,cba3f18b-da8d-43a4-89d6-5b9b7a78d9e7,659,1.0,,Withdrawal,336.24,2026-09-28 09:53:47.881650,Completed
4121,a35a8b16-e0f3-4af9-9479-373b8ccea0d6,339,3.0,,Deposit,440.55,2026-09-28 09:53:47.881650,Completed
4122,ceb18857-afdf-4b1a-9635-fd78d0f9f74e,352,1.0,,Deposit,107.71,2026-09-28 09:53:47.881650,Completed
4123,94b5b6bc-d01b-4452-ae9b-4a8364607d9d,755,5.0,,Deposit,255.87,2026-09-28 09:53:47.881650,Completed
4124,c485a583-b231-4f36-a1f5-1c87efbf3c79,682,3.0,,Withdrawal,185.49,2026-09-28 09:53:47.881650,Completed
4125,70c52c88-1353-4b59-a562-6739261a2d62,120,,,Adjustment,334.13,2026-09-28 09:53:47.881650,Completed
4126,ba2c3a0b-fef2-48d0-b20f-04fa5bd97146,195,3.0,,Withdrawal,194.81,2026-09-28 09:53:47.881650,Completed
4127,90ba26f8-2158-4f64-8f6b-93e38e1a4385,800,,,Adjustment,440.44,2026-09-28 09:53:47.881650,Completed
4128,c12e03f9-f20a-47a4-9c23-1913206f8e64,871,3.0,,Withdrawal,115.99,2026-09-28 09:53:47.881650,Completed
4129,bb34ee1f-9c1c-4422-bb45-28a7bafb98aa,550,,,Adjustment,285.1,2026-09-28 09:53:47.881650,Completed
4130,08236d16-b6c9-4963-b2b1-beeb7b1c2e8a,614,,,Adjustment,486.61,2026-09-28 09:53:47.881650,Completed
4131,dcc36364-9cb1-4f96-844c-35cd54cb201f,142,,,Adjustment,467.97,2026-09-28 09:53:47.881650,Completed
4132,1f1b9b21-ca0a-4ef3-a1d2-1da457a4687b,693,4.0,,Deposit,81.29,2026-09-28 09:53:47.881650,Completed
4133,1f34ae78-1c88-4e95-a069-3564dfcab384,430,,,Adjustment,73.66,2026-09-28 09:53:47.881650,Completed
4134,76ed3a73-cf2e-4f0d-bc61-e7583ee0fe9d,813,3.0,,Withdrawal,62.97,2026-09-28 09:53:47.881650,Completed
4135,3e2526da-7528-4aa1-bd42-6619088f1e3f,682,,,Adjustment,154.25,2026-09-28 09:53:47.881650,Completed
4136,5a27809b-52dd-42c1-8857-5e52a2e3ed4d,574,2.0,,Deposit,413.65,2026-09-28 09:53:47.881650,Completed
4137,63637ca3-ac0e-45d6-8977-9fc79b952629,865,,,Adjustment,161.49,2026-09-28 09:53:47.881650,Completed
4138,680462c2-5c65-4c14-8594-9d02beab8d7a,526,,,Adjustment,414.54,2026-09-28 09:53:47.881650,Completed
4139,a7967678-f808-4525-b0c5-d96655a6b447,414,,,Adjustment,391.55,2026-09-28 09:53:47.881650,Completed
4140,9ca94b01-ce03-4b04-bdd8-a997656a5874,629,,,Adjustment,293.78,2026-09-28 09:53:47.881650,Completed
4141,bf891404-af7a-475c-8ec3-45b9b8d200d9,310,3.0,,Withdrawal,490.17,2026-09-28 09:53:47.881650,Completed
4142,4e9eb20e-43f3-4e52-af51-61ef0149bdb7,853,1.0,,Deposit,415.5,2026-09-28 09:53:47.881650,Completed
4143,c0c1a8de-23ff-4ed1-8f65-2954fce6931a,418,2.0,,Deposit,222.63,2026-09-28 09:53:47.881650,Completed
4144,a7cb8af6-20d1-4b7e-b8de-0117abaceeb8,243,,,Adjustment,25.1,2026-09-28 09:53:47.881650,Completed
4145,4346d5a0-1958-46d0-a90e-e6491d3c3468,810,1.0,,Deposit,281.42,2026-09-28 09:53:47.881650,Completed
4146,db232c55-40b2-4bc8-8de2-cbba2dacbfe8,997,,,Adjustment,230.24,2026-09-28 09:53:47.881650,Completed
4147,b91849aa-ebd3-48c6-9c6c-6f0eafc29f64,166,2.0,,Withdrawal,144.59,2026-09-28 09:53:47.881650,Completed
4148,8de829f0-3649-44f8-af97-dbe04a029f47,477,3.0,,Withdrawal,366.0,2026-09-28 09:53:47.881650,Completed
4149,6eb228c8-1c69-4f60-990b-ce69d881021a,528,2.0,,Deposit,470.47,2026-09-28 09:53:47.881650,Completed
4150,0bd57002-40e1-4c18-b5f7-d10faf7f7799,704,,,Adjustment,295.55,2026-09-28 09:53:47.881650,Completed
4151,fb9b4d38-3252-41ae-a3dc-e07f76d15854,970,1.0,,Deposit,314.89,2026-09-28 09:53:47.881650,Completed
4152,99d38373-5513-432d-8e5d-b857c9dace07,29,3.0,,Withdrawal,99.2,2026-09-28 09:53:47.881650,Completed
4153,156c8350-3b9f-4ad8-ae4e-128692bd7032,929,,,Adjustment,199.36,2026-09-28 09:53:47.881650,Completed
4154,59d71459-11ad-4699-a393-ff11062b600b,914,,,Adjustment,84.75,2026-09-28 09:53:47.881650,Completed
4155,6cc9738a-c9ac-4d21-9f4a-55afca6da1be,583,3.0,,Deposit,345.14,2026-09-28 09:53:47.881650,Completed
4156,41418a93-4b57-41ba-aeac-76b06eb592d5,177,3.0,,Withdrawal,242.36,2026-09-28 09:53:47.881650,Completed
4157,10e72b90-addb-40e8-a920-33b6ddcbcf94,514,4.0,,Deposit,192.27,2026-09-28 09:53:47.881650,Completed
4158,10901e0d-9e11-4017-8ff1-57a12128529b,37,,,Adjustment,328.56,2026-09-28 09:53:47.881650,Completed
4159,55aac6f9-4211-422e-969e-926c5a5e1e2e,869,1.0,,Deposit,85.63,2026-09-28 09:53:47.881650,Completed
4160,87a15c38-82e6-4bf4-a37a-8f14f8f1ac28,1000,2.0,,Deposit,462.31,2026-09-28 09:53:47.881650,Completed
4161,7f9ced1e-660e-46c9-bd4d-e1aef6446082,385,,,Adjustment,228.72,2026-09-28 09:53:47.881650,Completed
4162,644a964a-10e7-4161-89e2-f7b5e570fe48,359,1.0,,Withdrawal,171.24,2026-09-28 09:53:47.881650,Completed
4163,5f615e70-76ae-40ae-a193-1af3ebaf71ac,495,4.0,,Deposit,329.34,2026-09-28 09:53:47.881650,Completed
4164,6a6e7e56-eb5c-4fd9-a998-87d963309ee1,712,3.0,,Deposit,156.2,2026-09-28 09:53:47.881650,Completed
4165,6f870bdf-9e21-4daf-8f48-515d2001da57,543,2.0,,Deposit,11.51,2026-09-28 09:53:47.881650,Completed
4166,11b2c57b-e94d-4f80-93e0-67064e56fee0,723,2.0,,Deposit,252.26,2026-09-28 09:53:47.881650,Completed
4167,2fe42ab4-7814-4e81-805a-71fda4c5b435,59,2.0,,Withdrawal,257.84,2026-09-28 09:53:47.881650,Completed
4168,b39fd0da-9081-4b54-8eb1-7983f97f7437,851,,,Adjustment,130.49,2026-09-28 09:53:47.881650,Completed
4169,ce71bf78-1ac3-455d-8d5b-d247f014014a,286,1.0,,Deposit,366.47,2026-09-28 09:53:47.881650,Completed
4170,390a89d6-292e-4498-bd67-6dea5c833df8,840,,,Adjustment,256.0,2026-09-28 09:53:47.881650,Completed
4171,319656fa-3be6-4db4-9077-9143235091de,679,2.0,,Withdrawal,417.03,2026-09-28 09:53:47.881650,Completed
4172,5ddb0765-ef5f-40a3-b631-9579459d3e80,781,3.0,,Deposit,288.91,2026-09-28 09:53:47.881650,Completed
4173,f79dad5c-02a7-4d71-94ce-2af2194b676a,687,,,Adjustment,397.72,2026-09-28 09:53:47.881650,Completed
4174,2af16637-1e33-4926-a506-4d9f3c6f336d,336,5.0,,Deposit,223.63,2026-09-28 09:53:47.881650,Completed
4175,c39a2b5b-62e9-4b31-b2a9-d25c77f998c1,538,,,Adjustment,165.96,2026-09-28 09:53:47.881650,Completed
4176,7e75e5ae-a615-48e4-be6c-b923cea7cb8e,60,,,Adjustment,406.51,2026-09-28 09:53:47.881650,Completed
4177,a60e4e6a-8ea0-40b8-99b0-4d350edeab65,175,,,Adjustment,284.15,2026-09-28 09:53:47.881650,Completed
4178,53738351-6453-43bc-a263-fa808b4c3414,493,2.0,,Deposit,493.53,2026-09-28 09:53:47.881650,Completed
4179,4233699d-94d4-4ff8-a27d-97bd754742e6,547,2.0,,Deposit,409.34,2026-09-28 09:53:47.881650,Completed
4180,750f4726-ac23-46e2-b8dd-4236838e7d64,790,,,Adjustment,332.19,2026-09-28 09:53:47.881650,Completed
4181,d6a2b168-648e-423b-ba36-98084ec25e25,524,5.0,,Deposit,32.63,2026-09-28 09:53:47.881650,Completed
4182,c8ef9bbb-dd0e-44f6-9e1d-00732610d086,493,3.0,,Withdrawal,157.86,2026-09-28 09:53:47.881650,Completed
4183,ab70a02f-e9d8-4aa6-bbf2-53e31c1ab902,889,3.0,,Withdrawal,196.4,2026-09-28 09:53:47.881650,Completed
4184,42ede60e-346e-40a3-b8c1-d92121f99d92,841,,,Adjustment,317.63,2026-09-28 09:53:47.881650,Completed
4185,6a80767d-cc21-4574-b3e0-782a2e110a40,327,,,Adjustment,192.87,2026-09-28 09:53:47.881650,Completed
4186,8ebb365b-c17f-4fc8-9e9e-817e52829bb7,851,4.0,,Withdrawal,278.83,2026-09-28 09:53:47.881650,Completed
4187,253f594f-158e-40d8-820a-4c2e74f494b9,183,4.0,,Withdrawal,334.17,2026-09-28 09:53:47.881650,Completed
4188,0a715600-dbe0-4715-975a-4e6d23a9e54f,805,,,Adjustment,175.92,2026-09-28 09:53:47.881650,Completed
4189,66db37e4-49a3-4c82-b573-7d4f9255a904,97,,,Adjustment,49.05,2026-09-28 09:53:47.881650,Completed
4190,0dd2ea80-d627-4127-949d-a8b49afdc526,280,1.0,,Deposit,67.97,2026-09-28 09:53:47.881650,Completed
4191,ad7e392f-2067-4983-b003-6e8965eacce5,584,4.0,,Withdrawal,370.68,2026-09-28 09:53:47.881650,Completed
4192,9f64de63-35f3-4ac7-9ba0-97ab9712ecdd,704,3.0,,Withdrawal,67.59,2026-09-28 09:53:47.881650,Completed
4193,a5067f58-2d45-4c50-b7e8-52effa5a9fcd,870,,,Adjustment,477.52,2026-09-28 09:53:47.881650,Completed
4194,85df2bd2-e22e-45f4-ad64-472af9dc9eb3,966,3.0,,Withdrawal,119.65,2026-09-28 09:53:47.881650,Completed
4195,cac737cd-df4f-472c-9433-46242a34d682,923,,,Adjustment,237.48,2026-09-28 09:53:47.881650,Completed
4196,d3ea20cb-1b1e-458f-a5de-0edc79dbae0b,327,1.0,,Withdrawal,358.36,2026-09-28 09:53:47.881650,Completed
4197,dd0768f4-3529-44ca-a2fb-cd3cf0f8ad16,162,4.0,,Withdrawal,415.43,2026-09-28 09:53:47.881650,Completed
4198,adddfc17-8198-48aa-a924-f3dbe6878a5d,881,,,Adjustment,66.35,2026-09-28 09:53:47.881650,Completed
4199,7b54d353-2e53-4c2d-9a8b-c6452bb62a4b,596,3.0,,Withdrawal,294.86,2026-09-28 09:53:47.881650,Completed
4200,2cfb3646-8ac6-48f5-a388-e333a5c75bfe,194,,,Adjustment,191.95,2026-09-28 09:53:47.881650,Completed
4201,e7f85c2d-9894-4c64-8c95-a6f275ab5694,298,1.0,,Withdrawal,288.58,2026-09-28 09:53:47.881650,Completed
4202,84b3a1b8-4aef-4153-9ba7-39bcbac55185,95,,,Adjustment,118.68,2026-09-28 09:53:47.881650,Completed
4203,e730546e-0294-40de-abf1-7b234ea2b4c4,507,,,Adjustment,444.35,2026-09-28 09:53:47.881650,Completed
4204,ced6588c-e1b4-4b59-b278-a8d969b7e883,947,,,Adjustment,355.89,2026-09-28 09:53:47.881650,Completed
4205,8960b3b6-56a4-4058-a1ca-d467c511dff4,652,4.0,,Withdrawal,81.67,2026-09-28 09:53:47.881650,Completed
4206,3b64182c-b0e4-4625-abff-6451f8ea642b,830,,,Adjustment,491.77,2026-09-28 09:53:47.881650,Completed
4207,1f1ff00b-babe-4d32-a88e-1a681fa0ec6c,292,5.0,,Deposit,397.71,2026-09-28 09:53:47.881650,Completed
4208,b7ea8226-d8cc-47f3-b13b-18011dd146c3,410,,,Adjustment,398.16,2026-09-28 09:53:47.881650,Completed
4209,2f155dee-ddb4-478d-961f-a15e8233f4c1,175,3.0,,Deposit,114.99,2026-09-28 09:53:47.881650,Completed
4210,4df55ce4-062a-4861-a086-53e0d014eb7c,503,2.0,,Deposit,251.96,2026-09-28 09:53:47.881650,Completed
4211,565c3da5-34ba-4f20-8d25-dc4adf199e95,806,1.0,,Withdrawal,392.65,2026-09-28 09:53:47.881650,Completed
4212,a6e884fb-dd2f-421e-934b-85b79c768875,96,4.0,,Withdrawal,353.38,2026-09-28 09:53:47.881650,Completed
4213,17c35125-7f86-4a93-95b6-989a95481762,759,4.0,,Withdrawal,374.62,2026-09-28 09:53:47.881650,Completed
4214,16925b9b-b2a4-4336-943a-881711f22bfe,468,3.0,,Withdrawal,458.53,2026-09-28 09:53:47.881650,Completed
4215,2f0089d8-c675-40ab-9004-a236a513c3fd,857,4.0,,Withdrawal,180.16,2026-09-28 09:53:47.881650,Completed
4216,fb062c06-9f07-4687-a095-1fe219cb3445,383,,,Adjustment,469.62,2026-09-28 09:53:47.881650,Completed
4217,cba8e795-0481-4e39-868a-1c2fb9c3c24c,889,5.0,,Withdrawal,417.47,2026-09-28 09:53:47.881650,Completed
4218,51d04937-bdae-402b-b347-a3be0792c9fe,109,,,Adjustment,236.72,2026-09-28 09:53:47.881650,Completed
4219,6a321aae-23f6-4a79-8b74-a008e12ef727,518,5.0,,Deposit,145.57,2026-09-28 09:53:47.881650,Completed
4220,78734013-2279-40b7-8f9c-df17410c1655,436,2.0,,Deposit,487.25,2026-09-28 09:53:47.881650,Completed
4221,d6466845-5e78-4ddd-aeef-39decdacf8af,887,5.0,,Withdrawal,106.53,2026-09-28 09:53:47.881650,Completed
4222,de86035c-a3e7-4019-8890-5fca1a53f91f,553,3.0,,Withdrawal,358.29,2026-09-28 09:53:47.881650,Completed
4223,a235ecc7-365e-434a-a833-9408064b28fb,578,2.0,,Deposit,133.58,2026-09-28 09:53:47.881650,Completed
4224,3a697cc0-2888-4528-a82a-3a4f0fad141e,259,,,Adjustment,16.75,2026-09-28 09:53:47.881650,Completed
4225,989d8091-42f1-4c85-af90-0e1320024512,47,2.0,,Withdrawal,70.85,2026-09-28 09:53:47.881650,Completed
4226,59efa063-8b5e-4541-8aa2-11b176a18585,614,5.0,,Withdrawal,478.3,2026-09-28 09:53:47.881650,Completed
4227,a76b08b8-1d55-4c21-a496-1d8707ab5be5,477,,,Adjustment,262.22,2026-09-28 09:53:47.881650,Completed
4228,08c9b6d4-54ba-448e-9ae1-cb770741d297,96,,,Adjustment,261.42,2026-09-28 09:53:47.881650,Completed
4229,8a70e40e-119b-41fa-8eb9-f9216750c5e7,382,5.0,,Withdrawal,116.34,2026-09-28 09:53:47.881650,Completed
4230,a6ab46aa-17c7-44f8-a8ba-a2326d9d3ef7,28,,,Adjustment,443.96,2026-09-28 09:53:47.881650,Completed
4231,2c5e5618-ae96-4bb6-b67e-f3c83bd2734d,21,5.0,,Withdrawal,116.52,2026-09-28 09:53:47.881650,Completed
4232,2bfbd48e-cf52-4f33-8a6a-daae77309894,224,1.0,,Deposit,104.35,2026-09-28 09:53:47.881650,Completed
4233,dcc9b0af-7565-4df2-a87e-8ff208385e07,332,5.0,,Withdrawal,482.97,2026-09-28 09:53:47.881650,Completed
4234,5846f9ce-3b11-4b87-a46c-457c4ea56b62,965,,,Adjustment,91.7,2026-09-28 09:53:47.881650,Completed
4235,631886f7-67a6-48a0-9bcd-60c520ea1a75,708,3.0,,Deposit,336.73,2026-09-28 09:53:47.881650,Completed
4236,f6d18df4-b238-4220-89bd-f5e604915007,835,4.0,,Deposit,23.95,2026-09-28 09:53:47.881650,Completed
4237,c5387cab-2335-4caa-8006-83fca10d8be0,163,1.0,,Deposit,351.23,2026-09-28 09:53:47.881650,Completed
4238,80c26e09-14b4-4755-ad96-4fa4be1c027a,414,,,Adjustment,419.41,2026-09-28 09:53:47.881650,Completed
4239,859468f9-4817-453e-a88d-4b1e034db4e4,923,2.0,,Withdrawal,491.99,2026-09-28 09:53:47.881650,Completed
4240,3ec0a010-e4b8-4970-bb4d-386fa780b708,182,2.0,,Withdrawal,302.13,2026-09-28 09:53:47.881650,Completed
4241,0a6c43c9-a022-4152-97d1-ea52eaa35906,440,4.0,,Withdrawal,474.59,2026-09-28 09:53:47.881650,Completed
4242,2db99676-a720-416e-a392-ee8e62c9d71f,515,5.0,,Deposit,279.44,2026-09-28 09:53:47.881650,Completed
4243,f055e70d-4425-47a3-b94b-3cb443dce487,575,2.0,,Deposit,465.52,2026-09-28 09:53:47.881650,Completed
4244,88cfc72c-5f3d-42b8-9547-d51c54bbee18,720,,,Adjustment,70.02,2026-09-28 09:53:47.881650,Completed
4245,d5f547a9-263f-40df-895e-e506eb343d30,545,2.0,,Withdrawal,54.84,2026-09-28 09:53:47.881650,Completed
4246,911231c7-5574-4e60-b8b0-506d167a19a6,250,3.0,,Withdrawal,185.53,2026-09-28 09:53:47.881650,Completed
4247,ad5d15d2-7897-4050-b2f8-495e937c313a,590,5.0,,Withdrawal,361.43,2026-09-28 09:53:47.881650,Completed
4248,7df039c5-d007-46fd-b264-39ab1fc1b3c4,311,4.0,,Deposit,250.88,2026-09-28 09:53:47.881650,Completed
4249,92dc8615-2ae0-4724-b3a7-bbad903f0aff,709,,,Adjustment,390.02,2026-09-28 09:53:47.881650,Completed
4250,fcb41458-9d96-49a0-b801-a05e8c562b6d,587,1.0,,Deposit,98.88,2026-09-28 09:53:47.881650,Completed
4251,2312aea1-9138-421f-82be-e6b6777b740c,57,1.0,,Withdrawal,385.44,2026-09-28 09:53:47.881650,Completed
4252,24200eba-dbfe-49fa-a0a8-ba926c8ab67e,875,1.0,,Deposit,68.49,2026-09-28 09:53:47.881650,Completed
4253,fb068158-508d-497d-85ac-d012a65a56e3,791,2.0,,Deposit,150.54,2026-09-28 09:53:47.881650,Completed
4254,f49b7e21-a5c3-435b-b0d3-3c5be360ac17,812,4.0,,Deposit,341.15,2026-09-28 09:53:47.881650,Completed
4255,51014cc7-ca91-4f86-acca-baa46f549586,367,5.0,,Deposit,460.11,2026-09-28 09:53:47.881650,Completed
4256,42f6f31c-6524-471c-b1d0-3fe1faf48867,614,,,Adjustment,242.21,2026-09-28 09:53:47.881650,Completed
4257,d50a5d74-5eca-42a2-8f34-c110f8dd12bc,872,2.0,,Withdrawal,403.58,2026-09-28 09:53:47.881650,Completed
4258,5f4b1f2e-8834-4d1d-b879-0ebb4a374458,741,2.0,,Deposit,79.56,2026-09-28 09:53:47.881650,Completed
4259,76cf39b0-c112-44c4-aa45-f01e7d3e271a,185,1.0,,Withdrawal,119.09,2026-09-28 09:53:47.881650,Completed
4260,fe8f3c3b-d609-404e-9db0-af7d6874bcea,447,2.0,,Deposit,414.65,2026-09-28 09:53:47.881650,Completed
4261,e98d165d-b67c-4ef7-8df5-e145e9bc29de,467,,,Adjustment,249.24,2026-09-28 09:53:47.881650,Completed
4262,5a0dd41c-88b9-4529-9e83-9c99bffd0fe6,713,3.0,,Withdrawal,459.7,2026-09-28 09:53:47.881650,Completed
4263,616fa75d-507b-46e5-ba98-66c748409c29,605,3.0,,Deposit,460.35,2026-09-28 09:53:47.881650,Completed
4264,0aa78cbb-84b4-4f1b-b2e4-a31c0b55c296,784,3.0,,Withdrawal,43.82,2026-09-28 09:53:47.881650,Completed
4265,4c5c27f6-1372-43e1-8898-b313a7be0971,227,4.0,,Withdrawal,256.41,2026-09-28 09:53:47.881650,Completed
4266,d7eada16-56f3-4a0b-9053-36036b878f3f,506,3.0,,Deposit,317.63,2026-09-28 09:53:47.881650,Completed
4267,a04ddc69-1fd1-4d5c-82d0-5cf2ea4238fd,354,2.0,,Withdrawal,217.97,2026-09-28 09:53:47.881650,Completed
4268,d5f8a60a-8e76-4aef-95cb-eee904fae165,904,1.0,,Withdrawal,294.7,2026-09-28 09:53:47.881650,Completed
4269,9519deb0-5b95-408a-885a-4e70aec1911d,105,2.0,,Withdrawal,20.6,2026-09-28 09:53:47.881650,Completed
4270,cc3abe1d-ec3a-4db4-a614-6b824d322a32,811,3.0,,Deposit,226.61,2026-09-28 09:53:47.881650,Completed
4271,ba8ab1fc-195d-4042-84ef-6f606cf5218a,748,,,Adjustment,232.95,2026-09-28 09:53:47.881650,Completed
4272,06db7b8a-54eb-4852-9be6-ebb61a8cd326,38,,,Adjustment,407.96,2026-09-28 09:53:47.881650,Completed
4273,d0dedd9b-9b74-4e1b-ae69-b47b32f9b7c0,158,1.0,,Withdrawal,136.07,2026-09-28 09:53:47.881650,Completed
4274,3f6538b0-e3de-4ba8-a329-0fe2d6b6f815,732,1.0,,Withdrawal,389.43,2026-09-28 09:53:47.881650,Completed
4275,5bc56041-3b95-499e-b2ad-6412d93be16a,545,5.0,,Deposit,271.38,2026-09-28 09:53:47.881650,Completed
4276,1ed9e459-be65-469d-be27-6a4e2a533516,847,5.0,,Deposit,219.23,2026-09-28 09:53:47.881650,Completed
4277,0079ade4-f1a3-475c-8c63-64d4298dd520,44,,,Adjustment,39.15,2026-09-28 09:53:47.881650,Completed
4278,de19f919-ee2d-469c-880e-301b70f16f59,536,1.0,,Withdrawal,10.01,2026-09-28 09:53:47.881650,Completed
4279,4d450267-46db-4fad-af87-570d1860890a,511,5.0,,Deposit,327.59,2026-09-28 09:53:47.881650,Completed
4280,51ddc6a2-f6c0-427b-9870-46719072ddd3,828,,,Adjustment,367.08,2026-09-28 09:53:47.881650,Completed
4281,f26b5746-1457-465a-9135-e41355297d6e,341,2.0,,Deposit,81.07,2026-09-28 09:53:47.881650,Completed
4282,a92a6095-2c00-4cc7-91d5-8e27bdfa5631,625,4.0,,Deposit,345.54,2026-09-28 09:53:47.881650,Completed
4283,64d6b97c-56d4-432c-9adf-e19a72eed233,71,,,Adjustment,346.26,2026-09-28 09:53:47.881650,Completed
4284,b07aa9c3-bef7-4e0c-a3c5-40748c89274d,891,3.0,,Withdrawal,292.38,2026-09-28 09:53:47.881650,Completed
4285,57765a36-d38f-482d-83dc-5ec7b95198f9,402,,,Adjustment,421.6,2026-09-28 09:53:47.881650,Completed
4286,7e4ad6aa-c7f0-41b9-95ef-e6bbad4490af,279,2.0,,Withdrawal,344.09,2026-09-28 09:53:47.881650,Completed
4287,55c4ea4b-c3b3-49ad-a5c9-44fb435559d8,836,4.0,,Withdrawal,469.77,2026-09-28 09:53:47.881650,Completed
4288,800d5e8f-55ca-421d-b2b8-b40273f78964,145,2.0,,Deposit,415.11,2026-09-28 09:53:47.881650,Completed
4289,e15ce73a-a83f-403d-8ee9-9865288d4f4a,519,5.0,,Withdrawal,72.83,2026-09-28 09:53:47.881650,Completed
4290,f627b377-1f46-4d8d-88da-dd2a54c27628,860,,,Adjustment,321.42,2026-09-28 09:53:47.881650,Completed
4291,681b0491-5ac0-4b2b-a5d5-8130fa98b6d6,561,,,Adjustment,208.63,2026-09-28 09:53:47.881650,Completed
4292,035b943f-1963-4985-88b8-3901f7bc9e28,67,4.0,,Deposit,384.6,2026-09-28 09:53:47.881650,Completed
4293,6bb65440-78d7-4951-bffb-0d292bc7ec9c,818,4.0,,Deposit,65.43,2026-09-28 09:53:47.881650,Completed
4294,0813b9cc-1333-433c-b1d7-7c521f8040f1,904,1.0,,Withdrawal,355.71,2026-09-28 09:53:47.881650,Completed
4295,bd39d40f-7522-40f5-860d-911cbce68662,483,1.0,,Withdrawal,11.31,2026-09-28 09:53:47.881650,Completed
4296,68706877-c970-4a72-ad06-31d1efeb42b5,768,,,Adjustment,463.62,2026-09-28 09:53:47.881650,Completed
4297,6d5cf36f-6eef-4190-a836-6cc185796c65,244,4.0,,Withdrawal,445.13,2026-09-28 09:53:47.881650,Completed
4298,b8771170-bbb4-4b23-8403-c53da2006c92,246,,,Adjustment,407.42,2026-09-28 09:53:47.881650,Completed
4299,f1c15b8f-9422-498a-a033-fe0ee7fec115,519,2.0,,Deposit,48.46,2026-09-28 09:53:47.881650,Completed
4300,d1a7e599-6365-47ce-bec1-819fcc3d73cd,680,1.0,,Withdrawal,67.62,2026-09-28 09:53:47.881650,Completed
4301,2d35cb86-e0cc-44a6-a238-30a353b5957c,663,4.0,,Withdrawal,183.57,2026-09-28 09:53:47.881650,Completed
4302,8dbd834b-05bc-428f-a71d-8cf920e0cf4a,271,3.0,,Deposit,138.38,2026-09-28 09:53:47.881650,Completed
4303,1e15494e-73d4-45f4-ae64-67c6dc10526e,515,,,Adjustment,368.51,2026-09-28 09:53:47.881650,Completed
4304,a4e9a3e5-6bf1-4a90-91e6-7391fe379a75,128,3.0,,Deposit,158.99,2026-09-28 09:53:47.881650,Completed
4305,02a7b776-1c96-419c-8ffe-53d2f36cc99e,778,,,Adjustment,482.32,2026-09-28 09:53:47.881650,Completed
4306,7aa9a827-8698-4cb2-b16e-c104f42c73d8,787,,,Adjustment,10.87,2026-09-28 09:53:47.881650,Completed
4307,75413578-dcff-427a-9ede-fe10aae0802a,719,2.0,,Deposit,430.87,2026-09-28 09:53:47.881650,Completed
4308,c08ac38f-e833-45ed-bd9c-aede8d8a8828,883,3.0,,Deposit,189.92,2026-09-28 09:53:47.881650,Completed
4309,384748f4-c787-47db-a433-60b450e2f3c5,801,,,Adjustment,346.23,2026-09-28 09:53:47.881650,Completed
4310,d41ce8e0-7a6e-4519-bf58-82477af718c0,312,,,Adjustment,221.77,2026-09-28 09:53:47.881650,Completed
4311,42d2c5dd-55d0-4025-8b44-623a4b2eb4f9,294,,,Adjustment,303.26,2026-09-28 09:53:47.881650,Completed
4312,8e9b2676-e85c-45d1-905b-e45d0b3af60b,725,2.0,,Withdrawal,484.11,2026-09-28 09:53:47.881650,Completed
4313,776c1048-704c-4af7-857d-277336ef03e7,176,,,Adjustment,218.24,2026-09-28 09:53:47.881650,Completed
4314,dede108c-fc7a-4cc8-98a5-7dd019f72a47,641,4.0,,Withdrawal,410.17,2026-09-28 09:53:47.881650,Completed
4315,23c7740a-303b-4f88-9458-c73ab4e2ab72,985,4.0,,Deposit,110.72,2026-09-28 09:53:47.881650,Completed
4316,9c40b07b-09a1-4479-8809-684867638992,305,,,Adjustment,257.69,2026-09-28 09:53:47.881650,Completed
4317,4b80f805-8658-412a-aea5-6b2b5bbe953f,781,4.0,,Withdrawal,481.94,2026-09-28 09:53:47.881650,Completed
4318,77d0e921-51b0-4b73-9ec6-a5976c0d70dd,938,4.0,,Deposit,359.46,2026-09-28 09:53:47.881650,Completed
4319,f5e6e0c1-6f17-406e-b2db-f41358e1973a,25,5.0,,Withdrawal,428.29,2026-09-28 09:53:47.881650,Completed
4320,f720a0da-b812-4cd2-a6fa-dd3f02d03ec0,936,2.0,,Withdrawal,451.03,2026-09-28 09:53:47.881650,Completed
4321,8d25afcb-dd67-45e8-bdd0-578f0fa299dd,763,3.0,,Withdrawal,395.55,2026-09-28 09:53:47.881650,Completed
4322,1c1aa51b-cf57-4864-ae04-73d088f30d6d,116,2.0,,Deposit,362.61,2026-09-28 09:53:47.881650,Completed
4323,aa7874f2-4051-4214-9166-b2b6a6a09107,182,3.0,,Deposit,464.17,2026-09-28 09:53:47.881650,Completed
4324,7dc4371c-29a6-4095-a463-c6f7cea30106,997,1.0,,Deposit,355.54,2026-09-28 09:53:47.881650,Completed
4325,12b08c7e-abf1-4d8f-a29d-b6cddd0bccbe,623,,,Adjustment,409.42,2026-09-28 09:53:47.881650,Completed
4326,c99ed3e6-ac7d-4c93-b84b-8146e7369032,261,1.0,,Deposit,120.25,2026-09-28 09:53:47.881650,Completed
4327,fd43be77-ebab-44d8-8811-fcd6bfa74fc7,548,2.0,,Withdrawal,205.71,2026-09-28 09:53:47.881650,Completed
4328,21628e1e-05c3-447e-bf08-ababa6c70e7f,346,5.0,,Withdrawal,56.03,2026-09-28 09:53:47.881650,Completed
4329,fd50fa1b-a663-4eab-931e-ec0638b613fb,67,1.0,,Withdrawal,243.46,2026-09-28 09:53:47.881650,Completed
4330,4d581ae3-eea2-4faa-9cb7-3e30fdf416ee,620,3.0,,Deposit,357.02,2026-09-28 09:53:47.881650,Completed
4331,7e8f6382-c4a6-48b3-b86e-8574e2313382,870,,,Adjustment,232.12,2026-09-28 09:53:47.881650,Completed
4332,a938618d-2139-4487-b5c5-aa7d4e5138f9,756,3.0,,Deposit,431.07,2026-09-28 09:53:47.881650,Completed
4333,6f9b9f84-a836-4128-a1ef-e918726e03e4,841,4.0,,Deposit,180.64,2026-09-28 09:53:47.881650,Completed
4334,dbbd1afb-6b47-4b27-9c3d-df1ca5d925c2,32,,,Adjustment,338.0,2026-09-28 09:53:47.881650,Completed
4335,c9ee9c73-e8c2-4108-9742-e1eb9759bef2,763,5.0,,Withdrawal,405.7,2026-09-28 09:53:47.881650,Completed
4336,9f3d08c0-d2e9-4c8b-9049-710d9b9b9ea5,828,4.0,,Withdrawal,187.94,2026-09-28 09:53:47.881650,Completed
4337,9e54c807-cb41-4764-8c6a-fcd09580aee0,166,3.0,,Withdrawal,459.11,2026-09-28 09:53:47.881650,Completed
4338,8372a4e6-9ba2-4c57-8e02-8d20f75276a7,632,4.0,,Withdrawal,264.32,2026-09-28 09:53:47.881650,Completed
4339,b55cf324-4857-477c-baad-9e924d729190,720,,,Adjustment,329.07,2026-09-28 09:53:47.881650,Completed
4340,46078ebc-07c6-4ecc-ae07-58be4d7a1c91,323,,,Adjustment,396.37,2026-09-28 09:53:47.881650,Completed
4341,a16b291e-63d6-4cb7-9961-bf182c7eacf2,876,5.0,,Deposit,199.05,2026-09-28 09:53:47.881650,Completed
4342,2a4b2873-4087-484a-9d95-f00c00e4a674,881,2.0,,Deposit,20.26,2026-09-28 09:53:47.881650,Completed
4343,dd895de1-5a89-4c1e-b912-68d5e36c4622,554,,,Adjustment,436.91,2026-09-28 09:53:47.881650,Completed
4344,78d96bab-2cf1-4ffb-b919-fb60e06d940d,771,3.0,,Withdrawal,448.18,2026-09-28 09:53:47.881650,Completed
4345,04399a87-7d39-4166-98bc-bba530025114,94,,,Adjustment,126.27,2026-09-28 09:53:47.881650,Completed
4346,3f2abe77-30ef-401a-b5aa-1133843921ae,628,3.0,,Withdrawal,437.0,2026-09-28 09:53:47.881650,Completed
4347,1128412b-e115-482a-80c6-ed643c4afe16,885,2.0,,Deposit,447.02,2026-09-28 09:53:47.881650,Completed
4348,0a1bef6d-d5f6-456c-91c2-10878d1c063c,147,,,Adjustment,111.84,2026-09-28 09:53:47.881650,Completed
4349,75d44feb-e617-4571-893d-69611a6d109d,503,3.0,,Deposit,212.88,2026-09-28 09:53:47.881650,Completed
4350,7ce47d74-3a43-4f6c-ba0e-5eaed967b437,756,,,Adjustment,254.25,2026-09-28 09:53:47.881650,Completed
4351,8afdd9a5-f60c-4a15-97af-03d4bfa275e7,847,3.0,,Withdrawal,381.22,2026-09-28 09:53:47.881650,Completed
4352,bb8b9ebf-f4d4-42b6-a3c4-dc1d4e900433,986,1.0,,Withdrawal,53.27,2026-09-28 09:53:47.881650,Completed
4353,290f0e33-2e22-4816-b3b0-53d9cf29295f,265,,,Adjustment,311.19,2026-09-28 09:53:47.881650,Completed
4354,c37e2481-8e4b-441d-b158-ed2615ce0e99,317,2.0,,Withdrawal,44.44,2026-09-28 09:53:47.881650,Completed
4355,ddb44019-ba91-47e7-9a71-193f6969c524,427,2.0,,Deposit,220.45,2026-09-28 09:53:47.881650,Completed
4356,9f37e2ba-3c77-4191-9e47-b55d62873d37,50,5.0,,Deposit,389.77,2026-09-28 09:53:47.881650,Completed
4357,4b157075-058d-49e4-af6f-d7437d9a4186,352,5.0,,Deposit,204.9,2026-09-28 09:53:47.881650,Completed
4358,6c452333-6908-4771-8e9b-44ec3b4f4d86,748,,,Adjustment,240.46,2026-09-28 09:53:47.881650,Completed
4359,75eff5be-eeaf-4250-9d3a-94007c1b7af5,774,1.0,,Deposit,289.63,2026-09-28 09:53:47.881650,Completed
4360,654f36a6-4eec-4849-96fb-7a27dbc9ff29,384,,,Adjustment,375.81,2026-09-28 09:53:47.881650,Completed
4361,9354551c-9f53-42b9-8ffa-b5b9996f4418,957,,,Adjustment,153.22,2026-09-28 09:53:47.881650,Completed
4362,7866c8c3-8572-4d5b-b57b-7a6422002a55,382,3.0,,Withdrawal,188.96,2026-09-28 09:53:47.881650,Completed
4363,67af811b-5e58-4532-b603-95abf0279ab4,115,,,Adjustment,40.08,2026-09-28 09:53:47.881650,Completed
4364,146f15c3-7999-4236-9093-5b383d429804,598,1.0,,Withdrawal,95.96,2026-09-28 09:53:47.881650,Completed
4365,e0cfb4b2-7e91-4260-80ea-6d05270c7485,148,5.0,,Withdrawal,449.32,2026-09-28 09:53:47.881650,Completed
4366,2ca10cb4-51dd-4530-bc2d-cf14f3b52846,974,1.0,,Deposit,445.75,2026-09-28 09:53:47.881650,Completed
4367,62e991a2-3e41-4cfd-8fc0-871534ac61ca,965,3.0,,Deposit,457.15,2026-09-28 09:53:47.881650,Completed
4368,77b439ef-eb4c-4c98-9ead-7955dd7c97fc,900,,,Adjustment,57.76,2026-09-28 09:53:47.881650,Completed
4369,0a1b207d-403b-40f8-bc1e-028574cc0fca,104,4.0,,Deposit,97.1,2026-09-28 09:53:47.881650,Completed
4370,ed773e45-e0e6-41c3-9427-bfc7bc0308e6,457,2.0,,Withdrawal,359.86,2026-09-28 09:53:47.881650,Completed
4371,41b0afc9-0998-4bf8-8fc9-ded5acf36a50,935,,,Adjustment,458.45,2026-09-28 09:53:47.881650,Completed
4372,72746ebd-fea8-4f3b-96f0-437666e33b42,644,3.0,,Withdrawal,496.04,2026-09-28 09:53:47.881650,Completed
4373,31f813e1-9e1b-4d82-b245-113d1a5bae5f,420,5.0,,Deposit,479.01,2026-09-28 09:53:47.881650,Completed
4374,21fc8db0-fea6-4021-ab8c-44ca245db456,654,,,Adjustment,377.27,2026-09-28 09:53:47.881650,Completed
4375,2d9f1750-488d-445e-9bff-2f11f29ea408,588,5.0,,Deposit,275.82,2026-09-28 09:53:47.881650,Completed
4376,b82fd425-38b7-473f-b6fd-2ea5e7304e42,259,,,Adjustment,324.32,2026-09-28 09:53:47.881650,Completed
4377,8a382112-f151-4155-a577-db0bbb0de202,286,2.0,,Deposit,230.59,2026-09-28 09:53:47.881650,Completed
4378,55043b4d-0ec5-45ed-8b59-161deccdc05e,832,2.0,,Withdrawal,157.98,2026-09-28 09:53:47.881650,Completed
4379,050d7386-5356-42c4-98fe-54a4e6f29f49,60,,,Adjustment,237.25,2026-09-28 09:53:47.881650,Completed
4380,c3db9431-d9d1-4e58-879f-d14753bb93e7,313,,,Adjustment,412.01,2026-09-28 09:53:47.881650,Completed
4381,d0359c00-4c8c-4ba0-bcdc-4b4254780320,349,,,Adjustment,206.94,2026-09-28 09:53:47.881650,Completed
4382,45bc6325-544b-4712-a8fa-b3ee28202586,997,2.0,,Deposit,271.4,2026-09-28 09:53:47.881650,Completed
4383,7aec5611-185e-49ae-983a-480db752a89a,554,5.0,,Deposit,348.34,2026-09-28 09:53:47.881650,Completed
4384,602c857e-b4f2-4133-be69-04175a057897,144,5.0,,Withdrawal,75.43,2026-09-28 09:53:47.881650,Completed
4385,69849099-8a93-4297-bac8-145c2a652238,872,4.0,,Deposit,116.54,2026-09-28 09:53:47.881650,Completed
4386,f5268212-c66f-4782-a8c1-bbea84d5b927,691,2.0,,Withdrawal,150.72,2026-09-28 09:53:47.881650,Completed
4387,f122b366-6656-462e-876d-781ba7140ccb,236,3.0,,Deposit,322.74,2026-09-28 09:53:47.881650,Completed
4388,fc0331eb-f541-4335-bc91-345f1b4d26a9,516,,,Adjustment,388.96,2026-09-28 09:53:47.881650,Completed
4389,c7e2bc45-bc43-44ce-92d3-4f38ebc18d2e,143,2.0,,Deposit,144.27,2026-09-28 09:53:47.881650,Completed
4390,70b8d44a-8def-4bc9-9c6e-89d0b0ff27a4,282,5.0,,Deposit,352.54,2026-09-28 09:53:47.881650,Completed
4391,aca35fe6-deca-4187-afee-c341d39d2544,8,,,Adjustment,125.15,2026-09-28 09:53:47.881650,Completed
4392,40043d84-16f5-4d3f-b3cf-23d40ea754d1,970,,,Adjustment,265.95,2026-09-28 09:53:47.881650,Completed
4393,a22e1ee7-9516-4176-9c58-37de46f48cb1,618,1.0,,Withdrawal,387.68,2026-09-28 09:53:47.881650,Completed
4394,e6753afd-66e0-48b9-8fe8-8ee0eb591979,651,2.0,,Deposit,197.47,2026-09-28 09:53:47.881650,Completed
4395,980ba3f9-4926-4633-af93-8c10ccf4ddc3,684,,,Adjustment,41.9,2026-09-28 09:53:47.881650,Completed
4396,ed82f4df-a515-4427-83e1-43368bff307a,757,,,Adjustment,274.66,2026-09-28 09:53:47.881650,Completed
4397,6c39ffa4-42e3-42d7-92b6-3e2470dbfcdd,334,2.0,,Withdrawal,389.35,2026-09-28 09:53:47.881650,Completed
4398,1d08a556-fb29-460b-89d7-8a550faec7d8,336,1.0,,Withdrawal,288.89,2026-09-28 09:53:47.881650,Completed
4399,3929d652-ce2d-46f9-8fe6-21a612dcd0de,608,,,Adjustment,119.8,2026-09-28 09:53:47.881650,Completed
4400,a48f80fe-9663-4bd6-9257-7c3e70e7a1ad,574,5.0,,Withdrawal,352.22,2026-09-28 09:53:47.881650,Completed
4401,5bdcbdd0-219f-40d9-b84c-bf8d5f4a01f2,15,4.0,,Withdrawal,180.1,2026-09-28 09:53:47.881650,Completed
4402,f30a7936-cd52-4c14-9f3e-2ecd61d72373,67,4.0,,Deposit,189.34,2026-09-28 09:53:47.881650,Completed
4403,f0988ad6-e489-44c0-abad-b80e5d9f3ef2,180,,,Adjustment,103.05,2026-09-28 09:53:47.881650,Completed
4404,337f6a78-6ff8-49c3-8d9f-1dfbff09e096,646,1.0,,Withdrawal,162.64,2026-09-28 09:53:47.881650,Completed
4405,ecee3f6c-9b08-497f-9439-9acf8a4bdfa6,485,3.0,,Deposit,149.84,2026-09-28 09:53:47.881650,Completed
4406,1fa868d9-bebf-44c2-9710-864756d4da38,602,,,Adjustment,109.97,2026-09-28 09:53:47.881650,Completed
4407,46b45f98-f011-45a2-9783-c8f7cd624585,147,,,Adjustment,309.43,2026-09-28 09:53:47.881650,Completed
4408,fb749791-7e41-4c3a-8a56-7e9c36196105,863,2.0,,Withdrawal,251.4,2026-09-28 09:53:47.881650,Completed
4409,24053945-4236-4c76-bc8f-8d791dc6c754,717,,,Adjustment,233.71,2026-09-28 09:53:47.881650,Completed
4410,8a3d2382-9006-4907-b6df-43e8f02c07fd,466,3.0,,Deposit,413.87,2026-09-28 09:53:47.881650,Completed
4411,ca23ad51-a441-46c6-9900-0519c86f71ed,176,5.0,,Deposit,472.18,2026-09-28 09:53:47.881650,Completed
4412,5f48cd13-50d7-4d11-a92b-30e12d1ff25f,326,,,Adjustment,271.96,2026-09-28 09:53:47.881650,Completed
4413,f4f0b73a-e0b8-41be-b361-d785d6f8df8f,728,4.0,,Deposit,308.39,2026-09-28 09:53:47.881650,Completed
4414,0af58187-81bd-4104-9119-cda37caf7e74,13,1.0,,Withdrawal,209.42,2026-09-28 09:53:47.881650,Completed
4415,4e279d9e-16a5-4af0-b0cd-f67872c017cf,36,4.0,,Withdrawal,446.12,2026-09-28 09:53:47.881650,Completed
4416,f7bb6283-038a-45e2-9a2f-23dc11085bc6,574,5.0,,Deposit,133.32,2026-09-28 09:53:47.881650,Completed
4417,ed7dc060-07b4-4e96-ac40-974690b9a1be,997,2.0,,Withdrawal,253.41,2026-09-28 09:53:47.881650,Completed
4418,049fecff-2186-4d69-b564-9ccb317ca8c3,347,,,Adjustment,289.84,2026-09-28 09:53:47.881650,Completed
4419,6d8d5422-8192-4e52-985d-7c57169d5792,565,2.0,,Withdrawal,442.46,2026-09-28 09:53:47.881650,Completed
4420,ee43dc9a-c6dd-47f0-9d13-91478d637c03,617,3.0,,Deposit,160.2,2026-09-28 09:53:47.881650,Completed
4421,98590cd2-7e10-4897-8eaa-8cc4bc66f31c,454,4.0,,Withdrawal,200.01,2026-09-28 09:53:47.881650,Completed
4422,26a47276-2829-4028-b0d2-2d7046b50376,617,5.0,,Deposit,311.44,2026-09-28 09:53:47.881650,Completed
4423,76a26427-2785-4bdc-8c89-d1a046dbdde1,154,2.0,,Withdrawal,104.59,2026-09-28 09:53:47.881650,Completed
4424,a617c439-70f6-41b0-b98f-a87106e9eb73,280,2.0,,Deposit,414.07,2026-09-28 09:53:47.881650,Completed
4425,d1db6d3f-13de-4934-9fa4-fc7bbffbf36c,608,2.0,,Deposit,263.99,2026-09-28 09:53:47.881650,Completed
4426,eafeae21-aad0-47cb-bc40-c24513ccabe0,145,,,Adjustment,46.1,2026-09-28 09:53:47.881650,Completed
4427,36c97a03-75c5-435a-8a33-4c1b09173086,243,4.0,,Deposit,469.41,2026-09-28 09:53:47.881650,Completed
4428,06aa8deb-f3b9-4287-b345-5738a7c715dc,102,,,Adjustment,95.77,2026-09-28 09:53:47.881650,Completed
4429,10726083-5af9-4e09-ab97-d8a7514e75e0,213,3.0,,Deposit,426.75,2026-09-28 09:53:47.881650,Completed
4430,a31d38d8-8069-4fb3-95ec-669e7fb7055e,341,5.0,,Deposit,275.14,2026-09-28 09:53:47.881650,Completed
4431,7226b902-a605-45e6-888d-56d11a0c2012,720,3.0,,Withdrawal,154.53,2026-09-28 09:53:47.881650,Completed
4432,029a4ebb-4102-4f52-8400-c667d2eb0380,587,1.0,,Deposit,339.59,2026-09-28 09:53:47.881650,Completed
4433,c4c0ac0a-a0ba-4edc-a1bc-db9921ec3d47,396,,,Adjustment,148.18,2026-09-28 09:53:47.881650,Completed
4434,0ed5a00d-ef74-4718-af2d-717d24edbbc5,996,4.0,,Withdrawal,293.39,2026-09-28 09:53:47.881650,Completed
4435,e0ee01a5-ae51-4814-a1a9-5f3f373923e4,351,4.0,,Deposit,375.83,2026-09-28 09:53:47.881650,Completed
4436,441b0b2a-0384-460a-b690-0f9d036b6478,82,,,Adjustment,363.25,2026-09-28 09:53:47.881650,Completed
4437,d7be0c91-87b5-4c74-9a38-cbdcd7aa3439,324,,,Adjustment,290.76,2026-09-28 09:53:47.881650,Completed
4438,cc8f2668-1bf7-45df-9c85-c7c8ec04d5e5,870,,,Adjustment,302.21,2026-09-28 09:53:47.881650,Completed
4439,cc7927ce-ff9d-4f31-b229-55cc892ad783,534,1.0,,Deposit,63.17,2026-09-28 09:53:47.881650,Completed
4440,0bcbc09c-52cc-47a7-9c16-f11b31cc232d,35,2.0,,Withdrawal,279.59,2026-09-28 09:53:47.881650,Completed
4441,0a639293-9c7a-4692-88b9-474ef1061810,129,2.0,,Deposit,460.16,2026-09-28 09:53:47.881650,Completed
4442,dd3ed06c-8d79-4d61-b109-09dcc421d6b5,526,,,Adjustment,29.9,2026-09-28 09:53:47.881650,Completed
4443,7183e311-9c9a-434e-9a43-7b03e92d89d1,256,,,Adjustment,46.91,2026-09-28 09:53:47.881650,Completed
4444,643dbde5-bee1-4524-8978-599b3eeb4ce5,135,1.0,,Withdrawal,176.79,2026-09-28 09:53:47.881650,Completed
4445,ea34b254-dfbf-4774-a89c-83a6068b7131,744,,,Adjustment,16.06,2026-09-28 09:53:47.881650,Completed
4446,c79abfe2-a920-4ec7-9954-20a9cb1e7d88,783,3.0,,Withdrawal,403.83,2026-09-28 09:53:47.881650,Completed
4447,1c62db9d-0cbe-4573-a908-011f8d4f69fc,153,2.0,,Withdrawal,142.83,2026-09-28 09:53:47.881650,Completed
4448,f64152ff-f8fc-472f-810e-91273583898f,610,,,Adjustment,221.44,2026-09-28 09:53:47.881650,Completed
4449,ce4043f9-685f-47e3-9fe0-eb5f6fa4d17c,890,,,Adjustment,490.25,2026-09-28 09:53:47.881650,Completed
4450,5bfeab05-8b70-4166-8258-d43b89154b56,476,,,Adjustment,363.92,2026-09-28 09:53:47.881650,Completed
4451,7d3a5718-54c7-4e10-a914-b23750c99e0e,768,5.0,,Deposit,387.88,2026-09-28 09:53:47.881650,Completed
4452,08af8b0f-f9ca-4e7f-97c2-eb863a72c5be,100,2.0,,Deposit,242.93,2026-09-28 09:53:47.881650,Completed
4453,3ddb0287-a8bd-4fc4-9204-2756cac47f8c,156,4.0,,Deposit,321.45,2026-09-28 09:53:47.881650,Completed
4454,18f39917-d615-407a-af36-cc9b6235e9dd,872,2.0,,Deposit,494.19,2026-09-28 09:53:47.881650,Completed
4455,938c83ed-0d0c-439d-b676-c84150b5efde,839,,,Adjustment,204.94,2026-09-28 09:53:47.881650,Completed
4456,b935a2f7-1833-4528-b297-b3520f769fd5,284,,,Adjustment,476.89,2026-09-28 09:53:47.881650,Completed
4457,a195abd9-7d39-477a-b7a7-0bb009c377e9,530,1.0,,Deposit,437.53,2026-09-28 09:53:47.881650,Completed
4458,3e343099-16c7-4f84-b8e3-1b17a5a59ded,444,,,Adjustment,230.94,2026-09-28 09:53:47.881650,Completed
4459,a2535845-2d1c-4f97-ba90-7fcfacba77a0,172,4.0,,Withdrawal,489.58,2026-09-28 09:53:47.881650,Completed
4460,90ab525e-1dc1-44f5-bd48-aa910dd9b2c5,638,3.0,,Deposit,81.68,2026-09-28 09:53:47.881650,Completed
4461,6721c1d6-6d97-4bea-a7fc-a1d48b85d134,716,,,Adjustment,153.44,2026-09-28 09:53:47.881650,Completed
4462,3e6ab502-aec8-4e50-a212-dff45efba674,577,2.0,,Deposit,481.13,2026-09-28 09:53:47.881650,Completed
4463,986c517e-e158-4db6-802e-6b81847086dc,963,,,Adjustment,23.95,2026-09-28 09:53:47.881650,Completed
4464,1c6e5417-c7c0-4263-bc50-bc0f8df1cf29,342,,,Adjustment,262.51,2026-09-28 09:53:47.881650,Completed
4465,6e76df2d-f45b-4b69-912c-6f55d7d7fc02,206,2.0,,Withdrawal,332.74,2026-09-28 09:53:47.881650,Completed
4466,699422a7-5474-4164-b93b-fc7fc0503d98,511,4.0,,Withdrawal,55.04,2026-09-28 09:53:47.881650,Completed
4467,812133b6-04cc-47d1-b211-d022199e7dae,250,2.0,,Deposit,15.64,2026-09-28 09:53:47.881650,Completed
4468,b4c7b1da-4817-4b8d-8109-071fde1f1d00,711,4.0,,Deposit,240.08,2026-09-28 09:53:47.881650,Completed
4469,6bf01382-1ff6-4aeb-a939-0b04f5eb894e,136,3.0,,Withdrawal,181.34,2026-09-28 09:53:47.881650,Completed
4470,b58655d7-c2e9-4c8e-a219-e51cb1adfb5c,940,1.0,,Withdrawal,134.37,2026-09-28 09:53:47.881650,Completed
4471,69ce09ee-44c1-45aa-979c-fd682f845b20,690,,,Adjustment,22.39,2026-09-28 09:53:47.881650,Completed
4472,d264591e-7164-48dd-b61d-87853f4de846,958,2.0,,Deposit,322.54,2026-09-28 09:53:47.881650,Completed
4473,2522fa6f-55fe-4418-90d0-4d4cba616fdb,162,3.0,,Withdrawal,30.7,2026-09-28 09:53:47.881650,Completed
4474,afe6d9c1-35a6-410c-af4f-64686168cc08,249,,,Adjustment,475.46,2026-09-28 09:53:47.881650,Completed
4475,ecfc2093-261e-4b27-a7ec-5aa1f25156ae,790,,,Adjustment,378.56,2026-09-28 09:53:47.881650,Completed
4476,20f31db8-2c1a-4e20-baf0-2e123f38c670,682,4.0,,Deposit,250.31,2026-09-28 09:53:47.881650,Completed
4477,35a81434-22ee-4056-829e-71feeb0a38ab,502,,,Adjustment,351.66,2026-09-28 09:53:47.881650,Completed
4478,f5b04cc4-2e3d-41b0-a87c-ff91fcacd7c8,392,5.0,,Withdrawal,113.74,2026-09-28 09:53:47.881650,Completed
4479,78369470-b498-4a4d-ba1f-7fd59209344d,242,2.0,,Withdrawal,395.46,2026-09-28 09:53:47.881650,Completed
4480,c02355d5-370b-4917-bdef-53d1a45fcdf2,205,,,Adjustment,177.2,2026-09-28 09:53:47.881650,Completed
4481,8c6a6143-948b-4665-9d41-df30f30b5100,187,1.0,,Withdrawal,480.3,2026-09-28 09:53:47.881650,Completed
4482,ab9ac1bc-df5c-4bbb-9c97-63dcfaf70cb0,399,3.0,,Deposit,173.44,2026-09-28 09:53:47.881650,Completed
4483,9170a492-1d75-4e69-81c4-bd94951e92de,580,,,Adjustment,285.99,2026-09-28 09:53:47.881650,Completed
4484,ee4440f5-5f3a-4a75-9189-79638a807cc4,625,,,Adjustment,286.73,2026-09-28 09:53:47.881650,Completed
4485,fcd58c17-9f9b-4281-9a6b-de71bbe5650e,73,5.0,,Withdrawal,11.03,2026-09-28 09:53:47.881650,Completed
4486,9e92b473-2ca7-4b0f-9a61-965600be5fe5,500,5.0,,Withdrawal,423.84,2026-09-28 09:53:47.881650,Completed
4487,a05d7e8b-a44e-4c68-9a7f-47976f3aab75,792,5.0,,Deposit,489.26,2026-09-28 09:53:47.881650,Completed
4488,03c041a6-1525-4a72-8e07-4450b56ddf02,288,,,Adjustment,145.82,2026-09-28 09:53:47.881650,Completed
4489,c39ec01c-9204-4196-beac-6ac473b94436,184,,,Adjustment,67.28,2026-09-28 09:53:47.881650,Completed
4490,64a91f63-65d1-4d1f-b9b3-8f8d7b5582d4,788,,,Adjustment,147.07,2026-09-28 09:53:47.881650,Completed
4491,89d62199-c1c4-4335-b43e-a8d600fde999,131,1.0,,Withdrawal,318.92,2026-09-28 09:53:47.881650,Completed
4492,f1c37ef8-6f59-47cd-ba43-6baccff7e954,682,3.0,,Withdrawal,466.13,2026-09-28 09:53:47.881650,Completed
4493,10175405-9044-4765-9eb6-f0c077b4ec2f,7,2.0,,Deposit,193.22,2026-09-28 09:53:47.881650,Completed
4494,713e7db3-a30f-459e-b031-f5eddcb406ef,755,2.0,,Deposit,371.28,2026-09-28 09:53:47.881650,Completed
4495,dfae95f0-c2d1-4c4f-b2a0-ed516609600e,264,4.0,,Withdrawal,205.02,2026-09-28 09:53:47.881650,Completed
4496,027ad6da-e722-4a30-99f5-a442c996a82e,41,5.0,,Deposit,296.96,2026-09-28 09:53:47.881650,Completed
4497,4e983f5f-ddb5-4ac2-bc6e-e20df8b42f36,633,,,Adjustment,491.77,2026-09-28 09:53:47.881650,Completed
4498,67eb101d-2bc7-4ac9-a2bd-04042f3577c0,26,5.0,,Deposit,40.75,2026-09-28 09:53:47.881650,Completed
4499,3b9ef252-1378-4c3f-b02c-b1d46f4fe36e,645,,,Adjustment,465.05,2026-09-28 09:53:47.881650,Completed
4500,1fc39a23-5a60-47ef-80c0-1b36f41ca5d0,869,4.0,,Deposit,108.95,2026-09-28 09:53:47.881650,Completed
4501,5004cf81-82ed-4da9-a22c-23deef7bca48,341,5.0,,Deposit,163.75,2026-09-28 09:53:47.881650,Completed
4502,02eefe70-81b0-434f-a7de-c3d639cb6375,957,4.0,,Deposit,205.36,2026-09-28 09:53:47.881650,Completed
4503,c6d3a16f-9cd2-4262-be0f-2b80dc15d015,784,3.0,,Withdrawal,29.71,2026-09-28 09:53:47.881650,Completed
4504,cf737488-4cc8-436f-b212-3cc1c274c658,148,3.0,,Deposit,439.46,2026-09-28 09:53:47.881650,Completed
4505,e48dace7-f1d7-4649-995e-5272c45ff392,354,,,Adjustment,236.67,2026-09-28 09:53:47.881650,Completed
4506,4f04d8b7-107b-448c-a200-173612d14cf0,487,3.0,,Withdrawal,120.07,2026-09-28 09:53:47.881650,Completed
4507,9b470c7b-b26e-427a-95f7-ec3b442bf662,315,5.0,,Withdrawal,289.54,2026-09-28 09:53:47.881650,Completed
4508,e88bb9c5-c20d-4a1a-a04e-ce5a8606f0ce,393,,,Adjustment,329.08,2026-09-28 09:53:47.881650,Completed
4509,fe2778b8-7bb2-4ab8-ac78-a0303b250487,96,,,Adjustment,470.91,2026-09-28 09:53:47.881650,Completed
4510,76153a40-e538-4290-bd62-1268345202f0,184,2.0,,Withdrawal,376.17,2026-09-28 09:53:47.881650,Completed
4511,5a11c041-e5b7-43a3-a815-5636d49c92d0,440,5.0,,Deposit,396.94,2026-09-28 09:53:47.881650,Completed
4512,669a5001-1050-4b59-9131-5d2e4c7e976c,685,3.0,,Deposit,216.77,2026-09-28 09:53:47.881650,Completed
4513,019f2d6f-4e10-4b44-8cbf-100838226b31,659,5.0,,Deposit,265.68,2026-09-28 09:53:47.881650,Completed
4514,6fc67eca-42b9-46a4-b51e-b93864ca8e39,41,,,Adjustment,340.98,2026-09-28 09:53:47.881650,Completed
4515,3c064a0a-0973-4f98-8682-a1297c0e6450,301,3.0,,Withdrawal,56.94,2026-09-28 09:53:47.881650,Completed
4516,bcfc87ab-dece-464e-8461-f620e54b9537,727,3.0,,Withdrawal,345.08,2026-09-28 09:53:47.881650,Completed
4517,bfcb17e1-d6f0-45c4-bd8b-c02e0027baf6,67,2.0,,Withdrawal,201.68,2026-09-28 09:53:47.881650,Completed
4518,a5ee446b-913d-4ce9-ba38-0fbc7b04c8f7,104,4.0,,Withdrawal,497.06,2026-09-28 09:53:47.881650,Completed
4519,08f2fda6-9676-4180-9700-104a1769efab,800,1.0,,Deposit,432.26,2026-09-28 09:53:47.881650,Completed
4520,f1d3e1b4-b3bf-4f8d-9c38-6ad9e2aa0dd4,513,5.0,,Withdrawal,375.77,2026-09-28 09:53:47.881650,Completed
4521,5700b9f1-c818-4a69-a8c5-2b709497a5a5,552,3.0,,Withdrawal,454.53,2026-09-28 09:53:47.881650,Completed
4522,65313acd-5a9e-464e-aedd-514471089447,988,2.0,,Deposit,493.5,2026-09-28 09:53:47.881650,Completed
4523,93676056-8aa2-4b83-baed-07504968c23f,676,3.0,,Deposit,414.54,2026-09-28 09:53:47.881650,Completed
4524,d7a45e70-17fb-4dde-843c-059c5ab69720,828,1.0,,Deposit,378.89,2026-09-28 09:53:47.881650,Completed
4525,d736335d-8638-486f-8cb7-dc997faa13a7,926,2.0,,Withdrawal,191.13,2026-09-28 09:53:47.881650,Completed
4526,3198a4c0-0589-4d3f-9ee8-d70538ca0498,235,5.0,,Deposit,379.97,2026-09-28 09:53:47.881650,Completed
4527,08c50f39-9416-4297-81e2-c91c6e51586e,910,2.0,,Withdrawal,66.79,2026-09-28 09:53:47.881650,Completed
4528,d57bc2fa-01c1-4ded-9034-ebf3fc08ac94,293,5.0,,Deposit,353.78,2026-09-28 09:53:47.881650,Completed
4529,e9b25b51-4911-43f9-b7c1-d497c67724f6,553,,,Adjustment,203.34,2026-09-28 09:53:47.881650,Completed
4530,a2a5345b-15df-4014-8367-8b13f88dcc3b,92,5.0,,Deposit,48.61,2026-09-28 09:53:47.881650,Completed
4531,d1baff71-eebb-4e8a-9229-1b4e3e73915b,760,,,Adjustment,185.95,2026-09-28 09:53:47.881650,Completed
4532,ebbc8a4b-2b44-4942-a546-3d19b42677f1,282,4.0,,Deposit,99.02,2026-09-28 09:53:47.881650,Completed
4533,f90d9bcf-356f-46ae-a36e-0695fb7d09ee,144,3.0,,Deposit,293.66,2026-09-28 09:53:47.881650,Completed
4534,fbc253c2-8a93-41ef-86a1-5f442fedd0a0,992,2.0,,Withdrawal,61.6,2026-09-28 09:53:47.881650,Completed
4535,9510e5e9-b94b-4f43-9b6c-58f7929a23b4,731,,,Adjustment,205.81,2026-09-28 09:53:47.881650,Completed
4536,de0abf97-b24f-433b-ae03-984801a18dd0,750,5.0,,Withdrawal,312.88,2026-09-28 09:53:47.881650,Completed
4537,3caeeb21-e3b3-4512-8333-20cc0367afd0,760,,,Adjustment,261.91,2026-09-28 09:53:47.881650,Completed
4538,bd293381-0f53-42fd-9559-4eeb4fda2f04,48,1.0,,Deposit,368.46,2026-09-28 09:53:47.881650,Completed
4539,a398f3e8-db85-400d-bd4e-6b6b795f5c28,891,3.0,,Deposit,60.01,2026-09-28 09:53:47.881650,Completed
4540,eae9b82a-f45b-4ad4-a461-ab8a05d95534,69,4.0,,Deposit,147.81,2026-09-28 09:53:47.881650,Completed
4541,c7bfec26-558d-4dd7-9112-38eec1865041,991,,,Adjustment,447.82,2026-09-28 09:53:47.881650,Completed
4542,6497a060-5c20-4265-9155-3a00d1c0c952,962,5.0,,Deposit,65.07,2026-09-28 09:53:47.881650,Completed
4543,21b64894-d05d-46d1-8bbd-98bbe0d3eaab,75,5.0,,Deposit,214.67,2026-09-28 09:53:47.881650,Completed
4544,a6fe7491-59c2-4c8d-a5c7-3e387de6cd93,464,,,Adjustment,80.31,2026-09-28 09:53:47.881650,Completed
4545,d3e3c3d7-1fe5-4c49-b2c0-c3f0d1e925f0,155,,,Adjustment,184.15,2026-09-28 09:53:47.881650,Completed
4546,7188decb-60fa-405e-8ddc-4c78b805e22c,993,2.0,,Withdrawal,13.78,2026-09-28 09:53:47.881650,Completed
4547,42accdda-1981-4f19-89c6-fec648cb884d,266,4.0,,Withdrawal,122.6,2026-09-28 09:53:47.881650,Completed
4548,44b4defb-2fa0-4afa-9591-94b1ba22f8d1,761,,,Adjustment,254.46,2026-09-28 09:53:47.881650,Completed
4549,fcd44971-63cd-4f02-a5e9-fc0539798f0c,647,1.0,,Withdrawal,190.12,2026-09-28 09:53:47.881650,Completed
4550,45ea4deb-0c2f-4f0f-b7b9-e5f4c3dbb602,110,1.0,,Deposit,259.04,2026-09-28 09:53:47.881650,Completed
4551,d4afebb4-2337-4f5c-8ad8-ae77814e3ae1,164,2.0,,Withdrawal,376.06,2026-09-28 09:53:47.881650,Completed
4552,fd920904-f42f-443b-9b10-e75091e95a4d,614,2.0,,Withdrawal,278.23,2026-09-28 09:53:47.881650,Completed
4553,c6a8b6d0-fa2f-40a0-825f-c3817f9667d9,948,,,Adjustment,329.62,2026-09-28 09:53:47.881650,Completed
4554,d4f30c27-5dac-4127-88b9-128867dbbe7d,253,5.0,,Withdrawal,491.41,2026-09-28 09:53:47.881650,Completed
4555,4798d378-cc0e-40b7-9a1e-46d5e43da68b,965,,,Adjustment,448.63,2026-09-28 09:53:47.881650,Completed
4556,12f7d775-1ac7-478b-bfda-87884db5dfae,672,,,Adjustment,452.17,2026-09-28 09:53:47.881650,Completed
4557,864200df-a758-46a3-8c6e-e9afff0fb612,830,,,Adjustment,216.42,2026-09-28 09:53:47.881650,Completed
4558,b1806d1c-91ee-450c-99bb-0d13570d8255,522,5.0,,Deposit,234.12,2026-09-28 09:53:47.881650,Completed
4559,4fe0b587-304b-4629-ba61-43614297a7ed,620,5.0,,Withdrawal,39.95,2026-09-28 09:53:47.881650,Completed
4560,7d09415e-e4c2-42e3-8ac9-415b72c08968,437,5.0,,Deposit,471.63,2026-09-28 09:53:47.881650,Completed
4561,cd4f9331-ac3e-4911-bc97-783b3fc779d6,71,4.0,,Deposit,397.74,2026-09-28 09:53:47.881650,Completed
4562,0a1da03c-c61b-4cd1-9b54-78896ab0e25c,218,3.0,,Withdrawal,329.84,2026-09-28 09:53:47.881650,Completed
4563,daa85174-9366-4b82-91e5-80c89c43e92d,547,,,Adjustment,191.48,2026-09-28 09:53:47.881650,Completed
4564,132d2860-9aa5-432d-b735-a6a58697c501,665,4.0,,Deposit,472.08,2026-09-28 09:53:47.881650,Completed
4565,bb77f942-75ff-4b9b-ac26-88854085a89b,66,2.0,,Deposit,446.75,2026-09-28 09:53:47.881650,Completed
4566,8720cf27-7cdb-4245-87a8-dd14d015a0f5,783,4.0,,Withdrawal,347.89,2026-09-28 09:53:47.881650,Completed
4567,7e01ed11-5886-48d2-a566-e56af238e8ad,57,5.0,,Withdrawal,219.81,2026-09-28 09:53:47.881650,Completed
4568,260d815b-c96d-47e6-903e-9c115f4974a9,218,5.0,,Withdrawal,347.61,2026-09-28 09:53:47.881650,Completed
4569,963df1bb-4599-4461-9ff3-c5ecf1559b61,584,2.0,,Deposit,481.74,2026-09-28 09:53:47.881650,Completed
4570,32973a6f-dc1e-4f66-ae6d-4c81e3cea5d8,747,,,Adjustment,219.05,2026-09-28 09:53:47.881650,Completed
4571,9bff16e0-c527-4f8a-a8d2-c62e435e7afa,358,,,Adjustment,148.78,2026-09-28 09:53:47.881650,Completed
4572,b9f1148a-625f-4819-83b6-fdef8fd01d63,589,,,Adjustment,470.15,2026-09-28 09:53:47.881650,Completed
4573,f77d808c-d328-48f3-b185-f27f5e936702,903,5.0,,Deposit,67.8,2026-09-28 09:53:47.881650,Completed
4574,a9a4fe1a-d45e-4cd4-a511-438f740786fb,32,5.0,,Withdrawal,69.46,2026-09-28 09:53:47.881650,Completed
4575,ce62c3fd-1f15-4470-81b4-df73f48d6697,349,4.0,,Withdrawal,251.19,2026-09-28 09:53:47.881650,Completed
4576,cd3a4077-8f04-4346-9f09-12dc62913156,825,1.0,,Withdrawal,103.71,2026-09-28 09:53:47.881650,Completed
4577,0fc1b697-19d3-463a-a15b-cecd89427f8f,600,2.0,,Withdrawal,182.54,2026-09-28 09:53:47.881650,Completed
4578,a6cbda6d-5a71-4bab-9597-188c63198a20,326,,,Adjustment,410.45,2026-09-28 09:53:47.881650,Completed
4579,cd43edf7-5f73-4560-84cd-84a84e8c3a7e,994,,,Adjustment,332.92,2026-09-28 09:53:47.881650,Completed
4580,e9b92017-b2a6-4e21-b628-f82acfd3b56b,333,5.0,,Deposit,352.68,2026-09-28 09:53:47.881650,Completed
4581,2f9aa70a-cf9f-4db5-a255-f1223364595c,276,3.0,,Withdrawal,100.77,2026-09-28 09:53:47.881650,Completed
4582,989cc54a-cccd-49e0-af21-0465edfe1608,205,5.0,,Withdrawal,396.44,2026-09-28 09:53:47.881650,Completed
4583,7bfa3b35-2e6e-4b88-bcef-376603e1d290,315,2.0,,Deposit,346.73,2026-09-28 09:53:47.881650,Completed
4584,68a9266a-d9cc-42b3-beb3-42c7535e1bc4,887,,,Adjustment,252.81,2026-09-28 09:53:47.881650,Completed
4585,ac3e633a-8f9a-4741-8748-91ebca2df368,623,2.0,,Deposit,281.71,2026-09-28 09:53:47.881650,Completed
4586,0baa46a9-54a1-42ea-a375-b2c719464cc3,58,,,Adjustment,424.97,2026-09-28 09:53:47.881650,Completed
4587,a76681c1-62c3-4231-9ead-212448e1fa6e,73,5.0,,Withdrawal,420.6,2026-09-28 09:53:47.881650,Completed
4588,6d57e9c2-ebc0-4d2d-9cf7-ee9323bd791b,451,1.0,,Withdrawal,248.91,2026-09-28 09:53:47.881650,Completed
4589,f73c291a-346b-495f-b594-44574be3173e,539,4.0,,Withdrawal,392.54,2026-09-28 09:53:47.881650,Completed
4590,e02f17f9-6741-4176-ba7c-c20fe169feac,851,2.0,,Deposit,475.1,2026-09-28 09:53:47.881650,Completed
4591,24b9b151-e5a5-40e6-b36e-63ef1fe64a85,848,,,Adjustment,427.73,2026-09-28 09:53:47.881650,Completed
4592,35058a02-94e3-4d83-8f14-3b9ecbb26373,636,,,Adjustment,64.63,2026-09-28 09:53:47.881650,Completed
4593,0ae53e32-7bee-4366-96ca-67121f2b46d7,822,2.0,,Deposit,350.39,2026-09-28 09:53:47.881650,Completed
4594,22001bcb-0197-4bb3-b704-1127bcdf1a48,453,,,Adjustment,159.23,2026-09-28 09:53:47.881650,Completed
4595,e0f627ad-d49d-4582-9217-6f05f79e3e6e,954,,,Adjustment,90.87,2026-09-28 09:53:47.881650,Completed
4596,7047a0de-9904-4fb8-9f48-e9844260a1f5,384,4.0,,Withdrawal,31.71,2026-09-28 09:53:47.881650,Completed
4597,75cff1ab-3d80-43aa-adf6-cf90bbf4ee36,491,1.0,,Withdrawal,24.42,2026-09-28 09:53:47.881650,Completed
4598,18161597-27b0-4100-ba3b-3df2c810c315,512,,,Adjustment,102.26,2026-09-28 09:53:47.881650,Completed
4599,c167e75c-32dd-4edd-93cc-d8a2bbdc01b8,321,4.0,,Withdrawal,188.35,2026-09-28 09:53:47.881650,Completed
4600,1764a980-1203-4a4b-b2b5-26e2535dd18a,684,5.0,,Withdrawal,434.48,2026-09-28 09:53:47.881650,Completed
4601,522441b0-8b83-4302-92a4-f5c85a83826f,530,1.0,,Withdrawal,119.5,2026-09-28 09:53:47.881650,Completed
4602,452b73c0-b088-401d-b0b8-669a8d47f0ab,359,4.0,,Deposit,423.56,2026-09-28 09:53:47.881650,Completed
4603,1fd4e3b5-0be5-47bd-916f-ed5cabd6b0a6,404,3.0,,Deposit,385.07,2026-09-28 09:53:47.881650,Completed
4604,c2f140f1-640a-44af-9e57-657b3769618f,99,1.0,,Withdrawal,20.21,2026-09-28 09:53:47.881650,Completed
4605,bb7d2ba4-e3a1-4515-af63-f1e7aa17d194,231,,,Adjustment,75.36,2026-09-28 09:53:47.881650,Completed
4606,1ffef42f-084f-44c7-8975-709bceec1692,618,,,Adjustment,464.43,2026-09-28 09:53:47.881650,Completed
4607,052526cb-f155-455f-9bf2-2e781d6f2a61,690,2.0,,Deposit,485.05,2026-09-28 09:53:47.881650,Completed
4608,a176bda2-275c-4766-8c81-ab0fdfd10a88,389,1.0,,Deposit,437.38,2026-09-28 09:53:47.881650,Completed
4609,146dbe83-1b1b-48e0-8111-9bb8b2fac2ce,737,4.0,,Withdrawal,256.88,2026-09-28 09:53:47.881650,Completed
4610,a037430d-c712-4057-aeac-fed29773c9ae,193,3.0,,Withdrawal,83.92,2026-09-28 09:53:47.881650,Completed
4611,93155140-aad1-49cd-b18b-22c3efff78db,341,1.0,,Withdrawal,92.63,2026-09-28 09:53:47.881650,Completed
4612,0ccc722b-6bba-42c4-b4c1-fc7c9631bf3a,120,5.0,,Withdrawal,75.56,2026-09-28 09:53:47.881650,Completed
4613,fb1f70a4-c0f4-4c36-b963-4442b9c8af90,158,1.0,,Withdrawal,339.39,2026-09-28 09:53:47.881650,Completed
4614,e7f50066-e2df-4f19-b4ac-b0fd09d56075,692,3.0,,Withdrawal,44.67,2026-09-28 09:53:47.881650,Completed
4615,202d2a32-a6d2-41e8-8d47-6f38197e08ba,386,5.0,,Withdrawal,269.87,2026-09-28 09:53:47.881650,Completed
4616,047870ed-fbcb-4bf5-988d-30c5b6f404cd,812,5.0,,Withdrawal,90.64,2026-09-28 09:53:47.881650,Completed
4617,64601c70-5a3b-4cb7-8e50-4b9fda2fb3cb,277,,,Adjustment,90.85,2026-09-28 09:53:47.881650,Completed
4618,bab504b2-38b9-4f5b-b240-879b64efa088,226,5.0,,Withdrawal,127.23,2026-09-28 09:53:47.881650,Completed
4619,b1849ef9-facd-4437-a4b0-cb979a9ca033,935,3.0,,Deposit,86.29,2026-09-28 09:53:47.881650,Completed
4620,bb9f289d-1b22-4ef2-a879-d1f54ac72a11,931,5.0,,Withdrawal,483.07,2026-09-28 09:53:47.881650,Completed
4621,6cbab90b-04c9-4543-aa59-fa91e5e2ea7d,336,,,Adjustment,426.88,2026-09-28 09:53:47.881650,Completed
4622,bb955cf3-c2f8-455d-9522-f3b8d7f8347a,823,1.0,,Withdrawal,273.38,2026-09-28 09:53:47.881650,Completed
4623,9a10b9d5-d4df-4e2e-a874-4a182f74a0b9,938,,,Adjustment,258.37,2026-09-28 09:53:47.881650,Completed
4624,e1813b87-e193-411c-ae8b-ea08ca8124d9,809,,,Adjustment,162.17,2026-09-28 09:53:47.881650,Completed
4625,68506750-41c8-4e27-8196-8f569c2e2d43,223,1.0,,Deposit,250.68,2026-09-28 09:53:47.881650,Completed
4626,31d13c0a-f8b0-4243-954e-b16e2f893ca0,634,,,Adjustment,195.01,2026-09-28 09:53:47.881650,Completed
4627,200bbfa1-f7f3-44aa-9052-93dee49c9840,6,5.0,,Deposit,181.82,2026-09-28 09:53:47.881650,Completed
4628,9d830cfb-b5f6-498a-9e2b-5eb4750e2125,688,2.0,,Deposit,488.39,2026-09-28 09:53:47.881650,Completed
4629,a653498e-4991-4729-8ee6-07d79ae228fa,909,1.0,,Withdrawal,491.88,2026-09-28 09:53:47.881650,Completed
4630,6512404d-9acd-4823-b9fd-8bda34697360,905,4.0,,Withdrawal,439.8,2026-09-28 09:53:47.881650,Completed
4631,4b42592e-eecc-477d-84b6-c92703b1d6cd,227,,,Adjustment,252.83,2026-09-28 09:53:47.881650,Completed
4632,d8db5cce-8e7c-41ae-8c27-6a67e8fe70b6,126,2.0,,Withdrawal,366.51,2026-09-28 09:53:47.881650,Completed
4633,458af237-9ae6-4a99-9851-441cf6a51f53,936,,,Adjustment,468.02,2026-09-28 09:53:47.881650,Completed
4634,9571482d-9c54-4fc4-8be4-1c7ceea92e6e,28,5.0,,Deposit,76.8,2026-09-28 09:53:47.881650,Completed
4635,2b2ebe49-1ee6-453e-b7db-32aa9e45d3d0,62,5.0,,Deposit,442.3,2026-09-28 09:53:47.881650,Completed
4636,3f2996be-5b67-49aa-9e97-797d3b912d47,191,1.0,,Deposit,170.05,2026-09-28 09:53:47.881650,Completed
4637,2e52edc6-b668-4ec1-8c5e-ed71cc1d9747,86,5.0,,Deposit,170.69,2026-09-28 09:53:47.881650,Completed
4638,861c9629-2f3f-4c19-bfc3-06fb6fe0ac8a,608,3.0,,Withdrawal,174.08,2026-09-28 09:53:47.881650,Completed
4639,0abc0b19-b6ce-4670-b6ec-a2fc59eef7c5,567,2.0,,Withdrawal,213.7,2026-09-28 09:53:47.881650,Completed
4640,8c5545ed-3947-4547-9d06-a851059fb894,325,3.0,,Deposit,404.68,2026-09-28 09:53:47.881650,Completed
4641,27bc68a5-56c8-4451-8ffc-495e07796754,467,,,Adjustment,303.45,2026-09-28 09:53:47.881650,Completed
4642,1e9b7078-93b4-48a4-b765-6ca25502e9f3,185,3.0,,Withdrawal,36.79,2026-09-28 09:53:47.881650,Completed
4643,9a059012-d20c-4638-a584-bdfbd80e7aa5,181,5.0,,Deposit,142.33,2026-09-28 09:53:47.881650,Completed
4644,fa42f664-c5f5-4043-925f-7133903d10d1,39,1.0,,Withdrawal,307.4,2026-09-28 09:53:47.881650,Completed
4645,92644699-75a2-4db7-9960-d82dbe2d1794,517,1.0,,Withdrawal,331.5,2026-09-28 09:53:47.881650,Completed
4646,3f570c86-b653-4cb2-9f9b-af07d16d85d0,76,3.0,,Deposit,278.27,2026-09-28 09:53:47.881650,Completed
4647,c2822963-d03d-4271-a1ad-865f98257a17,309,2.0,,Deposit,202.09,2026-09-28 09:53:47.881650,Completed
4648,c1a19381-3272-4f9a-b4cd-1fb1bbcc0f1d,439,,,Adjustment,405.38,2026-09-28 09:53:47.881650,Completed
4649,28c3a880-bb7e-4a03-8e4e-9f4a75f89a2b,833,2.0,,Withdrawal,448.62,2026-09-28 09:53:47.881650,Completed
4650,d58b55d3-ad08-4727-b4d9-fafcb8725f7d,664,3.0,,Withdrawal,245.7,2026-09-28 09:53:47.881650,Completed
4651,0112fce7-b5b1-40f6-ad24-5aa2f950e9bf,30,5.0,,Deposit,421.69,2026-09-28 09:53:47.881650,Completed
4652,aa0522d0-f4e9-4bb7-afaf-ad1680576b15,978,5.0,,Withdrawal,448.74,2026-09-28 09:53:47.881650,Completed
4653,d7f57b44-a9ee-4639-9e67-c792f8f731f2,527,4.0,,Withdrawal,224.77,2026-09-28 09:53:47.881650,Completed
4654,c5f3410a-5d96-4300-a5dd-3c8086e3737f,625,3.0,,Withdrawal,143.76,2026-09-28 09:53:47.881650,Completed
4655,b612023d-2ab7-4665-8a9b-0f2113b3aa71,994,5.0,,Deposit,405.07,2026-09-28 09:53:47.881650,Completed
4656,dbdf8b39-bc6f-4312-9fa4-694561ded4ad,546,4.0,,Withdrawal,251.45,2026-09-28 09:53:47.881650,Completed
4657,dd96176b-d1a3-4f78-9fbc-2034f161a8fd,306,,,Adjustment,457.89,2026-09-28 09:53:47.881650,Completed
4658,d7798eb7-2df9-4525-9d41-e06ff6220969,899,,,Adjustment,358.27,2026-09-28 09:53:47.881650,Completed
4659,bfa30e29-479a-4c84-bf42-9a84b2b78583,870,,,Adjustment,406.4,2026-09-28 09:53:47.881650,Completed
4660,5a668e70-8635-4888-b828-e77ca441934d,855,2.0,,Deposit,424.69,2026-09-28 09:53:47.881650,Completed
4661,4bec96a3-71db-4b4b-8c1d-14165fe1eea4,554,3.0,,Deposit,472.83,2026-09-28 09:53:47.881650,Completed
4662,e8aa7fa4-1f50-44e6-b41d-6a7f94fc7dc8,969,5.0,,Withdrawal,123.6,2026-09-28 09:53:47.881650,Completed
4663,88f2213c-1835-4e4f-853a-4f244fb8b93e,470,,,Adjustment,232.5,2026-09-28 09:53:47.881650,Completed
4664,4d1f6ea2-9d2a-4172-b616-2849eb4d682b,286,5.0,,Withdrawal,251.29,2026-09-28 09:53:47.881650,Completed
4665,d14483f4-47e8-4047-a8fa-25e52b97480f,446,1.0,,Withdrawal,220.62,2026-09-28 09:53:47.881650,Completed
4666,3739b1ba-6c84-4e6a-ab3a-4b8652c98512,697,,,Adjustment,172.55,2026-09-28 09:53:47.881650,Completed
4667,d93929e0-00da-492c-a9b2-134dfa7ece71,455,,,Adjustment,83.91,2026-09-28 09:53:47.881650,Completed
4668,9505b0a7-af18-46e5-9982-2f047a4172d4,718,5.0,,Withdrawal,191.82,2026-09-28 09:53:47.881650,Completed
4669,122b6acc-d599-4d62-a9d9-435ed27e26fb,744,3.0,,Withdrawal,154.01,2026-09-28 09:53:47.881650,Completed
4670,830f640f-b635-4d3b-8e06-ba3d4f1850b8,232,,,Adjustment,394.79,2026-09-28 09:53:47.881650,Completed
4671,6fd44100-dbdb-4e80-ba80-fd67bd1fd6d9,455,3.0,,Withdrawal,162.11,2026-09-28 09:53:47.881650,Completed
4672,76aa8718-15f6-4f0e-970d-3570d08c800f,218,5.0,,Deposit,428.15,2026-09-28 09:53:47.881650,Completed
4673,45ddeb6e-ac58-483e-9d05-f8ed9168f8ea,334,5.0,,Deposit,191.8,2026-09-28 09:53:47.881650,Completed
4674,19ba6201-26c9-43ec-a0c2-4e3ff79f2387,758,1.0,,Deposit,229.47,2026-09-28 09:53:47.881650,Completed
4675,e5583ce6-e1ad-4ac2-a7cd-b23ff6bbd358,217,5.0,,Deposit,380.46,2026-09-28 09:53:47.881650,Completed
4676,2314edf7-dac0-4bb9-87bd-493194b8e3bd,996,,,Adjustment,440.17,2026-09-28 09:53:47.881650,Completed
4677,8c91f44b-5d65-48e2-b198-5aaf1573be3b,282,2.0,,Withdrawal,43.59,2026-09-28 09:53:47.881650,Completed
4678,34022523-8b00-430a-8365-745289862a9c,592,1.0,,Withdrawal,267.01,2026-09-28 09:53:47.881650,Completed
4679,5118f105-6924-4d70-90f2-ebfe540b2a19,443,4.0,,Withdrawal,101.53,2026-09-28 09:53:47.881650,Completed
4680,bab4f6ad-9766-4fa9-8815-4eccaeb84bb8,512,,,Adjustment,457.51,2026-09-28 09:53:47.881650,Completed
4681,40f3431f-8d05-461c-876e-505b78db7651,947,5.0,,Deposit,83.94,2026-09-28 09:53:47.881650,Completed
4682,4f9e9d8a-d21e-48d8-a89f-2871923b8958,376,2.0,,Deposit,32.78,2026-09-28 09:53:47.881650,Completed
4683,50d1ebd2-f234-4cda-aa2d-ff829cbe2b06,953,2.0,,Withdrawal,290.35,2026-09-28 09:53:47.881650,Completed
4684,afc0904b-f0e3-49bb-84db-001465fc96ae,131,2.0,,Deposit,334.85,2026-09-28 09:53:47.881650,Completed
4685,cfebfecf-99f1-4e57-b3d8-41731f446d10,298,2.0,,Deposit,256.18,2026-09-28 09:53:47.881650,Completed
4686,321e844e-d19d-41b4-b242-4ce1efb5fda5,864,,,Adjustment,488.9,2026-09-28 09:53:47.881650,Completed
4687,9111d734-b29a-4b20-afe1-54864036a4b7,277,5.0,,Deposit,442.19,2026-09-28 09:53:47.881650,Completed
4688,2e3a4549-84da-4ab9-b868-436a196fd4f2,515,3.0,,Deposit,47.66,2026-09-28 09:53:47.881650,Completed
4689,49863662-af05-4176-b5c8-9a8bcb8c5d6b,327,,,Adjustment,39.51,2026-09-28 09:53:47.881650,Completed
4690,9c874808-08e3-4723-845b-fbc0be671baf,105,,,Adjustment,285.31,2026-09-28 09:53:47.881650,Completed
4691,01b656de-bc11-433e-b527-c9152de92307,928,1.0,,Deposit,329.09,2026-09-28 09:53:47.881650,Completed
4692,cdf477fc-bed5-4ead-a8f7-3e885496375c,158,1.0,,Deposit,416.82,2026-09-28 09:53:47.881650,Completed
4693,42131e0b-59af-49b4-b853-acafdd5e6d2b,237,3.0,,Deposit,397.44,2026-09-28 09:53:47.881650,Completed
4694,604b06d1-117e-4714-b3fe-262ae4636ad5,608,5.0,,Deposit,281.74,2026-09-28 09:53:47.881650,Completed
4695,47542905-4333-44bc-9a0d-ad3d5708d1ce,780,4.0,,Withdrawal,258.1,2026-09-28 09:53:47.881650,Completed
4696,daabcff5-1723-4557-b4d8-2f4816e3dfb5,557,4.0,,Deposit,138.38,2026-09-28 09:53:47.881650,Completed
4697,1ee5861e-5355-4cb8-8259-4e2397511982,488,4.0,,Withdrawal,130.86,2026-09-28 09:53:47.881650,Completed
4698,8beec0c2-946c-486f-b4a3-05cfb6e8e0b1,676,,,Adjustment,202.65,2026-09-28 09:53:47.881650,Completed
4699,2168b1a5-0ea8-4c37-b0d4-be373adcaf08,705,5.0,,Withdrawal,46.86,2026-09-28 09:53:47.881650,Completed
4700,7f4b5f42-fd8d-4abf-a4f1-8ae12d0bb7a6,593,2.0,,Deposit,321.18,2026-09-28 09:53:47.881650,Completed
4701,e8893051-0d01-4325-b26c-d72c1ca2100b,186,2.0,,Withdrawal,438.92,2026-09-28 09:53:47.881650,Completed
4702,76f0c179-24b5-4b69-97d6-fe6b5248a750,210,,,Adjustment,230.29,2026-09-28 09:53:47.881650,Completed
4703,79baa18c-e455-40f7-b33f-c6854af0a70f,362,,,Adjustment,384.8,2026-09-28 09:53:47.881650,Completed
4704,1fdc02a6-5e83-401e-b0bc-f8e6e02cb76c,586,,,Adjustment,338.65,2026-09-28 09:53:47.881650,Completed
4705,7cdbfc3a-61f4-43c8-89cc-ce5de1ed5e84,684,2.0,,Deposit,112.4,2026-09-28 09:53:47.881650,Completed
4706,25bc2c57-c16c-4375-b6dc-1ece3da8475e,525,,,Adjustment,331.92,2026-09-28 09:53:47.881650,Completed
4707,b9b78455-d0cb-4c75-a52e-01eb9f7e7246,540,,,Adjustment,73.31,2026-09-28 09:53:47.881650,Completed
4708,f266e935-0c51-481b-b111-8fd74bd57f0c,793,4.0,,Withdrawal,100.12,2026-09-28 09:53:47.881650,Completed
4709,3d03a907-b79b-4399-944f-27632ac951f6,637,1.0,,Withdrawal,21.43,2026-09-28 09:53:47.881650,Completed
4710,071d08ce-a571-49cb-8a68-1291057f3b06,780,1.0,,Deposit,241.68,2026-09-28 09:53:47.881650,Completed
4711,babe6b40-0931-4a8e-a98b-5ba3327ef686,154,1.0,,Withdrawal,177.55,2026-09-28 09:53:47.881650,Completed
4712,37a732f3-2495-49aa-bced-8571e06ea97e,943,,,Adjustment,474.18,2026-09-28 09:53:47.881650,Completed
4713,c62d48c4-5854-4a62-9057-34300077973a,656,3.0,,Withdrawal,163.4,2026-09-28 09:53:47.881650,Completed
4714,632eaa6d-4240-46b3-803d-eb638c5d9d73,291,5.0,,Deposit,436.45,2026-09-28 09:53:47.881650,Completed
4715,8e008dd3-5804-4377-9a89-4fac8c2a1cbb,794,,,Adjustment,86.59,2026-09-28 09:53:47.881650,Completed
4716,55c87e19-a892-4c5c-aa88-14e9eed0d1a1,906,4.0,,Withdrawal,19.79,2026-09-28 09:53:47.881650,Completed
4717,4edced6e-c737-46d3-8997-e0920b756a49,369,5.0,,Withdrawal,343.61,2026-09-28 09:53:47.881650,Completed
4718,d19cfd1c-e4ed-445d-a101-8daa3a77e3be,779,5.0,,Deposit,366.37,2026-09-28 09:53:47.881650,Completed
4719,c89d0773-fc1e-4b68-8e00-4adc13b41890,288,,,Adjustment,425.44,2026-09-28 09:53:47.881650,Completed
4720,02215051-e7c5-4364-90d2-0676842b362d,229,,,Adjustment,374.04,2026-09-28 09:53:47.881650,Completed
4721,13939eb6-bc1c-40a5-a0f4-30b51faa1de0,934,5.0,,Withdrawal,162.38,2026-09-28 09:53:47.881650,Completed
4722,cfb08c14-f87b-44c1-98f5-780e15cf3cbe,167,5.0,,Withdrawal,386.96,2026-09-28 09:53:47.881650,Completed
4723,4c65aca1-5255-4fc8-80ac-5802da1229c2,594,2.0,,Deposit,477.98,2026-09-28 09:53:47.881650,Completed
4724,8f4ffbb2-aaf4-4376-9b07-9807a45604ee,384,,,Adjustment,12.1,2026-09-28 09:53:47.881650,Completed
4725,480af0ea-6442-4fa1-bb43-b544dbb37b5c,641,,,Adjustment,62.2,2026-09-28 09:53:47.881650,Completed
4726,af96f8b7-6e31-4ecd-bfcd-319ef5acde0d,273,,,Adjustment,63.33,2026-09-28 09:53:47.881650,Completed
4727,28220da6-1c20-4908-a332-9f72d53e4812,205,,,Adjustment,463.21,2026-09-28 09:53:47.881650,Completed
4728,844b3387-01b5-418e-8320-32a9bc713818,445,2.0,,Withdrawal,159.26,2026-09-28 09:53:47.881650,Completed
4729,abefd8c9-fbec-474e-ab9f-93c3790e96d9,700,,,Adjustment,440.77,2026-09-28 09:53:47.881650,Completed
4730,3c2b1024-005f-4103-aec5-78910ebd9c0a,842,3.0,,Withdrawal,244.97,2026-09-28 09:53:47.881650,Completed
4731,91c8d0d9-7d9e-40df-ac52-5813a17a64c7,957,2.0,,Deposit,334.65,2026-09-28 09:53:47.881650,Completed
4732,b0486d14-19ae-4e8b-a517-8c418d4fc84f,293,,,Adjustment,210.77,2026-09-28 09:53:47.881650,Completed
4733,a0c874cb-df9f-4003-a182-c32ea923aca8,812,2.0,,Deposit,360.95,2026-09-28 09:53:47.881650,Completed
4734,8ebe3d9c-4e13-40b3-a3c4-e0c977f67c8c,800,,,Adjustment,460.39,2026-09-28 09:53:47.881650,Completed
4735,f9cc888f-1816-4f06-92a1-627bb0ca72bc,806,4.0,,Deposit,405.91,2026-09-28 09:53:47.881650,Completed
4736,d399ec60-631b-4928-bc23-c50daf0e1950,156,1.0,,Withdrawal,395.15,2026-09-28 09:53:47.881650,Completed
4737,b12ed1bb-386b-43cb-9f9a-99b79aeeb7c6,555,4.0,,Deposit,263.87,2026-09-28 09:53:47.881650,Completed
4738,c02d5eaa-e1fb-48f9-8cd2-eb4794d8cba9,64,,,Adjustment,16.38,2026-09-28 09:53:47.881650,Completed
4739,208cdcf0-9ff7-41e6-8027-3ac31da6db89,784,2.0,,Withdrawal,406.96,2026-09-28 09:53:47.881650,Completed
4740,48491e4c-e02b-4945-bfbd-3787335193ff,559,,,Adjustment,277.69,2026-09-28 09:53:47.881650,Completed
4741,656cb957-b9f2-4b3d-acab-1800b82c88e2,903,3.0,,Deposit,147.82,2026-09-28 09:53:47.881650,Completed
4742,909db8ee-c3a6-4708-9bba-f99862ab3f5a,181,2.0,,Deposit,371.75,2026-09-28 09:53:47.881650,Completed
4743,cd5514f4-a8c5-404f-a156-589ab1e97a3b,874,,,Adjustment,121.48,2026-09-28 09:53:47.881650,Completed
4744,a4c5800e-4974-4641-9f6d-67ea1430753e,743,1.0,,Withdrawal,390.62,2026-09-28 09:53:47.881650,Completed
4745,fecefb94-e4c2-4322-b403-fa67370874d8,520,,,Adjustment,420.43,2026-09-28 09:53:47.881650,Completed
4746,15c6ee89-dec1-4572-a725-968552e4e626,455,5.0,,Withdrawal,203.19,2026-09-28 09:53:47.881650,Completed
4747,36bacab6-acc6-4089-8c91-5f30fb2135cb,730,1.0,,Deposit,223.59,2026-09-28 09:53:47.881650,Completed
4748,78e6fc6a-65b1-4bab-9382-8027bdc63eb4,545,,,Adjustment,489.46,2026-09-28 09:53:47.881650,Completed
4749,44accb70-de53-4e74-a81c-529eef102871,123,2.0,,Withdrawal,71.01,2026-09-28 09:53:47.881650,Completed
4750,389e0760-1b9b-41fa-b73b-40d452c97f3d,221,5.0,,Deposit,447.1,2026-09-28 09:53:47.881650,Completed
4751,96c758b3-6b25-4328-ad38-384c47797cf0,560,,,Adjustment,249.63,2026-09-28 09:53:47.881650,Completed
4752,11144e2e-324a-4bb0-bf5e-bfcb2c6e84e4,108,,,Adjustment,302.35,2026-09-28 09:53:47.881650,Completed
4753,99c43649-3234-4f37-9712-d5bd56180133,325,4.0,,Withdrawal,161.55,2026-09-28 09:53:47.881650,Completed
4754,b652ce94-2af4-4ea1-bc8b-5aeab10ec2b1,343,,,Adjustment,249.34,2026-09-28 09:53:47.881650,Completed
4755,f4ac2816-3711-4320-b6dc-ce0647ba8aaa,626,5.0,,Deposit,11.86,2026-09-28 09:53:47.881650,Completed
4756,dac20091-a7bf-4f92-8906-508d6f512b42,519,,,Adjustment,60.26,2026-09-28 09:53:47.881650,Completed
4757,e6322dae-b895-4636-afd9-8ed8a66d0e5b,427,2.0,,Withdrawal,258.71,2026-09-28 09:53:47.881650,Completed
4758,7375a198-ee39-4205-a12a-c4fa25977050,836,3.0,,Withdrawal,60.92,2026-09-28 09:53:47.881650,Completed
4759,9cef653b-0faa-47e2-b691-bd3679636f1c,127,,,Adjustment,54.47,2026-09-28 09:53:47.881650,Completed
4760,1282ff09-30be-47f1-8720-4f040f7772f4,874,5.0,,Deposit,110.1,2026-09-28 09:53:47.881650,Completed
4761,d883395e-16c9-45fb-a645-1b61c04922ba,723,,,Adjustment,342.88,2026-09-28 09:53:47.881650,Completed
4762,911bfce5-99eb-4147-8514-e52dadce481a,988,2.0,,Deposit,410.07,2026-09-28 09:53:47.881650,Completed
4763,a1e0774e-603e-4d9a-b588-b455cd9ca4f9,720,,,Adjustment,478.65,2026-09-28 09:53:47.881650,Completed
4764,1e51f25e-5d7b-49ea-841e-f95f77cca649,666,2.0,,Deposit,434.49,2026-09-28 09:53:47.881650,Completed
4765,525db32c-4e92-4f2a-b917-21ee91b375b7,93,,,Adjustment,267.48,2026-09-28 09:53:47.881650,Completed
4766,a8a05e9f-d9d8-4097-a64f-52ade6dde8e2,128,2.0,,Withdrawal,176.09,2026-09-28 09:53:47.881650,Completed
4767,5f6fd0c6-d1fb-448f-a8ab-5b24f111ac75,53,3.0,,Deposit,307.03,2026-09-28 09:53:47.881650,Completed
4768,0ce7f09a-8640-4169-b004-7d5311fd107f,970,,,Adjustment,159.04,2026-09-28 09:53:47.881650,Completed
4769,ecb9e000-47d4-45a2-8dbc-93d69d38151c,592,2.0,,Deposit,415.04,2026-09-28 09:53:47.881650,Completed
4770,162410f7-f8f5-42e9-b5aa-542a5c3dc0ce,84,,,Adjustment,275.35,2026-09-28 09:53:47.881650,Completed
4771,38dfa521-d6fc-496f-882f-eb834f31f610,405,,,Adjustment,163.96,2026-09-28 09:53:47.881650,Completed
4772,9265d93f-08b4-4d4d-a245-827b5fafeb31,17,,,Adjustment,87.58,2026-09-28 09:53:47.881650,Completed
4773,e6bfb883-eaba-4ce0-b20b-43ad8cdf58f3,601,,,Adjustment,279.34,2026-09-28 09:53:47.881650,Completed
4774,8a5e76e4-668a-4634-a942-e2f62b823065,984,,,Adjustment,453.53,2026-09-28 09:53:47.881650,Completed
4775,bbe7e8f6-49be-43ea-8e83-445066e1fc1c,259,2.0,,Withdrawal,376.88,2026-09-28 09:53:47.881650,Completed
4776,2f1081cb-397a-47a0-bb59-eb4bced799c2,879,,,Adjustment,292.12,2026-09-28 09:53:47.881650,Completed
4777,7d62f40b-c847-4950-ae45-25e5ab04c58a,109,5.0,,Deposit,313.4,2026-09-28 09:53:47.881650,Completed
4778,cc1e4cea-6909-45de-8cce-a45191002a0d,70,1.0,,Withdrawal,247.46,2026-09-28 09:53:47.881650,Completed
4779,f712a7b9-9708-4171-ada6-33c66fdbf5cb,784,4.0,,Withdrawal,342.84,2026-09-28 09:53:47.881650,Completed
4780,9f89d871-15d8-438e-b331-cbaef6de4d9a,384,1.0,,Deposit,103.81,2026-09-28 09:53:47.881650,Completed
4781,f3ec5d03-b636-4e6e-a35f-e2955d3c4714,712,,,Adjustment,145.22,2026-09-28 09:53:47.881650,Completed
4782,19d28360-0655-42ef-af6d-1cee6bdaeb4a,578,5.0,,Withdrawal,210.07,2026-09-28 09:53:47.881650,Completed
4783,187d7b5b-4b74-436d-8c4b-ad1809e80d77,366,4.0,,Deposit,155.1,2026-09-28 09:53:47.881650,Completed
4784,ae6aa104-3dba-47e4-8ce8-420885d2eea4,403,1.0,,Deposit,214.53,2026-09-28 09:53:47.881650,Completed
4785,c6cc77de-0a7c-4faa-9353-e8c7331ef7f5,792,,,Adjustment,111.75,2026-09-28 09:53:47.881650,Completed
4786,04d4e920-be39-49c1-bded-079140995033,262,,,Adjustment,136.79,2026-09-28 09:53:47.881650,Completed
4787,cf6d2249-2148-4ebc-bff5-50c92523db30,357,1.0,,Deposit,83.96,2026-09-28 09:53:47.881650,Completed
4788,c5e6828a-cca9-4d4e-ae2c-3a719e39ab53,271,5.0,,Withdrawal,426.91,2026-09-28 09:53:47.881650,Completed
4789,3af5e20e-4539-4ce9-aebc-f034734607fb,770,1.0,,Withdrawal,136.44,2026-09-28 09:53:47.881650,Completed
4790,89163e6e-3e56-40c2-b929-2e83dd330773,413,1.0,,Withdrawal,371.69,2026-09-28 09:53:47.881650,Completed
4791,47fce9aa-231a-4567-8a92-203ffbdc50bf,267,2.0,,Withdrawal,131.58,2026-09-28 09:53:47.881650,Completed
4792,b405f1b5-b945-42d9-b413-f777d8adf581,522,4.0,,Withdrawal,346.59,2026-09-28 09:53:47.881650,Completed
4793,3ac35a2e-55dd-4cb3-a264-c30db6e37959,777,1.0,,Withdrawal,417.49,2026-09-28 09:53:47.881650,Completed
4794,787df2a4-7230-4f98-a2b8-5dbc3d134699,514,5.0,,Deposit,127.41,2026-09-28 09:53:47.881650,Completed
4795,d9874ab2-6d0b-4a16-9c7d-c4ce395283e8,958,5.0,,Deposit,425.2,2026-09-28 09:53:47.881650,Completed
4796,6dfaefa1-165a-4b8a-b4e8-ba6942066b8d,844,2.0,,Withdrawal,203.73,2026-09-28 09:53:47.881650,Completed
4797,362f04a5-9130-4733-b2d0-f9ed17656aba,521,1.0,,Deposit,343.59,2026-09-28 09:53:47.881650,Completed
4798,e4562f1a-1d5f-45ad-8d1a-1e70297aba24,197,4.0,,Withdrawal,46.16,2026-09-28 09:53:47.881650,Completed
4799,c6ba57d2-91f7-4b07-8251-2cbbfa1abb54,880,5.0,,Deposit,422.29,2026-09-28 09:53:47.881650,Completed
4800,661f5458-59ff-4404-81ce-60206be56b7a,139,,,Adjustment,115.68,2026-09-28 09:53:47.881650,Completed
4801,d260332c-b17a-4e07-88d6-8f3196320129,517,5.0,,Deposit,89.5,2026-09-28 09:53:47.881650,Completed
4802,7dbd1c77-3f20-4b1b-b79b-f1a7400e9f88,309,,,Adjustment,258.74,2026-09-28 09:53:47.881650,Completed
4803,00d545d0-f42a-4ece-927c-f4490134301b,274,1.0,,Withdrawal,133.72,2026-09-28 09:53:47.881650,Completed
4804,99276f49-8e72-49b8-b1c4-1d4f979ca26f,115,3.0,,Withdrawal,262.52,2026-09-28 09:53:47.881650,Completed
4805,fb1dc3db-830e-418b-b36a-23764826261a,318,3.0,,Deposit,267.32,2026-09-28 09:53:47.881650,Completed
4806,27c47d3b-4223-4cfd-b498-21f47509fc74,470,3.0,,Withdrawal,67.3,2026-09-28 09:53:47.881650,Completed
4807,2a801be5-ffe5-4f65-a013-f67aa4c1767d,677,3.0,,Withdrawal,42.54,2026-09-28 09:53:47.881650,Completed
4808,79545e7f-00b8-406a-8945-0549e4b410f7,229,5.0,,Deposit,429.18,2026-09-28 09:53:47.881650,Completed
4809,8d019fed-cc07-4f43-9b91-44601e6588ef,11,,,Adjustment,303.36,2026-09-28 09:53:47.881650,Completed
4810,fd0c98de-0a5a-4108-8436-7c69737cc42d,822,2.0,,Deposit,498.11,2026-09-28 09:53:47.881650,Completed
4811,5c7a35e2-11d8-4411-b24a-7fe79a1d00fb,712,,,Adjustment,483.85,2026-09-28 09:53:47.881650,Completed
4812,252fb662-8034-4119-9114-2bbc1fcc309c,636,1.0,,Withdrawal,340.96,2026-09-28 09:53:47.881650,Completed
4813,cf051e24-a1ad-47b0-a011-0d452c135caa,980,,,Adjustment,142.47,2026-09-28 09:53:47.881650,Completed
4814,7e88a07e-c216-4166-b9b5-30bffbd47b35,360,4.0,,Withdrawal,424.94,2026-09-28 09:53:47.881650,Completed
4815,9df4c425-d1d8-48b5-a611-016fe67c9459,502,,,Adjustment,293.56,2026-09-28 09:53:47.881650,Completed
4816,863a6f78-25e9-468d-8180-b11e02d062bd,759,,,Adjustment,44.18,2026-09-28 09:53:47.881650,Completed
4817,07d86ea3-a232-4378-bc79-d7bccace5820,69,2.0,,Deposit,460.36,2026-09-28 09:53:47.881650,Completed
4818,9c3952b8-ef9d-4979-9d32-d26576ed4bf8,980,,,Adjustment,213.61,2026-09-28 09:53:47.881650,Completed
4819,19e3e68f-97df-4e2f-85bc-20471ae3ba86,154,,,Adjustment,24.4,2026-09-28 09:53:47.881650,Completed
4820,5e2f7169-3eb3-4700-9376-5ce14fcc9674,918,1.0,,Deposit,60.83,2026-09-28 09:53:47.881650,Completed
4821,35b58e77-b55f-482b-9000-09d81aa1bbf7,879,4.0,,Withdrawal,205.61,2026-09-28 09:53:47.881650,Completed
4822,bcda96f8-f208-45f4-a124-917cf06aae2c,897,3.0,,Withdrawal,497.86,2026-09-28 09:53:47.881650,Completed
4823,a85c5be3-5194-41d8-ac45-755446f0371f,246,5.0,,Deposit,369.6,2026-09-28 09:53:47.881650,Completed
4824,23d745e6-e5de-40cf-b8f8-25e6a208c120,223,2.0,,Withdrawal,36.81,2026-09-28 09:53:47.881650,Completed
4825,0c56d797-86de-4331-a291-23c11b701135,565,3.0,,Deposit,496.59,2026-09-28 09:53:47.881650,Completed
4826,3b497e37-c394-477c-8b16-2e0259847389,714,2.0,,Deposit,148.79,2026-09-28 09:53:47.881650,Completed
4827,2e2aa772-ad07-4290-8cbb-5c30e232e09e,458,1.0,,Withdrawal,478.06,2026-09-28 09:53:47.881650,Completed
4828,0c159910-9f6b-4e69-82da-b37e1e2124aa,929,3.0,,Withdrawal,132.01,2026-09-28 09:53:47.881650,Completed
4829,006d2c2a-76de-4c26-9b44-afbc55fa9c55,384,,,Adjustment,310.7,2026-09-28 09:53:47.881650,Completed
4830,431c39c9-6e51-406a-b49e-188ee507a4e1,539,5.0,,Withdrawal,191.6,2026-09-28 09:53:47.881650,Completed
4831,b5f89836-91fe-4f06-beb1-04c127a455d2,336,1.0,,Deposit,15.14,2026-09-28 09:53:47.881650,Completed
4832,52f180a5-7d11-485a-b94b-42982814e5e1,681,4.0,,Withdrawal,104.69,2026-09-28 09:53:47.881650,Completed
4833,754580da-e478-47db-adb2-8c67bb55c14c,957,3.0,,Deposit,121.07,2026-09-28 09:53:47.881650,Completed
4834,f9e73ea9-f6b4-4ab8-95ea-94bae42760be,687,5.0,,Withdrawal,167.13,2026-09-28 09:53:47.881650,Completed
4835,38fa4429-22d1-4bbe-a65a-f1b044efd8a3,78,,,Adjustment,161.11,2026-09-28 09:53:47.881650,Completed
4836,103d7423-983a-47cc-8113-1c57a80a65ef,172,1.0,,Deposit,11.24,2026-09-28 09:53:47.881650,Completed
4837,3d6d811c-4d1b-41b7-93ee-508c0dfafe9a,701,,,Adjustment,408.11,2026-09-28 09:53:47.881650,Completed
4838,a3307319-64c1-4b23-b3bf-3a15d706c1a1,467,2.0,,Withdrawal,496.58,2026-09-28 09:53:47.881650,Completed
4839,65e03de9-ee21-45fd-b9e4-cf54f655f46b,433,,,Adjustment,484.73,2026-09-28 09:53:47.881650,Completed
4840,f8e594f6-23d4-4993-9262-dab4ff21662c,256,4.0,,Deposit,63.41,2026-09-28 09:53:47.881650,Completed
4841,1a6f8f6c-6a82-4bdc-8b66-f53bb9a09473,868,5.0,,Withdrawal,214.59,2026-09-28 09:53:47.881650,Completed
4842,c2230c89-e186-4dd1-a7f9-b3115f2a41e2,918,1.0,,Withdrawal,326.8,2026-09-28 09:53:47.881650,Completed
4843,08981fdb-184b-4f8c-8c3e-21cef39f404b,433,3.0,,Deposit,155.25,2026-09-28 09:53:47.881650,Completed
4844,b8161421-1383-49df-9649-9dbd5c7479f0,724,5.0,,Deposit,43.57,2026-09-28 09:53:47.881650,Completed
4845,986384c2-a61b-492a-98a2-fc5bdf3f91bb,113,,,Adjustment,428.53,2026-09-28 09:53:47.881650,Completed
4846,61eb578e-e235-42ca-b84c-5871b68f0614,443,1.0,,Withdrawal,64.03,2026-09-28 09:53:47.881650,Completed
4847,2c833cde-87bb-4088-add8-8b3feaf22ee5,774,,,Adjustment,138.94,2026-09-28 09:53:47.881650,Completed
4848,655a66cc-7d27-4413-bc99-86f5a7f02f7d,866,5.0,,Withdrawal,93.57,2026-09-28 09:53:47.881650,Completed
4849,8d14b23a-0c17-4d89-b8eb-88538c3af4a9,887,,,Adjustment,141.45,2026-09-28 09:53:47.881650,Completed
4850,9f6d5af5-59f1-4a32-b1be-a3baabf8207b,696,2.0,,Withdrawal,86.75,2026-09-28 09:53:47.881650,Completed
4851,962f2b9d-fd24-454a-bf29-a28a0f280983,507,,,Adjustment,29.2,2026-09-28 09:53:47.881650,Completed
4852,b063fb05-0059-48b0-91ab-ea6eac6a9246,340,3.0,,Withdrawal,136.92,2026-09-28 09:53:47.881650,Completed
4853,78813d7d-f863-4773-b96e-8b37b12df97c,797,1.0,,Withdrawal,100.4,2026-09-28 09:53:47.881650,Completed
4854,bb6098da-a8a9-46ba-b77d-1a704d0bc06b,400,4.0,,Withdrawal,160.29,2026-09-28 09:53:47.881650,Completed
4855,ff88c8a4-c0ce-403f-bfcc-be873e797314,368,,,Adjustment,322.81,2026-09-28 09:53:47.881650,Completed
4856,b66b1b25-a40c-4254-8784-cba3a4c33800,376,,,Adjustment,226.65,2026-09-28 09:53:47.881650,Completed
4857,5499f90e-37fc-4763-81de-1f573bf77e9f,319,,,Adjustment,452.4,2026-09-28 09:53:47.881650,Completed
4858,bfbfbcf9-790b-48ce-a432-92e5fcdde98e,22,5.0,,Withdrawal,436.27,2026-09-28 09:53:47.881650,Completed
4859,59a25895-bda1-48d6-bfee-acd38de9cb4a,40,1.0,,Deposit,391.22,2026-09-28 09:53:47.881650,Completed
4860,521a10c5-faad-49ff-8027-b461215e266d,545,,,Adjustment,255.11,2026-09-28 09:53:47.881650,Completed
4861,bfeb26fe-3ca2-4201-a3f1-5c7f5bfa8486,821,5.0,,Withdrawal,94.76,2026-09-28 09:53:47.881650,Completed
4862,98ddfd50-cfd3-4ee8-8097-45a8f9f9617a,901,,,Adjustment,95.85,2026-09-28 09:53:47.881650,Completed
4863,6c9a28c9-6dd0-48d5-9dbd-4af90b7c5190,790,,,Adjustment,32.1,2026-09-28 09:53:47.881650,Completed
4864,20e1d078-682a-41e6-ba05-a51a5130dea0,634,,,Adjustment,339.57,2026-09-28 09:53:47.881650,Completed
4865,0460c7c3-da57-4c48-ba34-d47afbadaff2,963,4.0,,Withdrawal,113.56,2026-09-28 09:53:47.881650,Completed
4866,a9dfbd03-5c14-4f14-845a-449cce92b455,221,1.0,,Deposit,199.64,2026-09-28 09:53:47.881650,Completed
4867,d5a406f4-e611-4663-8a7f-ba1858265a4e,248,1.0,,Withdrawal,310.19,2026-09-28 09:53:47.881650,Completed
4868,91e22e8b-1910-4212-817c-3398da810de1,683,3.0,,Deposit,313.43,2026-09-28 09:53:47.881650,Completed
4869,111ba787-133c-4947-b5f1-bb94186be759,671,4.0,,Withdrawal,196.01,2026-09-28 09:53:47.881650,Completed
4870,99f016b2-1631-4100-9747-bee89e3f7e17,101,,,Adjustment,395.82,2026-09-28 09:53:47.881650,Completed
4871,47b799f6-4155-49f2-b59c-a0ac95d43d23,776,2.0,,Deposit,226.73,2026-09-28 09:53:47.881650,Completed
4872,15c8815a-bf81-4ec8-b108-68c8fab2c3d3,731,4.0,,Withdrawal,258.65,2026-09-28 09:53:47.881650,Completed
4873,adc99341-5b4d-415c-98f6-87131677f66f,888,,,Adjustment,256.03,2026-09-28 09:53:47.881650,Completed
4874,79591fe6-2f7e-4dc1-b879-019299538a07,435,3.0,,Deposit,354.96,2026-09-28 09:53:47.881650,Completed
4875,65b3f7a4-6137-47ee-8894-69a579bd5edd,274,2.0,,Withdrawal,221.16,2026-09-28 09:53:47.881650,Completed
4876,bc214392-8fe4-45a5-bdba-d131337aff88,518,2.0,,Withdrawal,315.75,2026-09-28 09:53:47.881650,Completed
4877,63917e6e-fe92-441a-a543-277700475893,53,5.0,,Withdrawal,471.28,2026-09-28 09:53:47.881650,Completed
4878,3ed66e43-a79e-4567-a822-49a04dda337c,185,5.0,,Deposit,466.0,2026-09-28 09:53:47.881650,Completed
4879,a0ec1cd6-dc21-428b-8894-095ed22b3a34,575,5.0,,Deposit,124.28,2026-09-28 09:53:47.881650,Completed
4880,6cb081e8-0a55-421a-9a5e-5ce764d3b10a,596,,,Adjustment,417.72,2026-09-28 09:53:47.881650,Completed
4881,b9f168da-8f61-434d-bc02-b9f50eb5ac3a,449,,,Adjustment,357.22,2026-09-28 09:53:47.881650,Completed
4882,ae5b3844-e15a-4dfe-95b8-41b84f30f110,903,2.0,,Deposit,192.86,2026-09-28 09:53:47.881650,Completed
4883,b9cd9452-9109-4dda-bb43-6b9222d6eaca,537,,,Adjustment,403.34,2026-09-28 09:53:47.881650,Completed
4884,dc22f8c7-ca74-4e5d-b3c7-842633b4c0c3,531,,,Adjustment,168.76,2026-09-28 09:53:47.881650,Completed
4885,f3480f5d-3109-4b62-966d-1a9f3566914f,97,,,Adjustment,227.01,2026-09-28 09:53:47.881650,Completed
4886,58860468-2789-48f6-ab79-5864290f3226,54,,,Adjustment,375.35,2026-09-28 09:53:47.881650,Completed
4887,5bc264d5-50d8-4445-922e-4d7dc7eb2518,241,,,Adjustment,27.32,2026-09-28 09:53:47.881650,Completed
4888,3f22748d-e6f2-4b87-9b15-7844fef18a92,913,4.0,,Deposit,192.97,2026-09-28 09:53:47.881650,Completed
4889,ec84202b-f79e-4faf-8fd5-cc97037fd2ac,998,5.0,,Deposit,299.9,2026-09-28 09:53:47.881650,Completed
4890,690fcd73-a59b-48a5-96f5-44f67db63581,897,2.0,,Deposit,132.37,2026-09-28 09:53:47.881650,Completed
4891,386be25d-8b76-47f4-b7b4-ba1b2994cb4c,735,2.0,,Deposit,495.9,2026-09-28 09:53:47.881650,Completed
4892,1f7a1056-7270-459d-9fe5-764d6d5e159a,8,,,Adjustment,39.9,2026-09-28 09:53:47.881650,Completed
4893,bc6cdc0b-2018-4096-a584-c2a360e5ae32,184,5.0,,Withdrawal,153.77,2026-09-28 09:53:47.881650,Completed
4894,2967de55-8820-4fea-a4a5-699ad3e8d000,568,,,Adjustment,53.25,2026-09-28 09:53:47.881650,Completed
4895,0841eddb-f39d-4391-a5ff-df3d4a6caaf2,641,,,Adjustment,373.14,2026-09-28 09:53:47.881650,Completed
4896,0c4dcd2e-64b3-4117-9585-8f30dc7c2bc9,696,2.0,,Deposit,477.46,2026-09-28 09:53:47.881650,Completed
4897,20e09aa0-e235-4e80-9ef5-e86118e538cd,398,,,Adjustment,223.28,2026-09-28 09:53:47.881650,Completed
4898,cdcd9944-1b13-4c1e-82b6-859e10c12245,853,,,Adjustment,163.76,2026-09-28 09:53:47.881650,Completed
4899,d768628e-2a98-4565-9b56-62cad280e388,288,1.0,,Withdrawal,462.11,2026-09-28 09:53:47.881650,Completed
4900,e054d76c-3341-4a1e-9992-1dac790d4700,991,,,Adjustment,99.38,2026-09-28 09:53:47.881650,Completed
4901,a9555656-c6a5-434c-a156-6fd0173c6f97,456,,,Adjustment,256.21,2026-09-28 09:53:47.881650,Completed
4902,851b75d6-1af0-4258-b6c5-c4f7967e6d30,715,,,Adjustment,180.65,2026-09-28 09:53:47.881650,Completed
4903,8efea049-9a00-4fbb-9198-7ceefc3b85fb,664,3.0,,Withdrawal,209.34,2026-09-28 09:53:47.881650,Completed
4904,3cd7cc88-189a-458c-b7a0-a63fe697ae1d,945,3.0,,Deposit,307.77,2026-09-28 09:53:47.881650,Completed
4905,fdc087e9-3259-468c-a6f9-f282b77f420e,988,4.0,,Deposit,387.49,2026-09-28 09:53:47.881650,Completed
4906,d4214811-f0e2-4c77-9a76-c2c5e3d04569,558,2.0,,Withdrawal,364.33,2026-09-28 09:53:47.881650,Completed
4907,21fb7e08-b961-4420-81e6-ae6644ed4893,312,5.0,,Deposit,182.37,2026-09-28 09:53:47.881650,Completed
4908,c89155ed-10b1-4402-8bd6-0890c88d7ea7,847,3.0,,Withdrawal,321.75,2026-09-28 09:53:47.881650,Completed
4909,fecb0cf8-5bc0-4022-b3a5-91c6a7fc5c8c,569,1.0,,Deposit,57.47,2026-09-28 09:53:47.881650,Completed
4910,72621221-d615-4134-a24e-3443d6c72841,443,,,Adjustment,65.0,2026-09-28 09:53:47.881650,Completed
4911,40e7e1ec-1e77-4eb4-99cc-799ad8de7b87,209,2.0,,Withdrawal,263.43,2026-09-28 09:53:47.881650,Completed
4912,9f657017-1d52-441e-915e-d85cd622b329,990,,,Adjustment,256.79,2026-09-28 09:53:47.881650,Completed
4913,2ed46dba-c40c-4167-90e2-d9e89de19b18,392,3.0,,Withdrawal,408.7,2026-09-28 09:53:47.881650,Completed
4914,94a2f101-cdf0-4cb2-b744-7a15ea03f492,326,4.0,,Deposit,37.41,2026-09-28 09:53:47.881650,Completed
4915,04588361-998d-4637-ba12-a6e2c1afde2b,996,2.0,,Withdrawal,199.51,2026-09-28 09:53:47.881650,Completed
4916,9b9231d3-21be-4442-ba6c-a27040f16a2e,901,,,Adjustment,254.63,2026-09-28 09:53:47.881650,Completed
4917,e8dd705e-36bc-4128-b41b-c4928aed9d13,560,5.0,,Deposit,231.13,2026-09-28 09:53:47.881650,Completed
4918,199cffc0-3f2f-42d2-bc0e-2fb3979d7bbd,342,,,Adjustment,319.55,2026-09-28 09:53:47.881650,Completed
4919,7def70e1-c61d-40f7-b35a-bce0092d89ab,684,,,Adjustment,477.73,2026-09-28 09:53:47.881650,Completed
4920,e4691786-1d9d-4dbc-bd6e-765653797205,762,2.0,,Withdrawal,49.17,2026-09-28 09:53:47.881650,Completed
4921,1aa177f6-7c61-4839-8717-4adce683ddbd,57,5.0,,Deposit,437.8,2026-09-28 09:53:47.881650,Completed
4922,6c3e6fc9-44b5-45c2-b684-3b0680ca0781,507,4.0,,Withdrawal,419.38,2026-09-28 09:53:47.881650,Completed
4923,39277baf-e52b-4a07-ba00-f999a12b92d4,590,3.0,,Withdrawal,98.51,2026-09-28 09:53:47.881650,Completed
4924,61beda59-d479-46c2-950f-ee52118ca130,757,2.0,,Deposit,455.52,2026-09-28 09:53:47.881650,Completed
4925,fc819799-8de2-442d-8344-ad55c20362c2,798,,,Adjustment,291.78,2026-09-28 09:53:47.881650,Completed
4926,62897b6f-106d-4b9c-b426-eb2385af120a,147,,,Adjustment,112.53,2026-09-28 09:53:47.881650,Completed
4927,cc4c3200-a417-42cf-bc76-e10deefb85a6,459,,,Adjustment,308.9,2026-09-28 09:53:47.881650,Completed
4928,b1d224a5-8ed0-4d5a-a8ea-b3cdeeeb3754,647,2.0,,Withdrawal,49.5,2026-09-28 09:53:47.881650,Completed
4929,96ad7234-d02a-4620-8a1d-3719a8458d1b,398,4.0,,Deposit,403.46,2026-09-28 09:53:47.881650,Completed
4930,8f603c53-77c7-42a5-9825-d1784fcb3884,756,5.0,,Deposit,392.57,2026-09-28 09:53:47.881650,Completed
4931,44e5cfdf-4423-4d0c-8143-09151d217820,507,2.0,,Deposit,200.06,2026-09-28 09:53:47.881650,Completed
4932,afebbe6c-ecbc-4a97-906d-82c2ee8ac86b,513,,,Adjustment,291.91,2026-09-28 09:53:47.881650,Completed
4933,f08d0d48-ac82-4581-afbe-1a97da08f644,343,5.0,,Withdrawal,49.79,2026-09-28 09:53:47.881650,Completed
4934,41401e0f-07ab-4687-bd57-98611ca31b35,403,4.0,,Deposit,300.77,2026-09-28 09:53:47.881650,Completed
4935,dc1349de-8814-487f-a65e-e9f0973581b9,63,1.0,,Withdrawal,476.59,2026-09-28 09:53:47.881650,Completed
4936,68839417-e294-45b6-8f08-7814c6994eac,222,5.0,,Withdrawal,197.1,2026-09-28 09:53:47.881650,Completed
4937,62385be2-c4a6-4e4c-b5c8-aebb9b5dbcdf,570,,,Adjustment,46.39,2026-09-28 09:53:47.881650,Completed
4938,2191dc70-b42d-44a9-ac72-c90c6c15d9cb,52,1.0,,Withdrawal,129.39,2026-09-28 09:53:47.881650,Completed
4939,558c4a10-9b1a-4e74-9aad-74b0183e6b57,123,,,Adjustment,215.37,2026-09-28 09:53:47.881650,Completed
4940,93f6d1fa-9bff-49f5-97ba-6e6c06370b40,191,,,Adjustment,279.88,2026-09-28 09:53:47.881650,Completed
4941,99e3e620-7749-46ff-a2dd-88d88243b73c,38,1.0,,Withdrawal,376.9,2026-09-28 09:53:47.881650,Completed
4942,f5523255-2934-4943-b974-19fd06a979e4,429,2.0,,Withdrawal,229.63,2026-09-28 09:53:47.881650,Completed
4943,e074ad01-d82c-42cc-a8b9-bcce7de7b702,283,,,Adjustment,420.88,2026-09-28 09:53:47.881650,Completed
4944,4a696f0a-ffcc-4514-be66-f1f4da0f3482,172,,,Adjustment,131.29,2026-09-28 09:53:47.881650,Completed
4945,41d86dd2-227c-4772-b0a5-36ad0fc6990b,683,2.0,,Deposit,250.69,2026-09-28 09:53:47.881650,Completed
4946,0dc0a6bb-9f48-480c-aec4-043c56334124,270,,,Adjustment,449.41,2026-09-28 09:53:47.881650,Completed
4947,022cf036-95b7-4fdf-a8c8-4d8b369824b8,750,3.0,,Deposit,497.45,2026-09-28 09:53:47.881650,Completed
4948,484685bf-4943-4de6-a107-d065643ea067,683,,,Adjustment,156.87,2026-09-28 09:53:47.881650,Completed
4949,90474297-8030-42f7-9fae-84236b958398,569,,,Adjustment,52.15,2026-09-28 09:53:47.881650,Completed
4950,2732f7d7-810b-4581-918c-bc6432476334,627,2.0,,Deposit,244.99,2026-09-28 09:53:47.881650,Completed
4951,7315f772-afb9-4115-b23b-b1d7e7ef598a,330,1.0,,Deposit,106.16,2026-09-28 09:53:47.881650,Completed
4952,d66165b5-0b4a-43dd-bac6-d2e2d552b813,994,5.0,,Deposit,362.22,2026-09-28 09:53:47.881650,Completed
4953,2c6752fc-7e43-48d2-b6e8-830c19edecc5,918,5.0,,Withdrawal,339.03,2026-09-28 09:53:47.881650,Completed
4954,b934d1ba-a223-49eb-8f1d-20a34e742ae4,578,2.0,,Withdrawal,468.32,2026-09-28 09:53:47.881650,Completed
4955,0269423b-82bd-4043-8e07-91b4d4a108b7,272,2.0,,Deposit,439.97,2026-09-28 09:53:47.881650,Completed
4956,e8e9b11d-3977-4cce-90cd-632f79be3287,319,3.0,,Withdrawal,335.07,2026-09-28 09:53:47.881650,Completed
4957,d93b5251-a279-4a88-872b-ca8e1c698d03,127,5.0,,Deposit,208.15,2026-09-28 09:53:47.881650,Completed
4958,ca5c4480-dc6c-47f2-af15-db0cef4e83d7,154,2.0,,Withdrawal,158.82,2026-09-28 09:53:47.881650,Completed
4959,97df3328-85de-4f91-be26-bc74348fb8da,268,5.0,,Deposit,305.26,2026-09-28 09:53:47.881650,Completed
4960,d6f43db3-db62-4223-8b96-e8fea7cc52ae,350,5.0,,Deposit,361.24,2026-09-28 09:53:47.881650,Completed
4961,9f5eb6bb-6374-4040-8cd6-ca4ebe355dd7,779,3.0,,Withdrawal,11.52,2026-09-28 09:53:47.881650,Completed
4962,c5c5302a-0fdb-4b06-ab60-66edf643f455,648,2.0,,Withdrawal,224.12,2026-09-28 09:53:47.881650,Completed
4963,75c7919f-bf5f-497e-abf1-af3c43684774,259,2.0,,Withdrawal,392.17,2026-09-28 09:53:47.881650,Completed
4964,01bcb481-1fd2-4e08-acdd-c471827ef34e,959,,,Adjustment,154.38,2026-09-28 09:53:47.881650,Completed
4965,6ad63e1e-e53a-4dbb-a58b-7bb87a5c9c99,109,,,Adjustment,326.74,2026-09-28 09:53:47.881650,Completed
4966,a6355910-b970-455b-8b3a-a6b2a8be1f08,797,,,Adjustment,42.82,2026-09-28 09:53:47.881650,Completed
4967,2524f000-2623-4eb6-939a-fc6d697ec737,797,5.0,,Deposit,354.28,2026-09-28 09:53:47.881650,Completed
4968,c4e66af9-5bba-4308-a719-ca2795f7feef,467,4.0,,Deposit,23.45,2026-09-28 09:53:47.881650,Completed
4969,9123e661-4051-4f81-8c59-7cfca8a7db14,551,,,Adjustment,130.73,2026-09-28 09:53:47.881650,Completed
4970,a518822a-ef86-47d5-b93d-2c39863b1ded,257,,,Adjustment,111.17,2026-09-28 09:53:47.881650,Completed
4971,1b2be4e6-97c2-443c-b154-4839902030ff,829,1.0,,Withdrawal,53.54,2026-09-28 09:53:47.881650,Completed
4972,dfd6d3fb-5ee2-4f9e-90fd-092e41c5e0b3,861,,,Adjustment,207.57,2026-09-28 09:53:47.881650,Completed
4973,bcbccb92-0179-4a1a-9f75-8a1241cc6daf,614,3.0,,Deposit,152.42,2026-09-28 09:53:47.881650,Completed
4974,bf9c36a2-971f-40a2-a2a0-77807e4f123b,859,3.0,,Deposit,219.6,2026-09-28 09:53:47.881650,Completed
4975,867181f4-e35e-4c52-ad03-e9b49bc39162,924,4.0,,Withdrawal,129.37,2026-09-28 09:53:47.881650,Completed
4976,a2c07c8d-6a20-4ec5-8066-c6593bf0d28e,246,5.0,,Deposit,451.96,2026-09-28 09:53:47.881650,Completed
4977,f377e65a-4dbc-4dbf-b9fc-7de235a89d8f,292,4.0,,Deposit,452.32,2026-09-28 09:53:47.881650,Completed
4978,772fa4a0-05cf-43d1-a10c-e9ba335bb880,24,1.0,,Deposit,95.54,2026-09-28 09:53:47.881650,Completed
4979,68b96797-ac6a-4f88-af05-242be27e38a4,957,2.0,,Deposit,390.53,2026-09-28 09:53:47.881650,Completed
4980,e3b07b19-89c2-478d-9ac8-8c84273ab996,677,1.0,,Withdrawal,90.24,2026-09-28 09:53:47.881650,Completed
4981,79ee76af-7816-4aa0-b8b3-3443802de996,301,,,Adjustment,255.23,2026-09-28 09:53:47.881650,Completed
4982,73c82082-04a4-4c32-8b7e-c284c9042f5c,520,,,Adjustment,344.07,2026-09-28 09:53:47.881650,Completed
4983,92417afe-cc71-4bd5-a131-61556ec2a72c,752,,,Adjustment,491.31,2026-09-28 09:53:47.881650,Completed
4984,4416d645-6670-4674-9bbf-b6f66ce5b819,526,3.0,,Deposit,354.71,2026-09-28 09:53:47.881650,Completed
4985,b333ee51-9650-4ab4-a645-c38bbe37d28e,587,,,Adjustment,372.55,2026-09-28 09:53:47.881650,Completed
4986,3bda47c1-7cb1-42a5-bc87-1b93b0c872f1,81,4.0,,Withdrawal,257.2,2026-09-28 09:53:47.881650,Completed
4987,6d916347-f2d9-40e1-b8bc-24670d5d5679,836,,,Adjustment,251.16,2026-09-28 09:53:47.881650,Completed
4988,3db37d0f-bb01-4b9e-be2d-b4683eb49f4d,837,2.0,,Withdrawal,27.32,2026-09-28 09:53:47.881650,Completed
4989,f8793ff7-9825-4f8b-bfc9-f6477eb41669,271,4.0,,Withdrawal,325.64,2026-09-28 09:53:47.881650,Completed
4990,f5a0ea56-04e9-43d4-aaae-7deef606b3a1,486,5.0,,Withdrawal,252.55,2026-09-28 09:53:47.881650,Completed
4991,6f6c54b9-f68e-40e1-8fb1-7981e9c1df87,35,2.0,,Deposit,214.07,2026-09-28 09:53:47.881650,Completed
4992,ece52b9f-fbf3-490d-b654-3ad9b51c23a7,347,4.0,,Withdrawal,106.38,2026-09-28 09:53:47.881650,Completed
4993,03283133-b74a-4c79-bb9c-e03c0cd5d2d4,3,1.0,,Deposit,298.4,2026-09-28 09:53:47.881650,Completed
4994,0ee29c02-74ee-419a-ba80-81f99eee90ae,946,,,Adjustment,189.95,2026-09-28 09:53:47.881650,Completed
4995,4822a7cf-d4bc-4b94-88af-3a37044d2ccb,472,2.0,,Deposit,97.71,2026-09-28 09:53:47.881650,Completed
4996,9d7c8bc1-0df0-4d64-8ad0-df807f81e519,797,4.0,,Deposit,182.68,2026-09-28 09:53:47.881650,Completed
4997,3bf9860a-b03f-44ab-89fd-9b80ed2645a2,161,5.0,,Deposit,418.27,2026-09-28 09:53:47.881650,Completed
4998,ef33b7c0-863e-4397-a5ed-18dd5017acb9,112,5.0,,Withdrawal,344.64,2026-09-28 09:53:47.881650,Completed
4999,9a74222b-93f8-4f99-8a44-61645c640c42,84,4.0,,Withdrawal,170.16,2026-09-28 09:53:47.881650,Completed
5000,cf311de3-d681-4d3e-a190-6d1df64d4a95,505,5.0,,Withdrawal,362.17,2026-09-28 09:53:47.881650,Completed
5001,57eb57ed-34d4-4f5d-afc2-fcfa8693079c,488,,,Adjustment,123.92,2026-09-28 09:53:47.881650,Completed
5002,f20f5008-8661-453f-bd51-7b7edef95588,440,,,Adjustment,393.98,2026-09-28 09:53:47.881650,Completed
5003,45d00a03-1f7d-486a-b2ef-4a006e49becc,933,2.0,,Deposit,280.51,2026-09-28 09:53:47.881650,Completed
5004,df227869-8f72-4cf8-b1e4-791ff39fae47,808,3.0,,Withdrawal,96.54,2026-09-28 09:53:47.881650,Completed
5005,3e49b6ff-7934-4678-bcf5-80f1f1a0a15c,661,5.0,,Deposit,350.97,2026-09-28 09:53:47.881650,Completed
5006,169887c6-e152-40be-a583-5287685b745a,119,1.0,,Withdrawal,498.89,2026-09-28 09:53:47.881650,Completed
5007,dc2b7f50-defd-4dc2-a2fe-fd56f48a98eb,485,5.0,,Withdrawal,432.21,2026-09-28 09:53:47.881650,Completed
5008,4a83c44c-18d1-437a-95ce-9d3229d40f56,205,2.0,,Withdrawal,414.58,2026-09-28 09:53:47.881650,Completed
5009,e2625458-7501-4e86-a85f-9f5cc6833316,817,,,Adjustment,37.45,2026-09-28 09:53:47.881650,Completed
5010,8bd67d86-4e95-4049-9d59-e620e919cbd2,929,1.0,,Deposit,457.92,2026-09-28 09:53:47.881650,Completed
5011,76151063-5c92-4f29-8df1-305c3d8bb403,264,,,Adjustment,279.44,2026-09-28 09:53:47.881650,Completed
5012,aaee2fea-d910-4003-86ac-3519af1f51a0,2,1.0,,Deposit,129.48,2026-09-28 09:53:47.881650,Completed
5013,de8fd1a8-1d6b-44d4-b867-45b4c3313033,201,3.0,,Deposit,28.13,2026-09-28 09:53:47.881650,Completed
5014,14cbc1e2-ffbc-45db-8fb7-e4961c790c11,664,2.0,,Withdrawal,349.89,2026-09-28 09:53:47.881650,Completed
5015,d06c6ee4-7b52-4162-a28f-71df686a1b42,619,2.0,,Deposit,336.57,2026-09-28 09:53:47.881650,Completed
5016,953188a2-e304-4aee-9523-1b351f4214a8,828,3.0,,Deposit,50.67,2026-09-28 09:53:47.881650,Completed
5017,8f748f1c-63e8-4412-b055-4421aee9c468,572,5.0,,Deposit,173.22,2026-09-28 09:53:47.881650,Completed
5018,1fec3479-8a5d-4dc8-a151-01cb499d6813,710,1.0,,Withdrawal,152.72,2026-09-28 09:53:47.881650,Completed
5019,beac9af3-77e3-48a7-bb01-af2be2638475,487,4.0,,Deposit,35.07,2026-09-28 09:53:47.881650,Completed
5020,72b6b196-5a58-49a4-9217-cb06909079ad,871,3.0,,Withdrawal,365.87,2026-09-28 09:53:47.881650,Completed
5021,0242b557-3d76-4e5f-b04b-2844ecfd30ec,100,5.0,,Deposit,288.52,2026-09-28 09:53:47.881650,Completed
5022,294e7533-3044-4a26-aff4-dc393446a4be,895,,,Adjustment,11.55,2026-09-28 09:53:47.881650,Completed
5023,bb6ff287-e9c6-4f86-9681-e88d9b26d319,185,1.0,,Deposit,235.74,2026-09-28 09:53:47.881650,Completed
5024,4bec2b24-22a0-4828-acf5-737f11a09756,747,,,Adjustment,281.47,2026-09-28 09:53:47.881650,Completed
5025,032c5d64-2e98-4c9f-9e5c-ca3573bb8f68,101,,,Adjustment,439.26,2026-09-28 09:53:47.881650,Completed
5026,dda8968d-3872-4ec6-a3a7-e0a5a30d9797,69,1.0,,Deposit,458.58,2026-09-28 09:53:47.881650,Completed
5027,550d1a23-ce1b-47ad-a650-b54bf8f42597,112,,,Adjustment,193.16,2026-09-28 09:53:47.881650,Completed
5028,3dfd3593-c4b2-41f3-83b5-481fb5df51e1,42,,,Adjustment,153.28,2026-09-28 09:53:47.881650,Completed
5029,f75a2bf7-56b4-4e0d-88ba-d7a204508583,176,,,Adjustment,151.91,2026-09-28 09:53:47.881650,Completed
5030,3f9ae733-e884-4d85-acf8-a834eaf505bf,193,,,Adjustment,216.35,2026-09-28 09:53:47.881650,Completed
5031,960a00dd-370c-4156-87d5-f8ac87a3fd74,63,,,Adjustment,178.81,2026-09-28 09:53:47.881650,Completed
5032,2d9e75aa-4911-46d2-b3f4-f83dd8c2cc4e,130,4.0,,Deposit,147.7,2026-09-28 09:53:47.881650,Completed
5033,2e6ab717-9e8a-4de7-bc4a-e5b8f811caca,110,,,Adjustment,126.04,2026-09-28 09:53:47.881650,Completed
5034,0ae9f9e0-7dbe-4f5d-a526-bd500640bac1,172,4.0,,Withdrawal,83.96,2026-09-28 09:53:47.881650,Completed
5035,7fd1aab2-e141-4ba4-a6b3-b755b3ed580a,724,1.0,,Deposit,197.02,2026-09-28 09:53:47.881650,Completed
5036,d3b3c676-0761-4c68-94a2-609083392ca2,718,,,Adjustment,63.01,2026-09-28 09:53:47.881650,Completed
5037,5959f726-ebff-45c1-ad8c-538e7dccf975,714,,,Adjustment,481.01,2026-09-28 09:53:47.881650,Completed
5038,bffd3f9e-722f-4b82-83fd-e62260c8597e,502,1.0,,Withdrawal,16.0,2026-09-28 09:53:47.881650,Completed
5039,48bf6b46-faab-41b7-a1d5-fb72aaef69e5,353,3.0,,Withdrawal,11.27,2026-09-28 09:53:47.881650,Completed
5040,b0937013-0f6e-4c05-8199-2ed5c5f970e2,673,3.0,,Withdrawal,465.78,2026-09-28 09:53:47.881650,Completed
5041,5280c286-0b4b-41ee-9077-140d6dd8e6ca,564,,,Adjustment,65.92,2026-09-28 09:53:47.881650,Completed
5042,3f89f55e-53d0-4e6c-bdd2-c5149c55ed88,826,,,Adjustment,78.05,2026-09-28 09:53:47.881650,Completed
5043,2c18fb01-9a09-40f5-a85f-c328ac624452,663,2.0,,Withdrawal,425.64,2026-09-28 09:53:47.881650,Completed
5044,fd75c3d3-251f-4a9c-b329-b2191cc51c5e,667,2.0,,Deposit,435.68,2026-09-28 09:53:47.881650,Completed
5045,2683900f-e90d-44e2-a779-45e0b334e422,986,,,Adjustment,302.47,2026-09-28 09:53:47.881650,Completed
5046,02584a4e-dfd0-49d2-843f-e6a17e833dc6,325,2.0,,Deposit,211.32,2026-09-28 09:53:47.881650,Completed
5047,188f7cda-c67f-4691-9205-71fb96380f4b,118,,,Adjustment,179.31,2026-09-28 09:53:47.881650,Completed
5048,4fdeae73-6abe-4191-b9b4-2baafe10f3d1,492,3.0,,Deposit,319.66,2026-09-28 09:53:47.881650,Completed
5049,944c42e0-561c-4f12-a952-df4fe8cf0f10,98,3.0,,Withdrawal,312.92,2026-09-28 09:53:47.881650,Completed
5050,b324f81f-4b1a-4a77-b699-a3ae11a8965d,875,,,Adjustment,476.19,2026-09-28 09:53:47.881650,Completed
5051,37871e59-47d2-4bfc-a811-0b4d4aa2d2b6,232,5.0,,Withdrawal,306.03,2026-09-28 09:53:47.881650,Completed
5052,b90edb6d-cd9a-4bce-862f-c2d1c3c90b90,884,4.0,,Withdrawal,414.76,2026-09-28 09:53:47.881650,Completed
5053,08ddcb79-2517-4e40-9409-152170b44b46,234,1.0,,Deposit,19.2,2026-09-28 09:53:47.881650,Completed
5054,c769b463-c97f-40c7-b5cc-a033bcfaae99,612,4.0,,Deposit,18.69,2026-09-28 09:53:47.881650,Completed
5055,af7027bd-357b-404a-910b-aaff08a4f8ba,451,2.0,,Deposit,291.93,2026-09-28 09:53:47.881650,Completed
5056,0e1d0d6c-9712-4c2d-83e8-44243a819446,401,4.0,,Deposit,21.69,2026-09-28 09:53:47.881650,Completed
5057,ca3eedb9-59fe-421a-8003-82edfcc142b5,190,4.0,,Deposit,42.24,2026-09-28 09:53:47.881650,Completed
5058,6b8a75d8-6506-4241-a992-8eed86b8c2c6,992,,,Adjustment,198.62,2026-09-28 09:53:47.881650,Completed
5059,3562886f-d103-45c7-a348-829f83e85d88,324,5.0,,Deposit,98.67,2026-09-28 09:53:47.881650,Completed
5060,f74567f2-357f-4fdc-9f17-bf94f171aff5,147,1.0,,Deposit,385.06,2026-09-28 09:53:47.881650,Completed
5061,f726af14-88f5-4965-8bb0-70c702f9acd4,866,1.0,,Deposit,327.46,2026-09-28 09:53:47.881650,Completed
5062,c5374195-4a40-4737-b648-a029ec40fed3,7,2.0,,Deposit,429.64,2026-09-28 09:53:47.881650,Completed
5063,013a1702-e069-45c2-a125-8cb86f3aac7b,25,5.0,,Withdrawal,432.23,2026-09-28 09:53:47.881650,Completed
5064,e78961a6-a9a5-4857-82c1-a2f9ed8cab36,345,1.0,,Withdrawal,370.96,2026-09-28 09:53:47.881650,Completed
5065,81ba2e80-559a-4787-944a-0cd0dd8a1cbc,388,,,Adjustment,115.72,2026-09-28 09:53:47.881650,Completed
5066,2e9253bc-8e59-4860-a26f-ad7f5fe5985b,863,5.0,,Deposit,310.19,2026-09-28 09:53:47.881650,Completed
5067,c634599f-4398-4726-96ce-2911f54309f9,158,,,Adjustment,98.82,2026-09-28 09:53:47.881650,Completed
5068,97005f5f-4599-459b-8279-db99c7367720,492,5.0,,Withdrawal,423.78,2026-09-28 09:53:47.881650,Completed
5069,fe3a24b5-45b5-49d7-bd4b-7b24a27a5f80,334,3.0,,Deposit,407.3,2026-09-28 09:53:47.881650,Completed
5070,45447f10-becf-4b4b-8d33-d66bad931ca0,165,,,Adjustment,101.48,2026-09-28 09:53:47.881650,Completed
5071,f19f9e00-4223-49ef-93da-a8b3fb011bc2,650,,,Adjustment,85.22,2026-09-28 09:53:47.881650,Completed
5072,3edc6584-bcd0-4c0a-991b-48e13157ecaa,717,1.0,,Withdrawal,480.15,2026-09-28 09:53:47.881650,Completed
5073,f98526d1-0745-4fd0-aa9f-f3170f1031f9,78,,,Adjustment,296.6,2026-09-28 09:53:47.881650,Completed
5074,7c28872e-d036-4ff4-8007-8478b649a0ba,856,3.0,,Deposit,114.94,2026-09-28 09:53:47.881650,Completed
5075,f50987c2-e089-4e49-a246-66b2133921f4,366,4.0,,Deposit,326.09,2026-09-28 09:53:47.881650,Completed
5076,88db5aad-df8b-4fb1-8be2-12977d84fa5b,277,,,Adjustment,275.17,2026-09-28 09:53:47.881650,Completed
5077,afd4e0f8-266c-4ce7-99db-197acef0614a,204,1.0,,Withdrawal,347.83,2026-09-28 09:53:47.881650,Completed
5078,64dcc1a3-6f6e-4b90-82cc-a2fd67b87086,641,,,Adjustment,60.24,2026-09-28 09:53:47.881650,Completed
5079,37a0f3e9-a2fa-4c0f-b041-6f7d94c976fd,595,2.0,,Withdrawal,384.82,2026-09-28 09:53:47.881650,Completed
5080,e6c51d3d-459e-4906-97e7-ed6ea7fa8b1a,16,4.0,,Deposit,313.21,2026-09-28 09:53:47.881650,Completed
5081,9140ef59-d631-44f4-a9c3-024a48b420fd,649,,,Adjustment,111.68,2026-09-28 09:53:47.881650,Completed
5082,cb19d3ea-7908-4e76-b1b3-521ea47da61f,345,3.0,,Withdrawal,217.04,2026-09-28 09:53:47.881650,Completed
5083,18f7f623-90ca-492e-b70c-aa22bd4eef27,576,,,Adjustment,167.68,2026-09-28 09:53:47.881650,Completed
5084,14c7e80d-ce9d-4064-b4b7-defc3c36a235,942,3.0,,Deposit,201.94,2026-09-28 09:53:47.881650,Completed
5085,77057dc8-4897-45a1-8e0b-11c163cb61d7,949,,,Adjustment,25.65,2026-09-28 09:53:47.881650,Completed
5086,50f162ad-ae3b-473b-bd3c-19e4ca4aa336,646,4.0,,Withdrawal,366.61,2026-09-28 09:53:47.881650,Completed
5087,9b64be18-f31f-49a6-9965-2234cfe58758,276,3.0,,Withdrawal,202.37,2026-09-28 09:53:47.881650,Completed
5088,2657aff2-5e24-4294-8901-1b0e6bdea29e,111,1.0,,Withdrawal,215.51,2026-09-28 09:53:47.881650,Completed
5089,05763c07-24d8-408a-ab8d-02718bedf4ad,776,3.0,,Withdrawal,475.71,2026-09-28 09:53:47.881650,Completed
5090,af244143-bfb5-4e38-8f56-ade8db177e63,572,1.0,,Deposit,215.7,2026-09-28 09:53:47.881650,Completed
5091,b657f472-1f3a-4b08-adf3-8abb3510f64f,287,,,Adjustment,22.75,2026-09-28 09:53:47.881650,Completed
5092,0048083e-64ba-4a90-b93b-5bbe11fa2059,467,,,Adjustment,128.29,2026-09-28 09:53:47.881650,Completed
5093,74dadffc-0cf1-4b62-9cad-67e49f996bbb,319,3.0,,Withdrawal,246.01,2026-09-28 09:53:47.881650,Completed
5094,b50ed76f-85d1-40e7-aa42-937cb1ca70c2,999,,,Adjustment,52.47,2026-09-28 09:53:47.881650,Completed
5095,da943b88-3c0a-4387-82a4-c3d452712efa,488,,,Adjustment,422.26,2026-09-28 09:53:47.881650,Completed
5096,845a8577-6ddf-466d-a483-0492431bf01e,723,4.0,,Withdrawal,389.73,2026-09-28 09:53:47.881650,Completed
5097,4b0030a7-7294-428b-97c3-5d6b82e83eda,123,,,Adjustment,407.46,2026-09-28 09:53:47.881650,Completed
5098,9c39a8bd-3550-447b-9721-b3b060b0ec38,994,5.0,,Deposit,298.89,2026-09-28 09:53:47.881650,Completed
5099,0ed32bb0-16ee-4926-a245-7ba4dab2f5b6,550,2.0,,Withdrawal,194.31,2026-09-28 09:53:47.881650,Completed
5100,004b2cb1-8027-4cf0-b461-8d4b7fafedf5,172,,,Adjustment,496.81,2026-09-28 09:53:47.881650,Completed
5101,d1838c03-e576-47ec-bf11-1cd4ac9ff8fb,468,,,Adjustment,403.53,2026-09-28 09:53:47.881650,Completed
5102,204971da-d7b8-4b38-a1c2-fec5bb6ceebe,785,,,Adjustment,263.62,2026-09-28 09:53:47.881650,Completed
5103,eb9ede6b-bde1-47b9-9a05-3f63d113712b,330,1.0,,Withdrawal,247.23,2026-09-28 09:53:47.881650,Completed
5104,8b5de57f-09cf-40a1-97af-483bba9b7002,901,,,Adjustment,210.97,2026-09-28 09:53:47.881650,Completed
5105,4e091f48-6cb8-4067-abd2-d4a5f647ed1b,419,,,Adjustment,39.53,2026-09-28 09:53:47.881650,Completed
5106,9ac4a072-9042-4d44-b49c-40293a01048c,342,4.0,,Withdrawal,173.14,2026-09-28 09:53:47.881650,Completed
5107,e07a14b4-b77e-47ca-933c-9d45d7ab6f84,241,3.0,,Withdrawal,436.39,2026-09-28 09:53:47.881650,Completed
5108,7179025a-143f-4fd4-9ab4-e5ae8042c646,39,2.0,,Deposit,121.71,2026-09-28 09:53:47.881650,Completed
5109,9e9a1e25-aee2-444c-b0ad-9d06d38d4da6,865,5.0,,Withdrawal,390.18,2026-09-28 09:53:47.881650,Completed
5110,56533062-c1e2-43d1-8d85-717c56dae864,649,1.0,,Deposit,46.04,2026-09-28 09:53:47.881650,Completed
5111,6eb63695-5874-4ea2-a593-9545431d1c40,225,5.0,,Withdrawal,160.7,2026-09-28 09:53:47.881650,Completed
5112,0f5c280a-5ff2-4cf0-8246-f9abeb83de44,639,2.0,,Deposit,174.52,2026-09-28 09:53:47.881650,Completed
5113,4c17302e-3bd4-48a0-956d-a76697e87f5b,758,3.0,,Withdrawal,167.15,2026-09-28 09:53:47.881650,Completed
5114,ffd025f2-c746-499d-b688-307b95610991,18,,,Adjustment,478.33,2026-09-28 09:53:47.881650,Completed
5115,ab74063f-58f4-4dba-8187-9678c53f9c07,341,5.0,,Deposit,321.32,2026-09-28 09:53:47.881650,Completed
5116,a6b3dda4-d244-4a0d-8a3f-07bf5f0d73b5,685,3.0,,Deposit,135.44,2026-09-28 09:53:47.881650,Completed
5117,736c4d3b-0c38-4863-99d7-9dfa030f0fb8,631,3.0,,Withdrawal,451.32,2026-09-28 09:53:47.881650,Completed
5118,12b014f7-fe06-41b6-9fae-ac8c7b02a266,158,,,Adjustment,96.15,2026-09-28 09:53:47.881650,Completed
5119,dbb09c13-74c5-47aa-8248-0a8f07337e4b,870,2.0,,Deposit,166.84,2026-09-28 09:53:47.881650,Completed
5120,15d42573-d4e7-4533-9c7d-b02961e5e720,227,,,Adjustment,167.78,2026-09-28 09:53:47.881650,Completed
5121,f404bd52-0a78-4310-8133-9d683e1ad98f,992,,,Adjustment,124.36,2026-09-28 09:53:47.881650,Completed
5122,87b239fc-b678-4a80-b644-1171240c7ead,672,1.0,,Withdrawal,147.7,2026-09-28 09:53:47.881650,Completed
5123,0ec8157c-fd6b-4ff2-a73a-2fe0cf025e48,680,3.0,,Withdrawal,469.04,2026-09-28 09:53:47.881650,Completed
5124,dafa24ea-21ef-4838-98d6-0705a7f101b9,89,,,Adjustment,64.77,2026-09-28 09:53:47.881650,Completed
5125,05ffe005-bba3-4fec-829e-c83cb01541d7,509,4.0,,Deposit,274.28,2026-09-28 09:53:47.881650,Completed
5126,d5c0ace1-9814-44b5-a183-adec65cb64e0,999,2.0,,Withdrawal,312.32,2026-09-28 09:53:47.881650,Completed
5127,62e47e89-72a4-403b-ae69-4db4c146618b,883,4.0,,Withdrawal,494.17,2026-09-28 09:53:47.881650,Completed
5128,2e5b8b45-d9a3-40b6-838c-f94f9264238a,913,5.0,,Deposit,100.42,2026-09-28 09:53:47.881650,Completed
5129,40940f12-53e1-4e22-8fed-31b1567cf329,834,1.0,,Deposit,389.71,2026-09-28 09:53:47.881650,Completed
5130,f919fee9-bee4-4912-a867-8b6bc2b1672d,382,5.0,,Withdrawal,239.68,2026-09-28 09:53:47.881650,Completed
5131,566dce2c-a97d-4a54-a85a-55442910d00b,423,1.0,,Deposit,469.62,2026-09-28 09:53:47.881650,Completed
5132,22eb188e-8578-4ed0-8e3c-cea4c3bbc101,985,,,Adjustment,211.1,2026-09-28 09:53:47.881650,Completed
5133,d0527468-0b27-417e-b989-a7dc2e03989b,141,2.0,,Withdrawal,427.46,2026-09-28 09:53:47.881650,Completed
5134,528e7552-46db-4a5f-81a8-4a1636a80cec,438,,,Adjustment,316.28,2026-09-28 09:53:47.881650,Completed
5135,4841a4a8-12c1-4bad-81e4-094b43d9bf28,678,,,Adjustment,46.52,2026-09-28 09:53:47.881650,Completed
5136,a048556b-0ff5-4f5d-801c-699b268c142f,473,4.0,,Withdrawal,178.38,2026-09-28 09:53:47.881650,Completed
5137,e83225b1-cec0-4319-b8ec-cd5a2ffa9abd,681,3.0,,Withdrawal,194.66,2026-09-28 09:53:47.881650,Completed
5138,f73be3a0-10db-4628-8202-6c645072cd71,650,5.0,,Withdrawal,104.05,2026-09-28 09:53:47.881650,Completed
5139,67836d2e-d0b6-4f20-a196-d98f41bd4020,33,4.0,,Deposit,168.19,2026-09-28 09:53:47.881650,Completed
5140,174f8986-3b1a-4f82-b435-8e15cb83598d,484,2.0,,Deposit,36.48,2026-09-28 09:53:47.881650,Completed
5141,344a67a1-f013-4cad-b598-7f6e4b1e5479,218,4.0,,Deposit,49.73,2026-09-28 09:53:47.881650,Completed
5142,cb113f9a-3c15-4f38-b4bc-7b623680c101,439,,,Adjustment,352.05,2026-09-28 09:53:47.881650,Completed
5143,0341eb45-a612-4096-b2a0-6799df7fb62c,676,4.0,,Deposit,59.04,2026-09-28 09:53:47.881650,Completed
5144,e58c7e01-2aeb-47b2-a32a-6b7f41f15973,622,4.0,,Withdrawal,180.62,2026-09-28 09:53:47.881650,Completed
5145,deba82f9-4f36-4e45-9abf-789062370918,27,5.0,,Deposit,365.34,2026-09-28 09:53:47.881650,Completed
5146,69e97e98-3d8d-474e-8caf-36355ad1e8a4,311,,,Adjustment,128.32,2026-09-28 09:53:47.881650,Completed
5147,57dd9f45-f028-4bf8-8968-3339e40c694c,277,2.0,,Withdrawal,119.11,2026-09-28 09:53:47.881650,Completed
5148,4ed6275f-3fab-4f78-ab8c-4a0186f747d7,486,5.0,,Deposit,472.0,2026-09-28 09:53:47.881650,Completed
5149,450d4489-4b2e-4995-a8ad-6a7086a1f805,725,3.0,,Withdrawal,46.66,2026-09-28 09:53:47.881650,Completed
5150,5ab9add1-0d7b-4abb-9fbc-00b7a1d449fc,497,3.0,,Withdrawal,414.95,2026-09-28 09:53:47.881650,Completed
5151,c00bbfdc-9c0d-4f57-a9bb-53536097625e,686,5.0,,Withdrawal,191.46,2026-09-28 09:53:47.881650,Completed
5152,3a994da7-b832-4999-8708-4aad185c6e6f,811,4.0,,Deposit,318.76,2026-09-28 09:53:47.881650,Completed
5153,5d5b19c2-adac-4e14-9349-45a9b860c4bf,41,,,Adjustment,407.11,2026-09-28 09:53:47.881650,Completed
5154,ddcb0e65-d6bb-477d-859c-f1a9bbbd85ef,824,,,Adjustment,487.56,2026-09-28 09:53:47.881650,Completed
5155,8d8dfedc-ccad-4c5c-967f-47d1456b6a10,592,4.0,,Withdrawal,375.1,2026-09-28 09:53:47.881650,Completed
5156,74a92eaa-9f52-4591-a652-7c5ff83eee50,329,4.0,,Withdrawal,162.39,2026-09-28 09:53:47.881650,Completed
5157,1a9666d3-952d-4512-ad27-0fe8c29fac07,276,5.0,,Withdrawal,480.28,2026-09-28 09:53:47.881650,Completed
5158,ad306bec-febd-4fa3-aa69-214c722cf2a9,340,2.0,,Withdrawal,439.93,2026-09-28 09:53:47.881650,Completed
5159,9b8ee2ed-c606-4e8c-8447-dee1dc840460,784,2.0,,Deposit,488.68,2026-09-28 09:53:47.881650,Completed
5160,d4cc086e-ed7b-4845-8014-2e9afbaa5908,544,,,Adjustment,105.32,2026-09-28 09:53:47.881650,Completed
5161,66b41bf1-8842-40eb-980f-b7e982fad3a3,290,1.0,,Withdrawal,280.22,2026-09-28 09:53:47.881650,Completed
5162,e098f967-70ee-4d4f-8e8a-f851d9854a1f,693,3.0,,Deposit,335.39,2026-09-28 09:53:47.881650,Completed
5163,b60628e5-7fe0-4b58-aa03-7d3d9684a1fa,48,5.0,,Deposit,264.85,2026-09-28 09:53:47.881650,Completed
5164,d3079c1d-bb73-427f-a83c-90169d2f910d,922,2.0,,Deposit,469.24,2026-09-28 09:53:47.881650,Completed
5165,68ddb1cb-1413-4a51-9b98-1e305c5ecea8,268,,,Adjustment,424.82,2026-09-28 09:53:47.881650,Completed
5166,41122249-b9a0-4e40-bb5b-b3377f8802d6,198,4.0,,Deposit,490.48,2026-09-28 09:53:47.881650,Completed
5167,09aff0f6-4856-46f0-aa98-4c415e8a69df,723,,,Adjustment,400.05,2026-09-28 09:53:47.881650,Completed
5168,3e4d77f8-1738-4b53-b2d3-3eb146bc9a6b,876,1.0,,Deposit,313.93,2026-09-28 09:53:47.881650,Completed
5169,74667f3e-8514-468b-8765-9ba9f3d6b5bc,367,3.0,,Deposit,17.18,2026-09-28 09:53:47.881650,Completed
5170,2e96643d-a4ae-4c16-88e9-d08d643c6d3e,684,1.0,,Deposit,47.38,2026-09-28 09:53:47.881650,Completed
5171,024adfb1-47f5-48d6-b6b1-aa2151fccf53,36,2.0,,Withdrawal,129.67,2026-09-28 09:53:47.881650,Completed
5172,61bfc541-ddfc-4fa0-a9fd-f15355b27c14,316,,,Adjustment,54.43,2026-09-28 09:53:47.881650,Completed
5173,270739e0-89ce-46e6-b762-55a9ce711ee0,553,,,Adjustment,421.53,2026-09-28 09:53:47.881650,Completed
5174,dc58c2a0-56f0-4347-93b8-598cb43102fe,281,,,Adjustment,326.85,2026-09-28 09:53:47.881650,Completed
5175,b7763bbc-784c-49c9-bea3-59e7b36c25a2,839,1.0,,Deposit,289.47,2026-09-28 09:53:47.881650,Completed
5176,c14fc350-03df-4a20-a334-99fbfddc990d,152,4.0,,Withdrawal,201.25,2026-09-28 09:53:47.881650,Completed
5177,fc79ec1c-0e81-42ac-9457-a1bf18b2f1ad,15,3.0,,Withdrawal,56.62,2026-09-28 09:53:47.881650,Completed
5178,14fef47e-5355-412d-80ae-ebe438b1083e,351,1.0,,Withdrawal,287.06,2026-09-28 09:53:47.881650,Completed
5179,ebd449a0-e981-4b10-89ad-1b7f9f5cacdc,409,3.0,,Deposit,360.62,2026-09-28 09:53:47.881650,Completed
5180,c3e436a5-da96-40eb-8780-5795667350e3,418,2.0,,Deposit,367.8,2026-09-28 09:53:47.881650,Completed
5181,bdef22ee-80f1-43fb-933f-686d46d3b345,541,,,Adjustment,171.23,2026-09-28 09:53:47.881650,Completed
5182,f8a51e09-5465-4b47-b570-095950fa2599,577,,,Adjustment,20.11,2026-09-28 09:53:47.881650,Completed
5183,9b0603e4-08fd-4eb1-9ca2-62a96a246a8c,867,2.0,,Withdrawal,273.6,2026-09-28 09:53:47.881650,Completed
5184,814183f8-ad1d-40d9-a755-82e211e06f36,352,4.0,,Withdrawal,41.89,2026-09-28 09:53:47.881650,Completed
5185,a7058713-7dad-4e5e-93c3-7992f27748ab,20,,,Adjustment,380.24,2026-09-28 09:53:47.881650,Completed
5186,d548f9e7-a235-40f3-8a84-24e9344d5483,528,,,Adjustment,66.03,2026-09-28 09:53:47.881650,Completed
5187,e408fa2c-3c54-4b0c-b576-1517864f3dc9,571,1.0,,Withdrawal,154.73,2026-09-28 09:53:47.881650,Completed
5188,a2e6ee88-b5f1-4358-a445-a8d23ab709b6,775,,,Adjustment,177.29,2026-09-28 09:53:47.881650,Completed
5189,a47eaffb-b66a-46c4-985e-df4be6359588,829,5.0,,Deposit,278.61,2026-09-28 09:53:47.881650,Completed
5190,795c09fb-ef75-4641-bb40-02d753c30fec,43,2.0,,Deposit,319.81,2026-09-28 09:53:47.881650,Completed
5191,0f3c1623-4480-43f1-9e70-9e2cee187712,697,,,Adjustment,130.47,2026-09-28 09:53:47.881650,Completed
5192,5fc33a78-4e56-4e53-a86b-e550063f129e,325,,,Adjustment,420.75,2026-09-28 09:53:47.881650,Completed
5193,dd856dc1-eba3-4c9f-b561-e0af93783c3f,257,3.0,,Deposit,78.39,2026-09-28 09:53:47.881650,Completed
5194,af940cfa-5ba1-4e27-93d4-13f4a2ade623,315,,,Adjustment,275.07,2026-09-28 09:53:47.881650,Completed
5195,6760cbfc-e557-4bc4-8811-75046b6e3dc1,585,4.0,,Withdrawal,386.16,2026-09-28 09:53:47.881650,Completed
5196,2025a7a5-e32e-47a5-abb8-df7a92a15f8c,597,3.0,,Deposit,43.54,2026-09-28 09:53:47.881650,Completed
5197,ce46c5c5-c98f-406c-a412-521dd31badf0,457,1.0,,Deposit,33.2,2026-09-28 09:53:47.881650,Completed
5198,c47b69d8-025c-4261-a8a9-19ecf452f0a0,907,3.0,,Deposit,277.89,2026-09-28 09:53:47.881650,Completed
5199,1c911217-6fc6-4a8d-94de-9f9e7f95e16b,365,2.0,,Withdrawal,69.47,2026-09-28 09:53:47.881650,Completed
5200,6a700009-4aa0-4b8a-bc09-994d33a60ab1,715,5.0,,Deposit,283.75,2026-09-28 09:53:47.881650,Completed
5201,c42baa07-aa80-49bb-9c8b-37fc4f97b2d4,673,4.0,,Withdrawal,83.9,2026-09-28 09:53:47.881650,Completed
5202,bee1745c-a205-4004-9d25-b034db1c83ca,625,3.0,,Withdrawal,367.72,2026-09-28 09:53:47.881650,Completed
5203,d93cac19-6278-48bc-b309-f7f7913da31c,658,2.0,,Withdrawal,318.49,2026-09-28 09:53:47.881650,Completed
5204,5c15a81d-b87a-4cce-87c0-308b0a5fcc5b,173,,,Adjustment,91.89,2026-09-28 09:53:47.881650,Completed
5205,3bc25c4d-9059-4985-85f5-60428dd4fe5a,372,,,Adjustment,88.77,2026-09-28 09:53:47.881650,Completed
5206,1cedb34f-bb3b-4428-83ca-05a2e0124232,353,5.0,,Deposit,51.32,2026-09-28 09:53:47.881650,Completed
5207,0a509863-e2a2-4834-ada6-21f6fc4b93f6,187,3.0,,Withdrawal,53.13,2026-09-28 09:53:47.881650,Completed
5208,ccc8e20b-0e2f-43c8-8c3d-302313877f41,800,,,Adjustment,13.92,2026-09-28 09:53:47.881650,Completed
5209,e6a39580-4efa-47fc-9ad7-8d25253dd968,618,5.0,,Withdrawal,226.74,2026-09-28 09:53:47.881650,Completed
5210,56dcbe40-019e-4f54-8870-5cb323da2de9,170,5.0,,Deposit,141.05,2026-09-28 09:53:47.881650,Completed
5211,ed9b8e42-3996-4157-ab8d-18018179a801,951,4.0,,Deposit,417.05,2026-09-28 09:53:47.881650,Completed
5212,89d69349-5a87-4cd4-b36e-63139bd5d1c4,169,2.0,,Deposit,467.45,2026-09-28 09:53:47.881650,Completed
5213,9798bce2-5cb9-4a2d-8c3b-eca2e6dfb740,998,2.0,,Deposit,233.72,2026-09-28 09:53:47.881650,Completed
5214,754b7659-f7a9-40c9-b260-8404d34824dc,14,,,Adjustment,422.16,2026-09-28 09:53:47.881650,Completed
5215,5b02ab2c-5bf4-406b-9a16-d1e32acf7814,827,,,Adjustment,494.86,2026-09-28 09:53:47.881650,Completed
5216,0e5e1abc-8580-4ca8-9811-ff5296f34a26,642,2.0,,Withdrawal,420.79,2026-09-28 09:53:47.881650,Completed
5217,7a9245f2-65d0-4cf0-89d8-dc1e90cf0e5d,367,3.0,,Withdrawal,23.58,2026-09-28 09:53:47.881650,Completed
5218,e45bce9e-ecc4-4696-8815-f9539e3a1659,759,1.0,,Deposit,120.09,2026-09-28 09:53:47.881650,Completed
5219,838a6539-136f-4c0f-971c-9cf26c605eba,650,4.0,,Deposit,240.4,2026-09-28 09:53:47.881650,Completed
5220,47ab9e71-4697-46dd-8cf0-eab244cf0094,212,5.0,,Deposit,315.41,2026-09-28 09:53:47.881650,Completed
5221,1579734f-dda2-4b6c-b945-76a184367528,116,2.0,,Withdrawal,168.97,2026-09-28 09:53:47.881650,Completed
5222,a9680f0d-e973-4a6c-92e9-eeb3200cea6c,213,4.0,,Deposit,416.22,2026-09-28 09:53:47.881650,Completed
5223,22a16522-707a-46b5-9462-78b76c42abbd,938,3.0,,Withdrawal,118.06,2026-09-28 09:53:47.881650,Completed
5224,bc7633d7-afa7-4b83-9a90-921f8d62bfe9,481,,,Adjustment,478.14,2026-09-28 09:53:47.881650,Completed
5225,065e1c89-7131-4eb3-beda-422c664c2b5c,119,5.0,,Deposit,285.26,2026-09-28 09:53:47.881650,Completed
5226,684870a5-f42d-46ab-ad78-2c2a1d2e947d,434,1.0,,Withdrawal,460.19,2026-09-28 09:53:47.881650,Completed
5227,2862d23a-aa2c-446c-af35-e8c2837a45e7,126,4.0,,Withdrawal,325.31,2026-09-28 09:53:47.881650,Completed
5228,995fb647-32a0-499a-b022-c7a4a7286c57,797,,,Adjustment,111.08,2026-09-28 09:53:47.881650,Completed
5229,fff8458c-08c2-4e00-aa62-ef98b25a84a5,725,4.0,,Withdrawal,380.57,2026-09-28 09:53:47.881650,Completed
5230,0fcc7cb6-acb4-4b8e-ae05-5f8a646caff8,286,3.0,,Withdrawal,136.24,2026-09-28 09:53:47.881650,Completed
5231,51d0e797-aa62-4c3a-b147-db34257d871a,153,1.0,,Withdrawal,384.66,2026-09-28 09:53:47.881650,Completed
5232,46a57580-ba33-4db7-82bc-eb9805c73025,599,,,Adjustment,48.07,2026-09-28 09:53:47.881650,Completed
5233,e6e10cbc-364b-450b-83a3-d425819c4ed8,196,2.0,,Withdrawal,357.86,2026-09-28 09:53:47.881650,Completed
5234,bcc595a8-27ab-4d18-b379-f049b22aacf5,906,3.0,,Deposit,245.96,2026-09-28 09:53:47.881650,Completed
5235,37e1d0f9-4052-48ba-9d2a-86094a557103,252,3.0,,Withdrawal,449.19,2026-09-28 09:53:47.881650,Completed
5236,f2dc7ffd-7ef2-460e-a534-d34678b1ff8b,781,3.0,,Withdrawal,462.45,2026-09-28 09:53:47.881650,Completed
5237,a69a2d17-70e1-4053-bd5e-24eab07b3cd1,806,1.0,,Deposit,323.35,2026-09-28 09:53:47.881650,Completed
5238,2bbb1d45-5ccc-490a-bb23-5116e1ec97bc,993,,,Adjustment,236.86,2026-09-28 09:53:47.881650,Completed
5239,83840911-09a1-4917-ad54-7bc53b568add,601,,,Adjustment,63.65,2026-09-28 09:53:47.881650,Completed
5240,07715908-e7f5-44f5-abd1-e94ee729a95d,461,3.0,,Deposit,393.21,2026-09-28 09:53:47.881650,Completed
5241,447fc08f-15a8-4bc3-95dc-f931073e6d99,359,3.0,,Withdrawal,263.19,2026-09-28 09:53:47.881650,Completed
5242,94a7fa8d-fc26-4edc-b7fa-605dc8672d05,446,5.0,,Withdrawal,223.77,2026-09-28 09:53:47.881650,Completed
5243,e51bd184-2478-4e0c-8a86-fc1953b99118,546,,,Adjustment,171.13,2026-09-28 09:53:47.881650,Completed
5244,9d4e3de1-8665-4995-874b-d6688688e765,984,1.0,,Deposit,384.08,2026-09-28 09:53:47.881650,Completed
5245,a6922c8c-0dc6-4c11-8a40-6a88ed7eb0be,220,3.0,,Deposit,147.44,2026-09-28 09:53:47.881650,Completed
5246,788bb000-65ac-48f8-a04e-1d54352b6ce8,635,,,Adjustment,179.6,2026-09-28 09:53:47.881650,Completed
5247,5055ba3f-56be-472a-b6f3-160ed895d8f9,528,2.0,,Deposit,347.69,2026-09-28 09:53:47.881650,Completed
5248,203919db-a4aa-4870-baa2-886d9ecbef61,961,5.0,,Deposit,340.94,2026-09-28 09:53:47.881650,Completed
5249,2cf79189-9c06-4598-80ec-fc3539424b6b,907,3.0,,Deposit,349.96,2026-09-28 09:53:47.881650,Completed
5250,979db6e4-6d7d-4151-b8f6-684d848fe468,496,5.0,,Withdrawal,480.02,2026-09-28 09:53:47.881650,Completed
5251,23d0bcdd-1a4f-45a7-994b-db9ff255ada4,995,3.0,,Withdrawal,448.99,2026-09-28 09:53:47.881650,Completed
5252,4ff68cdd-6459-4d93-98d9-46fa118cd94a,609,3.0,,Deposit,14.01,2026-09-28 09:53:47.881650,Completed
5253,a6305870-a364-4fcd-9c65-2e27433e3739,892,,,Adjustment,496.69,2026-09-28 09:53:47.881650,Completed
5254,8e6667ce-2201-4f50-a5f8-3c51b6483475,823,,,Adjustment,447.19,2026-09-28 09:53:47.881650,Completed
5255,5cbb6b49-3560-4b54-a9d9-09322da2605c,103,,,Adjustment,202.85,2026-09-28 09:53:47.881650,Completed
5256,d31193d6-1980-4579-adf1-8906675623e7,204,3.0,,Deposit,110.05,2026-09-28 09:53:47.881650,Completed
5257,bf92d13a-5fe8-474c-85ea-35c256949fdb,760,,,Adjustment,147.91,2026-09-28 09:53:47.881650,Completed
5258,39c1fa83-4cff-4fbe-b91c-a79f6fc87499,816,,,Adjustment,350.76,2026-09-28 09:53:47.881650,Completed
5259,86e69ecd-c823-4160-94f3-dd26a61da28b,644,,,Adjustment,286.72,2026-09-28 09:53:47.881650,Completed
5260,be367a72-a2c0-43b1-957e-a12e451e79a5,291,4.0,,Deposit,216.24,2026-09-28 09:53:47.881650,Completed
5261,a87355a5-8eae-42d0-a346-b8d6cfcb225c,814,1.0,,Withdrawal,437.07,2026-09-28 09:53:47.881650,Completed
5262,0bbfbdef-96f5-4a5d-b423-13af60f864e6,708,,,Adjustment,321.9,2026-09-28 09:53:47.881650,Completed
5263,dc2d86b3-996d-43a2-8ca9-bff51f8f64d3,776,,,Adjustment,78.32,2026-09-28 09:53:47.881650,Completed
5264,23af5043-9079-43c2-b57d-09ae5a6fca21,976,4.0,,Deposit,203.88,2026-09-28 09:53:47.881650,Completed
5265,ce1d4ab3-e575-4b0a-b3ba-f8a9b826a033,21,,,Adjustment,311.62,2026-09-28 09:53:47.881650,Completed
5266,50689652-8e76-4f5e-be90-6271f041d9a7,213,1.0,,Deposit,33.41,2026-09-28 09:53:47.881650,Completed
5267,18b73f1f-bdbd-4f09-ba67-c05519bf404d,944,3.0,,Withdrawal,440.66,2026-09-28 09:53:47.881650,Completed
5268,472585d2-ad51-460f-a12e-7ed4e6f23cc9,618,4.0,,Deposit,134.58,2026-09-28 09:53:47.881650,Completed
5269,41d24ed2-1938-42b8-a127-c3f755bfbcd3,703,2.0,,Deposit,386.0,2026-09-28 09:53:47.881650,Completed
5270,cf5fc5c6-7026-4115-af0d-aaed189f7d8b,529,4.0,,Deposit,128.45,2026-09-28 09:53:47.881650,Completed
5271,b25655e4-e703-4f63-a6f0-bfd5ac6a2b5e,512,,,Adjustment,324.15,2026-09-28 09:53:47.881650,Completed
5272,c2942f58-5867-4110-9796-5a30e3857291,834,2.0,,Withdrawal,264.52,2026-09-28 09:53:47.881650,Completed
5273,2766e7e1-f602-43e3-9b4e-bacfc8dcc281,384,3.0,,Deposit,257.22,2026-09-28 09:53:47.881650,Completed
5274,83fdb9bd-86c1-4a80-a3c1-c57067bd978f,74,,,Adjustment,456.91,2026-09-28 09:53:47.881650,Completed
5275,26265520-7b93-4938-839c-85c8aa1c6b2f,980,,,Adjustment,171.18,2026-09-28 09:53:47.881650,Completed
5276,3c5037c3-a61b-4744-9651-d11ab6cb6454,1,1.0,,Withdrawal,479.07,2026-09-28 09:53:47.881650,Completed
5277,50f776a7-bea0-4a92-83d4-85bb15d0041a,760,3.0,,Deposit,250.87,2026-09-28 09:53:47.881650,Completed
5278,f6cbaec7-ee4a-48e4-ada4-9120709e3873,478,2.0,,Deposit,422.86,2026-09-28 09:53:47.881650,Completed
5279,8f0aa0df-ccb2-4de9-9ef0-81e344cbac9a,823,2.0,,Deposit,75.42,2026-09-28 09:53:47.881650,Completed
5280,6083bf22-22d8-4081-aefb-c507dbd79ec1,440,4.0,,Deposit,179.21,2026-09-28 09:53:47.881650,Completed
5281,f2eac5ed-a5bf-48b8-98ae-01b53d41ee71,753,1.0,,Withdrawal,395.12,2026-09-28 09:53:47.881650,Completed
5282,c8756ce4-2408-4acf-8705-c741b28a1cfb,840,,,Adjustment,17.92,2026-09-28 09:53:47.881650,Completed
5283,16fd1e6e-b169-452b-a965-4d2e4ea4bdbf,885,2.0,,Withdrawal,399.32,2026-09-28 09:53:47.881650,Completed
5284,98225afa-aa02-4924-9af4-f568c37f7f48,161,,,Adjustment,76.53,2026-09-28 09:53:47.881650,Completed
5285,a7685d9b-45c4-4048-b01f-c0911fc385c6,201,3.0,,Withdrawal,497.95,2026-09-28 09:53:47.881650,Completed
5286,a431266f-9178-44d2-a7a8-be9ddc2cc058,814,,,Adjustment,413.91,2026-09-28 09:53:47.881650,Completed
5287,f8c471ac-e87d-4780-b40a-d9bfc9402819,825,1.0,,Withdrawal,347.91,2026-09-28 09:53:47.881650,Completed
5288,84244fc6-3de6-4250-b42e-efd339d49dff,648,2.0,,Deposit,401.2,2026-09-28 09:53:47.881650,Completed
5289,c3781fef-a9de-475c-910e-a387200b4735,459,1.0,,Deposit,88.67,2026-09-28 09:53:47.881650,Completed
5290,7a45d077-93a1-4f69-b8d2-1b2c5d41ce7f,169,1.0,,Deposit,299.78,2026-09-28 09:53:47.881650,Completed
5291,798e295f-e379-4ff8-988a-f5e350cc6b0d,756,,,Adjustment,422.17,2026-09-28 09:53:47.881650,Completed
5292,6007c9e0-3034-4eaf-b9ca-0d7052085a1d,113,3.0,,Withdrawal,321.61,2026-09-28 09:53:47.881650,Completed
5293,104ad0ac-f2ea-40d4-9f03-27cca3b3dd69,11,3.0,,Deposit,38.16,2026-09-28 09:53:47.881650,Completed
5294,2e0a2daf-cd4a-472a-bb2b-c170d5cb3504,501,2.0,,Withdrawal,409.85,2026-09-28 09:53:47.881650,Completed
5295,4a45e1a4-5ada-4b69-997e-e934e229f1bd,448,1.0,,Withdrawal,317.55,2026-09-28 09:53:47.881650,Completed
5296,9f2a51b4-73ac-4d88-948a-3df676290dc5,364,5.0,,Withdrawal,410.09,2026-09-28 09:53:47.881650,Completed
5297,18730ce7-d1bc-47d2-8262-6a5cca565c28,27,,,Adjustment,407.8,2026-09-28 09:53:47.881650,Completed
5298,67b450cc-2878-443c-a8f6-90392c2aea9e,180,,,Adjustment,473.51,2026-09-28 09:53:47.881650,Completed
5299,2506587b-b2dd-4725-8719-475308c523c0,631,3.0,,Withdrawal,303.47,2026-09-28 09:53:47.881650,Completed
5300,178c0b7a-f7e8-4e86-be2b-db8c3f3b61cd,694,,,Adjustment,107.43,2026-09-28 09:53:47.881650,Completed
5301,cf9f749f-71f9-40ba-9479-2d238fd5a9ea,888,1.0,,Withdrawal,35.89,2026-09-28 09:53:47.881650,Completed
5302,b9018de1-858d-4507-9ba4-d930568dac63,747,5.0,,Withdrawal,277.47,2026-09-28 09:53:47.881650,Completed
5303,1a8a90fe-6d3c-4077-96c5-3b3ec2861347,97,1.0,,Deposit,237.83,2026-09-28 09:53:47.881650,Completed
5304,7b1f7b3a-7560-46f6-ae2b-133e44362ba9,903,,,Adjustment,151.97,2026-09-28 09:53:47.881650,Completed
5305,a7715884-d949-4d44-a51e-cfefe945c2a3,462,3.0,,Deposit,482.2,2026-09-28 09:53:47.881650,Completed
5306,5e930cfd-6095-4c5c-956f-db18d36251b3,591,4.0,,Deposit,411.7,2026-09-28 09:53:47.881650,Completed
5307,2aecc90d-7d39-4e22-bbac-89e003a268a0,712,3.0,,Withdrawal,496.59,2026-09-28 09:53:47.881650,Completed
5308,c76f9839-cb9c-425a-86d4-11358f108e63,793,2.0,,Deposit,189.55,2026-09-28 09:53:47.881650,Completed
5309,56924ecc-f185-4892-b365-43b60dc4a6cd,465,2.0,,Withdrawal,370.71,2026-09-28 09:53:47.881650,Completed
5310,051c583c-b6da-4f5d-bf1e-029674c42765,472,1.0,,Deposit,242.19,2026-09-28 09:53:47.881650,Completed
5311,0865694c-5912-47f6-8c91-91beb2890a62,171,,,Adjustment,308.73,2026-09-28 09:53:47.881650,Completed
5312,e6380bf5-2868-4703-93ea-2c1c71ed87a6,436,,,Adjustment,355.5,2026-09-28 09:53:47.881650,Completed
5313,b0a9beca-5873-445c-a429-501863d17e02,821,5.0,,Deposit,247.12,2026-09-28 09:53:47.881650,Completed
5314,0558c578-3e87-4762-8cae-4a2e1606966f,974,3.0,,Withdrawal,338.44,2026-09-28 09:53:47.881650,Completed
5315,a33182e0-26a5-43a1-993b-dbf93c16f3fc,233,,,Adjustment,261.76,2026-09-28 09:53:47.881650,Completed
5316,6999f559-12a5-4614-b0a7-9d2be2918fcf,270,3.0,,Deposit,453.35,2026-09-28 09:53:47.881650,Completed
5317,e1c73133-50d7-4e33-82ee-ab8091ecdf81,215,3.0,,Withdrawal,187.16,2026-09-28 09:53:47.881650,Completed
5318,a8fe2aa1-f54f-4d02-a6b2-d97e5b9b5003,899,1.0,,Withdrawal,380.02,2026-09-28 09:53:47.881650,Completed
5319,0d206ba8-10bb-4471-9ec9-264664f6061d,258,1.0,,Withdrawal,112.99,2026-09-28 09:53:47.881650,Completed
5320,08210c5a-da5e-4bf7-8ca0-0b387f90e3a2,337,4.0,,Withdrawal,113.07,2026-09-28 09:53:47.881650,Completed
5321,082630f0-0d13-4973-811f-f45dcb511815,719,,,Adjustment,482.87,2026-09-28 09:53:47.881650,Completed
5322,f2ceaeda-5572-44e2-9280-2baff4a52fc5,809,1.0,,Withdrawal,278.73,2026-09-28 09:53:47.881650,Completed
5323,15e2dacc-c5a9-4a90-bceb-a965a84de90e,135,2.0,,Deposit,58.2,2026-09-28 09:53:47.881650,Completed
5324,b79347a3-c6e1-4db4-ad98-72b888bde132,49,5.0,,Deposit,484.44,2026-09-28 09:53:47.881650,Completed
5325,4ad373cc-cb7e-460b-a3d3-274715adeab4,896,,,Adjustment,436.13,2026-09-28 09:53:47.881650,Completed
5326,842d08a4-7f09-43e1-a244-548050b5ff46,26,5.0,,Deposit,26.15,2026-09-28 09:53:47.881650,Completed
5327,1f94554e-bf2c-4916-b94e-fe8072820e40,643,,,Adjustment,77.05,2026-09-28 09:53:47.881650,Completed
5328,6a36193a-170b-4ccb-8a1e-a15c4a195849,237,3.0,,Deposit,469.71,2026-09-28 09:53:47.881650,Completed
5329,3112ba7d-12e6-430a-ad64-eb097d24dcd5,773,,,Adjustment,427.28,2026-09-28 09:53:47.881650,Completed
5330,3f5c62a4-d090-444a-8854-e53135fa8501,120,3.0,,Deposit,177.94,2026-09-28 09:53:47.881650,Completed
5331,4f7cff50-97fb-4f17-80f8-a384d5c6dd44,304,5.0,,Withdrawal,127.48,2026-09-28 09:53:47.881650,Completed
5332,9d503adb-698e-41c7-b9ad-42f23863c7bf,605,4.0,,Deposit,455.21,2026-09-28 09:53:47.881650,Completed
5333,d031925a-c03b-4182-b3fe-d17d47b91cba,617,1.0,,Deposit,49.12,2026-09-28 09:53:47.881650,Completed
5334,37d0e9a2-e10b-4fb9-af57-6f9bb72e58b0,865,1.0,,Deposit,185.77,2026-09-28 09:53:47.881650,Completed
5335,0a6044e5-4010-4fab-9c68-053291871c34,125,,,Adjustment,290.16,2026-09-28 09:53:47.881650,Completed
5336,c64b469e-4a08-4079-a9a1-e83f2631050c,410,3.0,,Withdrawal,493.47,2026-09-28 09:53:47.881650,Completed
5337,1d8615bb-5ab9-45d1-bdbb-80052cdf2807,272,,,Adjustment,276.19,2026-09-28 09:53:47.881650,Completed
5338,9b029915-5a23-47b3-9044-e674c0bb5ea9,373,,,Adjustment,393.58,2026-09-28 09:53:47.881650,Completed
5339,6ddf4309-1953-4eff-b85d-ee263e4155fb,614,1.0,,Deposit,399.0,2026-09-28 09:53:47.881650,Completed
5340,00ea9f47-c861-4f0a-9f76-4627f0784692,147,2.0,,Deposit,363.45,2026-09-28 09:53:47.881650,Completed
5341,12478601-3ee0-4c9c-a3cf-2243a390f732,700,,,Adjustment,97.97,2026-09-28 09:53:47.881650,Completed
5342,d673a841-f89a-4f97-99e8-2038d79b03e1,760,4.0,,Withdrawal,230.87,2026-09-28 09:53:47.881650,Completed
5343,0d24218d-51b1-498a-beac-c1a517cef173,801,4.0,,Deposit,81.06,2026-09-28 09:53:47.881650,Completed
5344,569ecec3-a402-4391-bcd8-6da8b7939c67,121,2.0,,Deposit,91.58,2026-09-28 09:53:47.881650,Completed
5345,8d395ee6-973e-45d8-ab77-4bc805fb8d0d,497,2.0,,Deposit,151.57,2026-09-28 09:53:47.881650,Completed
5346,fa2dfabe-b675-46c0-8b1e-6a54c696296f,714,1.0,,Withdrawal,84.9,2026-09-28 09:53:47.881650,Completed
5347,d5c976e5-7ba6-4282-8c23-4873f7dbaac5,971,,,Adjustment,80.61,2026-09-28 09:53:47.881650,Completed
5348,cf3963ac-3bcf-4ee2-90bf-8acfaba66709,214,,,Adjustment,276.29,2026-09-28 09:53:47.881650,Completed
5349,00f0bed3-5d51-48fa-9764-cc5a98e72e6f,409,,,Adjustment,81.77,2026-09-28 09:53:47.881650,Completed
5350,9c344757-6b75-42cf-98f6-132bd8297f65,618,2.0,,Deposit,325.48,2026-09-28 09:53:47.881650,Completed
5351,3eabab72-49ce-4382-8bc3-25a7b688d79a,97,,,Adjustment,230.98,2026-09-28 09:53:47.881650,Completed
5352,15231fa3-ce5f-4e99-afc0-faec32089c0d,297,2.0,,Withdrawal,305.53,2026-09-28 09:53:47.881650,Completed
5353,219a7820-318a-4c30-b79f-076e472b3013,83,1.0,,Deposit,271.43,2026-09-28 09:53:47.881650,Completed
5354,50200e9c-cefa-4f2c-9917-a0e9eb6f9011,343,,,Adjustment,198.1,2026-09-28 09:53:47.881650,Completed
5355,f4fea12f-4396-4851-a113-75ac0852768d,505,,,Adjustment,443.25,2026-09-28 09:53:47.881650,Completed
5356,2b80bbb5-76f4-4122-9ee2-54aea4bbc823,441,5.0,,Deposit,98.61,2026-09-28 09:53:47.881650,Completed
5357,4530991c-e1df-4512-88dd-3a763498f775,226,5.0,,Withdrawal,484.98,2026-09-28 09:53:47.881650,Completed
5358,af6e121c-5343-4ef5-b54f-79bc3ae72dd4,738,2.0,,Deposit,101.12,2026-09-28 09:53:47.881650,Completed
5359,acf1193d-9ffc-40e3-a2d6-974d3dd30f2f,956,,,Adjustment,467.54,2026-09-28 09:53:47.881650,Completed
5360,e2bf0233-e6fa-4f16-a769-08fe2779043b,655,1.0,,Deposit,15.26,2026-09-28 09:53:47.881650,Completed
5361,20b500bd-219e-4c67-b94d-d1572bb02393,15,2.0,,Deposit,201.46,2026-09-28 09:53:47.881650,Completed
5362,22c417ac-b5e7-4722-872a-bbd8b4cfb006,414,1.0,,Withdrawal,248.02,2026-09-28 09:53:47.881650,Completed
5363,5c925adc-773e-4a2a-aab5-88fad2f8af9f,638,5.0,,Withdrawal,459.27,2026-09-28 09:53:47.881650,Completed
5364,26b51b82-0a5e-48bb-887f-916c311067f5,782,4.0,,Withdrawal,494.59,2026-09-28 09:53:47.881650,Completed
5365,cadfc55e-040c-4ee9-86a3-6a822e003c2d,808,,,Adjustment,306.87,2026-09-28 09:53:47.881650,Completed
5366,13ec86ef-80b3-491b-8b9f-4b791ba60e4b,756,1.0,,Deposit,21.02,2026-09-28 09:53:47.881650,Completed
5367,74aee8cf-2909-41c8-82b7-790acd340c92,46,4.0,,Deposit,143.58,2026-09-28 09:53:47.881650,Completed
5368,d0d6cad4-315d-41e8-b94d-68c6aaf87ca5,123,2.0,,Withdrawal,403.92,2026-09-28 09:53:47.881650,Completed
5369,c5e3facc-07ea-4f56-8d85-60a1978fffa5,169,4.0,,Deposit,229.13,2026-09-28 09:53:47.881650,Completed
5370,23f52bcb-eff9-4357-ac88-9cb514c38e6a,7,3.0,,Withdrawal,478.9,2026-09-28 09:53:47.881650,Completed
5371,bdbf1d14-9c16-4418-b4fc-944657362d43,664,,,Adjustment,392.61,2026-09-28 09:53:47.881650,Completed
5372,05301161-6577-4aa0-a989-4c6e70bf3113,36,,,Adjustment,29.13,2026-09-28 09:53:47.881650,Completed
5373,d10b7df9-b2ce-459b-9c71-d612cbd3f1be,105,,,Adjustment,458.49,2026-09-28 09:53:47.881650,Completed
5374,5bda1514-e545-475b-b486-d8d41c5f232c,803,4.0,,Withdrawal,406.18,2026-09-28 09:53:47.881650,Completed
5375,7c573a15-8f03-4ee8-940b-615660974690,46,,,Adjustment,283.07,2026-09-28 09:53:47.881650,Completed
5376,e043927c-bcd1-4afc-8852-c58fb8176672,156,3.0,,Deposit,403.13,2026-09-28 09:53:47.881650,Completed
5377,f51c18d7-cf7d-459e-b3ea-828c4800858d,880,2.0,,Deposit,353.72,2026-09-28 09:53:47.881650,Completed
5378,a5d5d1f8-3d73-41d2-9460-42cc7ca9b1f6,474,,,Adjustment,341.64,2026-09-28 09:53:47.881650,Completed
5379,4ab1c102-f26e-4969-860e-d66ebabcf83b,299,4.0,,Deposit,274.39,2026-09-28 09:53:47.881650,Completed
5380,c4194aed-163a-4c17-a17e-e65d612b4240,121,1.0,,Withdrawal,474.22,2026-09-28 09:53:47.881650,Completed
5381,f559464e-79e6-4b82-ab02-f7c615584bcf,622,1.0,,Withdrawal,210.58,2026-09-28 09:53:47.881650,Completed
5382,3890ed1f-d18f-4ceb-b9a8-4fd716eb1b0d,279,5.0,,Withdrawal,309.51,2026-09-28 09:53:47.881650,Completed
5383,160e57da-1b31-4491-b980-15a6a87e173c,103,3.0,,Deposit,400.91,2026-09-28 09:53:47.881650,Completed
5384,2557148f-a49f-4492-b72e-f66e4b95288d,195,5.0,,Withdrawal,359.57,2026-09-28 09:53:47.881650,Completed
5385,9e69aad9-5402-457a-b11f-9619d3b85fa5,651,,,Adjustment,348.95,2026-09-28 09:53:47.881650,Completed
5386,aa97a12a-5bee-48b5-afe1-95a5a4b9ad50,15,5.0,,Withdrawal,278.59,2026-09-28 09:53:47.881650,Completed
5387,4aa4479c-9cae-48c1-9aa0-2dae7695597a,239,,,Adjustment,37.64,2026-09-28 09:53:47.881650,Completed
5388,53787731-1ce3-4b03-9466-f0e3b9d37eda,334,2.0,,Withdrawal,11.76,2026-09-28 09:53:47.881650,Completed
5389,cca04df8-8384-4576-a8ff-e19305e5c654,22,,,Adjustment,318.74,2026-09-28 09:53:47.881650,Completed
5390,25dcac46-8eed-4862-8516-02f789c4150d,503,4.0,,Withdrawal,98.28,2026-09-28 09:53:47.881650,Completed
5391,bb623f26-de97-4835-be00-0080eaaec27a,853,3.0,,Withdrawal,486.66,2026-09-28 09:53:47.881650,Completed
5392,928a4660-1d54-405c-9f3f-e61525074665,218,4.0,,Deposit,40.4,2026-09-28 09:53:47.881650,Completed
5393,4fe46bc6-eb88-4132-8dd7-e21a32ed3574,561,2.0,,Withdrawal,65.84,2026-09-28 09:53:47.881650,Completed
5394,6ef3d35c-a16e-416e-89d0-fb85112a2041,280,,,Adjustment,255.86,2026-09-28 09:53:47.881650,Completed
5395,de19ab6b-907e-4332-83c3-cb93e8c794be,189,3.0,,Withdrawal,259.08,2026-09-28 09:53:47.881650,Completed
5396,67e0f088-42f9-4f4b-bcdf-a11d43500642,99,,,Adjustment,468.73,2026-09-28 09:53:47.881650,Completed
5397,67119768-6de9-4f24-8389-bad1f7245128,236,4.0,,Withdrawal,136.33,2026-09-28 09:53:47.881650,Completed
5398,6c3cdc71-9132-4440-8968-47f728690d4f,712,2.0,,Withdrawal,363.67,2026-09-28 09:53:47.881650,Completed
5399,c08d69db-ac7d-4425-9619-d60f42f8ce3c,356,4.0,,Deposit,357.73,2026-09-28 09:53:47.881650,Completed
5400,a158871e-5749-47a2-b7a6-e2055b33f80b,384,3.0,,Withdrawal,245.4,2026-09-28 09:53:47.881650,Completed
5401,988a8001-6b16-49ed-9f3f-97e34c78928b,579,,,Adjustment,205.09,2026-09-28 09:53:47.881650,Completed
5402,724be152-a942-4481-9015-cc8ffa20cf46,448,,,Adjustment,205.83,2026-09-28 09:53:47.881650,Completed
5403,f739c567-bcbe-4678-b889-2310050bac5b,190,,,Adjustment,105.87,2026-09-28 09:53:47.881650,Completed
5404,21b45fd2-bcd4-4001-ab72-0194ad86095f,924,2.0,,Deposit,348.82,2026-09-28 09:53:47.881650,Completed
5405,8f1bbd5c-f619-4a97-9dd6-921bdb130fd5,174,,,Adjustment,50.94,2026-09-28 09:53:47.881650,Completed
5406,17897f3a-d1b0-45d7-a9f9-7a45cd1486bc,776,4.0,,Withdrawal,15.25,2026-09-28 09:53:47.881650,Completed
5407,a69c9d8d-1d81-4f1f-9882-423ee129c741,562,3.0,,Withdrawal,204.64,2026-09-28 09:53:47.881650,Completed
5408,48bffb70-1e73-4319-909e-8e0c9e46d23f,8,4.0,,Withdrawal,173.61,2026-09-28 09:53:47.881650,Completed
5409,140fb44c-591d-45a0-840a-66f4ebad17b4,210,,,Adjustment,283.25,2026-09-28 09:53:47.881650,Completed
5410,1c2f9465-11e9-41e9-aeeb-a8769f3b189a,851,1.0,,Withdrawal,194.48,2026-09-28 09:53:47.881650,Completed
5411,35d702aa-369a-4d32-8656-8d39697993da,545,,,Adjustment,59.69,2026-09-28 09:53:47.881650,Completed
5412,61b47ed1-3ab8-4cda-bc50-d4bbea11ab15,98,1.0,,Deposit,448.44,2026-09-28 09:53:47.881650,Completed
5413,b1b4f383-2427-46f0-8c2d-2a2f0c3ed63f,446,,,Adjustment,406.77,2026-09-28 09:53:47.881650,Completed
5414,96d81136-770e-4624-bdfc-44c00fe7dafb,503,3.0,,Withdrawal,468.78,2026-09-28 09:53:47.881650,Completed
5415,b4f3c778-5b9e-4db4-b2f9-203847b0f80d,385,,,Adjustment,37.38,2026-09-28 09:53:47.881650,Completed
5416,d4e4ccb7-1a96-4e6c-86c4-578d4a808499,902,4.0,,Withdrawal,335.84,2026-09-28 09:53:47.881650,Completed
5417,40d879ef-b9fc-4167-8e42-6d683e947200,578,1.0,,Withdrawal,87.95,2026-09-28 09:53:47.881650,Completed
5418,3fe7a132-8718-427b-bc88-175c7dcd799a,874,,,Adjustment,329.41,2026-09-28 09:53:47.881650,Completed
5419,5cb407e3-6616-41c2-8d8a-71473a348187,30,,,Adjustment,260.26,2026-09-28 09:53:47.881650,Completed
5420,9a05ad5a-da49-42ad-863b-b0ef1d6fe5a2,249,4.0,,Deposit,223.92,2026-09-28 09:53:47.881650,Completed
5421,acab9be9-17e8-4191-9cc8-60726a21ee4b,879,2.0,,Withdrawal,18.5,2026-09-28 09:53:47.881650,Completed
5422,52a15b91-3342-4321-bf4e-01b459a1bfd6,468,4.0,,Deposit,97.11,2026-09-28 09:53:47.881650,Completed
5423,693585f5-dc68-4ef6-9bdf-c8e6252c34d3,673,,,Adjustment,252.19,2026-09-28 09:53:47.881650,Completed
5424,c201575e-ad11-4edb-b476-970d3c014d9c,999,5.0,,Withdrawal,316.91,2026-09-28 09:53:47.881650,Completed
5425,797c79c6-0b4d-4a1c-96d0-7a8d83a398b8,877,2.0,,Deposit,315.88,2026-09-28 09:53:47.881650,Completed
5426,3622eb60-f4a3-4d06-a889-b858756e0d82,473,,,Adjustment,355.3,2026-09-28 09:53:47.881650,Completed
5427,0ee05ae1-68e9-41f2-bb78-0e9a323a850e,774,4.0,,Deposit,183.94,2026-09-28 09:53:47.881650,Completed
5428,066423df-7d93-4b06-bb73-bf710e6a22ca,60,2.0,,Withdrawal,114.08,2026-09-28 09:53:47.881650,Completed
5429,7ec73ffa-e61d-479e-ac65-a6c747dc6fb5,574,2.0,,Deposit,238.91,2026-09-28 09:53:47.881650,Completed
5430,30b6877e-8a85-4b9d-bbc9-e3b5f39586e2,454,4.0,,Withdrawal,447.26,2026-09-28 09:53:47.881650,Completed
5431,3a768d2e-00b5-4475-b19e-bf956e408190,610,,,Adjustment,73.71,2026-09-28 09:53:47.881650,Completed
5432,453b35b8-fa4b-4d79-8135-2ca48629871b,277,,,Adjustment,235.74,2026-09-28 09:53:47.881650,Completed
5433,5c8b7449-a8a9-4f48-b9bc-97748eb4af5e,644,1.0,,Withdrawal,17.16,2026-09-28 09:53:47.881650,Completed
5434,5eb60f85-fde1-4cc7-a1bb-377957b0b6c0,715,3.0,,Deposit,114.43,2026-09-28 09:53:47.881650,Completed
5435,e9498193-21d3-4137-af16-ec3dfdcd3694,965,,,Adjustment,142.97,2026-09-28 09:53:47.881650,Completed
5436,ddbc8f1e-522a-4974-9931-49e5214e440b,960,2.0,,Deposit,125.84,2026-09-28 09:53:47.881650,Completed
5437,61515a56-c684-49af-8a50-2c7e28b10e4f,879,,,Adjustment,355.98,2026-09-28 09:53:47.881650,Completed
5438,7d26f0b5-7439-42c3-8a78-24559aa7db38,107,,,Adjustment,456.68,2026-09-28 09:53:47.881650,Completed
5439,8573faa3-36f0-4fa2-aaa3-a32050a87c9a,699,,,Adjustment,284.94,2026-09-28 09:53:47.881650,Completed
5440,1e658b74-8b6e-420c-9290-988d626c798c,295,,,Adjustment,189.52,2026-09-28 09:53:47.881650,Completed
5441,a1a6d9ea-e6df-4527-89cc-4178734cd0cd,979,1.0,,Withdrawal,79.01,2026-09-28 09:53:47.881650,Completed
5442,1522d9c6-1ed4-4854-a89c-3801f8bcee25,35,4.0,,Withdrawal,87.52,2026-09-28 09:53:47.881650,Completed
5443,0dd74e41-93ad-436c-ba07-eb5f98d11877,754,,,Adjustment,130.99,2026-09-28 09:53:47.881650,Completed
5444,0cee0866-5cc9-4ddc-b3cb-95d246248781,390,,,Adjustment,346.88,2026-09-28 09:53:47.881650,Completed
5445,4bf4540b-de80-45db-aa6c-db903ff586ac,920,2.0,,Deposit,258.11,2026-09-28 09:53:47.881650,Completed
5446,dfd56677-abb0-4291-b534-f36aec359ad9,973,1.0,,Deposit,427.41,2026-09-28 09:53:47.881650,Completed
5447,f1cefe13-64d5-43ab-b884-5188d0d72f48,157,2.0,,Deposit,111.71,2026-09-28 09:53:47.881650,Completed
5448,dca5a030-e887-4d3c-9f78-5dcfd0900da7,862,,,Adjustment,344.06,2026-09-28 09:53:47.881650,Completed
5449,c4377b78-fd08-4dc0-83bd-b8bfb4629e98,657,,,Adjustment,313.8,2026-09-28 09:53:47.881650,Completed
5450,52b84cd2-97c9-4a70-839f-5d281327c243,625,4.0,,Deposit,182.79,2026-09-28 09:53:47.881650,Completed
5451,24d51b52-fcce-4340-a5df-b71749ab619b,523,4.0,,Withdrawal,418.77,2026-09-28 09:53:47.881650,Completed
5452,8e232019-8a41-47c6-935f-badbb6bf4c3d,7,3.0,,Withdrawal,130.61,2026-09-28 09:53:47.881650,Completed
5453,8f1a0b9e-6755-4ff8-be99-f6bbdb1418f5,742,2.0,,Withdrawal,238.51,2026-09-28 09:53:47.881650,Completed
5454,ba8ede59-280f-4b14-8873-60e5849daef5,601,1.0,,Deposit,423.59,2026-09-28 09:53:47.881650,Completed
5455,ed5a9604-9103-4b01-9f5c-fcac99a69fc8,420,,,Adjustment,420.66,2026-09-28 09:53:47.881650,Completed
5456,e07e7d3d-7202-453f-9227-6159e48f8a62,272,,,Adjustment,332.53,2026-09-28 09:53:47.881650,Completed
5457,445d320d-6032-4ee7-a98b-43328f5194ae,42,,,Adjustment,132.63,2026-09-28 09:53:47.881650,Completed
5458,3d2951db-fc18-4314-adb6-4956a6a35d13,847,,,Adjustment,432.48,2026-09-28 09:53:47.881650,Completed
5459,f58ee820-9c81-45d2-9c9d-8295ffca4931,231,3.0,,Withdrawal,434.15,2026-09-28 09:53:47.881650,Completed
5460,4f9ba610-9569-4280-ac92-4f5453253c67,752,1.0,,Withdrawal,201.93,2026-09-28 09:53:47.881650,Completed
5461,66be7e51-5223-4383-a33c-bdfe9f48933e,665,,,Adjustment,164.6,2026-09-28 09:53:47.881650,Completed
5462,043ca03b-d3b1-48e2-9351-5f91bfd0c966,870,3.0,,Withdrawal,190.71,2026-09-28 09:53:47.881650,Completed
5463,1c03789b-3907-4eaa-8ec7-29f02b3b3c01,157,4.0,,Withdrawal,325.64,2026-09-28 09:53:47.881650,Completed
5464,146e1c59-d062-4e53-b253-be6aa9e673a2,322,4.0,,Deposit,106.64,2026-09-28 09:53:47.881650,Completed
5465,e99eda0e-2d7a-4a01-b03f-959a419e6190,888,,,Adjustment,74.42,2026-09-28 09:53:47.881650,Completed
5466,9558afcd-235c-4942-a091-707017c3634d,869,,,Adjustment,308.46,2026-09-28 09:53:47.881650,Completed
5467,edffe877-872e-49c7-aa03-19a742a695c3,243,,,Adjustment,185.29,2026-09-28 09:53:47.881650,Completed
5468,4e5becd1-2745-472d-9bbc-0b289e37fb6c,715,4.0,,Deposit,131.45,2026-09-28 09:53:47.881650,Completed
5469,4d6a79e2-0396-435c-b573-86d2f8b8ed1e,125,5.0,,Withdrawal,383.27,2026-09-28 09:53:47.881650,Completed
5470,d2f3c3a8-c932-48cb-a58f-9f6f08a3f926,60,,,Adjustment,341.66,2026-09-28 09:53:47.881650,Completed
5471,54d8abd6-699f-46ab-81ac-8a974c697e61,723,,,Adjustment,197.28,2026-09-28 09:53:47.881650,Completed
5472,2c28565a-8d41-49fd-99d6-cd2a96ead535,651,,,Adjustment,200.77,2026-09-28 09:53:47.881650,Completed
5473,172e1d9e-220e-40ba-9af8-448d2d22c56d,535,,,Adjustment,193.03,2026-09-28 09:53:47.881650,Completed
5474,19006a2f-b2cc-474e-9394-e4cb6412b84b,4,5.0,,Deposit,212.88,2026-09-28 09:53:47.881650,Completed
5475,211c2428-612f-4214-9f24-fa9965ad63a2,140,4.0,,Withdrawal,299.2,2026-09-28 09:53:47.881650,Completed
5476,a59d1783-b31e-4f07-a74d-d398c0b4d5be,567,2.0,,Deposit,153.23,2026-09-28 09:53:47.881650,Completed
5477,d1e4edb7-f3ba-4dcb-84ea-a2adf32e1fa6,271,,,Adjustment,327.98,2026-09-28 09:53:47.881650,Completed
5478,3ae6af74-dbcc-4ebd-b12a-29a810e5b6df,128,2.0,,Deposit,44.53,2026-09-28 09:53:47.881650,Completed
5479,a5e44781-6b72-4b02-93f6-160cfd44ef81,630,1.0,,Withdrawal,398.34,2026-09-28 09:53:47.881650,Completed
5480,1d10cf40-47d6-49fc-bd6d-3796ce4af8c9,895,1.0,,Withdrawal,97.15,2026-09-28 09:53:47.881650,Completed
5481,2f3499c4-a576-4628-a17a-2631ba682f4e,588,5.0,,Withdrawal,257.65,2026-09-28 09:53:47.881650,Completed
5482,680ff775-114e-49ef-b69d-c2038de21bcd,52,,,Adjustment,291.28,2026-09-28 09:53:47.881650,Completed
5483,b86477f4-3c50-4d8e-82f0-aa918aa5dfc8,939,,,Adjustment,359.16,2026-09-28 09:53:47.881650,Completed
5484,d84e4c1e-74e9-4337-a581-14409b257bbc,967,5.0,,Deposit,59.36,2026-09-28 09:53:47.881650,Completed
5485,32974dc4-510d-4fa8-b4ab-6f962b3114d1,655,5.0,,Withdrawal,424.74,2026-09-28 09:53:47.881650,Completed
5486,9c30992b-a89b-4405-be78-f29b28616ca7,675,3.0,,Withdrawal,266.87,2026-09-28 09:53:47.881650,Completed
5487,10382654-0bb3-4307-a337-7dd0c1646729,580,,,Adjustment,144.7,2026-09-28 09:53:47.881650,Completed
5488,43ad9fb7-30cc-4b67-8906-5bc9d3558b36,739,3.0,,Withdrawal,357.34,2026-09-28 09:53:47.881650,Completed
5489,03445197-5d37-42bd-81aa-dc4ac1c0238a,672,1.0,,Deposit,271.4,2026-09-28 09:53:47.881650,Completed
5490,9e5da902-6d91-4faa-9ae9-3c1a294e1725,787,,,Adjustment,199.54,2026-09-28 09:53:47.881650,Completed
5491,42616fa2-5f1c-4e58-9453-aaa2b251e8e7,295,3.0,,Withdrawal,442.08,2026-09-28 09:53:47.881650,Completed
5492,c2b8a1a4-4f2a-493d-9ffe-6f361ad4d966,156,2.0,,Withdrawal,94.19,2026-09-28 09:53:47.881650,Completed
5493,7e4744b2-4fdf-4d2e-b6ca-73068cd0b823,181,,,Adjustment,226.04,2026-09-28 09:53:47.881650,Completed
5494,2b69b4be-a7ed-46ac-a9d3-5e039b6bbc32,512,5.0,,Withdrawal,190.5,2026-09-28 09:53:47.881650,Completed
5495,fc38aae2-c205-4a99-a9fa-3d61d2d85387,239,3.0,,Withdrawal,131.62,2026-09-28 09:53:47.881650,Completed
5496,5fa1eafd-bbf6-431a-bfc8-d57e594576b1,646,1.0,,Deposit,242.34,2026-09-28 09:53:47.881650,Completed
5497,aa80dec6-1628-4b36-94cb-94044cb8fc77,661,5.0,,Deposit,175.56,2026-09-28 09:53:47.881650,Completed
5498,d218e3f8-aa46-4438-b45c-5874617eddb0,668,5.0,,Deposit,253.73,2026-09-28 09:53:47.881650,Completed
5499,54903a38-2d89-48be-b853-684e3a9115cf,222,5.0,,Deposit,471.71,2026-09-28 09:53:47.881650,Completed
5500,d4641893-8141-432d-a3d3-bc9629934c02,266,,,Adjustment,417.71,2026-09-28 09:53:47.881650,Completed
5501,4cb474a0-ce85-42d8-8e14-5be9108e0634,681,2.0,,Deposit,329.83,2026-09-28 09:53:47.881650,Completed
5502,afac3818-db5f-45b5-9ea3-fc2588b53591,94,1.0,,Withdrawal,176.14,2026-09-28 09:53:47.881650,Completed
5503,26e5e736-49ef-4338-9af4-d25dbe02fd82,56,1.0,,Deposit,150.01,2026-09-28 09:53:47.881650,Completed
5504,6b51269f-fdc0-4efd-a95c-d5ca345b028c,258,3.0,,Withdrawal,411.16,2026-09-28 09:53:47.881650,Completed
5505,954a439e-a193-4267-b38e-60370b072849,570,,,Adjustment,222.02,2026-09-28 09:53:47.881650,Completed
5506,f7bfebf7-bc91-4497-8e6a-8d45336b075b,119,,,Adjustment,94.7,2026-09-28 09:53:47.881650,Completed
5507,27ab14ae-3a00-4055-8b95-7d5e1e8f3cf0,107,5.0,,Withdrawal,68.86,2026-09-28 09:53:47.881650,Completed
5508,e3b6b4c9-807f-4f71-8fc3-bfb1466637ae,685,,,Adjustment,75.41,2026-09-28 09:53:47.881650,Completed
5509,200906e8-2b63-42e6-aac3-129137cfbe09,673,,,Adjustment,125.04,2026-09-28 09:53:47.881650,Completed
5510,d515cacc-9a17-46fd-983e-70cbf410ac9e,159,4.0,,Withdrawal,490.83,2026-09-28 09:53:47.881650,Completed
5511,6fa0ca2b-276e-4152-ab6d-f9222f7dd93b,945,1.0,,Withdrawal,333.54,2026-09-28 09:53:47.881650,Completed
5512,c8df9430-81d5-4b41-ba06-215cbcf6bcde,248,,,Adjustment,33.6,2026-09-28 09:53:47.881650,Completed
5513,c56380c5-7536-4f41-9e92-949523c15927,66,,,Adjustment,159.4,2026-09-28 09:53:47.881650,Completed
5514,d69691c5-da3d-4c64-98c5-174e94e85cee,187,,,Adjustment,362.5,2026-09-28 09:53:47.881650,Completed
5515,3719a879-6608-494b-a218-9711cb3c60ec,752,3.0,,Deposit,374.38,2026-09-28 09:53:47.881650,Completed
5516,add2a532-7bce-48b5-8204-435f74eff222,135,,,Adjustment,181.12,2026-09-28 09:53:47.881650,Completed
5517,98a5c690-9f38-4f8c-94e9-46c186f40d1b,600,1.0,,Withdrawal,69.31,2026-09-28 09:53:47.881650,Completed
5518,2ccf5ba3-e5dd-4cf5-a399-9178fa464844,664,3.0,,Deposit,247.47,2026-09-28 09:53:47.881650,Completed
5519,b0c37bea-523e-4a84-8009-975eab29e3b9,622,,,Adjustment,437.7,2026-09-28 09:53:47.881650,Completed
5520,6d4daaf3-bdee-45b8-890a-f3e6a07c615f,678,,,Adjustment,96.5,2026-09-28 09:53:47.881650,Completed
5521,b78f2db5-dc19-4fd3-8d1f-f9d7f2c4932c,234,5.0,,Deposit,116.65,2026-09-28 09:53:47.881650,Completed
5522,caf832fe-68f2-411e-b7ce-eaa37d039982,624,,,Adjustment,474.7,2026-09-28 09:53:47.881650,Completed
5523,1877a3f0-8ead-4c04-9550-1ee0a3799071,884,1.0,,Deposit,442.12,2026-09-28 09:53:47.881650,Completed
5524,bbb73204-201d-49df-9f7b-43bdadfce844,91,1.0,,Deposit,71.31,2026-09-28 09:53:47.881650,Completed
5525,45e5e32f-04be-4ab8-b1d2-1cd3681a0e24,909,,,Adjustment,430.19,2026-09-28 09:53:47.881650,Completed
5526,13fbb3a2-ae81-45e6-99bb-92a9985739a8,482,3.0,,Withdrawal,71.8,2026-09-28 09:53:47.881650,Completed
5527,177f2ad8-c079-4d22-a6f1-7e634a72d553,585,2.0,,Withdrawal,447.78,2026-09-28 09:53:47.881650,Completed
5528,576586ac-6b59-4f43-8609-79dd9172146e,493,,,Adjustment,54.83,2026-09-28 09:53:47.881650,Completed
5529,ac9157a7-726b-47a0-bf12-e1636897e26a,418,2.0,,Withdrawal,214.47,2026-09-28 09:53:47.881650,Completed
5530,606e6475-bab3-4922-882c-75061148e3bf,87,5.0,,Deposit,107.5,2026-09-28 09:53:47.881650,Completed
5531,6cf1b40d-663d-4262-ad60-8c5982fe1fe3,707,3.0,,Deposit,455.8,2026-09-28 09:53:47.881650,Completed
5532,bea38732-e81e-4a41-bdd8-f40c3fa002cc,44,2.0,,Deposit,184.52,2026-09-28 09:53:47.881650,Completed
5533,f62dbbc2-a9d7-4131-94d9-087e09ac6403,101,3.0,,Deposit,394.26,2026-09-28 09:53:47.881650,Completed
5534,b950db11-285e-4c40-b769-0f5ecddb855d,371,2.0,,Deposit,214.71,2026-09-28 09:53:47.881650,Completed
5535,d717606e-a9a0-4376-a426-3e087796a6df,440,,,Adjustment,129.48,2026-09-28 09:53:47.881650,Completed
5536,813fe165-7bd2-4534-bffe-f35b6fa46913,153,2.0,,Deposit,488.81,2026-09-28 09:53:47.881650,Completed
5537,fdefe40a-80a8-4339-8716-ec10067f9bcb,538,4.0,,Withdrawal,416.53,2026-09-28 09:53:47.881650,Completed
5538,6263377a-ee5c-4693-95d0-829aa8aa61bc,497,,,Adjustment,14.65,2026-09-28 09:53:47.881650,Completed
5539,50212332-a5cd-49e3-a306-3e8b376d99a7,501,1.0,,Deposit,252.4,2026-09-28 09:53:47.881650,Completed
5540,b1ca8781-8681-4d83-ae7a-0b02d28f2df2,635,3.0,,Withdrawal,365.97,2026-09-28 09:53:47.881650,Completed
5541,9b0bd026-ccba-4ffe-adc8-c07aea941d01,449,,,Adjustment,493.01,2026-09-28 09:53:47.881650,Completed
5542,c2b4ccee-5dc4-45a4-8754-8b83f1c2ffee,244,5.0,,Withdrawal,305.39,2026-09-28 09:53:47.881650,Completed
5543,8bb28a33-5fc8-46f5-9ee4-f2c9d20165ad,338,5.0,,Deposit,147.55,2026-09-28 09:53:47.881650,Completed
5544,1826f33b-d40b-40e0-902f-fc587a0640ab,318,,,Adjustment,379.87,2026-09-28 09:53:47.881650,Completed
5545,c163e369-8114-4209-bc24-687986c54d24,730,,,Adjustment,473.27,2026-09-28 09:53:47.881650,Completed
5546,1f940f9d-848f-4add-93df-b164cef64e17,477,2.0,,Deposit,322.44,2026-09-28 09:53:47.881650,Completed
5547,29356036-238e-4b4d-8d82-28653dc681cd,71,1.0,,Withdrawal,40.23,2026-09-28 09:53:47.881650,Completed
5548,5e86172b-5988-42b1-9778-55fcac09509e,507,4.0,,Deposit,97.91,2026-09-28 09:53:47.881650,Completed
5549,99783871-720a-4149-b3c8-d39e22b5a7c9,25,1.0,,Deposit,387.65,2026-09-28 09:53:47.881650,Completed
5550,68587965-392c-4394-81f5-f078a127a48c,226,1.0,,Withdrawal,282.54,2026-09-28 09:53:47.881650,Completed
5551,84eed235-68f5-4694-9175-eb0188088d62,884,2.0,,Deposit,180.56,2026-09-28 09:53:47.881650,Completed
5552,eb483823-2349-4cb1-af77-90fabca399e1,832,3.0,,Deposit,365.97,2026-09-28 09:53:47.881650,Completed
5553,5fecebdf-ee53-4916-945a-1b327a445815,322,4.0,,Withdrawal,359.94,2026-09-28 09:53:47.881650,Completed
5554,aa3eec83-31f5-4f4d-9860-f26a4a0fe34b,532,3.0,,Withdrawal,106.39,2026-09-28 09:53:47.881650,Completed
5555,9693dfd5-6fb6-4b3e-8c31-c8bcb4ec080f,908,,,Adjustment,129.51,2026-09-28 09:53:47.881650,Completed
5556,20815cf2-a43a-451e-8a75-172380a1230e,762,,,Adjustment,340.26,2026-09-28 09:53:47.881650,Completed
5557,f0e5af52-6636-4f7f-9a0a-7998c13f103b,821,4.0,,Withdrawal,332.65,2026-09-28 09:53:47.881650,Completed
5558,0cc7dd64-e083-47c0-ad42-7cd5345051a9,924,,,Adjustment,413.58,2026-09-28 09:53:47.881650,Completed
5559,742e0c98-76e8-4b35-9eec-8e3cece3cdca,515,3.0,,Withdrawal,466.12,2026-09-28 09:53:47.881650,Completed
5560,be2658bd-0828-419c-ae19-d0ac24d28b6d,20,,,Adjustment,112.75,2026-09-28 09:53:47.881650,Completed
5561,16124e6b-4458-48e7-99b1-1948a92e50bc,479,,,Adjustment,182.15,2026-09-28 09:53:47.881650,Completed
5562,7bad6915-f8a5-4f91-bf05-8d850d5d8bb8,946,2.0,,Deposit,356.31,2026-09-28 09:53:47.881650,Completed
5563,643e9619-8c5a-428a-95fe-93f3e6f33559,599,5.0,,Withdrawal,416.3,2026-09-28 09:53:47.881650,Completed
5564,d786f9bd-0307-4c52-9b20-624ffb43deaf,973,5.0,,Withdrawal,333.77,2026-09-28 09:53:47.881650,Completed
5565,f4009816-0ea9-4103-a336-b941b4fabd61,885,1.0,,Deposit,340.12,2026-09-28 09:53:47.881650,Completed
5566,cf3dfff7-5f43-4131-a0d4-629f4678b5a4,131,1.0,,Deposit,419.83,2026-09-28 09:53:47.881650,Completed
5567,e79b2efe-05b3-437a-b278-feb0908e4be6,747,5.0,,Withdrawal,89.37,2026-09-28 09:53:47.881650,Completed
5568,d3b8452c-9d2c-4f95-87d1-61665106cc6f,427,,,Adjustment,129.49,2026-09-28 09:53:47.881650,Completed
5569,4c11e25a-56ae-4389-b119-6772ae3d0107,157,,,Adjustment,117.05,2026-09-28 09:53:47.881650,Completed
5570,6be7710e-df02-4074-b536-35742d67869c,380,2.0,,Deposit,64.95,2026-09-28 09:53:47.881650,Completed
5571,984ed0ad-9516-4cf0-89e6-a2dc55234618,895,3.0,,Withdrawal,124.97,2026-09-28 09:53:47.881650,Completed
5572,0e31ede1-ddc4-433a-b769-aed493ceba1b,957,,,Adjustment,41.55,2026-09-28 09:53:47.881650,Completed
5573,82343d34-584b-4fd4-9950-c1638ee07fc0,498,4.0,,Withdrawal,493.49,2026-09-28 09:53:47.881650,Completed
5574,98d9cfe3-ee0f-44c8-a205-0e7d8d845dd5,961,1.0,,Deposit,328.91,2026-09-28 09:53:47.881650,Completed
5575,40baa1c4-bb12-4282-87f2-5d0781534374,65,,,Adjustment,338.02,2026-09-28 09:53:47.881650,Completed
5576,bc5d7402-a50a-4fd0-9f51-86325bb6143e,65,,,Adjustment,231.19,2026-09-28 09:53:47.881650,Completed
5577,0bd3121d-f13e-4997-bd0b-e6a2e8ba90a9,853,3.0,,Deposit,46.56,2026-09-28 09:53:47.881650,Completed
5578,3c273767-afa8-40eb-bea0-39b46ec9c543,353,,,Adjustment,370.94,2026-09-28 09:53:47.881650,Completed
5579,d4d872c4-7e64-44c6-9a5b-4b6e789a86f0,593,2.0,,Deposit,383.6,2026-09-28 09:53:47.881650,Completed
5580,e29c1306-b3b7-41c1-b085-00f9484bc1b2,305,1.0,,Withdrawal,270.48,2026-09-28 09:53:47.881650,Completed
5581,8152959f-5c27-43f0-b7bb-780f5e037b86,915,4.0,,Withdrawal,265.5,2026-09-28 09:53:47.881650,Completed
5582,959a043f-399d-4b27-863f-3561c4d5164e,31,,,Adjustment,470.47,2026-09-28 09:53:47.881650,Completed
5583,640db563-d81a-4146-a1b3-49492301c7d5,961,1.0,,Deposit,425.29,2026-09-28 09:53:47.881650,Completed
5584,d873c67b-31a2-4765-bf26-0f92b90f7819,580,5.0,,Deposit,486.11,2026-09-28 09:53:47.881650,Completed
5585,18e44f9d-c5fa-4004-a4b7-515e91c4f616,845,4.0,,Deposit,306.28,2026-09-28 09:53:47.881650,Completed
5586,0df419ec-327f-44d1-baca-cab579f9ef8c,771,2.0,,Withdrawal,320.37,2026-09-28 09:53:47.881650,Completed
5587,c9f2e984-6f4d-4e7e-bc45-05c8d2c35a70,64,1.0,,Withdrawal,278.2,2026-09-28 09:53:47.881650,Completed
5588,85641cec-98f9-4ec7-931e-0b1c78a8e71b,437,3.0,,Deposit,43.6,2026-09-28 09:53:47.881650,Completed
5589,14177dd4-6ce4-4575-a90b-04d94cf86de6,372,2.0,,Withdrawal,120.68,2026-09-28 09:53:47.881650,Completed
5590,29e0adf5-8f5e-4f93-ae8f-01e943659239,253,3.0,,Withdrawal,316.94,2026-09-28 09:53:47.881650,Completed
5591,d5d16a07-0889-424c-bba8-1ae03525bd1a,130,2.0,,Withdrawal,206.7,2026-09-28 09:53:47.881650,Completed
5592,9a9310e6-6050-4ace-9b7e-844161b2fd1b,59,1.0,,Deposit,73.33,2026-09-28 09:53:47.881650,Completed
5593,c08be17b-45c8-4c1a-abc6-6e459cf0ab44,419,1.0,,Deposit,425.76,2026-09-28 09:53:47.881650,Completed
5594,65c984ad-0544-452d-89fd-d68c1ee54080,326,2.0,,Withdrawal,20.65,2026-09-28 09:53:47.881650,Completed
5595,384fc473-e9ce-4c6c-89d5-7172c3b76b30,767,5.0,,Deposit,54.86,2026-09-28 09:53:47.881650,Completed
5596,99f13f4e-3575-4aee-afff-78eae8a77923,991,3.0,,Deposit,498.14,2026-09-28 09:53:47.881650,Completed
5597,2f7c4238-6663-4ecd-9437-b2697037b666,116,1.0,,Deposit,69.54,2026-09-28 09:53:47.881650,Completed
5598,4fb5dd7b-3f46-40ae-9f1b-9a31b93b8020,56,5.0,,Withdrawal,348.37,2026-09-28 09:53:47.881650,Completed
5599,35522840-e65b-4e4c-96f8-f96243d0db87,778,,,Adjustment,85.75,2026-09-28 09:53:47.881650,Completed
5600,c1e8300c-026f-4966-87f8-600710b536c9,46,4.0,,Withdrawal,201.52,2026-09-28 09:53:47.881650,Completed
5601,766def26-8a05-4ac7-b046-1083683aebc9,498,3.0,,Deposit,128.76,2026-09-28 09:53:47.881650,Completed
5602,5a63f81d-30d2-4125-b2ce-69899b815dd9,483,,,Adjustment,334.99,2026-09-28 09:53:47.881650,Completed
5603,73e20241-777f-47f0-98f3-8f6d21864c93,609,,,Adjustment,171.74,2026-09-28 09:53:47.881650,Completed
5604,093787f8-7d52-41c2-9a6d-bbb774285f65,599,,,Adjustment,110.26,2026-09-28 09:53:47.881650,Completed
5605,8489286a-d8a3-4a00-8d3d-a64466870c47,796,4.0,,Withdrawal,287.28,2026-09-28 09:53:47.881650,Completed
5606,19916639-8ecc-412e-bc36-ca9c26207bc5,327,,,Adjustment,470.77,2026-09-28 09:53:47.881650,Completed
5607,92acdf93-3b45-4699-a3ab-5849ff1aa215,77,3.0,,Withdrawal,95.28,2026-09-28 09:53:47.881650,Completed
5608,a79ddcb6-b9b4-47fa-b5ae-01876fb79899,102,,,Adjustment,485.21,2026-09-28 09:53:47.881650,Completed
5609,95ad6bfe-594e-40d6-a6be-4f67ef58b7ce,657,,,Adjustment,447.8,2026-09-28 09:53:47.881650,Completed
5610,ad1c1bda-c371-467a-b8b7-3c1687e519ce,786,,,Adjustment,455.58,2026-09-28 09:53:47.881650,Completed
5611,1d50fd1d-12b3-41e7-ba8e-65e9b6c7cc3b,431,1.0,,Withdrawal,105.37,2026-09-28 09:53:47.881650,Completed
5612,2783c4f6-66d5-4a11-915a-917b2ee9e21a,292,,,Adjustment,104.36,2026-09-28 09:53:47.881650,Completed
5613,620ddc69-80f4-4d4a-a714-a44ba2117482,171,1.0,,Withdrawal,417.92,2026-09-28 09:53:47.881650,Completed
5614,bcb95d64-4b58-4421-974c-4c000e5a26fd,689,,,Adjustment,390.38,2026-09-28 09:53:47.881650,Completed
5615,266e7e82-6cbd-4b08-b77c-da988afb13c7,185,4.0,,Withdrawal,188.07,2026-09-28 09:53:47.881650,Completed
5616,f62789e1-3d76-49ce-8e1f-8895a7f47a8f,873,,,Adjustment,144.16,2026-09-28 09:53:47.881650,Completed
5617,3019b90c-55fc-45f1-976a-51abbd21f59a,514,,,Adjustment,178.31,2026-09-28 09:53:47.881650,Completed
5618,8f6451de-89e8-42d6-ac52-fa82092bfffa,885,,,Adjustment,451.2,2026-09-28 09:53:47.881650,Completed
5619,0d91c306-d5c2-4e01-ada7-21b26c9bceac,940,,,Adjustment,464.41,2026-09-28 09:53:47.881650,Completed
5620,835ebe1f-f532-4fe1-bc9e-df3df71dae25,726,1.0,,Withdrawal,401.28,2026-09-28 09:53:47.881650,Completed
5621,f449a6b9-c6db-44a9-8a17-2530ae840adf,918,5.0,,Deposit,156.01,2026-09-28 09:53:47.881650,Completed
5622,2354c987-ec08-4487-be9e-86090ddc134f,465,,,Adjustment,26.74,2026-09-28 09:53:47.881650,Completed
5623,db4bb16d-cd70-4d62-9d2a-33ea3f7614ad,893,5.0,,Deposit,280.51,2026-09-28 09:53:47.881650,Completed
5624,c1d410f7-e31c-4f2f-af77-caece218b88e,949,4.0,,Deposit,286.16,2026-09-28 09:53:47.881650,Completed
5625,e9399b7d-f2f4-4365-9ec8-da871c70b061,357,1.0,,Deposit,227.65,2026-09-28 09:53:47.881650,Completed
5626,1268d06c-6600-4b39-8652-56d6f2efd304,945,3.0,,Withdrawal,54.72,2026-09-28 09:53:47.881650,Completed
5627,cbef1049-b26f-43ed-b631-03abc59a9bc5,583,2.0,,Deposit,270.23,2026-09-28 09:53:47.881650,Completed
5628,dfaf3b71-2137-4560-b46b-071566872d2c,717,,,Adjustment,296.64,2026-09-28 09:53:47.881650,Completed
5629,29c79040-6dde-47d6-b7ca-bf465eae2124,537,,,Adjustment,475.94,2026-09-28 09:53:47.881650,Completed
5630,962445c9-abfe-4047-9a99-f59ebabca510,927,,,Adjustment,370.63,2026-09-28 09:53:47.881650,Completed
5631,c21e156b-f2bb-484f-ae36-2f26a685d319,573,2.0,,Withdrawal,198.71,2026-09-28 09:53:47.881650,Completed
5632,06c4be85-bba1-45f7-87f7-0522bf68ead3,631,3.0,,Deposit,408.99,2026-09-28 09:53:47.881650,Completed
5633,53103736-2d83-4892-9238-6ad20cb89370,506,,,Adjustment,29.78,2026-09-28 09:53:47.881650,Completed
5634,c106f80f-b768-4a60-aaef-378836b1981f,165,4.0,,Withdrawal,433.58,2026-09-28 09:53:47.881650,Completed
5635,4b3e9265-345c-49a1-b652-c3dae998da34,97,2.0,,Withdrawal,393.96,2026-09-28 09:53:47.881650,Completed
5636,9beb34d3-4099-4847-b4f7-02055acaa3ba,724,2.0,,Deposit,185.0,2026-09-28 09:53:47.881650,Completed
5637,26fda320-448d-4b99-a4f1-f94136c6db40,395,5.0,,Deposit,70.65,2026-09-28 09:53:47.881650,Completed
5638,8be39592-ecd7-4410-8942-9807b940f785,574,5.0,,Withdrawal,400.53,2026-09-28 09:53:47.881650,Completed
5639,626059ee-7f13-436d-bf66-aed12786787a,501,,,Adjustment,386.36,2026-09-28 09:53:47.881650,Completed
5640,287f5165-63b2-4c6a-9d52-8e8245ae1c85,284,,,Adjustment,283.46,2026-09-28 09:53:47.881650,Completed
5641,554b94c8-8fe3-40df-a1a1-15521bf76e35,733,,,Adjustment,292.58,2026-09-28 09:53:47.881650,Completed
5642,8299b256-46f5-496f-aa4c-5dcf96c72c85,570,,,Adjustment,210.6,2026-09-28 09:53:47.881650,Completed
5643,96c545e1-d423-4b4e-9584-8aefa998cfe0,220,2.0,,Deposit,143.62,2026-09-28 09:53:47.881650,Completed
5644,c79e6690-21d8-4e07-b01f-653efe12e9f3,661,5.0,,Deposit,187.2,2026-09-28 09:53:47.881650,Completed
5645,6d74c7d2-7b57-439c-882e-7b218b089e37,296,,,Adjustment,227.0,2026-09-28 09:53:47.881650,Completed
5646,1b8629a5-28d0-4a70-9511-fcb1b5bd1a5e,952,,,Adjustment,391.54,2026-09-28 09:53:47.881650,Completed
5647,0ea54582-fbee-4416-8af8-c0e5cd5d04a1,829,1.0,,Withdrawal,98.52,2026-09-28 09:53:47.881650,Completed
5648,9d1ad9ce-3d5e-4ad9-9385-33cf28a87f39,283,3.0,,Deposit,415.97,2026-09-28 09:53:47.881650,Completed
5649,09646190-9215-4303-8e9d-4919d0067395,927,2.0,,Withdrawal,93.25,2026-09-28 09:53:47.881650,Completed
5650,3f2ffd39-e6af-419c-aa5b-cf71eabdda92,205,2.0,,Deposit,303.83,2026-09-28 09:53:47.881650,Completed
5651,685f683a-d2ef-42db-a622-43314311a74f,250,4.0,,Withdrawal,279.72,2026-09-28 09:53:47.881650,Completed
5652,9172ac83-6723-44b3-b99a-6ae39df08c72,815,2.0,,Withdrawal,405.64,2026-09-28 09:53:47.881650,Completed
5653,b4747685-589b-47d3-8c62-c23a0eb0ea66,636,4.0,,Deposit,393.28,2026-09-28 09:53:47.881650,Completed
5654,c24dcf6c-9eda-4194-a2b8-a9fcb03cdfac,615,1.0,,Withdrawal,307.53,2026-09-28 09:53:47.881650,Completed
5655,c47da18c-ae60-4375-9548-1e14624f9d6d,725,3.0,,Withdrawal,231.47,2026-09-28 09:53:47.881650,Completed
5656,83d772e8-5961-4e67-adb1-5568c6fab672,984,2.0,,Deposit,294.89,2026-09-28 09:53:47.881650,Completed
5657,3b681ee2-b504-476f-8938-69cdac932414,77,2.0,,Deposit,86.77,2026-09-28 09:53:47.881650,Completed
5658,e6f373aa-cb4e-4120-8fec-67dd977b5bcb,173,2.0,,Withdrawal,122.75,2026-09-28 09:53:47.881650,Completed
5659,b1163ff6-076d-4ae6-8c23-c2501db63259,188,2.0,,Deposit,10.87,2026-09-28 09:53:47.881650,Completed
5660,ec46d558-2b28-4e0e-a6cd-6fdcad871498,286,2.0,,Withdrawal,405.72,2026-09-28 09:53:47.881650,Completed
5661,e65956c1-1a00-4845-8b1b-de288b2ad5f7,180,2.0,,Withdrawal,96.95,2026-09-28 09:53:47.881650,Completed
5662,08cd8e9c-88c5-45e1-bb6b-4cc7cab2e902,956,,,Adjustment,64.06,2026-09-28 09:53:47.881650,Completed
5663,e58cae14-ad53-4735-92ea-95ef6262f2bd,971,5.0,,Deposit,109.62,2026-09-28 09:53:47.881650,Completed
5664,7ce2c5f0-f8d4-4436-835c-2192baf8d13d,779,3.0,,Deposit,357.77,2026-09-28 09:53:47.881650,Completed
5665,93badb05-0926-471a-81fd-e566eead971c,557,,,Adjustment,49.43,2026-09-28 09:53:47.881650,Completed
5666,9459aa8c-a7fa-4716-a77c-4f982c6bef11,940,1.0,,Deposit,91.67,2026-09-28 09:53:47.881650,Completed
5667,6206b08e-75e0-4bd2-90c8-0dde5a4dc8fc,694,,,Adjustment,174.66,2026-09-28 09:53:47.881650,Completed
5668,d88d6c47-9ecf-4768-9a88-816cbad7068b,42,,,Adjustment,140.85,2026-09-28 09:53:47.881650,Completed
5669,b3815841-1cfb-409e-8307-2086fd2b3257,100,1.0,,Withdrawal,124.88,2026-09-28 09:53:47.881650,Completed
5670,960d1338-9ae8-4d5f-838f-51776eab0cd6,913,,,Adjustment,296.08,2026-09-28 09:53:47.881650,Completed
5671,5cae3ff0-1e0c-46c6-b2eb-642802145634,13,,,Adjustment,478.99,2026-09-28 09:53:47.881650,Completed
5672,67faf887-1e25-4d22-96fb-3f019708e780,755,2.0,,Withdrawal,211.68,2026-09-28 09:53:47.881650,Completed
5673,88f82cd7-ca62-4fdf-a4c7-97d67ca0d69f,860,,,Adjustment,117.84,2026-09-28 09:53:47.881650,Completed
5674,22650606-3d68-4249-a416-e9d092bc8888,256,3.0,,Deposit,113.47,2026-09-28 09:53:47.881650,Completed
5675,b81ef3a8-4cc3-4bdb-8e8f-50e3b462e923,115,5.0,,Deposit,444.08,2026-09-28 09:53:47.881650,Completed
5676,866864d1-09d8-42fc-80a7-165063f1e8ae,126,5.0,,Deposit,384.97,2026-09-28 09:53:47.881650,Completed
5677,20d3309a-c776-4dad-8318-ade017dac759,749,4.0,,Withdrawal,103.32,2026-09-28 09:53:47.881650,Completed
5678,329fb169-82dd-42fc-bad3-8b8db1233a08,818,5.0,,Withdrawal,85.2,2026-09-28 09:53:47.881650,Completed
5679,8847c5e2-7df9-4ddf-b7e9-28e63955fa08,704,1.0,,Deposit,209.84,2026-09-28 09:53:47.881650,Completed
5680,56b62f1d-ff33-45a1-aae0-c872c636143f,447,4.0,,Withdrawal,54.21,2026-09-28 09:53:47.881650,Completed
5681,42f3d136-c655-46d3-8063-7c05e5cb92b2,96,1.0,,Deposit,204.52,2026-09-28 09:53:47.881650,Completed
5682,a7c8fbec-b842-42db-ad46-5d27673977c2,193,3.0,,Deposit,344.73,2026-09-28 09:53:47.881650,Completed
5683,35284781-460e-42df-b887-50d03a9921b5,390,,,Adjustment,398.17,2026-09-28 09:53:47.881650,Completed
5684,874c89b3-5972-4aaf-9958-be15069ff3b2,446,3.0,,Withdrawal,188.78,2026-09-28 09:53:47.881650,Completed
5685,2c1cd6ee-c204-44b9-894d-7c63131003ee,778,,,Adjustment,75.98,2026-09-28 09:53:47.881650,Completed
5686,442ad31e-e1dd-4c71-ab3c-d7c6d675c2b0,96,5.0,,Withdrawal,321.09,2026-09-28 09:53:47.881650,Completed
5687,ff5315d2-c383-4c2e-b5e1-429bec145011,126,2.0,,Withdrawal,316.32,2026-09-28 09:53:47.881650,Completed
5688,4c4a620a-5aa7-4c47-b1a3-99a8a684d8a2,615,2.0,,Withdrawal,165.67,2026-09-28 09:53:47.881650,Completed
5689,2417a317-6678-4e55-8076-28c970ca46ec,731,,,Adjustment,286.66,2026-09-28 09:53:47.881650,Completed
5690,d8d555fa-d4ee-444d-8ce8-709b3e4c2333,562,4.0,,Withdrawal,278.91,2026-09-28 09:53:47.881650,Completed
5691,e82a3a54-8bef-4c76-9636-6d9d7a0de972,291,,,Adjustment,262.96,2026-09-28 09:53:47.881650,Completed
5692,d4b2e314-45f1-4246-ba7a-98ff5efb6b88,759,,,Adjustment,410.59,2026-09-28 09:53:47.881650,Completed
5693,079024ff-c8e5-43ff-b9ed-dddfe0b46df3,345,2.0,,Withdrawal,280.51,2026-09-28 09:53:47.881650,Completed
5694,2a0408c3-963d-46b9-b246-2b8bfafa4590,502,3.0,,Deposit,329.07,2026-09-28 09:53:47.881650,Completed
5695,2686a204-9715-4f6e-b398-cea29f0a81f8,143,,,Adjustment,327.53,2026-09-28 09:53:47.881650,Completed
5696,97c63078-bf39-43ba-926d-a1987e55b163,775,1.0,,Withdrawal,314.4,2026-09-28 09:53:47.881650,Completed
5697,e00b37a0-4ce8-40c4-b45a-f83a14411366,650,2.0,,Deposit,323.75,2026-09-28 09:53:47.881650,Completed
5698,6a8e35bc-7dd8-478d-aac4-a3e5dbe010be,79,4.0,,Withdrawal,443.8,2026-09-28 09:53:47.881650,Completed
5699,5c0643eb-9e00-4470-9d63-9afa0f57a01e,101,,,Adjustment,255.68,2026-09-28 09:53:47.881650,Completed
5700,802b2cf8-0432-486a-8a09-2953ed7a4013,288,5.0,,Deposit,353.64,2026-09-28 09:53:47.881650,Completed
5701,583c5544-5328-447c-8a2d-6e6af4b34fff,302,1.0,,Deposit,321.21,2026-09-28 09:53:47.881650,Completed
5702,ac4a3dbb-1f31-40fd-8478-32e0bfb3d2f0,66,4.0,,Withdrawal,85.0,2026-09-28 09:53:47.881650,Completed
5703,28ca39d1-e69c-4304-8d8d-7a6927754ffd,954,5.0,,Deposit,37.45,2026-09-28 09:53:47.881650,Completed
5704,40825863-375b-47e7-b79b-103d5f6f8484,312,4.0,,Withdrawal,83.05,2026-09-28 09:53:47.881650,Completed
5705,30e1b03c-3cfa-4123-b004-032167f9e259,633,,,Adjustment,146.32,2026-09-28 09:53:47.881650,Completed
5706,23ba6466-d5ea-4142-8f9a-c2c40eb02915,238,4.0,,Withdrawal,274.17,2026-09-28 09:53:47.881650,Completed
5707,c68d2e31-06fa-4c40-a173-92cac769b9da,478,,,Adjustment,483.91,2026-09-28 09:53:47.881650,Completed
5708,f9ba1c1f-c2e3-402b-8098-5f48beb428c0,42,,,Adjustment,195.93,2026-09-28 09:53:47.881650,Completed
5709,5fd5f68f-a8e1-476f-a87b-4a87c7da9d7d,328,,,Adjustment,347.56,2026-09-28 09:53:47.881650,Completed
5710,31667521-a5ed-4529-a26b-b2a5d1e15519,421,,,Adjustment,11.63,2026-09-28 09:53:47.881650,Completed
5711,e3c78a97-c2af-4cc3-88f9-b1203ae9b78c,558,5.0,,Deposit,242.27,2026-09-28 09:53:47.881650,Completed
5712,7b0a9bbf-bf6b-4f04-be0b-be49632e775c,446,4.0,,Withdrawal,316.28,2026-09-28 09:53:47.881650,Completed
5713,1aee06ef-21fa-4a61-9940-f320992290d4,29,3.0,,Withdrawal,146.7,2026-09-28 09:53:47.881650,Completed
5714,6027721a-0943-464d-95fa-3c33dcf8c160,145,,,Adjustment,217.4,2026-09-28 09:53:47.881650,Completed
5715,49f563a7-0071-4788-b005-8f94d71bf018,527,3.0,,Withdrawal,171.95,2026-09-28 09:53:47.881650,Completed
5716,54a0c59e-e358-4a92-91b2-85225668465b,845,,,Adjustment,72.03,2026-09-28 09:53:47.881650,Completed
5717,37ae41be-be1a-44f0-aeac-768e167e637a,894,4.0,,Withdrawal,241.2,2026-09-28 09:53:47.881650,Completed
5718,e4c3ab30-9df5-4ef0-a3d0-9b8f371081e0,389,,,Adjustment,138.82,2026-09-28 09:53:47.881650,Completed
5719,c90c1a1c-6793-46b1-b44d-c7b72f984808,658,,,Adjustment,298.9,2026-09-28 09:53:47.881650,Completed
5720,91045a80-6b36-470a-a078-dc38a4917c82,719,,,Adjustment,254.92,2026-09-28 09:53:47.881650,Completed
5721,89b3555d-27b3-42b6-b34f-fcb3b83a86cb,29,,,Adjustment,203.02,2026-09-28 09:53:47.881650,Completed
5722,c07d1f57-692f-4831-a7e1-24b3ad09becb,618,2.0,,Deposit,132.17,2026-09-28 09:53:47.881650,Completed
5723,e8e8303a-4bec-466c-b11d-0463c179183c,663,2.0,,Withdrawal,381.46,2026-09-28 09:53:47.881650,Completed
5724,8ee1b5c0-ecf4-4ee0-b08e-9602094a5c47,401,3.0,,Deposit,303.78,2026-09-28 09:53:47.881650,Completed
5725,885f5a69-f7a7-4211-a98a-32c0fcf4a86b,402,2.0,,Withdrawal,15.84,2026-09-28 09:53:47.881650,Completed
5726,5ff936b1-12d7-4df9-9b46-544978d003ca,308,5.0,,Withdrawal,13.96,2026-09-28 09:53:47.881650,Completed
5727,bca211d9-508e-41e2-b267-291c7185cb69,845,1.0,,Deposit,425.12,2026-09-28 09:53:47.881650,Completed
5728,8100c88c-b66a-489e-8702-f61eab351745,379,1.0,,Withdrawal,48.84,2026-09-28 09:53:47.881650,Completed
5729,9482caad-d462-4753-9288-62af2473867e,485,,,Adjustment,58.6,2026-09-28 09:53:47.881650,Completed
5730,2eb4ff8f-fbb9-4c0b-bc2b-0eb5354cb20d,519,5.0,,Deposit,209.58,2026-09-28 09:53:47.881650,Completed
5731,0d264ef9-644d-455c-98fd-c2e1fe03e6c3,766,,,Adjustment,79.57,2026-09-28 09:53:47.881650,Completed
5732,24e0a4cc-935c-451b-b9cc-3df2079f85b5,15,5.0,,Withdrawal,415.31,2026-09-28 09:53:47.881650,Completed
5733,517532d6-2005-414e-b941-3cdad107996e,439,,,Adjustment,260.75,2026-09-28 09:53:47.881650,Completed
5734,b237b3a3-67ee-45ec-b173-726f5670c1e7,901,5.0,,Deposit,231.04,2026-09-28 09:53:47.881650,Completed
5735,52732e10-ce95-46d0-84ad-e4c25ee2a871,749,5.0,,Deposit,182.52,2026-09-28 09:53:47.881650,Completed
5736,2d50250d-2f2e-4326-a789-1daa818bf62d,590,4.0,,Deposit,260.0,2026-09-28 09:53:47.881650,Completed
5737,2acee6f5-6c03-4f89-8fac-800ee364f101,240,4.0,,Withdrawal,328.55,2026-09-28 09:53:47.881650,Completed
5738,3626af65-d06c-4fbd-9b29-e5d759cc0e14,813,,,Adjustment,325.18,2026-09-28 09:53:47.881650,Completed
5739,445568df-e4c0-44cd-8880-fda53e985cba,742,2.0,,Withdrawal,291.35,2026-09-28 09:53:47.881650,Completed
5740,5ccc7ee9-449e-4825-8d90-26c982a91c06,669,5.0,,Deposit,41.76,2026-09-28 09:53:47.881650,Completed
5741,bc687899-bd68-45ce-9f78-8759c7da275b,492,5.0,,Withdrawal,422.23,2026-09-28 09:53:47.881650,Completed
5742,016b7d5b-0ffc-4586-9ca7-0ac045ae32f3,103,,,Adjustment,420.26,2026-09-28 09:53:47.881650,Completed
5743,e0eba2a2-84fc-4689-ab84-182ad39e2c11,253,3.0,,Deposit,72.7,2026-09-28 09:53:47.881650,Completed
5744,7c76dda4-e75a-4f71-8505-3948cc817798,253,1.0,,Withdrawal,323.2,2026-09-28 09:53:47.881650,Completed
5745,7c37dbba-107f-4dc6-b3f0-633be3a16c51,763,4.0,,Deposit,83.71,2026-09-28 09:53:47.881650,Completed
5746,fcf98924-0850-4969-ae71-f4045ffa957a,573,,,Adjustment,342.76,2026-09-28 09:53:47.881650,Completed
5747,2395335e-bdd5-45a8-97a4-d2ec89b2e388,80,,,Adjustment,85.62,2026-09-28 09:53:47.881650,Completed
5748,8d400069-b555-4314-b23c-d5065982a686,516,2.0,,Withdrawal,191.54,2026-09-28 09:53:47.881650,Completed
5749,c0f8cc63-598a-464a-a8cb-a91be9d42226,839,1.0,,Withdrawal,244.4,2026-09-28 09:53:47.881650,Completed
5750,22bc15ec-ddee-403d-93f6-25d9e3f4a372,561,1.0,,Withdrawal,30.06,2026-09-28 09:53:47.881650,Completed
5751,c293de38-2315-4a15-a447-92a594f38c54,631,,,Adjustment,66.09,2026-09-28 09:53:47.881650,Completed
5752,7a275b04-d932-408f-bcf5-53bd676338b2,592,1.0,,Withdrawal,488.46,2026-09-28 09:53:47.881650,Completed
5753,97d14839-297b-422c-991d-b6e9fbe55541,421,4.0,,Deposit,460.84,2026-09-28 09:53:47.881650,Completed
5754,ae102e8f-18ac-49d6-a57d-06e3b1f8baf0,889,,,Adjustment,181.13,2026-09-28 09:53:47.881650,Completed
5755,d54efa3e-595a-4364-90a1-4e4d6e35241b,418,2.0,,Withdrawal,439.3,2026-09-28 09:53:47.881650,Completed
5756,8a1e0562-0f96-49d2-80a8-c477a0923c93,54,3.0,,Deposit,158.26,2026-09-28 09:53:47.881650,Completed
5757,cf4a6090-9676-46bf-8ace-05628ee17861,544,,,Adjustment,349.43,2026-09-28 09:53:47.881650,Completed
5758,634f25f9-f843-4dbf-8d95-fb73db8fe053,572,5.0,,Deposit,497.04,2026-09-28 09:53:47.881650,Completed
5759,8f021076-e8be-4782-befe-9fbace40b378,116,2.0,,Deposit,56.47,2026-09-28 09:53:47.881650,Completed
5760,e13da326-0123-4c32-9b65-b4874b7e1ede,116,4.0,,Deposit,275.96,2026-09-28 09:53:47.881650,Completed
5761,c4f630de-dae5-4bcf-8868-19afdc055cd7,410,,,Adjustment,293.83,2026-09-28 09:53:47.881650,Completed
5762,2910aa24-81f0-4d6f-9ef1-873ddc4678dc,605,4.0,,Withdrawal,221.7,2026-09-28 09:53:47.881650,Completed
5763,42548960-d9e7-4903-858b-95e1319beccb,403,,,Adjustment,184.77,2026-09-28 09:53:47.881650,Completed
5764,c611a37c-d2e7-4ccd-a725-f993a463e426,80,2.0,,Withdrawal,238.05,2026-09-28 09:53:47.881650,Completed
5765,a3f3e142-368f-4844-b395-fe6eb259a4cb,994,,,Adjustment,401.86,2026-09-28 09:53:47.881650,Completed
5766,5d015153-2cc4-428c-91ec-73ea993a2267,868,3.0,,Deposit,206.52,2026-09-28 09:53:47.881650,Completed
5767,f881392d-2d2d-4e22-85af-b40bf6d0bc97,790,4.0,,Deposit,134.1,2026-09-28 09:53:47.881650,Completed
5768,d74a9a3d-0e9e-4acf-b186-20daa0b55504,806,2.0,,Deposit,204.51,2026-09-28 09:53:47.881650,Completed
5769,2635fced-3099-4efd-98c8-014120e15a16,487,4.0,,Deposit,271.74,2026-09-28 09:53:47.881650,Completed
5770,c9e8c876-e3e8-4c30-94e9-5acc4ef4e1fc,158,2.0,,Deposit,488.4,2026-09-28 09:53:47.881650,Completed
5771,f4f45a13-38c7-4d8f-b0de-d9b67164f811,519,,,Adjustment,245.68,2026-09-28 09:53:47.881650,Completed
5772,08dca19d-9b3c-4cd5-a381-c3ce01030c95,495,,,Adjustment,454.78,2026-09-28 09:53:47.881650,Completed
5773,fe70d5d9-ab74-48fb-ac8e-60d947d88bcc,32,2.0,,Withdrawal,395.0,2026-09-28 09:53:47.881650,Completed
5774,66e0854a-f062-402a-a67e-03c13aee1a0b,384,2.0,,Deposit,410.92,2026-09-28 09:53:47.881650,Completed
5775,2132133c-9349-481e-9cd6-7459d81fe5bf,393,4.0,,Withdrawal,117.81,2026-09-28 09:53:47.881650,Completed
5776,8a6ff83f-f587-4440-9d97-7e3b197c9130,802,3.0,,Withdrawal,226.92,2026-09-28 09:53:47.881650,Completed
5777,b5895a27-1968-421c-9bb4-e44255dd6d72,111,3.0,,Withdrawal,312.39,2026-09-28 09:53:47.881650,Completed
5778,31228e53-ed01-4c2d-8668-9b658008873c,689,5.0,,Deposit,402.49,2026-09-28 09:53:47.881650,Completed
5779,8f7bc271-91f5-4d5e-b0e0-0187aa38c8b3,849,1.0,,Deposit,482.72,2026-09-28 09:53:47.881650,Completed
5780,05016a82-d4dd-43b0-a3a3-8c995864ff50,173,,,Adjustment,148.22,2026-09-28 09:53:47.881650,Completed
5781,1360bbb8-0300-4815-ad8c-9ff9815e823f,530,,,Adjustment,345.22,2026-09-28 09:53:47.881650,Completed
5782,69b1bf78-7cb5-436b-87b9-72395be4c43b,488,1.0,,Deposit,259.68,2026-09-28 09:53:47.881650,Completed
5783,b3db166a-be77-4d6f-9fbe-22f395c020b2,883,,,Adjustment,479.75,2026-09-28 09:53:47.881650,Completed
5784,1d3df6a6-26ef-47a7-8222-80b261288554,13,,,Adjustment,454.64,2026-09-28 09:53:47.881650,Completed
5785,58c21076-2bb7-4851-9a6e-dfb774b939ba,875,3.0,,Deposit,478.27,2026-09-28 09:53:47.881650,Completed
5786,145b03d8-a68c-456e-a9b2-d36304af9bae,233,,,Adjustment,54.14,2026-09-28 09:53:47.881650,Completed
5787,a52d73fb-fe9c-4c46-8f33-1e3700216a94,256,,,Adjustment,336.99,2026-09-28 09:53:47.881650,Completed
5788,22e45b7a-279a-4d6e-a832-6e03790ec57d,442,5.0,,Withdrawal,318.79,2026-09-28 09:53:47.881650,Completed
5789,e9a3db2a-7775-4126-b9de-f11d8d22538a,332,,,Adjustment,373.82,2026-09-28 09:53:47.881650,Completed
5790,20ebd543-b043-4146-99c3-15189e513bf9,36,5.0,,Deposit,29.73,2026-09-28 09:53:47.881650,Completed
5791,781048fe-119f-4c4c-926f-3dfc59e7844b,417,,,Adjustment,72.94,2026-09-28 09:53:47.881650,Completed
5792,425aa5ca-9be7-441c-b834-e2cd2bbd9d8a,502,1.0,,Deposit,335.01,2026-09-28 09:53:47.881650,Completed
5793,da8fa8bd-1ca4-489a-ad6a-665bd68e3dae,382,5.0,,Withdrawal,171.61,2026-09-28 09:53:47.881650,Completed
5794,007336ff-40a1-43f4-ac45-dcb0ffaaed31,347,2.0,,Withdrawal,28.32,2026-09-28 09:53:47.881650,Completed
5795,3948aaf7-3b4a-4e76-a4ae-1edf71cb93b1,485,,,Adjustment,60.78,2026-09-28 09:53:47.881650,Completed
5796,dee42b9f-b8d0-45d7-a356-a97f68ae2222,890,2.0,,Deposit,231.47,2026-09-28 09:53:47.881650,Completed
5797,108bbbf3-3cc9-4a9f-82fc-df586d37844c,583,,,Adjustment,468.33,2026-09-28 09:53:47.881650,Completed
5798,46d6aa69-a589-4394-9bbf-a1b1bd39bc97,429,,,Adjustment,462.71,2026-09-28 09:53:47.881650,Completed
5799,1a74ed74-606c-4d93-8f02-514b6d27b1fd,401,5.0,,Withdrawal,489.76,2026-09-28 09:53:47.881650,Completed
5800,2b3d76f0-4f7b-4e2a-8d0d-8e1f2eb5c9f6,816,3.0,,Deposit,403.28,2026-09-28 09:53:47.881650,Completed
5801,955319a1-f558-4884-9657-cf2709b0acbc,863,1.0,,Withdrawal,388.9,2026-09-28 09:53:47.881650,Completed
5802,817e5769-cdf1-4a14-8bc9-f629995584b2,598,,,Adjustment,61.57,2026-09-28 09:53:47.881650,Completed
5803,f4a97362-89eb-49ac-bd63-6393b1ffda2f,484,,,Adjustment,403.36,2026-09-28 09:53:47.881650,Completed
5804,f061aab7-1725-492f-8e01-5a67c8ffbf77,783,5.0,,Deposit,237.15,2026-09-28 09:53:47.881650,Completed
5805,145ef166-127e-4062-bc29-fa0d21016059,785,3.0,,Withdrawal,128.09,2026-09-28 09:53:47.881650,Completed
5806,072d5bd9-abd3-4aa0-83fc-b30706f8a81d,313,2.0,,Withdrawal,240.93,2026-09-28 09:53:47.881650,Completed
5807,2634e36d-6859-4a65-b7ce-1eb5c19aeb7b,150,1.0,,Deposit,387.93,2026-09-28 09:53:47.881650,Completed
5808,5e8c5d7c-5868-44ba-a68b-1454e43a0a03,322,2.0,,Deposit,279.93,2026-09-28 09:53:47.881650,Completed
5809,9a6901fa-6f67-4520-9d73-364529c558f5,147,1.0,,Deposit,274.44,2026-09-28 09:53:47.881650,Completed
5810,0ad954f8-13ce-47c6-a113-908638a5eb87,510,2.0,,Withdrawal,265.55,2026-09-28 09:53:47.881650,Completed
5811,9f60205b-cf24-4bda-af93-93919a8501c7,11,1.0,,Deposit,26.92,2026-09-28 09:53:47.881650,Completed
5812,bb5ac5dd-d74b-468c-b18d-4a772f6eaad7,386,,,Adjustment,98.3,2026-09-28 09:53:47.881650,Completed
5813,3dc1f74b-7ed7-44d8-8345-ae27a7794f68,352,,,Adjustment,14.69,2026-09-28 09:53:47.881650,Completed
5814,4efa0bbc-47eb-4d92-bc4e-8add23f720f0,289,5.0,,Withdrawal,434.23,2026-09-28 09:53:47.881650,Completed
5815,c0dc0a3f-d7e3-4d40-bfdb-25004fe4d483,783,4.0,,Withdrawal,492.18,2026-09-28 09:53:47.881650,Completed
5816,8bdafabd-b63d-4544-be5c-d22b22aa1ddd,791,4.0,,Withdrawal,471.92,2026-09-28 09:53:47.881650,Completed
5817,14044573-9632-46e5-a84f-53bd88deb31c,734,5.0,,Withdrawal,380.56,2026-09-28 09:53:47.881650,Completed
5818,d28bb31d-98ac-4846-a14a-b4c69f6b8720,68,,,Adjustment,203.2,2026-09-28 09:53:47.881650,Completed
5819,02259844-94d3-4c7c-8b9a-3ef8e4831b36,230,4.0,,Withdrawal,361.04,2026-09-28 09:53:47.881650,Completed
5820,1e1d2639-d443-46f8-b5ec-c14c4b5bdea7,171,,,Adjustment,358.45,2026-09-28 09:53:47.881650,Completed
5821,1ba2723f-6c19-4e80-9ff7-506343b66ef0,762,3.0,,Withdrawal,293.49,2026-09-28 09:53:47.881650,Completed
5822,d21faf0b-e84d-493a-a87f-11881bdb94c9,868,5.0,,Deposit,240.27,2026-09-28 09:53:47.881650,Completed
5823,42366ea9-49f4-4931-a6ae-c8e954c756eb,165,5.0,,Deposit,19.75,2026-09-28 09:53:47.881650,Completed
5824,99311d82-f89d-474f-ac2a-197c81f42ab1,209,,,Adjustment,186.54,2026-09-28 09:53:47.881650,Completed
5825,75af26dd-65d2-4cf6-ba1c-a844111c657f,857,1.0,,Deposit,451.09,2026-09-28 09:53:47.881650,Completed
5826,9217fbfe-d8b6-4764-912b-ec3305704ad2,489,3.0,,Withdrawal,36.35,2026-09-28 09:53:47.881650,Completed
5827,4528ab7e-1d3b-4ca2-acf7-4b1ab6981faa,774,,,Adjustment,124.62,2026-09-28 09:53:47.881650,Completed
5828,521a59f2-0cfc-4b45-be52-da447c8437ff,724,3.0,,Withdrawal,40.14,2026-09-28 09:53:47.881650,Completed
5829,650b006e-337a-4abd-806d-be4fdabfd15a,305,3.0,,Deposit,73.92,2026-09-28 09:53:47.881650,Completed
5830,7e214b17-5f49-47f5-a593-ef750eb69c81,747,5.0,,Deposit,181.09,2026-09-28 09:53:47.881650,Completed
5831,5e3c7718-3bd9-47df-8978-66800815d33b,760,1.0,,Deposit,15.52,2026-09-28 09:53:47.881650,Completed
5832,00a8c507-797e-4702-a551-065f5f3646ac,279,,,Adjustment,345.92,2026-09-28 09:53:47.881650,Completed
5833,f1abbfdf-1be2-4e51-bec4-6f91573b30d2,847,,,Adjustment,11.52,2026-09-28 09:53:47.881650,Completed
5834,38a54339-2558-4c6b-97c8-8f9203727b32,126,1.0,,Withdrawal,202.03,2026-09-28 09:53:47.881650,Completed
5835,d0896886-cc39-4cac-ab41-3c21c084fe98,413,5.0,,Deposit,297.5,2026-09-28 09:53:47.881650,Completed
5836,29e0c7c9-6cff-4632-b2be-2351f3502715,655,4.0,,Withdrawal,57.4,2026-09-28 09:53:47.881650,Completed
5837,6f5d37b9-142c-4f54-a2b5-afb438c6612c,501,5.0,,Deposit,67.91,2026-09-28 09:53:47.881650,Completed
5838,7fb3fd67-2058-4312-a64f-b053c8f83d53,351,1.0,,Withdrawal,303.33,2026-09-28 09:53:47.881650,Completed
5839,1fa36e00-1d03-4d29-ab26-d7116b94223c,108,4.0,,Withdrawal,443.57,2026-09-28 09:53:47.881650,Completed
5840,5e74c6cf-5410-4154-8e02-afbd99ed12a8,699,,,Adjustment,24.83,2026-09-28 09:53:47.881650,Completed
5841,1740e37f-5cda-4649-878c-229e67b52c28,80,,,Adjustment,455.38,2026-09-28 09:53:47.881650,Completed
5842,5ff1bf88-c0f4-4379-967e-b0e17c19d492,129,,,Adjustment,253.76,2026-09-28 09:53:47.881650,Completed
5843,2b267c2e-f2a0-40ca-89db-4c025821b12e,353,4.0,,Withdrawal,37.55,2026-09-28 09:53:47.881650,Completed
5844,ddbb41bf-10d8-4730-9650-378c5678a597,366,,,Adjustment,487.33,2026-09-28 09:53:47.881650,Completed
5845,c6f0ac61-950b-4548-bf91-a2836dc5b76a,86,,,Adjustment,365.91,2026-09-28 09:53:47.881650,Completed
5846,655d681c-2a16-425f-9d9b-816532c4a9a3,969,4.0,,Deposit,115.18,2026-09-28 09:53:47.881650,Completed
5847,7496e943-eb68-4075-9ee6-6175ee1336fd,777,3.0,,Deposit,324.78,2026-09-28 09:53:47.881650,Completed
5848,e1dc2563-6a2c-49a2-ba3e-9c46b8ea926b,76,4.0,,Withdrawal,278.52,2026-09-28 09:53:47.881650,Completed
5849,3a4c8518-69e7-43db-a39c-6ac5eb1d289a,280,,,Adjustment,117.87,2026-09-28 09:53:47.881650,Completed
5850,2dbcd0f5-d850-4bb9-ad7a-79cd4a9ed8fd,557,,,Adjustment,133.26,2026-09-28 09:53:47.881650,Completed
5851,2b47072b-43eb-476e-bfe8-71db697007c9,938,1.0,,Withdrawal,110.39,2026-09-28 09:53:47.881650,Completed
5852,563f859f-954d-49b1-b0ab-0fed2fbfcb5a,78,5.0,,Withdrawal,461.03,2026-09-28 09:53:47.881650,Completed
5853,8827e5e2-d2fb-4114-936f-a337365276e5,622,2.0,,Deposit,99.24,2026-09-28 09:53:47.881650,Completed
5854,6052dc9c-0e58-4ae3-84c0-81cc7bf4173c,248,5.0,,Deposit,81.19,2026-09-28 09:53:47.881650,Completed
5855,3d848b0c-293b-4f99-9869-a2e8616645b0,966,3.0,,Deposit,451.67,2026-09-28 09:53:47.881650,Completed
5856,8f471cdf-d1d6-4d74-9fea-8725ddeaffd6,409,3.0,,Deposit,438.59,2026-09-28 09:53:47.881650,Completed
5857,c1d13971-7a94-40d1-a11d-934a431a7669,28,5.0,,Deposit,135.79,2026-09-28 09:53:47.881650,Completed
5858,86e81e90-bdd2-4c68-9813-a050c1053ba1,830,4.0,,Deposit,419.44,2026-09-28 09:53:47.881650,Completed
5859,b7e40c5f-179f-4e9f-a3bd-a746e1d5db3b,55,,,Adjustment,436.35,2026-09-28 09:53:47.881650,Completed
5860,b38cce8e-282f-4370-a7e8-5ad36590e997,937,2.0,,Deposit,181.13,2026-09-28 09:53:47.881650,Completed
5861,116d2a62-f8ea-4789-b2c0-36f4f92bda77,819,1.0,,Withdrawal,432.08,2026-09-28 09:53:47.881650,Completed
5862,ecb6b2bd-ed08-42f0-b15d-9cefb19300e9,546,2.0,,Deposit,211.42,2026-09-28 09:53:47.881650,Completed
5863,e36f7557-b044-4989-96d6-a3d8708c86fc,690,5.0,,Withdrawal,276.39,2026-09-28 09:53:47.881650,Completed
5864,55016d2f-1c5c-4b70-bbc4-d9f827784bb3,617,3.0,,Withdrawal,36.69,2026-09-28 09:53:47.881650,Completed
5865,9caf7ec4-da2a-47c4-bf08-3adf7fd0add2,567,2.0,,Deposit,427.4,2026-09-28 09:53:47.881650,Completed
5866,24ea8eeb-8989-40b8-9d70-8628401d8a5c,805,3.0,,Deposit,28.16,2026-09-28 09:53:47.881650,Completed
5867,c60bdeac-ceaa-43b1-8131-3c773e076e2a,72,2.0,,Deposit,13.53,2026-09-28 09:53:47.881650,Completed
5868,8bf4a06b-b5c3-4e82-a965-5835e04ccbe1,380,,,Adjustment,36.22,2026-09-28 09:53:47.881650,Completed
5869,bc5fb171-c1bb-453c-acbf-66bb381c4adf,530,1.0,,Deposit,481.02,2026-09-28 09:53:47.881650,Completed
5870,495a2ee5-ca2a-4be1-a1e1-ee225f107a5d,1000,2.0,,Deposit,209.35,2026-09-28 09:53:47.881650,Completed
5871,ad5ea005-a1e3-4750-ad4d-b23e847c8287,728,1.0,,Withdrawal,355.44,2026-09-28 09:53:47.881650,Completed
5872,1d7799a3-1066-4a99-bf79-459f9f4f0da1,530,1.0,,Deposit,412.15,2026-09-28 09:53:47.881650,Completed
5873,a019d99a-1508-445b-825f-059f3d264e07,209,,,Adjustment,124.74,2026-09-28 09:53:47.881650,Completed
5874,c4fe9bab-99cf-423a-b792-718c0c0048de,354,2.0,,Deposit,142.47,2026-09-28 09:53:47.881650,Completed
5875,b38504a2-a614-4e21-84e8-0c686c83cb22,102,,,Adjustment,140.9,2026-09-28 09:53:47.881650,Completed
5876,b497a23c-be1a-46fa-836c-54964a132d73,834,3.0,,Deposit,283.5,2026-09-28 09:53:47.881650,Completed
5877,0ca1717e-55eb-47f7-b2ec-f4c55e96700f,228,,,Adjustment,283.5,2026-09-28 09:53:47.881650,Completed
5878,c66f2a34-b402-42f5-a282-64b8109847d2,670,,,Adjustment,330.16,2026-09-28 09:53:47.881650,Completed
5879,1595ff72-3578-4555-b8c0-a33753d8feaf,663,3.0,,Deposit,299.79,2026-09-28 09:53:47.881650,Completed
5880,a48d49fc-8485-40f4-826d-d080af9e082d,79,3.0,,Withdrawal,112.12,2026-09-28 09:53:47.881650,Completed
5881,b2e20e62-d231-4a7d-a5d1-92fda3ec42b3,239,,,Adjustment,197.39,2026-09-28 09:53:47.881650,Completed
5882,fd79effb-3813-48cc-8a7b-36536d5fb907,227,4.0,,Deposit,62.33,2026-09-28 09:53:47.881650,Completed
5883,ba3b71a0-9922-40ee-94ea-77040a542917,259,,,Adjustment,283.69,2026-09-28 09:53:47.881650,Completed
5884,19ed2291-cdc9-4661-8e8a-d5d284b67063,949,,,Adjustment,375.75,2026-09-28 09:53:47.881650,Completed
5885,94dfb6a5-5828-4c82-b5d5-6d8e1000275b,57,5.0,,Deposit,270.91,2026-09-28 09:53:47.881650,Completed
5886,61726794-24cc-43ba-8e65-2c6f58f7506a,897,4.0,,Deposit,335.73,2026-09-28 09:53:47.881650,Completed
5887,335a7226-9124-4d13-a11a-8b26b4e5c5b0,788,,,Adjustment,141.13,2026-09-28 09:53:47.881650,Completed
5888,8d1596e3-1d60-492f-851f-cf228ed2e793,826,3.0,,Deposit,344.61,2026-09-28 09:53:47.881650,Completed
5889,10543fc4-c140-4540-be4f-fd5f307b5f4c,683,2.0,,Withdrawal,56.24,2026-09-28 09:53:47.881650,Completed
5890,8c44f098-6f29-490e-b019-c399202ca7db,925,3.0,,Deposit,384.42,2026-09-28 09:53:47.881650,Completed
5891,bf9a6ef5-7ddd-4b14-b167-5cf378e24052,530,2.0,,Withdrawal,40.41,2026-09-28 09:53:47.881650,Completed
5892,8f3a059c-4559-4a45-928b-6de351f77d83,806,1.0,,Withdrawal,453.53,2026-09-28 09:53:47.881650,Completed
5893,b4e97c2d-6b26-480c-8cc9-d9342cefe067,457,5.0,,Withdrawal,494.92,2026-09-28 09:53:47.881650,Completed
5894,f8de324d-78a3-458a-93e3-c2688af2a828,637,,,Adjustment,412.89,2026-09-28 09:53:47.881650,Completed
5895,d7d5584b-725f-4218-a05f-1601dc59be5f,547,,,Adjustment,479.23,2026-09-28 09:53:47.881650,Completed
5896,3e6281db-1bc3-4cad-aa10-7093f993c8e2,682,,,Adjustment,421.99,2026-09-28 09:53:47.881650,Completed
5897,34284e34-1936-43e6-b214-943955b07e2b,687,,,Adjustment,431.24,2026-09-28 09:53:47.881650,Completed
5898,c5d4223f-ca19-45c3-a16e-56072f830206,72,2.0,,Deposit,141.69,2026-09-28 09:53:47.881650,Completed
5899,1718fd66-9c75-4b35-a8c6-5fc91800ce14,311,5.0,,Deposit,104.21,2026-09-28 09:53:47.881650,Completed
5900,a6abcd32-134a-4f02-913e-d643bcee0927,495,1.0,,Deposit,329.2,2026-09-28 09:53:47.881650,Completed
5901,540433ac-1176-4f6d-89c2-9dd91cef66ba,172,3.0,,Deposit,400.45,2026-09-28 09:53:47.881650,Completed
5902,2e919aca-655e-4e74-a326-110d14db67dd,210,2.0,,Withdrawal,250.44,2026-09-28 09:53:47.881650,Completed
5903,e6ce1ecd-de19-4359-9726-08988a559ecc,479,4.0,,Deposit,275.32,2026-09-28 09:53:47.881650,Completed
5904,1a661f71-5e28-4055-857a-c0f079b2b5ec,293,1.0,,Withdrawal,299.25,2026-09-28 09:53:47.881650,Completed
5905,f2b1eb10-3760-41d2-b05d-9bb96b6db326,588,,,Adjustment,108.54,2026-09-28 09:53:47.881650,Completed
5906,2c6735e8-a938-4845-aa7b-51fc59aef53d,564,1.0,,Deposit,217.92,2026-09-28 09:53:47.881650,Completed
5907,ad1a13e7-feaa-4daa-aa7a-dee3728b7673,402,2.0,,Deposit,386.37,2026-09-28 09:53:47.881650,Completed
5908,d6827ead-f74f-4d1b-88a5-073fbc3d33a6,619,3.0,,Deposit,309.19,2026-09-28 09:53:47.881650,Completed
5909,b2de243f-1d1f-4eaa-9b00-c2c0f4232917,137,,,Adjustment,161.63,2026-09-28 09:53:47.881650,Completed
5910,4be60d3d-072c-4dca-ad87-b016452c7964,103,5.0,,Deposit,208.21,2026-09-28 09:53:47.881650,Completed
5911,6fadd4aa-0971-4095-a2c4-7632498bf392,321,4.0,,Withdrawal,471.29,2026-09-28 09:53:47.881650,Completed
5912,06e704c2-38bb-46cf-8a75-bb49ccf93e5a,923,1.0,,Deposit,496.5,2026-09-28 09:53:47.881650,Completed
5913,b50b4b86-fec4-4884-ae90-a1e81643b54a,747,2.0,,Deposit,479.69,2026-09-28 09:53:47.881650,Completed
5914,625a0036-8dc5-4381-bd00-46744c393741,635,2.0,,Deposit,58.02,2026-09-28 09:53:47.881650,Completed
5915,fe97a7f2-da53-4ba4-a537-98f96eb48996,774,,,Adjustment,399.27,2026-09-28 09:53:47.881650,Completed
5916,8484ea7f-4b07-41eb-ba09-57910e168b22,593,,,Adjustment,266.92,2026-09-28 09:53:47.881650,Completed
5917,e3c7fc96-6368-47ca-abe3-73edb556c460,261,,,Adjustment,215.23,2026-09-28 09:53:47.881650,Completed
5918,450dd36a-888d-4bf4-8b7f-01e3daf9ed8d,368,4.0,,Deposit,47.81,2026-09-28 09:53:47.881650,Completed
5919,4759f06d-7880-4cba-9e21-574e19e9b3dc,31,4.0,,Withdrawal,174.16,2026-09-28 09:53:47.881650,Completed
5920,11d76e1d-60a9-49b0-8ac0-4cbd7794995d,692,4.0,,Withdrawal,228.34,2026-09-28 09:53:47.881650,Completed
5921,d96505e6-ad24-44e1-ae70-3e419a57ad0e,967,,,Adjustment,468.16,2026-09-28 09:53:47.881650,Completed
5922,c862ca4f-bb22-4619-92aa-38cb3db98ffe,965,1.0,,Deposit,118.71,2026-09-28 09:53:47.881650,Completed
5923,75ee9699-7145-49e4-b31f-28f97cd9d132,439,4.0,,Deposit,267.72,2026-09-28 09:53:47.881650,Completed
5924,4afab748-ca80-4445-ad8b-8d5eac2e6d6c,391,4.0,,Deposit,309.09,2026-09-28 09:53:47.881650,Completed
5925,8aa6af6e-9141-4cb9-afce-aedfa94967be,430,4.0,,Withdrawal,34.18,2026-09-28 09:53:47.881650,Completed
5926,bf6a92db-3f1b-4deb-84a8-92393fbbc905,925,,,Adjustment,355.78,2026-09-28 09:53:47.881650,Completed
5927,8aa0f466-ddf5-40ab-97cf-1b15a828a7d4,343,4.0,,Deposit,71.16,2026-09-28 09:53:47.881650,Completed
5928,ead6269d-a2e8-492c-b478-f1ff3dbcb14d,776,,,Adjustment,401.6,2026-09-28 09:53:47.881650,Completed
5929,dedd4564-2c98-4b47-9b28-d233b7629cb4,703,5.0,,Withdrawal,50.25,2026-09-28 09:53:47.881650,Completed
5930,b4e4efcb-aa31-4ad4-b340-0d6b634f5d9a,843,2.0,,Withdrawal,200.95,2026-09-28 09:53:47.881650,Completed
5931,e907f081-4607-4642-b3c3-b04f8bfb2302,246,3.0,,Deposit,276.83,2026-09-28 09:53:47.881650,Completed
5932,6c448a10-bd27-412d-815a-9b2c2f347d9c,216,5.0,,Deposit,471.73,2026-09-28 09:53:47.881650,Completed
5933,d90896b5-cf7c-44fe-8d2a-532ad2375c9a,282,1.0,,Deposit,187.09,2026-09-28 09:53:47.881650,Completed
5934,9ae9098f-6cc4-4af1-9b93-4834f5ba4460,408,,,Adjustment,326.14,2026-09-28 09:53:47.881650,Completed
5935,99eb216a-344d-401a-b7b0-d07430b87496,369,,,Adjustment,280.6,2026-09-28 09:53:47.881650,Completed
5936,16faef42-6f0c-4777-82dd-7f8248e15ef3,165,1.0,,Withdrawal,337.05,2026-09-28 09:53:47.881650,Completed
5937,10d95631-4674-4fee-be38-608d55bf461b,740,5.0,,Withdrawal,309.62,2026-09-28 09:53:47.881650,Completed
5938,b1be2c4a-ccd0-46e9-bc9d-c2311abf01ce,447,2.0,,Deposit,269.99,2026-09-28 09:53:47.881650,Completed
5939,8c305113-bd88-4ec0-8c64-d1c43c8517c6,903,,,Adjustment,52.98,2026-09-28 09:53:47.881650,Completed
5940,11d56db8-d283-43d4-bbef-7aeb7da12ec6,347,2.0,,Deposit,151.41,2026-09-28 09:53:47.881650,Completed
5941,808638c8-7257-4906-8a7b-94c7bc3e07ae,570,5.0,,Withdrawal,69.85,2026-09-28 09:53:47.881650,Completed
5942,4573d10d-3777-40cd-8c46-7e897ff90816,416,,,Adjustment,36.58,2026-09-28 09:53:47.881650,Completed
5943,44ab2223-1ed4-4e8f-846e-cf43176b85fb,238,3.0,,Deposit,79.66,2026-09-28 09:53:47.881650,Completed
5944,7c02c0de-5478-4f31-80ad-cdd655d91036,458,5.0,,Deposit,404.39,2026-09-28 09:53:47.881650,Completed
5945,845bab5b-528d-4a3a-8450-e7cd0173bf70,281,3.0,,Withdrawal,99.1,2026-09-28 09:53:47.881650,Completed
5946,d536a812-912c-4d4f-b862-e08bb238f753,761,1.0,,Deposit,464.97,2026-09-28 09:53:47.881650,Completed
5947,dbe436aa-5db7-42af-9480-3fe0d3c619f4,229,2.0,,Withdrawal,53.13,2026-09-28 09:53:47.881650,Completed
5948,2007fcc6-f331-41af-bae3-43ed5005b31c,645,,,Adjustment,134.49,2026-09-28 09:53:47.881650,Completed
5949,be4b214f-8072-48dd-b49d-f5cdebe41b3b,650,3.0,,Withdrawal,496.33,2026-09-28 09:53:47.881650,Completed
5950,c710a560-f4fb-4433-acaa-82fa2eb7498a,557,2.0,,Deposit,170.8,2026-09-28 09:53:47.881650,Completed
5951,5c4175ef-8bd8-4d20-a928-90cbfe6129cb,318,,,Adjustment,233.98,2026-09-28 09:53:47.881650,Completed
5952,734d90b3-f1ca-4a7c-a5ba-a82b49bd5eb5,742,4.0,,Deposit,413.62,2026-09-28 09:53:47.881650,Completed
5953,04aedb38-e55e-4d50-9252-525f51e91edf,787,,,Adjustment,257.12,2026-09-28 09:53:47.881650,Completed
5954,17808c0e-d69c-4012-92c6-31a3cb5792a1,387,2.0,,Deposit,333.36,2026-09-28 09:53:47.881650,Completed
5955,265b0730-585e-4498-9a47-e914d3535cd4,834,1.0,,Deposit,268.59,2026-09-28 09:53:47.881650,Completed
5956,9532e69e-5008-4aa2-98e5-39a2cfc9f8a2,664,4.0,,Deposit,180.98,2026-09-28 09:53:47.881650,Completed
5957,71b3779a-cad8-44f9-b910-37c91753ce71,681,4.0,,Withdrawal,154.76,2026-09-28 09:53:47.881650,Completed
5958,57aa99a1-7275-455d-a3f0-725c9c4cb8da,475,5.0,,Withdrawal,446.24,2026-09-28 09:53:47.881650,Completed
5959,b44c3651-06b3-4498-87f8-85c7f47a0f9e,709,2.0,,Withdrawal,414.02,2026-09-28 09:53:47.881650,Completed
5960,b3636a49-4f41-4dfa-843e-99cd224cf5c1,833,,,Adjustment,238.75,2026-09-28 09:53:47.881650,Completed
5961,71ae332d-cc1f-4db2-a44e-a68d075b6a5b,754,4.0,,Deposit,143.21,2026-09-28 09:53:47.881650,Completed
5962,fc2efe71-2fa3-45b0-92bb-62ef10fb3609,737,,,Adjustment,131.62,2026-09-28 09:53:47.881650,Completed
5963,01dd30c1-26da-4e75-ae60-1fba19ea33a0,755,3.0,,Withdrawal,116.56,2026-09-28 09:53:47.881650,Completed
5964,b6ae12dd-05da-48e4-99b5-2e53fa363552,248,3.0,,Deposit,312.96,2026-09-28 09:53:47.881650,Completed
5965,968c1323-6efd-4e1f-aa08-ea1ee298b32c,885,5.0,,Deposit,406.53,2026-09-28 09:53:47.881650,Completed
5966,cc4cd7b1-ac64-4dc7-aa3c-3b548f8602a8,315,4.0,,Withdrawal,482.67,2026-09-28 09:53:47.881650,Completed
5967,01873914-a28c-47f2-9b50-ce7418c9c79f,757,3.0,,Deposit,320.61,2026-09-28 09:53:47.881650,Completed
5968,74ec4c24-e295-4bb3-bf18-87cf9b045564,332,,,Adjustment,386.79,2026-09-28 09:53:47.881650,Completed
5969,3016850d-47ae-485c-aafd-5c5edac74be7,462,,,Adjustment,181.22,2026-09-28 09:53:47.881650,Completed
5970,0c042672-4c91-430d-a5c9-abb5bbf7c6c4,791,,,Adjustment,234.14,2026-09-28 09:53:47.881650,Completed
5971,a301d242-c292-4ace-9d73-3fd94c3407bb,472,5.0,,Withdrawal,325.99,2026-09-28 09:53:47.881650,Completed
5972,a847a0f1-48ca-49db-bbeb-bc360b36c312,181,2.0,,Withdrawal,339.77,2026-09-28 09:53:47.881650,Completed
5973,a347a947-71ca-468a-9748-b626da2c5962,759,5.0,,Withdrawal,391.2,2026-09-28 09:53:47.881650,Completed
5974,286ffbb1-d006-45a8-8c72-7c3ba6d22080,475,2.0,,Deposit,225.26,2026-09-28 09:53:47.881650,Completed
5975,d757dbe7-f431-4292-bc42-b316354f3561,42,,,Adjustment,47.97,2026-09-28 09:53:47.881650,Completed
5976,5cb06cc8-fcc9-4ece-8276-9266acdd8400,337,2.0,,Withdrawal,232.79,2026-09-28 09:53:47.881650,Completed
5977,512cb37e-86d2-456c-b7a6-cd7a56b9ff36,113,3.0,,Withdrawal,136.33,2026-09-28 09:53:47.881650,Completed
5978,3b97f2c6-bddc-45a1-b778-2f9cded673a5,728,4.0,,Deposit,267.99,2026-09-28 09:53:47.881650,Completed
5979,e66260fb-f73b-41b0-9ff2-06bbbbe7118d,416,4.0,,Withdrawal,394.21,2026-09-28 09:53:47.881650,Completed
5980,02a3ccc9-2a16-499b-b62d-047c4fabeeff,465,2.0,,Deposit,89.19,2026-09-28 09:53:47.881650,Completed
5981,e57f43e2-48cd-494a-b932-6d08a8d4d04e,461,4.0,,Deposit,23.16,2026-09-28 09:53:47.881650,Completed
5982,d9252732-06e9-429c-abe4-901b2e113757,605,,,Adjustment,291.1,2026-09-28 09:53:47.881650,Completed
5983,8faea8f0-f5ab-427d-8ab4-8ac936fa1726,551,,,Adjustment,479.61,2026-09-28 09:53:47.881650,Completed
5984,69bb4ed1-d277-4cf4-bc27-1a3a22765865,913,3.0,,Withdrawal,57.88,2026-09-28 09:53:47.881650,Completed
5985,28099017-930c-4efb-baf2-bae52ba94ceb,52,3.0,,Withdrawal,487.64,2026-09-28 09:53:47.881650,Completed
5986,5d41e984-79ef-4f4f-904f-4590f2024584,570,4.0,,Withdrawal,183.9,2026-09-28 09:53:47.881650,Completed
5987,4685fb5c-6095-4e35-8bb5-494315dc2c1a,338,3.0,,Withdrawal,63.03,2026-09-28 09:53:47.881650,Completed
5988,f49eb323-6c83-4269-ada6-6d989eff08b4,52,4.0,,Deposit,28.79,2026-09-28 09:53:47.881650,Completed
5989,6397e106-253e-487e-a892-1ab9bbedfa6e,597,1.0,,Withdrawal,333.59,2026-09-28 09:53:47.881650,Completed
5990,28d616da-81c0-4a94-8543-d62117d30ff3,313,,,Adjustment,475.83,2026-09-28 09:53:47.881650,Completed
5991,f1de99ea-d4eb-44a6-96b2-474804f989f9,992,3.0,,Deposit,372.44,2026-09-28 09:53:47.881650,Completed
5992,a20b070c-0f3d-4e19-895b-c86ab0c248cc,312,,,Adjustment,55.26,2026-09-28 09:53:47.881650,Completed
5993,639f1781-9fff-4ef5-a1bd-6e57241c888b,710,1.0,,Deposit,499.88,2026-09-28 09:53:47.881650,Completed
5994,c3525582-a76d-4129-b3eb-6b06d3c10133,606,3.0,,Deposit,405.55,2026-09-28 09:53:47.881650,Completed
5995,f4ac28b5-6e38-4501-a931-ff7e4b3f8746,602,3.0,,Withdrawal,493.19,2026-09-28 09:53:47.881650,Completed
5996,e15566ec-a1ae-4325-825d-341f0ed2494f,84,3.0,,Withdrawal,73.79,2026-09-28 09:53:47.881650,Completed
5997,c8ca68c2-155d-4280-8da9-2a4a42c1198e,451,4.0,,Deposit,133.56,2026-09-28 09:53:47.881650,Completed
5998,c01a1fb2-11d0-4f5e-adaa-f13f5b26bf08,132,3.0,,Deposit,48.31,2026-09-28 09:53:47.881650,Completed
5999,3a8082ec-fbe4-47fb-92b8-2f91260093f7,393,2.0,,Deposit,121.77,2026-09-28 09:53:47.881650,Completed
6000,c3440e0f-cb34-4aba-8e38-7826134a927d,652,3.0,,Deposit,404.2,2026-09-28 09:53:47.881650,Completed
