id_odd,id_market_selection,odd_value,changed_at
1,1,8.19,2026-09-19 09:53:48.038951
2,1,3.94,2026-09-13 06:53:48.038951
3,2,3.51,2026-09-26 09:53:48.038951
4,2,4.04,2026-09-14 06:53:48.038951
5,3,4.77,2026-09-17 09:53:48.038951
6,3,5.93,2026-09-24 06:53:48.038951
7,4,2.03,2026-09-23 09:53:48.038951
8,4,5.61,2026-09-15 06:53:48.038951
9,5,6.94,2026-09-13 09:53:48.038951
10,5,4.57,2026-09-17 06:53:48.038951
11,6,7.85,2026-09-21 09:53:48.038951
12,6,5.74,2026-09-17 06:53:48.038951
13,7,1.63,2026-09-26 09:53:48.038951
14,7,4.27,2026-09-17 06:53:48.038951
15,8,3.3,2026-09-14 09:53:48.038951
16,8,3.88,2026-09-19 06:53:48.038951
17,9,5.92,2026-09-20 09:53:48.038951
18,9,4.01,2026-09-14 06:53:48.038951
19,10,4.8,2026-09-26 09:53:48.038951
20,10,1.41,2026-09-26 06:53:48.038951
21,11,1.53,2026-09-16 09:53:48.038951
22,11,5.83,2026-09-16 06:53:48.038951
23,12,2.15,2026-09-23 09:53:48.038951
24,12,2.17,2026-09-16 06:53:48.038951
25,13,3.72,2026-09-15 09:53:48.038951
26,13,6.25,2026-09-19 06:53:48.038951
27,14,6.84,2026-09-24 09:53:48.038951
28,14,3.58,2026-09-20 06:53:48.038951
29,15,8.44,2026-09-17 09:53:48.038951
30,15,1.67,2026-09-18 06:53:48.038951
31,16,4.98,2026-09-22 09:53:48.038951
32,16,3.3,2026-09-15 06:53:48.038951
33,17,6.82,2026-09-13 09:53:48.038951
34,17,7.41,2026-09-22 06:53:48.038951
35,18,4.4,2026-09-16 09:53:48.038951
36,18,7.64,2026-09-20 06:53:48.038951
37,19,3.39,2026-09-23 09:53:48.038951
38,19,5.21,2026-09-22 06:53:48.038951
39,20,2.64,2026-09-19 09:53:48.038951
40,20,7.3,2026-09-19 06:53:48.038951
41,21,8.42,2026-09-25 09:53:48.038951
42,21,5.23,2026-09-18 06:53:48.038951
43,22,3.29,2026-09-19 09:53:48.038951
44,22,4.4,2026-09-22 06:53:48.038951
45,23,8.34,2026-09-23 09:53:48.038951
46,23,1.34,2026-09-18 06:53:48.038951
47,24,6.31,2026-09-27 09:53:48.038951
48,24,7.69,2026-09-16 06:53:48.038951
49,25,7.77,2026-09-16 09:53:48.038951
50,25,6.08,2026-09-22 06:53:48.038951
51,26,3.66,2026-09-17 09:53:48.038951
52,26,8.29,2026-09-15 06:53:48.038951
53,27,7.02,2026-09-26 09:53:48.038951
54,27,7.52,2026-09-22 06:53:48.038951
55,28,1.23,2026-09-18 09:53:48.038951
56,28,5.61,2026-09-20 06:53:48.038951
57,29,2.23,2026-09-17 09:53:48.038951
58,29,5.23,2026-09-26 06:53:48.038951
59,30,3.88,2026-09-16 09:53:48.038951
60,30,3.92,2026-09-19 06:53:48.038951
61,31,5.62,2026-09-16 09:53:48.038951
62,31,6.49,2026-09-21 06:53:48.038951
63,32,2.85,2026-09-13 09:53:48.038951
64,32,8.36,2026-09-15 06:53:48.038951
65,33,8.09,2026-09-25 09:53:48.038951
66,33,3.44,2026-09-25 06:53:48.038951
67,34,4.71,2026-09-18 09:53:48.038951
68,34,3.32,2026-09-25 06:53:48.038951
69,35,6.86,2026-09-19 09:53:48.038951
70,35,7.84,2026-09-24 06:53:48.038951
71,36,6.9,2026-09-13 09:53:48.038951
72,36,5.37,2026-09-15 06:53:48.038951
73,37,6.71,2026-09-15 09:53:48.038951
74,37,8.07,2026-09-25 06:53:48.038951
75,38,3.78,2026-09-17 09:53:48.038951
76,38,8.22,2026-09-18 06:53:48.038951
77,39,5.15,2026-09-13 09:53:48.038951
78,39,5.04,2026-09-18 06:53:48.038951
79,40,7.18,2026-09-15 09:53:48.038951
80,40,6.74,2026-09-19 06:53:48.038951
81,41,8.41,2026-09-17 09:53:48.038951
82,41,5.36,2026-09-13 06:53:48.038951
83,42,4.78,2026-09-23 09:53:48.038951
84,42,5.52,2026-09-15 06:53:48.038951
85,43,4.19,2026-09-16 09:53:48.038951
86,43,4.38,2026-09-13 06:53:48.038951
87,44,3.4,2026-09-18 09:53:48.038951
88,44,7.61,2026-09-27 06:53:48.038951
89,45,7.9,2026-09-26 09:53:48.038951
90,45,5.49,2026-09-21 06:53:48.038951
91,46,6.84,2026-09-20 09:53:48.038951
92,46,3.99,2026-09-14 06:53:48.038951
93,47,2.15,2026-09-20 09:53:48.038951
94,47,2.43,2026-09-15 06:53:48.038951
95,48,8.12,2026-09-23 09:53:48.038951
96,48,5.65,2026-09-25 06:53:48.038951
97,49,8.11,2026-09-15 09:53:48.038951
98,49,5.02,2026-09-25 06:53:48.038951
99,50,4.26,2026-09-13 09:53:48.038951
100,50,3.72,2026-09-18 06:53:48.038951
101,51,1.94,2026-09-19 09:53:48.038951
102,51,1.51,2026-09-17 06:53:48.038951
103,52,5.12,2026-09-21 09:53:48.038951
104,52,5.56,2026-09-25 06:53:48.038951
105,53,6.28,2026-09-19 09:53:48.038951
106,53,7.33,2026-09-16 06:53:48.038951
107,54,5.62,2026-09-16 09:53:48.038951
108,54,4.6,2026-09-15 06:53:48.038951
109,55,8.05,2026-09-27 09:53:48.038951
110,55,5.48,2026-09-27 06:53:48.038951
111,56,2.21,2026-09-15 09:53:48.038951
112,56,6.6,2026-09-20 06:53:48.038951
113,57,3.43,2026-09-15 09:53:48.038951
114,57,7.11,2026-09-27 06:53:48.038951
115,58,1.43,2026-09-18 09:53:48.038951
116,58,7.83,2026-09-26 06:53:48.038951
117,59,3.56,2026-09-13 09:53:48.038951
118,59,7.98,2026-09-17 06:53:48.038951
119,60,7.98,2026-09-13 09:53:48.038951
120,60,2.99,2026-09-15 06:53:48.038951
121,61,7.64,2026-09-14 09:53:48.038951
122,61,7.03,2026-09-23 06:53:48.038951
123,62,2.7,2026-09-18 09:53:48.038951
124,62,2.99,2026-09-18 06:53:48.038951
125,63,4.72,2026-09-17 09:53:48.038951
126,63,6.66,2026-09-19 06:53:48.038951
127,64,6.19,2026-09-22 09:53:48.038951
128,64,7.13,2026-09-27 06:53:48.038951
129,65,4.85,2026-09-16 09:53:48.038951
130,65,3.81,2026-09-18 06:53:48.038951
131,66,4.86,2026-09-13 09:53:48.038951
132,66,8.07,2026-09-17 06:53:48.038951
133,67,3.93,2026-09-20 09:53:48.038951
134,67,1.48,2026-09-16 06:53:48.038951
135,68,3.81,2026-09-16 09:53:48.038951
136,68,3.26,2026-09-15 06:53:48.038951
137,69,3.8,2026-09-21 09:53:48.038951
138,69,7.71,2026-09-21 06:53:48.038951
139,70,1.75,2026-09-25 09:53:48.038951
140,70,7.55,2026-09-22 06:53:48.038951
141,71,1.59,2026-09-14 09:53:48.038951
142,71,5.94,2026-09-24 06:53:48.038951
143,72,4.72,2026-09-24 09:53:48.038951
144,72,2.11,2026-09-14 06:53:48.038951
145,73,4.89,2026-09-15 09:53:48.038951
146,73,4.53,2026-09-14 06:53:48.038951
147,74,4.47,2026-09-16 09:53:48.038951
148,74,1.86,2026-09-19 06:53:48.038951
149,75,7.13,2026-09-13 09:53:48.038951
150,75,6.3,2026-09-20 06:53:48.038951
151,76,3.57,2026-09-21 09:53:48.038951
152,76,1.18,2026-09-24 06:53:48.038951
153,77,5.55,2026-09-25 09:53:48.038951
154,77,6.28,2026-09-18 06:53:48.038951
155,78,7.23,2026-09-15 09:53:48.038951
156,78,5.36,2026-09-21 06:53:48.038951
157,79,7.82,2026-09-18 09:53:48.038951
158,79,5.62,2026-09-24 06:53:48.038951
159,80,6.22,2026-09-13 09:53:48.038951
160,80,3.72,2026-09-17 06:53:48.038951
161,81,5.24,2026-09-21 09:53:48.038951
162,81,8.11,2026-09-27 06:53:48.038951
163,82,8.32,2026-09-17 09:53:48.038951
164,82,3.29,2026-09-17 06:53:48.038951
165,83,5.7,2026-09-18 09:53:48.038951
166,83,5.41,2026-09-27 06:53:48.038951
167,84,6.47,2026-09-24 09:53:48.038951
168,84,4.59,2026-09-24 06:53:48.038951
169,85,5.44,2026-09-13 09:53:48.038951
170,85,5.54,2026-09-21 06:53:48.038951
171,86,2.59,2026-09-13 09:53:48.038951
172,86,2.41,2026-09-18 06:53:48.038951
173,87,3.43,2026-09-23 09:53:48.038951
174,87,7.05,2026-09-23 06:53:48.038951
175,88,2.41,2026-09-18 09:53:48.038951
176,88,4.61,2026-09-21 06:53:48.038951
177,89,8.22,2026-09-24 09:53:48.038951
178,89,5.92,2026-09-22 06:53:48.038951
179,90,7.34,2026-09-21 09:53:48.038951
180,90,2.06,2026-09-14 06:53:48.038951
181,91,5.86,2026-09-24 09:53:48.038951
182,91,8.3,2026-09-27 06:53:48.038951
183,92,6.74,2026-09-24 09:53:48.038951
184,92,7.53,2026-09-17 06:53:48.038951
185,93,5.52,2026-09-16 09:53:48.038951
186,93,2.37,2026-09-23 06:53:48.038951
187,94,1.49,2026-09-25 09:53:48.038951
188,94,6.93,2026-09-20 06:53:48.038951
189,95,7.42,2026-09-21 09:53:48.038951
190,95,5.7,2026-09-18 06:53:48.038951
191,96,1.49,2026-09-21 09:53:48.038951
192,96,4.8,2026-09-27 06:53:48.038951
193,97,4.84,2026-09-14 09:53:48.038951
194,97,3.34,2026-09-18 06:53:48.038951
195,98,1.71,2026-09-13 09:53:48.038951
196,98,3.35,2026-09-14 06:53:48.038951
197,99,1.44,2026-09-26 09:53:48.038951
198,99,4.33,2026-09-25 06:53:48.038951
199,100,6.27,2026-09-18 09:53:48.038951
200,100,2.25,2026-09-18 06:53:48.038951
201,101,3.6,2026-09-26 09:53:48.038951
202,101,7.48,2026-09-19 06:53:48.038951
203,102,6.3,2026-09-21 09:53:48.038951
204,102,3.33,2026-09-16 06:53:48.038951
205,103,2.63,2026-09-13 09:53:48.038951
206,103,5.75,2026-09-15 06:53:48.038951
207,104,2.28,2026-09-15 09:53:48.038951
208,104,4.34,2026-09-14 06:53:48.038951
209,105,8.28,2026-09-19 09:53:48.038951
210,105,6.26,2026-09-21 06:53:48.038951
211,106,7.76,2026-09-20 09:53:48.038951
212,106,7.25,2026-09-13 06:53:48.038951
213,107,7.0,2026-09-20 09:53:48.038951
214,107,2.96,2026-09-20 06:53:48.038951
215,108,3.89,2026-09-17 09:53:48.038951
216,108,6.96,2026-09-17 06:53:48.038951
217,109,3.0,2026-09-21 09:53:48.038951
218,109,7.06,2026-09-23 06:53:48.038951
219,110,2.01,2026-09-27 09:53:48.038951
220,110,2.58,2026-09-23 06:53:48.038951
221,111,4.75,2026-09-25 09:53:48.038951
222,111,5.34,2026-09-14 06:53:48.038951
223,112,8.07,2026-09-14 09:53:48.038951
224,112,5.73,2026-09-23 06:53:48.038951
225,113,5.7,2026-09-14 09:53:48.038951
226,113,1.37,2026-09-24 06:53:48.038951
227,114,5.16,2026-09-21 09:53:48.038951
228,114,5.59,2026-09-21 06:53:48.038951
229,115,8.15,2026-09-27 09:53:48.038951
230,115,6.26,2026-09-26 06:53:48.038951
231,116,4.67,2026-09-18 09:53:48.038951
232,116,8.04,2026-09-15 06:53:48.038951
233,117,4.24,2026-09-13 09:53:48.038951
234,117,1.16,2026-09-23 06:53:48.038951
235,118,5.77,2026-09-13 09:53:48.038951
236,118,2.07,2026-09-15 06:53:48.038951
237,119,7.68,2026-09-27 09:53:48.038951
238,119,3.61,2026-09-25 06:53:48.038951
239,120,5.91,2026-09-13 09:53:48.038951
240,120,1.77,2026-09-13 06:53:48.038951
241,121,8.41,2026-09-16 09:53:48.038951
242,121,2.94,2026-09-14 06:53:48.038951
243,122,5.65,2026-09-18 09:53:48.038951
244,122,3.34,2026-09-18 06:53:48.038951
245,123,5.58,2026-09-18 09:53:48.038951
246,123,3.75,2026-09-19 06:53:48.038951
247,124,7.83,2026-09-26 09:53:48.038951
248,124,5.29,2026-09-15 06:53:48.038951
249,125,5.59,2026-09-24 09:53:48.038951
250,125,6.61,2026-09-14 06:53:48.038951
251,126,6.63,2026-09-21 09:53:48.038951
252,126,4.2,2026-09-19 06:53:48.038951
253,127,7.72,2026-09-22 09:53:48.038951
254,127,1.53,2026-09-17 06:53:48.038951
255,128,2.32,2026-09-24 09:53:48.038951
256,128,4.13,2026-09-21 06:53:48.038951
257,129,5.27,2026-09-20 09:53:48.038951
258,129,4.08,2026-09-20 06:53:48.038951
259,130,4.49,2026-09-15 09:53:48.038951
260,130,6.4,2026-09-23 06:53:48.038951
261,131,5.41,2026-09-14 09:53:48.038951
262,131,1.34,2026-09-26 06:53:48.038951
263,132,2.52,2026-09-17 09:53:48.038951
264,132,1.7,2026-09-26 06:53:48.038951
265,133,5.37,2026-09-23 09:53:48.038951
266,133,3.34,2026-09-22 06:53:48.038951
267,134,7.3,2026-09-16 09:53:48.038951
268,134,4.26,2026-09-19 06:53:48.038951
269,135,2.6,2026-09-15 09:53:48.038951
270,135,3.67,2026-09-14 06:53:48.038951
271,136,3.0,2026-09-23 09:53:48.038951
272,136,2.79,2026-09-26 06:53:48.038951
273,137,1.82,2026-09-18 09:53:48.038951
274,137,8.32,2026-09-15 06:53:48.038951
275,138,2.24,2026-09-22 09:53:48.038951
276,138,6.43,2026-09-16 06:53:48.038951
277,139,4.88,2026-09-24 09:53:48.038951
278,139,5.95,2026-09-18 06:53:48.038951
279,140,2.17,2026-09-26 09:53:48.038951
280,140,2.69,2026-09-15 06:53:48.038951
281,141,7.08,2026-09-17 09:53:48.038951
282,141,6.1,2026-09-19 06:53:48.038951
283,142,4.84,2026-09-22 09:53:48.038951
284,142,8.19,2026-09-19 06:53:48.038951
285,143,1.59,2026-09-13 09:53:48.038951
286,143,3.68,2026-09-18 06:53:48.038951
287,144,3.97,2026-09-18 09:53:48.038951
288,144,3.74,2026-09-13 06:53:48.038951
289,145,4.66,2026-09-22 09:53:48.038951
290,145,4.14,2026-09-15 06:53:48.038951
291,146,3.35,2026-09-13 09:53:48.038951
292,146,6.97,2026-09-19 06:53:48.038951
293,147,8.17,2026-09-16 09:53:48.038951
294,147,3.42,2026-09-19 06:53:48.038951
295,148,1.28,2026-09-17 09:53:48.038951
296,148,4.24,2026-09-18 06:53:48.038951
297,149,8.07,2026-09-25 09:53:48.038951
298,149,7.39,2026-09-27 06:53:48.038951
299,150,5.88,2026-09-14 09:53:48.038951
300,150,3.27,2026-09-21 06:53:48.038951
301,151,5.07,2026-09-14 09:53:48.038951
302,151,7.89,2026-09-19 06:53:48.038951
303,152,3.8,2026-09-22 09:53:48.038951
304,152,3.52,2026-09-23 06:53:48.038951
305,153,3.59,2026-09-21 09:53:48.038951
306,153,2.57,2026-09-14 06:53:48.038951
307,154,4.56,2026-09-15 09:53:48.038951
308,154,4.44,2026-09-15 06:53:48.038951
309,155,1.91,2026-09-25 09:53:48.038951
310,155,4.96,2026-09-19 06:53:48.038951
311,156,7.37,2026-09-16 09:53:48.038951
312,156,5.22,2026-09-13 06:53:48.038951
313,157,2.51,2026-09-15 09:53:48.038951
314,157,5.68,2026-09-15 06:53:48.038951
315,158,3.67,2026-09-21 09:53:48.038951
316,158,2.57,2026-09-21 06:53:48.038951
317,159,2.66,2026-09-22 09:53:48.038951
318,159,2.17,2026-09-26 06:53:48.038951
319,160,1.78,2026-09-19 09:53:48.038951
320,160,5.32,2026-09-19 06:53:48.038951
321,161,5.39,2026-09-14 09:53:48.038951
322,161,2.58,2026-09-17 06:53:48.038951
323,162,8.06,2026-09-23 09:53:48.038951
324,162,1.13,2026-09-16 06:53:48.038951
325,163,1.23,2026-09-14 09:53:48.038951
326,163,1.52,2026-09-16 06:53:48.038951
327,164,7.27,2026-09-16 09:53:48.038951
328,164,5.84,2026-09-20 06:53:48.038951
329,165,7.93,2026-09-23 09:53:48.038951
330,165,8.12,2026-09-15 06:53:48.038951
331,166,5.02,2026-09-27 09:53:48.038951
332,166,7.41,2026-09-18 06:53:48.038951
333,167,5.73,2026-09-25 09:53:48.038951
334,167,7.89,2026-09-23 06:53:48.038951
335,168,7.32,2026-09-14 09:53:48.038951
336,168,5.01,2026-09-21 06:53:48.038951
337,169,5.56,2026-09-25 09:53:48.038951
338,169,1.13,2026-09-15 06:53:48.038951
339,170,7.18,2026-09-14 09:53:48.038951
340,170,5.06,2026-09-19 06:53:48.038951
341,171,7.79,2026-09-16 09:53:48.038951
342,171,5.61,2026-09-17 06:53:48.038951
343,172,7.61,2026-09-17 09:53:48.038951
344,172,2.28,2026-09-22 06:53:48.038951
345,173,1.31,2026-09-17 09:53:48.038951
346,173,3.3,2026-09-25 06:53:48.038951
347,174,2.41,2026-09-22 09:53:48.038951
348,174,7.09,2026-09-21 06:53:48.038951
349,175,5.99,2026-09-23 09:53:48.038951
350,175,2.54,2026-09-14 06:53:48.038951
351,176,6.84,2026-09-25 09:53:48.038951
352,176,8.45,2026-09-16 06:53:48.038951
353,177,4.13,2026-09-24 09:53:48.038951
354,177,1.42,2026-09-24 06:53:48.038951
355,178,7.96,2026-09-16 09:53:48.038951
356,178,7.85,2026-09-27 06:53:48.038951
357,179,2.28,2026-09-17 09:53:48.038951
358,179,4.28,2026-09-18 06:53:48.038951
359,180,3.46,2026-09-23 09:53:48.038951
360,180,7.97,2026-09-18 06:53:48.038951
361,181,2.52,2026-09-18 09:53:48.038951
362,181,4.25,2026-09-22 06:53:48.038951
363,182,6.08,2026-09-15 09:53:48.038951
364,182,4.32,2026-09-17 06:53:48.038951
365,183,5.39,2026-09-21 09:53:48.038951
366,183,2.47,2026-09-23 06:53:48.038951
367,184,4.22,2026-09-17 09:53:48.038951
368,184,6.82,2026-09-21 06:53:48.038951
369,185,8.18,2026-09-19 09:53:48.038951
370,185,2.41,2026-09-25 06:53:48.038951
371,186,3.89,2026-09-15 09:53:48.038951
372,186,7.68,2026-09-14 06:53:48.038951
373,187,6.81,2026-09-21 09:53:48.038951
374,187,7.39,2026-09-16 06:53:48.038951
375,188,5.85,2026-09-26 09:53:48.038951
376,188,6.78,2026-09-22 06:53:48.038951
377,189,7.65,2026-09-14 09:53:48.038951
378,189,1.54,2026-09-15 06:53:48.038951
379,190,7.94,2026-09-25 09:53:48.038951
380,190,2.03,2026-09-20 06:53:48.038951
381,191,1.21,2026-09-20 09:53:48.038951
382,191,2.23,2026-09-20 06:53:48.038951
383,192,4.75,2026-09-15 09:53:48.038951
384,192,7.09,2026-09-21 06:53:48.038951
385,193,8.14,2026-09-19 09:53:48.038951
386,193,2.92,2026-09-24 06:53:48.038951
387,194,5.96,2026-09-22 09:53:48.038951
388,194,7.75,2026-09-18 06:53:48.038951
389,195,4.64,2026-09-13 09:53:48.038951
390,195,4.26,2026-09-19 06:53:48.038951
391,196,4.79,2026-09-17 09:53:48.038951
392,196,2.01,2026-09-19 06:53:48.038951
393,197,2.74,2026-09-26 09:53:48.038951
394,197,5.71,2026-09-16 06:53:48.038951
395,198,6.89,2026-09-21 09:53:48.038951
396,198,8.49,2026-09-16 06:53:48.038951
397,199,2.62,2026-09-19 09:53:48.038951
398,199,1.57,2026-09-20 06:53:48.038951
399,200,5.07,2026-09-14 09:53:48.038951
400,200,7.03,2026-09-16 06:53:48.038951
401,201,6.03,2026-09-24 09:53:48.038951
402,201,5.45,2026-09-21 06:53:48.038951
403,202,4.32,2026-09-16 09:53:48.038951
404,202,3.46,2026-09-17 06:53:48.038951
405,203,7.16,2026-09-18 09:53:48.038951
406,203,7.94,2026-09-19 06:53:48.038951
407,204,1.89,2026-09-27 09:53:48.038951
408,204,7.65,2026-09-24 06:53:48.038951
409,205,2.85,2026-09-13 09:53:48.038951
410,205,7.05,2026-09-23 06:53:48.038951
411,206,4.56,2026-09-21 09:53:48.038951
412,206,7.36,2026-09-21 06:53:48.038951
413,207,2.51,2026-09-24 09:53:48.038951
414,207,2.33,2026-09-25 06:53:48.038951
415,208,6.42,2026-09-19 09:53:48.038951
416,208,6.88,2026-09-20 06:53:48.038951
417,209,8.14,2026-09-17 09:53:48.038951
418,209,6.88,2026-09-24 06:53:48.038951
419,210,3.98,2026-09-13 09:53:48.038951
420,210,6.23,2026-09-23 06:53:48.038951
421,211,3.88,2026-09-25 09:53:48.038951
422,211,7.17,2026-09-24 06:53:48.038951
423,212,6.53,2026-09-27 09:53:48.038951
424,212,6.22,2026-09-16 06:53:48.038951
425,213,4.23,2026-09-19 09:53:48.038951
426,213,5.27,2026-09-15 06:53:48.038951
427,214,3.58,2026-09-14 09:53:48.038951
428,214,7.15,2026-09-24 06:53:48.038951
429,215,3.65,2026-09-15 09:53:48.038951
430,215,7.97,2026-09-26 06:53:48.038951
431,216,6.2,2026-09-26 09:53:48.038951
432,216,4.12,2026-09-24 06:53:48.038951
433,217,5.68,2026-09-15 09:53:48.038951
434,217,5.0,2026-09-21 06:53:48.038951
435,218,5.84,2026-09-13 09:53:48.038951
436,218,1.13,2026-09-20 06:53:48.038951
437,219,4.23,2026-09-23 09:53:48.038951
438,219,8.23,2026-09-15 06:53:48.038951
439,220,6.22,2026-09-16 09:53:48.038951
440,220,7.64,2026-09-19 06:53:48.038951
441,221,2.25,2026-09-13 09:53:48.038951
442,221,7.59,2026-09-24 06:53:48.038951
443,222,8.43,2026-09-20 09:53:48.038951
444,222,7.36,2026-09-17 06:53:48.038951
445,223,7.15,2026-09-13 09:53:48.038951
446,223,5.88,2026-09-14 06:53:48.038951
447,224,2.78,2026-09-25 09:53:48.038951
448,224,2.99,2026-09-25 06:53:48.038951
449,225,7.16,2026-09-16 09:53:48.038951
450,225,3.47,2026-09-20 06:53:48.038951
451,226,2.83,2026-09-21 09:53:48.038951
452,226,3.79,2026-09-14 06:53:48.038951
453,227,2.96,2026-09-18 09:53:48.038951
454,227,4.72,2026-09-14 06:53:48.038951
455,228,6.03,2026-09-20 09:53:48.038951
456,228,2.26,2026-09-19 06:53:48.038951
457,229,6.15,2026-09-20 09:53:48.038951
458,229,1.91,2026-09-15 06:53:48.038951
459,230,2.99,2026-09-21 09:53:48.038951
460,230,6.19,2026-09-21 06:53:48.038951
461,231,3.95,2026-09-13 09:53:48.038951
462,231,1.25,2026-09-21 06:53:48.038951
463,232,3.64,2026-09-14 09:53:48.038951
464,232,7.38,2026-09-16 06:53:48.038951
465,233,4.68,2026-09-18 09:53:48.038951
466,233,7.7,2026-09-23 06:53:48.038951
467,234,5.21,2026-09-14 09:53:48.038951
468,234,7.05,2026-09-25 06:53:48.038951
469,235,4.68,2026-09-24 09:53:48.038951
470,235,1.44,2026-09-19 06:53:48.038951
471,236,1.2,2026-09-26 09:53:48.038951
472,236,6.61,2026-09-18 06:53:48.038951
473,237,4.05,2026-09-26 09:53:48.038951
474,237,2.78,2026-09-22 06:53:48.038951
475,238,5.83,2026-09-24 09:53:48.038951
476,238,4.58,2026-09-21 06:53:48.038951
477,239,7.38,2026-09-15 09:53:48.038951
478,239,1.99,2026-09-14 06:53:48.038951
479,240,4.84,2026-09-16 09:53:48.038951
480,240,1.62,2026-09-21 06:53:48.038951
481,241,3.51,2026-09-14 09:53:48.038951
482,241,4.12,2026-09-22 06:53:48.038951
483,242,8.08,2026-09-24 09:53:48.038951
484,242,3.95,2026-09-21 06:53:48.038951
485,243,2.95,2026-09-25 09:53:48.038951
486,243,8.44,2026-09-23 06:53:48.038951
487,244,7.58,2026-09-24 09:53:48.038951
488,244,4.92,2026-09-23 06:53:48.038951
489,245,7.72,2026-09-13 09:53:48.038951
490,245,3.83,2026-09-26 06:53:48.038951
491,246,1.84,2026-09-24 09:53:48.038951
492,246,1.93,2026-09-19 06:53:48.038951
493,247,1.49,2026-09-24 09:53:48.038951
494,247,5.23,2026-09-24 06:53:48.038951
495,248,5.33,2026-09-16 09:53:48.038951
496,248,7.68,2026-09-20 06:53:48.038951
497,249,4.86,2026-09-24 09:53:48.038951
498,249,1.92,2026-09-13 06:53:48.038951
499,250,5.95,2026-09-27 09:53:48.038951
500,250,8.23,2026-09-19 06:53:48.038951
501,251,1.53,2026-09-15 09:53:48.038951
502,251,8.03,2026-09-20 06:53:48.038951
503,252,4.7,2026-09-25 09:53:48.038951
504,252,1.74,2026-09-17 06:53:48.038951
505,253,3.99,2026-09-20 09:53:48.038951
506,253,1.81,2026-09-24 06:53:48.038951
507,254,8.03,2026-09-18 09:53:48.038951
508,254,4.32,2026-09-24 06:53:48.038951
509,255,3.62,2026-09-24 09:53:48.038951
510,255,5.91,2026-09-13 06:53:48.038951
511,256,7.26,2026-09-24 09:53:48.038951
512,256,7.96,2026-09-23 06:53:48.038951
513,257,1.63,2026-09-24 09:53:48.038951
514,257,7.69,2026-09-26 06:53:48.038951
515,258,6.05,2026-09-20 09:53:48.038951
516,258,6.75,2026-09-15 06:53:48.038951
517,259,3.22,2026-09-15 09:53:48.038951
518,259,2.01,2026-09-21 06:53:48.038951
519,260,6.85,2026-09-18 09:53:48.038951
520,260,5.64,2026-09-26 06:53:48.038951
521,261,6.25,2026-09-27 09:53:48.038951
522,261,5.95,2026-09-18 06:53:48.038951
523,262,7.96,2026-09-20 09:53:48.038951
524,262,3.93,2026-09-16 06:53:48.038951
525,263,6.31,2026-09-16 09:53:48.038951
526,263,1.11,2026-09-24 06:53:48.038951
527,264,6.48,2026-09-26 09:53:48.038951
528,264,4.06,2026-09-13 06:53:48.038951
529,265,3.26,2026-09-19 09:53:48.038951
530,265,2.06,2026-09-26 06:53:48.038951
531,266,3.72,2026-09-24 09:53:48.038951
532,266,3.95,2026-09-22 06:53:48.038951
533,267,5.38,2026-09-23 09:53:48.038951
534,267,7.79,2026-09-15 06:53:48.038951
535,268,8.09,2026-09-21 09:53:48.038951
536,268,1.22,2026-09-17 06:53:48.038951
537,269,1.18,2026-09-24 09:53:48.038951
538,269,3.74,2026-09-24 06:53:48.038951
539,270,7.86,2026-09-14 09:53:48.038951
540,270,6.37,2026-09-21 06:53:48.038951
541,271,6.15,2026-09-20 09:53:48.038951
542,271,5.61,2026-09-13 06:53:48.038951
543,272,2.78,2026-09-13 09:53:48.038951
544,272,3.28,2026-09-23 06:53:48.038951
545,273,1.37,2026-09-20 09:53:48.038951
546,273,2.99,2026-09-14 06:53:48.038951
547,274,5.41,2026-09-23 09:53:48.038951
548,274,8.13,2026-09-25 06:53:48.038951
549,275,1.89,2026-09-14 09:53:48.038951
550,275,2.8,2026-09-26 06:53:48.038951
551,276,1.28,2026-09-20 09:53:48.038951
552,276,3.78,2026-09-20 06:53:48.038951
553,277,4.66,2026-09-22 09:53:48.038951
554,277,7.15,2026-09-27 06:53:48.038951
555,278,1.47,2026-09-21 09:53:48.038951
556,278,1.18,2026-09-17 06:53:48.038951
557,279,6.88,2026-09-17 09:53:48.038951
558,279,7.81,2026-09-21 06:53:48.038951
559,280,7.89,2026-09-27 09:53:48.038951
560,280,4.27,2026-09-17 06:53:48.038951
561,281,5.01,2026-09-23 09:53:48.038951
562,281,2.86,2026-09-13 06:53:48.038951
563,282,7.39,2026-09-27 09:53:48.038951
564,282,1.17,2026-09-13 06:53:48.038951
565,283,7.94,2026-09-20 09:53:48.038951
566,283,7.98,2026-09-18 06:53:48.038951
567,284,5.7,2026-09-22 09:53:48.038951
568,284,7.56,2026-09-13 06:53:48.038951
569,285,3.38,2026-09-27 09:53:48.038951
570,285,1.97,2026-09-22 06:53:48.038951
571,286,7.71,2026-09-13 09:53:48.038951
572,286,4.46,2026-09-15 06:53:48.038951
573,287,2.41,2026-09-15 09:53:48.038951
574,287,3.83,2026-09-17 06:53:48.038951
575,288,8.12,2026-09-18 09:53:48.038951
576,288,5.92,2026-09-17 06:53:48.038951
577,289,1.17,2026-09-21 09:53:48.038951
578,289,5.45,2026-09-23 06:53:48.038951
579,290,7.04,2026-09-15 09:53:48.038951
580,290,5.79,2026-09-17 06:53:48.038951
581,291,4.46,2026-09-19 09:53:48.038951
582,291,1.22,2026-09-27 06:53:48.038951
583,292,2.69,2026-09-24 09:53:48.038951
584,292,2.92,2026-09-20 06:53:48.038951
585,293,2.79,2026-09-19 09:53:48.038951
586,293,1.14,2026-09-22 06:53:48.038951
587,294,3.62,2026-09-16 09:53:48.038951
588,294,7.36,2026-09-23 06:53:48.038951
589,295,7.39,2026-09-21 09:53:48.038951
590,295,5.85,2026-09-13 06:53:48.038951
591,296,4.94,2026-09-19 09:53:48.038951
592,296,3.94,2026-09-14 06:53:48.038951
593,297,1.3,2026-09-22 09:53:48.038951
594,297,4.64,2026-09-24 06:53:48.038951
595,298,5.38,2026-09-22 09:53:48.038951
596,298,2.72,2026-09-13 06:53:48.038951
597,299,2.54,2026-09-19 09:53:48.038951
598,299,4.53,2026-09-25 06:53:48.038951
599,300,6.87,2026-09-27 09:53:48.038951
600,300,1.55,2026-09-14 06:53:48.038951
601,301,6.5,2026-09-24 09:53:48.038951
602,301,7.98,2026-09-15 06:53:48.038951
603,302,7.92,2026-09-17 09:53:48.038951
604,302,7.76,2026-09-14 06:53:48.038951
605,303,2.39,2026-09-21 09:53:48.038951
606,303,2.47,2026-09-27 06:53:48.038951
607,304,7.64,2026-09-24 09:53:48.038951
608,304,3.1,2026-09-26 06:53:48.038951
609,305,6.1,2026-09-23 09:53:48.038951
610,305,2.7,2026-09-13 06:53:48.038951
611,306,3.3,2026-09-17 09:53:48.038951
612,306,2.27,2026-09-24 06:53:48.038951
613,307,5.57,2026-09-13 09:53:48.038951
614,307,2.31,2026-09-15 06:53:48.038951
615,308,1.15,2026-09-20 09:53:48.038951
616,308,2.97,2026-09-15 06:53:48.038951
617,309,5.56,2026-09-22 09:53:48.038951
618,309,7.63,2026-09-22 06:53:48.038951
619,310,5.57,2026-09-27 09:53:48.038951
620,310,1.14,2026-09-27 06:53:48.038951
621,311,2.91,2026-09-16 09:53:48.038951
622,311,3.03,2026-09-27 06:53:48.038951
623,312,6.54,2026-09-20 09:53:48.038951
624,312,7.21,2026-09-19 06:53:48.038951
625,313,5.79,2026-09-25 09:53:48.038951
626,313,5.05,2026-09-23 06:53:48.038951
627,314,2.49,2026-09-24 09:53:48.038951
628,314,1.11,2026-09-26 06:53:48.038951
629,315,4.29,2026-09-14 09:53:48.038951
630,315,4.95,2026-09-26 06:53:48.038951
631,316,7.53,2026-09-18 09:53:48.038951
632,316,7.01,2026-09-14 06:53:48.038951
633,317,8.04,2026-09-14 09:53:48.038951
634,317,4.39,2026-09-13 06:53:48.038951
635,318,1.3,2026-09-20 09:53:48.038951
636,318,7.69,2026-09-15 06:53:48.038951
637,319,1.95,2026-09-19 09:53:48.038951
638,319,1.61,2026-09-27 06:53:48.038951
639,320,6.37,2026-09-22 09:53:48.038951
640,320,2.18,2026-09-19 06:53:48.038951
641,321,5.37,2026-09-27 09:53:48.038951
642,321,7.68,2026-09-19 06:53:48.038951
643,322,3.16,2026-09-14 09:53:48.038951
644,322,5.8,2026-09-22 06:53:48.038951
645,323,4.54,2026-09-18 09:53:48.038951
646,323,1.15,2026-09-16 06:53:48.038951
647,324,4.76,2026-09-27 09:53:48.038951
648,324,4.3,2026-09-25 06:53:48.038951
649,325,8.03,2026-09-13 09:53:48.038951
650,325,8.36,2026-09-27 06:53:48.038951
651,326,6.85,2026-09-20 09:53:48.038951
652,326,7.83,2026-09-26 06:53:48.038951
653,327,8.06,2026-09-26 09:53:48.038951
654,327,4.29,2026-09-21 06:53:48.038951
655,328,1.71,2026-09-13 09:53:48.038951
656,328,3.13,2026-09-27 06:53:48.038951
657,329,6.43,2026-09-24 09:53:48.038951
658,329,6.51,2026-09-23 06:53:48.038951
659,330,6.32,2026-09-13 09:53:48.038951
660,330,2.19,2026-09-15 06:53:48.038951
661,331,1.65,2026-09-23 09:53:48.038951
662,331,3.09,2026-09-22 06:53:48.038951
663,332,6.35,2026-09-20 09:53:48.038951
664,332,2.53,2026-09-18 06:53:48.038951
665,333,8.13,2026-09-18 09:53:48.038951
666,333,4.75,2026-09-14 06:53:48.038951
667,334,3.79,2026-09-19 09:53:48.038951
668,334,1.67,2026-09-17 06:53:48.038951
669,335,5.66,2026-09-19 09:53:48.038951
670,335,2.87,2026-09-22 06:53:48.038951
671,336,3.51,2026-09-24 09:53:48.038951
672,336,5.42,2026-09-16 06:53:48.038951
673,337,4.25,2026-09-19 09:53:48.038951
674,337,6.99,2026-09-27 06:53:48.038951
675,338,4.02,2026-09-15 09:53:48.038951
676,338,5.23,2026-09-26 06:53:48.038951
677,339,2.06,2026-09-15 09:53:48.038951
678,339,2.27,2026-09-22 06:53:48.038951
679,340,5.33,2026-09-24 09:53:48.038951
680,340,7.93,2026-09-25 06:53:48.038951
681,341,3.49,2026-09-19 09:53:48.038951
682,341,7.22,2026-09-27 06:53:48.038951
683,342,7.41,2026-09-15 09:53:48.038951
684,342,4.71,2026-09-14 06:53:48.038951
685,343,2.22,2026-09-20 09:53:48.038951
686,343,7.34,2026-09-17 06:53:48.038951
687,344,5.76,2026-09-14 09:53:48.038951
688,344,8.38,2026-09-18 06:53:48.038951
689,345,6.21,2026-09-18 09:53:48.038951
690,345,7.49,2026-09-27 06:53:48.038951
691,346,6.92,2026-09-17 09:53:48.038951
692,346,7.76,2026-09-20 06:53:48.038951
693,347,5.33,2026-09-13 09:53:48.038951
694,347,3.76,2026-09-24 06:53:48.038951
695,348,2.46,2026-09-23 09:53:48.038951
696,348,6.88,2026-09-20 06:53:48.038951
697,349,8.17,2026-09-18 09:53:48.038951
698,349,3.7,2026-09-24 06:53:48.038951
699,350,5.41,2026-09-24 09:53:48.038951
700,350,3.34,2026-09-18 06:53:48.038951
701,351,6.43,2026-09-23 09:53:48.038951
702,351,6.18,2026-09-22 06:53:48.038951
703,352,4.61,2026-09-16 09:53:48.038951
704,352,1.72,2026-09-22 06:53:48.038951
705,353,3.49,2026-09-27 09:53:48.038951
706,353,1.13,2026-09-20 06:53:48.038951
707,354,8.18,2026-09-21 09:53:48.038951
708,354,6.57,2026-09-22 06:53:48.038951
709,355,2.82,2026-09-26 09:53:48.038951
710,355,6.6,2026-09-15 06:53:48.038951
711,356,2.28,2026-09-24 09:53:48.038951
712,356,7.56,2026-09-16 06:53:48.038951
713,357,8.25,2026-09-21 09:53:48.038951
714,357,5.91,2026-09-24 06:53:48.038951
715,358,1.7,2026-09-15 09:53:48.038951
716,358,8.24,2026-09-24 06:53:48.038951
717,359,8.43,2026-09-19 09:53:48.038951
718,359,4.51,2026-09-27 06:53:48.038951
719,360,2.79,2026-09-13 09:53:48.038951
720,360,3.67,2026-09-25 06:53:48.038951
721,361,5.45,2026-09-24 09:53:48.038951
722,361,7.62,2026-09-23 06:53:48.038951
723,362,2.01,2026-09-13 09:53:48.038951
724,362,6.42,2026-09-18 06:53:48.038951
725,363,2.93,2026-09-19 09:53:48.038951
726,363,2.08,2026-09-24 06:53:48.038951
727,364,5.61,2026-09-23 09:53:48.038951
728,364,3.37,2026-09-26 06:53:48.038951
729,365,1.49,2026-09-23 09:53:48.038951
730,365,6.66,2026-09-25 06:53:48.038951
731,366,1.53,2026-09-25 09:53:48.038951
732,366,7.84,2026-09-26 06:53:48.038951
733,367,7.28,2026-09-16 09:53:48.038951
734,367,3.08,2026-09-14 06:53:48.038951
735,368,1.81,2026-09-21 09:53:48.038951
736,368,4.9,2026-09-23 06:53:48.038951
737,369,2.84,2026-09-20 09:53:48.038951
738,369,7.93,2026-09-26 06:53:48.038951
739,370,2.05,2026-09-16 09:53:48.038951
740,370,4.69,2026-09-14 06:53:48.038951
741,371,2.88,2026-09-16 09:53:48.038951
742,371,1.14,2026-09-25 06:53:48.038951
743,372,1.2,2026-09-27 09:53:48.038951
744,372,1.46,2026-09-21 06:53:48.038951
745,373,3.39,2026-09-16 09:53:48.038951
746,373,1.5,2026-09-22 06:53:48.038951
747,374,8.14,2026-09-26 09:53:48.038951
748,374,4.83,2026-09-19 06:53:48.038951
749,375,2.7,2026-09-25 09:53:48.038951
750,375,1.87,2026-09-27 06:53:48.038951
751,376,2.46,2026-09-25 09:53:48.038951
752,376,3.25,2026-09-25 06:53:48.038951
753,377,8.39,2026-09-20 09:53:48.038951
754,377,3.03,2026-09-15 06:53:48.038951
755,378,8.24,2026-09-27 09:53:48.038951
756,378,2.39,2026-09-17 06:53:48.038951
757,379,3.3,2026-09-25 09:53:48.038951
758,379,2.15,2026-09-14 06:53:48.038951
759,380,2.79,2026-09-24 09:53:48.038951
760,380,6.76,2026-09-15 06:53:48.038951
761,381,5.38,2026-09-22 09:53:48.038951
762,381,8.35,2026-09-16 06:53:48.038951
763,382,4.79,2026-09-15 09:53:48.038951
764,382,1.17,2026-09-27 06:53:48.038951
765,383,2.8,2026-09-15 09:53:48.038951
766,383,4.4,2026-09-24 06:53:48.038951
767,384,6.98,2026-09-23 09:53:48.038951
768,384,8.0,2026-09-16 06:53:48.038951
769,385,4.78,2026-09-24 09:53:48.038951
770,385,8.07,2026-09-16 06:53:48.038951
771,386,3.22,2026-09-23 09:53:48.038951
772,386,7.86,2026-09-15 06:53:48.038951
773,387,4.88,2026-09-23 09:53:48.038951
774,387,6.05,2026-09-25 06:53:48.038951
775,388,2.43,2026-09-20 09:53:48.038951
776,388,4.56,2026-09-25 06:53:48.038951
777,389,6.72,2026-09-26 09:53:48.038951
778,389,4.41,2026-09-25 06:53:48.038951
779,390,6.8,2026-09-25 09:53:48.038951
780,390,2.15,2026-09-21 06:53:48.038951
781,391,8.09,2026-09-26 09:53:48.038951
782,391,8.2,2026-09-14 06:53:48.038951
783,392,3.3,2026-09-17 09:53:48.038951
784,392,2.65,2026-09-18 06:53:48.038951
785,393,8.47,2026-09-26 09:53:48.038951
786,393,1.77,2026-09-26 06:53:48.038951
787,394,5.85,2026-09-22 09:53:48.038951
788,394,6.51,2026-09-13 06:53:48.038951
789,395,8.35,2026-09-14 09:53:48.038951
790,395,4.83,2026-09-15 06:53:48.038951
791,396,2.69,2026-09-21 09:53:48.038951
792,396,1.41,2026-09-17 06:53:48.038951
793,397,5.72,2026-09-17 09:53:48.038951
794,397,1.73,2026-09-27 06:53:48.038951
795,398,6.28,2026-09-25 09:53:48.038951
796,398,3.85,2026-09-27 06:53:48.038951
797,399,5.4,2026-09-20 09:53:48.038951
798,399,1.62,2026-09-24 06:53:48.038951
799,400,5.2,2026-09-26 09:53:48.038951
800,400,6.87,2026-09-25 06:53:48.038951
801,401,4.13,2026-09-15 09:53:48.038951
802,401,8.27,2026-09-20 06:53:48.038951
803,402,1.54,2026-09-27 09:53:48.038951
804,402,1.2,2026-09-14 06:53:48.038951
805,403,8.45,2026-09-15 09:53:48.038951
806,403,1.42,2026-09-27 06:53:48.038951
807,404,7.99,2026-09-16 09:53:48.038951
808,404,5.41,2026-09-17 06:53:48.038951
809,405,5.48,2026-09-16 09:53:48.038951
810,405,1.11,2026-09-13 06:53:48.038951
811,406,4.72,2026-09-14 09:53:48.038951
812,406,7.47,2026-09-22 06:53:48.038951
813,407,4.49,2026-09-14 09:53:48.038951
814,407,2.12,2026-09-16 06:53:48.038951
815,408,6.24,2026-09-21 09:53:48.038951
816,408,3.5,2026-09-26 06:53:48.038951
817,409,1.87,2026-09-24 09:53:48.038951
818,409,7.28,2026-09-18 06:53:48.038951
819,410,8.43,2026-09-14 09:53:48.038951
820,410,4.66,2026-09-19 06:53:48.038951
821,411,1.78,2026-09-27 09:53:48.038951
822,411,5.07,2026-09-14 06:53:48.038951
823,412,4.44,2026-09-23 09:53:48.038951
824,412,2.54,2026-09-13 06:53:48.038951
825,413,3.88,2026-09-15 09:53:48.038951
826,413,7.79,2026-09-18 06:53:48.038951
827,414,4.65,2026-09-18 09:53:48.038951
828,414,6.53,2026-09-14 06:53:48.038951
829,415,4.13,2026-09-17 09:53:48.038951
830,415,3.96,2026-09-18 06:53:48.038951
831,416,2.11,2026-09-25 09:53:48.038951
832,416,8.23,2026-09-27 06:53:48.038951
833,417,7.43,2026-09-16 09:53:48.038951
834,417,7.11,2026-09-23 06:53:48.038951
835,418,1.82,2026-09-14 09:53:48.038951
836,418,7.26,2026-09-16 06:53:48.038951
837,419,8.1,2026-09-23 09:53:48.038951
838,419,7.97,2026-09-25 06:53:48.038951
839,420,7.03,2026-09-26 09:53:48.038951
840,420,1.69,2026-09-21 06:53:48.038951
841,421,2.62,2026-09-17 09:53:48.038951
842,421,6.02,2026-09-18 06:53:48.038951
843,422,3.55,2026-09-18 09:53:48.038951
844,422,4.75,2026-09-13 06:53:48.038951
845,423,7.01,2026-09-19 09:53:48.038951
846,423,5.13,2026-09-14 06:53:48.038951
847,424,4.39,2026-09-14 09:53:48.038951
848,424,1.46,2026-09-16 06:53:48.038951
849,425,4.16,2026-09-21 09:53:48.038951
850,425,7.95,2026-09-18 06:53:48.038951
851,426,1.99,2026-09-20 09:53:48.038951
852,426,8.41,2026-09-26 06:53:48.038951
853,427,5.58,2026-09-19 09:53:48.038951
854,427,7.04,2026-09-24 06:53:48.038951
855,428,5.1,2026-09-25 09:53:48.038951
856,428,2.58,2026-09-20 06:53:48.038951
857,429,3.25,2026-09-14 09:53:48.038951
858,429,5.95,2026-09-22 06:53:48.038951
859,430,4.84,2026-09-13 09:53:48.038951
860,430,7.24,2026-09-27 06:53:48.038951
861,431,6.44,2026-09-19 09:53:48.038951
862,431,3.04,2026-09-21 06:53:48.038951
863,432,7.76,2026-09-18 09:53:48.038951
864,432,1.65,2026-09-19 06:53:48.038951
865,433,5.26,2026-09-13 09:53:48.038951
866,433,5.58,2026-09-20 06:53:48.038951
867,434,6.3,2026-09-25 09:53:48.038951
868,434,4.75,2026-09-26 06:53:48.038951
869,435,4.53,2026-09-17 09:53:48.038951
870,435,7.11,2026-09-13 06:53:48.038951
871,436,6.49,2026-09-26 09:53:48.038951
872,436,1.49,2026-09-27 06:53:48.038951
873,437,4.26,2026-09-25 09:53:48.038951
874,437,7.12,2026-09-21 06:53:48.038951
875,438,2.03,2026-09-16 09:53:48.038951
876,438,7.53,2026-09-25 06:53:48.038951
877,439,7.98,2026-09-19 09:53:48.038951
878,439,3.15,2026-09-20 06:53:48.038951
879,440,2.33,2026-09-27 09:53:48.038951
880,440,1.19,2026-09-13 06:53:48.038951
881,441,5.03,2026-09-19 09:53:48.038951
882,441,2.23,2026-09-19 06:53:48.038951
883,442,3.76,2026-09-24 09:53:48.038951
884,442,4.2,2026-09-15 06:53:48.038951
885,443,2.57,2026-09-27 09:53:48.038951
886,443,5.52,2026-09-17 06:53:48.038951
887,444,4.55,2026-09-13 09:53:48.038951
888,444,6.54,2026-09-16 06:53:48.038951
889,445,2.1,2026-09-26 09:53:48.038951
890,445,6.03,2026-09-22 06:53:48.038951
891,446,4.18,2026-09-24 09:53:48.038951
892,446,8.08,2026-09-20 06:53:48.038951
893,447,7.38,2026-09-18 09:53:48.038951
894,447,2.47,2026-09-21 06:53:48.038951
895,448,1.91,2026-09-15 09:53:48.038951
896,448,6.06,2026-09-13 06:53:48.038951
897,449,6.4,2026-09-21 09:53:48.038951
898,449,4.81,2026-09-22 06:53:48.038951
899,450,3.9,2026-09-17 09:53:48.038951
900,450,2.81,2026-09-17 06:53:48.038951
901,451,6.04,2026-09-21 09:53:48.038951
902,451,2.57,2026-09-26 06:53:48.038951
903,452,6.45,2026-09-19 09:53:48.038951
904,452,5.73,2026-09-15 06:53:48.038951
905,453,1.56,2026-09-21 09:53:48.038951
906,453,5.25,2026-09-21 06:53:48.038951
907,454,5.72,2026-09-26 09:53:48.038951
908,454,3.33,2026-09-27 06:53:48.038951
909,455,7.92,2026-09-13 09:53:48.038951
910,455,3.18,2026-09-18 06:53:48.038951
911,456,1.26,2026-09-21 09:53:48.038951
912,456,1.51,2026-09-27 06:53:48.038951
913,457,7.59,2026-09-18 09:53:48.038951
914,457,3.79,2026-09-26 06:53:48.038951
915,458,6.63,2026-09-26 09:53:48.038951
916,458,5.61,2026-09-17 06:53:48.038951
917,459,1.71,2026-09-22 09:53:48.038951
918,459,6.98,2026-09-26 06:53:48.038951
919,460,2.49,2026-09-16 09:53:48.038951
920,460,2.56,2026-09-15 06:53:48.038951
921,461,5.98,2026-09-22 09:53:48.038951
922,461,8.33,2026-09-22 06:53:48.038951
923,462,6.76,2026-09-17 09:53:48.038951
924,462,5.9,2026-09-27 06:53:48.038951
925,463,7.93,2026-09-16 09:53:48.038951
926,463,2.27,2026-09-18 06:53:48.038951
927,464,5.4,2026-09-20 09:53:48.038951
928,464,1.26,2026-09-20 06:53:48.038951
929,465,5.21,2026-09-22 09:53:48.038951
930,465,6.68,2026-09-17 06:53:48.038951
931,466,5.38,2026-09-17 09:53:48.038951
932,466,5.27,2026-09-18 06:53:48.038951
933,467,4.63,2026-09-25 09:53:48.038951
934,467,6.9,2026-09-18 06:53:48.038951
935,468,4.04,2026-09-17 09:53:48.038951
936,468,5.79,2026-09-26 06:53:48.038951
937,469,3.69,2026-09-21 09:53:48.038951
938,469,2.3,2026-09-15 06:53:48.038951
939,470,5.04,2026-09-27 09:53:48.038951
940,470,5.51,2026-09-22 06:53:48.038951
941,471,4.8,2026-09-23 09:53:48.038951
942,471,5.37,2026-09-21 06:53:48.038951
943,472,3.14,2026-09-23 09:53:48.038951
944,472,3.72,2026-09-25 06:53:48.038951
945,473,7.26,2026-09-15 09:53:48.038951
946,473,4.91,2026-09-26 06:53:48.038951
947,474,5.65,2026-09-27 09:53:48.038951
948,474,7.01,2026-09-24 06:53:48.038951
949,475,5.01,2026-09-13 09:53:48.038951
950,475,7.22,2026-09-18 06:53:48.038951
951,476,3.43,2026-09-13 09:53:48.038951
952,476,5.56,2026-09-19 06:53:48.038951
953,477,3.41,2026-09-19 09:53:48.038951
954,477,4.04,2026-09-26 06:53:48.038951
955,478,5.76,2026-09-14 09:53:48.038951
956,478,5.73,2026-09-27 06:53:48.038951
957,479,6.56,2026-09-20 09:53:48.038951
958,479,6.79,2026-09-20 06:53:48.038951
959,480,7.4,2026-09-20 09:53:48.038951
960,480,7.13,2026-09-14 06:53:48.038951
961,481,8.21,2026-09-25 09:53:48.038951
962,481,6.74,2026-09-13 06:53:48.038951
963,482,5.56,2026-09-25 09:53:48.038951
964,482,6.32,2026-09-20 06:53:48.038951
965,483,4.1,2026-09-25 09:53:48.038951
966,483,2.07,2026-09-15 06:53:48.038951
967,484,4.24,2026-09-26 09:53:48.038951
968,484,1.56,2026-09-20 06:53:48.038951
969,485,1.7,2026-09-23 09:53:48.038951
970,485,6.83,2026-09-19 06:53:48.038951
971,486,2.99,2026-09-18 09:53:48.038951
972,486,4.21,2026-09-27 06:53:48.038951
973,487,3.09,2026-09-26 09:53:48.038951
974,487,7.96,2026-09-27 06:53:48.038951
975,488,3.42,2026-09-23 09:53:48.038951
976,488,7.0,2026-09-25 06:53:48.038951
977,489,4.18,2026-09-24 09:53:48.038951
978,489,8.03,2026-09-25 06:53:48.038951
979,490,7.77,2026-09-15 09:53:48.038951
980,490,3.66,2026-09-15 06:53:48.038951
981,491,4.3,2026-09-24 09:53:48.038951
982,491,6.69,2026-09-27 06:53:48.038951
983,492,6.0,2026-09-23 09:53:48.038951
984,492,6.13,2026-09-20 06:53:48.038951
985,493,4.67,2026-09-25 09:53:48.038951
986,493,1.92,2026-09-25 06:53:48.038951
987,494,2.73,2026-09-25 09:53:48.038951
988,494,6.08,2026-09-25 06:53:48.038951
989,495,2.86,2026-09-18 09:53:48.038951
990,495,4.75,2026-09-26 06:53:48.038951
991,496,6.11,2026-09-14 09:53:48.038951
992,496,7.94,2026-09-18 06:53:48.038951
993,497,1.67,2026-09-25 09:53:48.038951
994,497,1.64,2026-09-26 06:53:48.038951
995,498,6.83,2026-09-26 09:53:48.038951
996,498,6.55,2026-09-15 06:53:48.038951
997,499,2.45,2026-09-19 09:53:48.038951
998,499,2.3,2026-09-14 06:53:48.038951
999,500,6.29,2026-09-14 09:53:48.038951
1000,500,6.75,2026-09-15 06:53:48.038951
1001,501,3.94,2026-09-23 09:53:48.038951
1002,501,4.02,2026-09-21 06:53:48.038951
1003,502,3.0,2026-09-25 09:53:48.038951
1004,502,3.19,2026-09-21 06:53:48.038951
1005,503,3.84,2026-09-17 09:53:48.038951
1006,503,2.43,2026-09-14 06:53:48.038951
1007,504,1.51,2026-09-26 09:53:48.038951
1008,504,1.32,2026-09-22 06:53:48.038951
1009,505,6.19,2026-09-16 09:53:48.038951
1010,505,3.94,2026-09-22 06:53:48.038951
1011,506,3.47,2026-09-18 09:53:48.038951
1012,506,4.79,2026-09-18 06:53:48.038951
1013,507,1.44,2026-09-27 09:53:48.038951
1014,507,2.31,2026-09-16 06:53:48.038951
1015,508,6.61,2026-09-18 09:53:48.038951
1016,508,4.96,2026-09-18 06:53:48.038951
1017,509,7.59,2026-09-15 09:53:48.038951
1018,509,1.16,2026-09-26 06:53:48.038951
1019,510,1.39,2026-09-13 09:53:48.038951
1020,510,5.69,2026-09-18 06:53:48.038951
1021,511,1.31,2026-09-27 09:53:48.038951
1022,511,5.72,2026-09-24 06:53:48.038951
1023,512,7.57,2026-09-24 09:53:48.038951
1024,512,4.44,2026-09-21 06:53:48.038951
1025,513,7.44,2026-09-26 09:53:48.038951
1026,513,5.67,2026-09-25 06:53:48.038951
1027,514,3.74,2026-09-25 09:53:48.038951
1028,514,7.86,2026-09-15 06:53:48.038951
1029,515,6.02,2026-09-17 09:53:48.038951
1030,515,6.66,2026-09-15 06:53:48.038951
1031,516,5.25,2026-09-22 09:53:48.038951
1032,516,6.05,2026-09-19 06:53:48.038951
1033,517,3.32,2026-09-24 09:53:48.038951
1034,517,8.39,2026-09-22 06:53:48.038951
1035,518,5.64,2026-09-20 09:53:48.038951
1036,518,7.44,2026-09-21 06:53:48.038951
1037,519,2.59,2026-09-14 09:53:48.038951
1038,519,3.07,2026-09-20 06:53:48.038951
1039,520,1.2,2026-09-19 09:53:48.038951
1040,520,2.13,2026-09-26 06:53:48.038951
1041,521,4.73,2026-09-22 09:53:48.038951
1042,521,7.81,2026-09-13 06:53:48.038951
1043,522,7.03,2026-09-20 09:53:48.038951
1044,522,3.21,2026-09-17 06:53:48.038951
1045,523,1.38,2026-09-25 09:53:48.038951
1046,523,5.57,2026-09-18 06:53:48.038951
1047,524,4.95,2026-09-15 09:53:48.038951
1048,524,2.59,2026-09-25 06:53:48.038951
1049,525,8.34,2026-09-27 09:53:48.038951
1050,525,1.93,2026-09-23 06:53:48.038951
1051,526,4.99,2026-09-21 09:53:48.038951
1052,526,6.18,2026-09-15 06:53:48.038951
1053,527,7.65,2026-09-22 09:53:48.038951
1054,527,5.16,2026-09-15 06:53:48.038951
1055,528,5.1,2026-09-20 09:53:48.038951
1056,528,2.8,2026-09-27 06:53:48.038951
1057,529,5.91,2026-09-21 09:53:48.038951
1058,529,5.82,2026-09-14 06:53:48.038951
1059,530,7.07,2026-09-21 09:53:48.038951
1060,530,5.65,2026-09-18 06:53:48.038951
1061,531,1.14,2026-09-24 09:53:48.038951
1062,531,1.22,2026-09-22 06:53:48.038951
1063,532,4.43,2026-09-19 09:53:48.038951
1064,532,2.89,2026-09-24 06:53:48.038951
1065,533,6.71,2026-09-27 09:53:48.038951
1066,533,4.09,2026-09-21 06:53:48.038951
1067,534,7.09,2026-09-26 09:53:48.038951
1068,534,7.03,2026-09-17 06:53:48.038951
1069,535,4.51,2026-09-20 09:53:48.038951
1070,535,2.43,2026-09-22 06:53:48.038951
1071,536,6.26,2026-09-16 09:53:48.038951
1072,536,7.02,2026-09-26 06:53:48.038951
1073,537,3.95,2026-09-22 09:53:48.038951
1074,537,4.52,2026-09-17 06:53:48.038951
1075,538,7.09,2026-09-24 09:53:48.038951
1076,538,4.52,2026-09-20 06:53:48.038951
1077,539,8.08,2026-09-20 09:53:48.038951
1078,539,1.33,2026-09-13 06:53:48.038951
1079,540,1.73,2026-09-20 09:53:48.038951
1080,540,3.61,2026-09-26 06:53:48.038951
1081,541,7.29,2026-09-27 09:53:48.038951
1082,541,2.66,2026-09-21 06:53:48.038951
1083,542,4.67,2026-09-23 09:53:48.038951
1084,542,2.27,2026-09-26 06:53:48.038951
1085,543,3.31,2026-09-20 09:53:48.038951
1086,543,6.12,2026-09-20 06:53:48.038951
1087,544,6.42,2026-09-13 09:53:48.038951
1088,544,4.09,2026-09-26 06:53:48.038951
1089,545,8.07,2026-09-15 09:53:48.038951
1090,545,7.16,2026-09-21 06:53:48.038951
1091,546,8.49,2026-09-24 09:53:48.038951
1092,546,3.76,2026-09-13 06:53:48.038951
1093,547,6.54,2026-09-22 09:53:48.038951
1094,547,6.95,2026-09-19 06:53:48.038951
1095,548,6.59,2026-09-24 09:53:48.038951
1096,548,6.55,2026-09-16 06:53:48.038951
1097,549,6.6,2026-09-15 09:53:48.038951
1098,549,1.21,2026-09-22 06:53:48.038951
1099,550,5.72,2026-09-18 09:53:48.038951
1100,550,6.33,2026-09-27 06:53:48.038951
1101,551,1.16,2026-09-21 09:53:48.038951
1102,551,4.48,2026-09-24 06:53:48.038951
1103,552,5.57,2026-09-14 09:53:48.038951
1104,552,7.02,2026-09-25 06:53:48.038951
1105,553,2.6,2026-09-19 09:53:48.038951
1106,553,6.81,2026-09-27 06:53:48.038951
1107,554,6.53,2026-09-19 09:53:48.038951
1108,554,4.8,2026-09-14 06:53:48.038951
1109,555,3.67,2026-09-17 09:53:48.038951
1110,555,3.25,2026-09-20 06:53:48.038951
1111,556,7.67,2026-09-16 09:53:48.038951
1112,556,6.27,2026-09-14 06:53:48.038951
1113,557,8.02,2026-09-15 09:53:48.038951
1114,557,3.61,2026-09-27 06:53:48.038951
1115,558,5.71,2026-09-17 09:53:48.038951
1116,558,1.56,2026-09-27 06:53:48.038951
1117,559,1.9,2026-09-24 09:53:48.038951
1118,559,6.33,2026-09-27 06:53:48.038951
1119,560,1.73,2026-09-24 09:53:48.038951
1120,560,8.07,2026-09-17 06:53:48.038951
1121,561,4.15,2026-09-22 09:53:48.038951
1122,561,7.51,2026-09-22 06:53:48.038951
1123,562,4.62,2026-09-18 09:53:48.038951
1124,562,5.44,2026-09-17 06:53:48.038951
1125,563,7.52,2026-09-16 09:53:48.038951
1126,563,5.63,2026-09-16 06:53:48.038951
1127,564,2.65,2026-09-26 09:53:48.038951
1128,564,7.61,2026-09-24 06:53:48.038951
1129,565,4.69,2026-09-25 09:53:48.038951
1130,565,4.02,2026-09-21 06:53:48.038951
1131,566,1.44,2026-09-20 09:53:48.038951
1132,566,2.69,2026-09-23 06:53:48.038951
1133,567,6.11,2026-09-25 09:53:48.038951
1134,567,1.32,2026-09-17 06:53:48.038951
1135,568,1.5,2026-09-16 09:53:48.038951
1136,568,1.45,2026-09-27 06:53:48.038951
1137,569,2.6,2026-09-24 09:53:48.038951
1138,569,3.24,2026-09-24 06:53:48.038951
1139,570,1.12,2026-09-26 09:53:48.038951
1140,570,4.24,2026-09-18 06:53:48.038951
1141,571,7.07,2026-09-15 09:53:48.038951
1142,571,2.46,2026-09-18 06:53:48.038951
1143,572,2.35,2026-09-26 09:53:48.038951
1144,572,4.57,2026-09-21 06:53:48.038951
1145,573,1.7,2026-09-24 09:53:48.038951
1146,573,1.91,2026-09-20 06:53:48.038951
1147,574,3.76,2026-09-18 09:53:48.038951
1148,574,8.01,2026-09-20 06:53:48.038951
1149,575,8.33,2026-09-22 09:53:48.038951
1150,575,1.79,2026-09-14 06:53:48.038951
1151,576,7.22,2026-09-27 09:53:48.038951
1152,576,2.29,2026-09-13 06:53:48.038951
1153,577,1.68,2026-09-14 09:53:48.038951
1154,577,2.97,2026-09-22 06:53:48.038951
1155,578,5.61,2026-09-18 09:53:48.038951
1156,578,3.8,2026-09-15 06:53:48.038951
1157,579,7.41,2026-09-23 09:53:48.038951
1158,579,5.99,2026-09-24 06:53:48.038951
1159,580,1.88,2026-09-15 09:53:48.038951
1160,580,3.21,2026-09-20 06:53:48.038951
1161,581,4.32,2026-09-18 09:53:48.038951
1162,581,2.72,2026-09-15 06:53:48.038951
1163,582,7.46,2026-09-26 09:53:48.038951
1164,582,3.9,2026-09-21 06:53:48.038951
1165,583,5.01,2026-09-17 09:53:48.038951
1166,583,3.34,2026-09-14 06:53:48.038951
1167,584,4.54,2026-09-27 09:53:48.038951
1168,584,7.29,2026-09-27 06:53:48.038951
1169,585,7.14,2026-09-27 09:53:48.038951
1170,585,2.69,2026-09-19 06:53:48.038951
1171,586,5.69,2026-09-19 09:53:48.038951
1172,586,1.18,2026-09-19 06:53:48.038951
1173,587,2.8,2026-09-23 09:53:48.038951
1174,587,4.84,2026-09-20 06:53:48.038951
1175,588,4.4,2026-09-23 09:53:48.038951
1176,588,8.27,2026-09-13 06:53:48.038951
1177,589,1.16,2026-09-18 09:53:48.038951
1178,589,5.43,2026-09-19 06:53:48.038951
1179,590,3.77,2026-09-23 09:53:48.038951
1180,590,4.1,2026-09-13 06:53:48.038951
1181,591,4.92,2026-09-16 09:53:48.038951
1182,591,7.73,2026-09-22 06:53:48.038951
1183,592,3.33,2026-09-17 09:53:48.038951
1184,592,7.22,2026-09-20 06:53:48.038951
1185,593,3.16,2026-09-20 09:53:48.038951
1186,593,7.73,2026-09-25 06:53:48.038951
1187,594,6.44,2026-09-25 09:53:48.038951
1188,594,6.93,2026-09-24 06:53:48.038951
1189,595,6.38,2026-09-21 09:53:48.038951
1190,595,8.23,2026-09-21 06:53:48.038951
1191,596,5.88,2026-09-21 09:53:48.038951
1192,596,5.4,2026-09-20 06:53:48.038951
1193,597,1.99,2026-09-18 09:53:48.038951
1194,597,7.98,2026-09-19 06:53:48.038951
1195,598,5.51,2026-09-27 09:53:48.038951
1196,598,1.8,2026-09-14 06:53:48.038951
1197,599,2.34,2026-09-18 09:53:48.038951
1198,599,7.3,2026-09-20 06:53:48.038951
1199,600,6.38,2026-09-15 09:53:48.038951
1200,600,6.93,2026-09-27 06:53:48.038951
1201,601,7.94,2026-09-25 09:53:48.038951
1202,601,4.94,2026-09-27 06:53:48.038951
1203,602,3.21,2026-09-24 09:53:48.038951
1204,602,5.67,2026-09-15 06:53:48.038951
1205,603,4.64,2026-09-17 09:53:48.038951
1206,603,1.94,2026-09-22 06:53:48.038951
1207,604,4.39,2026-09-19 09:53:48.038951
1208,604,1.88,2026-09-14 06:53:48.038951
1209,605,1.32,2026-09-26 09:53:48.038951
1210,605,6.89,2026-09-22 06:53:48.038951
1211,606,7.21,2026-09-14 09:53:48.038951
1212,606,2.9,2026-09-24 06:53:48.038951
1213,607,5.29,2026-09-26 09:53:48.038951
1214,607,5.3,2026-09-17 06:53:48.038951
1215,608,5.07,2026-09-25 09:53:48.038951
1216,608,2.94,2026-09-23 06:53:48.038951
1217,609,5.7,2026-09-14 09:53:48.038951
1218,609,2.02,2026-09-17 06:53:48.038951
1219,610,3.27,2026-09-14 09:53:48.038951
1220,610,4.84,2026-09-23 06:53:48.038951
1221,611,1.61,2026-09-22 09:53:48.038951
1222,611,8.43,2026-09-25 06:53:48.038951
1223,612,8.5,2026-09-14 09:53:48.038951
1224,612,6.92,2026-09-27 06:53:48.038951
1225,613,5.16,2026-09-25 09:53:48.038951
1226,613,2.85,2026-09-19 06:53:48.038951
1227,614,3.71,2026-09-25 09:53:48.038951
1228,614,5.26,2026-09-17 06:53:48.038951
1229,615,2.2,2026-09-18 09:53:48.038951
1230,615,3.4,2026-09-27 06:53:48.038951
1231,616,5.43,2026-09-18 09:53:48.038951
1232,616,1.34,2026-09-19 06:53:48.038951
1233,617,2.83,2026-09-18 09:53:48.038951
1234,617,4.83,2026-09-20 06:53:48.038951
1235,618,2.33,2026-09-16 09:53:48.038951
1236,618,1.48,2026-09-13 06:53:48.038951
1237,619,1.77,2026-09-23 09:53:48.038951
1238,619,2.74,2026-09-17 06:53:48.038951
1239,620,1.87,2026-09-26 09:53:48.038951
1240,620,5.09,2026-09-19 06:53:48.038951
1241,621,7.57,2026-09-19 09:53:48.038951
1242,621,7.47,2026-09-22 06:53:48.038951
1243,622,7.99,2026-09-22 09:53:48.038951
1244,622,1.79,2026-09-17 06:53:48.038951
1245,623,3.75,2026-09-15 09:53:48.038951
1246,623,4.22,2026-09-21 06:53:48.038951
1247,624,1.29,2026-09-24 09:53:48.038951
1248,624,5.88,2026-09-15 06:53:48.038951
1249,625,6.57,2026-09-15 09:53:48.038951
1250,625,5.22,2026-09-25 06:53:48.038951
1251,626,6.3,2026-09-21 09:53:48.038951
1252,626,8.38,2026-09-23 06:53:48.038951
1253,627,6.04,2026-09-14 09:53:48.038951
1254,627,3.73,2026-09-26 06:53:48.038951
1255,628,7.55,2026-09-24 09:53:48.038951
1256,628,2.54,2026-09-25 06:53:48.038951
1257,629,1.58,2026-09-18 09:53:48.038951
1258,629,2.58,2026-09-16 06:53:48.038951
1259,630,5.5,2026-09-17 09:53:48.038951
1260,630,5.51,2026-09-21 06:53:48.038951
1261,631,2.25,2026-09-23 09:53:48.038951
1262,631,5.39,2026-09-21 06:53:48.038951
1263,632,3.12,2026-09-21 09:53:48.038951
1264,632,7.59,2026-09-26 06:53:48.038951
1265,633,7.24,2026-09-16 09:53:48.038951
1266,633,2.39,2026-09-17 06:53:48.038951
1267,634,2.81,2026-09-15 09:53:48.038951
1268,634,8.1,2026-09-17 06:53:48.038951
1269,635,4.2,2026-09-19 09:53:48.038951
1270,635,8.3,2026-09-23 06:53:48.038951
1271,636,1.95,2026-09-18 09:53:48.038951
1272,636,1.97,2026-09-15 06:53:48.038951
1273,637,3.7,2026-09-18 09:53:48.038951
1274,637,3.96,2026-09-23 06:53:48.038951
1275,638,2.63,2026-09-27 09:53:48.038951
1276,638,7.54,2026-09-24 06:53:48.038951
1277,639,7.98,2026-09-17 09:53:48.038951
1278,639,4.05,2026-09-17 06:53:48.038951
1279,640,4.39,2026-09-14 09:53:48.038951
1280,640,4.57,2026-09-19 06:53:48.038951
1281,641,4.65,2026-09-15 09:53:48.038951
1282,641,1.97,2026-09-23 06:53:48.038951
1283,642,2.19,2026-09-17 09:53:48.038951
1284,642,4.55,2026-09-20 06:53:48.038951
1285,643,4.44,2026-09-25 09:53:48.038951
1286,643,3.76,2026-09-14 06:53:48.038951
1287,644,1.44,2026-09-15 09:53:48.038951
1288,644,2.39,2026-09-22 06:53:48.038951
1289,645,5.37,2026-09-13 09:53:48.038951
1290,645,7.03,2026-09-18 06:53:48.038951
1291,646,4.44,2026-09-20 09:53:48.038951
1292,646,1.59,2026-09-16 06:53:48.038951
1293,647,8.25,2026-09-20 09:53:48.038951
1294,647,7.74,2026-09-14 06:53:48.038951
1295,648,6.08,2026-09-18 09:53:48.038951
1296,648,7.64,2026-09-13 06:53:48.038951
1297,649,6.18,2026-09-26 09:53:48.038951
1298,649,4.66,2026-09-26 06:53:48.038951
1299,650,8.12,2026-09-15 09:53:48.038951
1300,650,4.81,2026-09-24 06:53:48.038951
1301,651,4.89,2026-09-25 09:53:48.038951
1302,651,3.14,2026-09-24 06:53:48.038951
1303,652,7.85,2026-09-14 09:53:48.038951
1304,652,3.64,2026-09-22 06:53:48.038951
1305,653,6.74,2026-09-21 09:53:48.038951
1306,653,5.51,2026-09-20 06:53:48.038951
1307,654,2.0,2026-09-15 09:53:48.038951
1308,654,6.21,2026-09-19 06:53:48.038951
1309,655,7.2,2026-09-13 09:53:48.038951
1310,655,7.32,2026-09-17 06:53:48.038951
1311,656,1.48,2026-09-20 09:53:48.038951
1312,656,8.04,2026-09-17 06:53:48.038951
1313,657,3.4,2026-09-15 09:53:48.038951
1314,657,8.41,2026-09-22 06:53:48.038951
1315,658,6.88,2026-09-13 09:53:48.038951
1316,658,7.18,2026-09-26 06:53:48.038951
1317,659,8.04,2026-09-18 09:53:48.038951
1318,659,2.74,2026-09-27 06:53:48.038951
1319,660,4.94,2026-09-23 09:53:48.038951
1320,660,3.03,2026-09-19 06:53:48.038951
1321,661,7.13,2026-09-16 09:53:48.038951
1322,661,2.08,2026-09-20 06:53:48.038951
1323,662,7.09,2026-09-17 09:53:48.038951
1324,662,8.2,2026-09-17 06:53:48.038951
1325,663,7.76,2026-09-24 09:53:48.038951
1326,663,2.58,2026-09-25 06:53:48.038951
1327,664,3.75,2026-09-27 09:53:48.038951
1328,664,7.5,2026-09-25 06:53:48.038951
1329,665,7.65,2026-09-21 09:53:48.038951
1330,665,2.87,2026-09-13 06:53:48.038951
1331,666,3.86,2026-09-17 09:53:48.038951
1332,666,7.23,2026-09-26 06:53:48.038951
1333,667,5.47,2026-09-20 09:53:48.038951
1334,667,4.8,2026-09-19 06:53:48.038951
1335,668,5.42,2026-09-13 09:53:48.038951
1336,668,3.1,2026-09-22 06:53:48.038951
1337,669,3.0,2026-09-22 09:53:48.038951
1338,669,6.35,2026-09-27 06:53:48.038951
1339,670,2.52,2026-09-26 09:53:48.038951
1340,670,5.75,2026-09-19 06:53:48.038951
1341,671,7.1,2026-09-21 09:53:48.038951
1342,671,6.21,2026-09-15 06:53:48.038951
1343,672,3.46,2026-09-24 09:53:48.038951
1344,672,2.11,2026-09-16 06:53:48.038951
1345,673,7.52,2026-09-27 09:53:48.038951
1346,673,5.92,2026-09-21 06:53:48.038951
1347,674,3.22,2026-09-16 09:53:48.038951
1348,674,2.25,2026-09-23 06:53:48.038951
1349,675,2.94,2026-09-22 09:53:48.038951
1350,675,7.89,2026-09-27 06:53:48.038951
1351,676,7.8,2026-09-15 09:53:48.038951
1352,676,2.75,2026-09-22 06:53:48.038951
1353,677,7.87,2026-09-25 09:53:48.038951
1354,677,7.72,2026-09-21 06:53:48.038951
1355,678,3.15,2026-09-23 09:53:48.038951
1356,678,6.76,2026-09-21 06:53:48.038951
1357,679,1.17,2026-09-25 09:53:48.038951
1358,679,4.85,2026-09-20 06:53:48.038951
1359,680,2.32,2026-09-27 09:53:48.038951
1360,680,6.95,2026-09-21 06:53:48.038951
1361,681,3.75,2026-09-14 09:53:48.038951
1362,681,3.67,2026-09-13 06:53:48.038951
1363,682,4.22,2026-09-27 09:53:48.038951
1364,682,1.94,2026-09-14 06:53:48.038951
1365,683,1.6,2026-09-23 09:53:48.038951
1366,683,5.4,2026-09-17 06:53:48.038951
1367,684,7.34,2026-09-16 09:53:48.038951
1368,684,6.82,2026-09-19 06:53:48.038951
1369,685,5.43,2026-09-26 09:53:48.038951
1370,685,4.25,2026-09-18 06:53:48.038951
1371,686,2.09,2026-09-13 09:53:48.038951
1372,686,7.99,2026-09-15 06:53:48.038951
1373,687,2.37,2026-09-26 09:53:48.038951
1374,687,5.78,2026-09-26 06:53:48.038951
1375,688,1.85,2026-09-14 09:53:48.038951
1376,688,2.86,2026-09-14 06:53:48.038951
1377,689,1.44,2026-09-14 09:53:48.038951
1378,689,8.48,2026-09-17 06:53:48.038951
1379,690,7.64,2026-09-26 09:53:48.038951
1380,690,4.44,2026-09-23 06:53:48.038951
1381,691,6.05,2026-09-27 09:53:48.038951
1382,691,1.77,2026-09-17 06:53:48.038951
1383,692,3.45,2026-09-25 09:53:48.038951
1384,692,1.25,2026-09-24 06:53:48.038951
1385,693,1.41,2026-09-20 09:53:48.038951
1386,693,7.39,2026-09-25 06:53:48.038951
1387,694,1.78,2026-09-18 09:53:48.038951
1388,694,5.77,2026-09-24 06:53:48.038951
1389,695,4.85,2026-09-16 09:53:48.038951
1390,695,7.44,2026-09-13 06:53:48.038951
1391,696,6.78,2026-09-16 09:53:48.038951
1392,696,4.03,2026-09-19 06:53:48.038951
1393,697,2.95,2026-09-26 09:53:48.038951
1394,697,2.36,2026-09-23 06:53:48.038951
1395,698,2.57,2026-09-18 09:53:48.038951
1396,698,4.96,2026-09-15 06:53:48.038951
1397,699,3.33,2026-09-14 09:53:48.038951
1398,699,2.43,2026-09-19 06:53:48.038951
1399,700,3.58,2026-09-15 09:53:48.038951
1400,700,7.28,2026-09-19 06:53:48.038951
1401,701,6.6,2026-09-21 09:53:48.038951
1402,701,7.9,2026-09-27 06:53:48.038951
1403,702,4.79,2026-09-15 09:53:48.038951
1404,702,3.67,2026-09-17 06:53:48.038951
1405,703,3.45,2026-09-23 09:53:48.038951
1406,703,2.81,2026-09-16 06:53:48.038951
1407,704,4.03,2026-09-14 09:53:48.038951
1408,704,1.1,2026-09-14 06:53:48.038951
1409,705,7.51,2026-09-18 09:53:48.038951
1410,705,3.55,2026-09-20 06:53:48.038951
1411,706,5.14,2026-09-14 09:53:48.038951
1412,706,4.84,2026-09-17 06:53:48.038951
1413,707,1.61,2026-09-14 09:53:48.038951
1414,707,3.08,2026-09-24 06:53:48.038951
1415,708,3.22,2026-09-20 09:53:48.038951
1416,708,2.66,2026-09-14 06:53:48.038951
1417,709,3.34,2026-09-26 09:53:48.038951
1418,709,1.52,2026-09-24 06:53:48.038951
1419,710,7.45,2026-09-23 09:53:48.038951
1420,710,2.91,2026-09-18 06:53:48.038951
1421,711,7.38,2026-09-27 09:53:48.038951
1422,711,8.34,2026-09-22 06:53:48.038951
1423,712,2.59,2026-09-18 09:53:48.038951
1424,712,4.16,2026-09-20 06:53:48.038951
1425,713,5.05,2026-09-23 09:53:48.038951
1426,713,1.56,2026-09-27 06:53:48.038951
1427,714,1.39,2026-09-13 09:53:48.038951
1428,714,7.87,2026-09-13 06:53:48.038951
1429,715,5.46,2026-09-13 09:53:48.038951
1430,715,4.45,2026-09-16 06:53:48.038951
1431,716,1.75,2026-09-22 09:53:48.038951
1432,716,2.75,2026-09-24 06:53:48.038951
1433,717,1.16,2026-09-20 09:53:48.038951
1434,717,2.46,2026-09-15 06:53:48.038951
1435,718,4.64,2026-09-21 09:53:48.038951
1436,718,2.04,2026-09-24 06:53:48.038951
1437,719,5.01,2026-09-24 09:53:48.038951
1438,719,8.08,2026-09-24 06:53:48.038951
1439,720,8.28,2026-09-23 09:53:48.038951
1440,720,2.7,2026-09-20 06:53:48.038951
1441,721,8.19,2026-09-27 09:53:48.038951
1442,721,6.75,2026-09-14 06:53:48.038951
1443,722,1.48,2026-09-13 09:53:48.038951
1444,722,8.19,2026-09-15 06:53:48.038951
1445,723,8.05,2026-09-25 09:53:48.038951
1446,723,4.91,2026-09-18 06:53:48.038951
1447,724,1.93,2026-09-20 09:53:48.038951
1448,724,4.34,2026-09-16 06:53:48.038951
1449,725,6.58,2026-09-20 09:53:48.038951
1450,725,7.99,2026-09-14 06:53:48.038951
1451,726,4.05,2026-09-23 09:53:48.038951
1452,726,8.17,2026-09-18 06:53:48.038951
1453,727,7.84,2026-09-21 09:53:48.038951
1454,727,2.57,2026-09-20 06:53:48.038951
1455,728,6.01,2026-09-17 09:53:48.038951
1456,728,8.29,2026-09-21 06:53:48.038951
1457,729,7.62,2026-09-17 09:53:48.038951
1458,729,5.2,2026-09-14 06:53:48.038951
1459,730,1.2,2026-09-22 09:53:48.038951
1460,730,3.07,2026-09-23 06:53:48.038951
1461,731,2.64,2026-09-13 09:53:48.038951
1462,731,3.05,2026-09-20 06:53:48.038951
1463,732,6.23,2026-09-27 09:53:48.038951
1464,732,1.91,2026-09-22 06:53:48.038951
1465,733,7.87,2026-09-14 09:53:48.038951
1466,733,4.89,2026-09-26 06:53:48.038951
1467,734,7.03,2026-09-22 09:53:48.038951
1468,734,5.01,2026-09-14 06:53:48.038951
1469,735,7.13,2026-09-13 09:53:48.038951
1470,735,5.25,2026-09-20 06:53:48.038951
1471,736,7.42,2026-09-16 09:53:48.038951
1472,736,8.29,2026-09-23 06:53:48.038951
1473,737,1.94,2026-09-21 09:53:48.038951
1474,737,4.78,2026-09-18 06:53:48.038951
1475,738,5.66,2026-09-20 09:53:48.038951
1476,738,4.75,2026-09-23 06:53:48.038951
1477,739,6.21,2026-09-20 09:53:48.038951
1478,739,8.09,2026-09-16 06:53:48.038951
1479,740,5.75,2026-09-14 09:53:48.038951
1480,740,6.97,2026-09-25 06:53:48.038951
1481,741,5.61,2026-09-22 09:53:48.038951
1482,741,6.83,2026-09-17 06:53:48.038951
1483,742,6.75,2026-09-27 09:53:48.038951
1484,742,7.06,2026-09-17 06:53:48.038951
1485,743,7.87,2026-09-18 09:53:48.038951
1486,743,4.0,2026-09-19 06:53:48.038951
1487,744,7.6,2026-09-20 09:53:48.038951
1488,744,2.58,2026-09-13 06:53:48.038951
1489,745,7.87,2026-09-27 09:53:48.038951
1490,745,1.14,2026-09-24 06:53:48.038951
1491,746,5.83,2026-09-15 09:53:48.038951
1492,746,5.22,2026-09-19 06:53:48.038951
1493,747,1.86,2026-09-27 09:53:48.038951
1494,747,2.06,2026-09-22 06:53:48.038951
1495,748,1.39,2026-09-21 09:53:48.038951
1496,748,4.93,2026-09-23 06:53:48.038951
1497,749,5.25,2026-09-26 09:53:48.038951
1498,749,3.33,2026-09-26 06:53:48.038951
1499,750,3.2,2026-09-14 09:53:48.038951
1500,750,1.69,2026-09-22 06:53:48.038951
1501,751,2.53,2026-09-23 09:53:48.038951
1502,751,5.5,2026-09-24 06:53:48.038951
1503,752,4.17,2026-09-20 09:53:48.038951
1504,752,7.42,2026-09-19 06:53:48.038951
1505,753,7.91,2026-09-24 09:53:48.038951
1506,753,3.48,2026-09-23 06:53:48.038951
1507,754,5.28,2026-09-26 09:53:48.038951
1508,754,5.52,2026-09-19 06:53:48.038951
1509,755,3.91,2026-09-16 09:53:48.038951
1510,755,6.68,2026-09-22 06:53:48.038951
1511,756,2.17,2026-09-24 09:53:48.038951
1512,756,7.02,2026-09-27 06:53:48.038951
1513,757,2.87,2026-09-24 09:53:48.038951
1514,757,8.21,2026-09-27 06:53:48.038951
1515,758,2.16,2026-09-18 09:53:48.038951
1516,758,8.0,2026-09-20 06:53:48.038951
1517,759,5.8,2026-09-14 09:53:48.038951
1518,759,7.68,2026-09-25 06:53:48.038951
1519,760,7.89,2026-09-16 09:53:48.038951
1520,760,3.88,2026-09-13 06:53:48.038951
1521,761,6.89,2026-09-19 09:53:48.038951
1522,761,1.89,2026-09-25 06:53:48.038951
1523,762,6.97,2026-09-23 09:53:48.038951
1524,762,7.58,2026-09-20 06:53:48.038951
1525,763,1.81,2026-09-21 09:53:48.038951
1526,763,3.14,2026-09-16 06:53:48.038951
1527,764,8.1,2026-09-27 09:53:48.038951
1528,764,6.15,2026-09-26 06:53:48.038951
1529,765,3.69,2026-09-23 09:53:48.038951
1530,765,1.18,2026-09-24 06:53:48.038951
1531,766,3.51,2026-09-24 09:53:48.038951
1532,766,5.51,2026-09-14 06:53:48.038951
1533,767,1.44,2026-09-22 09:53:48.038951
1534,767,5.97,2026-09-21 06:53:48.038951
1535,768,2.11,2026-09-22 09:53:48.038951
1536,768,4.26,2026-09-23 06:53:48.038951
1537,769,3.53,2026-09-13 09:53:48.038951
1538,769,2.5,2026-09-21 06:53:48.038951
1539,770,6.25,2026-09-24 09:53:48.038951
1540,770,8.3,2026-09-19 06:53:48.038951
1541,771,1.88,2026-09-22 09:53:48.038951
1542,771,5.79,2026-09-27 06:53:48.038951
1543,772,4.54,2026-09-14 09:53:48.038951
1544,772,4.92,2026-09-14 06:53:48.038951
1545,773,4.31,2026-09-16 09:53:48.038951
1546,773,1.25,2026-09-13 06:53:48.038951
1547,774,5.4,2026-09-27 09:53:48.038951
1548,774,6.24,2026-09-13 06:53:48.038951
1549,775,5.66,2026-09-25 09:53:48.038951
1550,775,5.1,2026-09-13 06:53:48.038951
1551,776,3.95,2026-09-25 09:53:48.038951
1552,776,6.41,2026-09-17 06:53:48.038951
1553,777,3.73,2026-09-27 09:53:48.038951
1554,777,6.25,2026-09-22 06:53:48.038951
1555,778,8.08,2026-09-20 09:53:48.038951
1556,778,1.32,2026-09-15 06:53:48.038951
1557,779,6.79,2026-09-21 09:53:48.038951
1558,779,5.41,2026-09-13 06:53:48.038951
1559,780,7.35,2026-09-15 09:53:48.038951
1560,780,6.98,2026-09-25 06:53:48.038951
1561,781,6.1,2026-09-16 09:53:48.038951
1562,781,1.39,2026-09-24 06:53:48.038951
1563,782,7.03,2026-09-24 09:53:48.038951
1564,782,5.04,2026-09-18 06:53:48.038951
1565,783,5.8,2026-09-14 09:53:48.038951
1566,783,7.9,2026-09-23 06:53:48.038951
1567,784,2.52,2026-09-23 09:53:48.038951
1568,784,2.54,2026-09-23 06:53:48.038951
1569,785,8.15,2026-09-21 09:53:48.038951
1570,785,3.79,2026-09-25 06:53:48.038951
1571,786,3.91,2026-09-15 09:53:48.038951
1572,786,5.77,2026-09-22 06:53:48.038951
1573,787,7.57,2026-09-16 09:53:48.038951
1574,787,6.45,2026-09-18 06:53:48.038951
1575,788,1.57,2026-09-27 09:53:48.038951
1576,788,3.08,2026-09-16 06:53:48.038951
1577,789,7.79,2026-09-17 09:53:48.038951
1578,789,3.57,2026-09-19 06:53:48.038951
1579,790,2.41,2026-09-18 09:53:48.038951
1580,790,3.19,2026-09-16 06:53:48.038951
1581,791,4.11,2026-09-24 09:53:48.038951
1582,791,4.63,2026-09-24 06:53:48.038951
1583,792,6.22,2026-09-19 09:53:48.038951
1584,792,2.05,2026-09-14 06:53:48.038951
1585,793,1.83,2026-09-25 09:53:48.038951
1586,793,3.24,2026-09-21 06:53:48.038951
1587,794,1.58,2026-09-17 09:53:48.038951
1588,794,5.99,2026-09-16 06:53:48.038951
1589,795,7.73,2026-09-17 09:53:48.038951
1590,795,3.7,2026-09-20 06:53:48.038951
1591,796,7.75,2026-09-25 09:53:48.038951
1592,796,3.6,2026-09-27 06:53:48.038951
1593,797,7.85,2026-09-22 09:53:48.038951
1594,797,3.53,2026-09-16 06:53:48.038951
1595,798,3.55,2026-09-15 09:53:48.038951
1596,798,3.9,2026-09-15 06:53:48.038951
1597,799,2.18,2026-09-15 09:53:48.038951
1598,799,2.43,2026-09-15 06:53:48.038951
1599,800,5.66,2026-09-21 09:53:48.038951
1600,800,7.49,2026-09-26 06:53:48.038951
1601,801,6.13,2026-09-18 09:53:48.038951
1602,801,8.47,2026-09-26 06:53:48.038951
1603,802,4.02,2026-09-15 09:53:48.038951
1604,802,8.01,2026-09-20 06:53:48.038951
1605,803,3.78,2026-09-16 09:53:48.038951
1606,803,8.07,2026-09-19 06:53:48.038951
1607,804,1.94,2026-09-20 09:53:48.038951
1608,804,6.82,2026-09-27 06:53:48.038951
1609,805,5.34,2026-09-18 09:53:48.038951
1610,805,2.82,2026-09-17 06:53:48.038951
1611,806,7.48,2026-09-13 09:53:48.038951
1612,806,2.38,2026-09-22 06:53:48.038951
1613,807,4.49,2026-09-23 09:53:48.038951
1614,807,4.94,2026-09-19 06:53:48.038951
1615,808,2.73,2026-09-23 09:53:48.038951
1616,808,3.41,2026-09-16 06:53:48.038951
1617,809,5.16,2026-09-14 09:53:48.038951
1618,809,1.95,2026-09-23 06:53:48.038951
1619,810,3.21,2026-09-24 09:53:48.038951
1620,810,5.84,2026-09-27 06:53:48.038951
1621,811,5.1,2026-09-22 09:53:48.038951
1622,811,6.18,2026-09-17 06:53:48.038951
1623,812,2.44,2026-09-17 09:53:48.038951
1624,812,8.02,2026-09-22 06:53:48.038951
1625,813,3.79,2026-09-24 09:53:48.038951
1626,813,4.15,2026-09-21 06:53:48.038951
1627,814,5.59,2026-09-23 09:53:48.038951
1628,814,2.12,2026-09-15 06:53:48.038951
1629,815,4.47,2026-09-24 09:53:48.038951
1630,815,8.27,2026-09-23 06:53:48.038951
1631,816,4.3,2026-09-13 09:53:48.038951
1632,816,1.26,2026-09-25 06:53:48.038951
1633,817,1.62,2026-09-25 09:53:48.038951
1634,817,6.18,2026-09-22 06:53:48.038951
1635,818,7.33,2026-09-18 09:53:48.038951
1636,818,7.51,2026-09-23 06:53:48.038951
1637,819,8.28,2026-09-27 09:53:48.038951
1638,819,2.74,2026-09-23 06:53:48.038951
1639,820,5.89,2026-09-14 09:53:48.038951
1640,820,7.15,2026-09-18 06:53:48.038951
1641,821,8.11,2026-09-17 09:53:48.038951
1642,821,5.26,2026-09-15 06:53:48.038951
1643,822,2.96,2026-09-21 09:53:48.038951
1644,822,5.9,2026-09-26 06:53:48.038951
1645,823,3.21,2026-09-21 09:53:48.038951
1646,823,6.93,2026-09-22 06:53:48.038951
1647,824,6.89,2026-09-22 09:53:48.038951
1648,824,7.86,2026-09-26 06:53:48.038951
1649,825,3.5,2026-09-18 09:53:48.038951
1650,825,4.59,2026-09-24 06:53:48.038951
1651,826,6.16,2026-09-20 09:53:48.038951
1652,826,5.67,2026-09-20 06:53:48.038951
1653,827,7.65,2026-09-19 09:53:48.038951
1654,827,1.44,2026-09-15 06:53:48.038951
1655,828,8.34,2026-09-14 09:53:48.038951
1656,828,1.84,2026-09-14 06:53:48.038951
1657,829,3.49,2026-09-25 09:53:48.038951
1658,829,5.28,2026-09-23 06:53:48.038951
1659,830,8.36,2026-09-17 09:53:48.038951
1660,830,6.91,2026-09-17 06:53:48.038951
1661,831,6.94,2026-09-14 09:53:48.038951
1662,831,4.33,2026-09-14 06:53:48.038951
1663,832,8.06,2026-09-19 09:53:48.038951
1664,832,5.65,2026-09-15 06:53:48.038951
1665,833,1.27,2026-09-13 09:53:48.038951
1666,833,5.21,2026-09-25 06:53:48.038951
1667,834,7.44,2026-09-16 09:53:48.038951
1668,834,1.56,2026-09-27 06:53:48.038951
1669,835,4.14,2026-09-20 09:53:48.038951
1670,835,2.18,2026-09-23 06:53:48.038951
1671,836,2.36,2026-09-13 09:53:48.038951
1672,836,6.48,2026-09-14 06:53:48.038951
1673,837,1.51,2026-09-18 09:53:48.038951
1674,837,3.73,2026-09-20 06:53:48.038951
1675,838,7.43,2026-09-19 09:53:48.038951
1676,838,4.5,2026-09-14 06:53:48.038951
1677,839,6.22,2026-09-22 09:53:48.038951
1678,839,7.56,2026-09-24 06:53:48.038951
1679,840,2.52,2026-09-21 09:53:48.038951
1680,840,5.68,2026-09-19 06:53:48.038951
1681,841,5.15,2026-09-17 09:53:48.038951
1682,841,1.81,2026-09-26 06:53:48.038951
1683,842,3.19,2026-09-27 09:53:48.038951
1684,842,2.01,2026-09-26 06:53:48.038951
1685,843,6.25,2026-09-26 09:53:48.038951
1686,843,6.64,2026-09-18 06:53:48.038951
1687,844,7.11,2026-09-25 09:53:48.038951
1688,844,6.55,2026-09-18 06:53:48.038951
1689,845,8.22,2026-09-23 09:53:48.038951
1690,845,5.84,2026-09-24 06:53:48.038951
1691,846,2.8,2026-09-17 09:53:48.038951
1692,846,3.39,2026-09-17 06:53:48.038951
1693,847,1.68,2026-09-24 09:53:48.038951
1694,847,6.85,2026-09-23 06:53:48.038951
1695,848,7.8,2026-09-17 09:53:48.038951
1696,848,4.25,2026-09-22 06:53:48.038951
1697,849,3.33,2026-09-13 09:53:48.038951
1698,849,5.3,2026-09-15 06:53:48.038951
1699,850,7.75,2026-09-16 09:53:48.038951
1700,850,1.97,2026-09-25 06:53:48.038951
1701,851,1.45,2026-09-19 09:53:48.038951
1702,851,2.49,2026-09-23 06:53:48.038951
1703,852,7.28,2026-09-26 09:53:48.038951
1704,852,4.78,2026-09-19 06:53:48.038951
1705,853,2.38,2026-09-19 09:53:48.038951
1706,853,6.8,2026-09-13 06:53:48.038951
1707,854,1.43,2026-09-24 09:53:48.038951
1708,854,7.49,2026-09-27 06:53:48.038951
1709,855,4.49,2026-09-19 09:53:48.038951
1710,855,3.22,2026-09-20 06:53:48.038951
1711,856,2.34,2026-09-21 09:53:48.038951
1712,856,4.26,2026-09-25 06:53:48.038951
1713,857,1.7,2026-09-14 09:53:48.038951
1714,857,6.67,2026-09-20 06:53:48.038951
1715,858,7.84,2026-09-13 09:53:48.038951
1716,858,5.63,2026-09-17 06:53:48.038951
1717,859,1.2,2026-09-25 09:53:48.038951
1718,859,6.69,2026-09-17 06:53:48.038951
1719,860,5.67,2026-09-15 09:53:48.038951
1720,860,4.33,2026-09-21 06:53:48.038951
1721,861,4.73,2026-09-15 09:53:48.038951
1722,861,2.67,2026-09-23 06:53:48.038951
1723,862,5.48,2026-09-18 09:53:48.038951
1724,862,7.32,2026-09-18 06:53:48.038951
1725,863,7.03,2026-09-21 09:53:48.038951
1726,863,3.38,2026-09-26 06:53:48.038951
1727,864,2.26,2026-09-25 09:53:48.038951
1728,864,5.32,2026-09-21 06:53:48.038951
1729,865,1.82,2026-09-17 09:53:48.038951
1730,865,6.76,2026-09-24 06:53:48.038951
1731,866,2.91,2026-09-21 09:53:48.038951
1732,866,4.96,2026-09-17 06:53:48.038951
1733,867,1.24,2026-09-21 09:53:48.038951
1734,867,3.02,2026-09-16 06:53:48.038951
1735,868,6.62,2026-09-23 09:53:48.038951
1736,868,2.14,2026-09-26 06:53:48.038951
1737,869,5.33,2026-09-19 09:53:48.038951
1738,869,4.15,2026-09-20 06:53:48.038951
1739,870,3.15,2026-09-24 09:53:48.038951
1740,870,5.82,2026-09-16 06:53:48.038951
1741,871,7.72,2026-09-15 09:53:48.038951
1742,871,4.08,2026-09-14 06:53:48.038951
1743,872,5.48,2026-09-23 09:53:48.038951
1744,872,4.62,2026-09-27 06:53:48.038951
1745,873,1.45,2026-09-20 09:53:48.038951
1746,873,4.17,2026-09-23 06:53:48.038951
1747,874,4.45,2026-09-22 09:53:48.038951
1748,874,4.04,2026-09-27 06:53:48.038951
1749,875,4.67,2026-09-17 09:53:48.038951
1750,875,7.38,2026-09-18 06:53:48.038951
1751,876,2.91,2026-09-19 09:53:48.038951
1752,876,3.4,2026-09-20 06:53:48.038951
1753,877,7.62,2026-09-25 09:53:48.038951
1754,877,3.43,2026-09-24 06:53:48.038951
1755,878,7.69,2026-09-20 09:53:48.038951
1756,878,3.61,2026-09-14 06:53:48.038951
1757,879,1.29,2026-09-14 09:53:48.038951
1758,879,2.12,2026-09-17 06:53:48.038951
1759,880,5.0,2026-09-16 09:53:48.038951
1760,880,8.44,2026-09-26 06:53:48.038951
1761,881,1.41,2026-09-17 09:53:48.038951
1762,881,2.99,2026-09-13 06:53:48.038951
1763,882,5.13,2026-09-17 09:53:48.038951
1764,882,2.41,2026-09-21 06:53:48.038951
1765,883,2.34,2026-09-18 09:53:48.038951
1766,883,6.6,2026-09-17 06:53:48.038951
1767,884,3.12,2026-09-20 09:53:48.038951
1768,884,7.21,2026-09-25 06:53:48.038951
1769,885,2.94,2026-09-21 09:53:48.038951
1770,885,7.34,2026-09-14 06:53:48.038951
1771,886,1.69,2026-09-27 09:53:48.038951
1772,886,4.64,2026-09-17 06:53:48.038951
1773,887,7.55,2026-09-21 09:53:48.038951
1774,887,4.03,2026-09-20 06:53:48.038951
1775,888,1.5,2026-09-22 09:53:48.038951
1776,888,1.53,2026-09-23 06:53:48.038951
1777,889,6.97,2026-09-17 09:53:48.038951
1778,889,2.69,2026-09-23 06:53:48.038951
1779,890,7.45,2026-09-22 09:53:48.038951
1780,890,7.49,2026-09-17 06:53:48.038951
1781,891,6.63,2026-09-26 09:53:48.038951
1782,891,7.29,2026-09-13 06:53:48.038951
1783,892,3.43,2026-09-25 09:53:48.038951
1784,892,5.15,2026-09-22 06:53:48.038951
1785,893,1.92,2026-09-18 09:53:48.038951
1786,893,7.61,2026-09-26 06:53:48.038951
1787,894,3.16,2026-09-24 09:53:48.038951
1788,894,2.96,2026-09-26 06:53:48.038951
1789,895,1.91,2026-09-15 09:53:48.038951
1790,895,7.32,2026-09-26 06:53:48.038951
1791,896,2.93,2026-09-25 09:53:48.038951
1792,896,3.12,2026-09-20 06:53:48.038951
1793,897,4.68,2026-09-27 09:53:48.038951
1794,897,1.39,2026-09-27 06:53:48.038951
1795,898,5.33,2026-09-16 09:53:48.038951
1796,898,6.93,2026-09-25 06:53:48.038951
1797,899,8.01,2026-09-13 09:53:48.038951
1798,899,5.58,2026-09-14 06:53:48.038951
1799,900,1.47,2026-09-14 09:53:48.038951
1800,900,3.13,2026-09-17 06:53:48.038951
1801,901,7.18,2026-09-25 09:53:48.038951
1802,901,7.96,2026-09-15 06:53:48.038951
1803,902,7.92,2026-09-17 09:53:48.038951
1804,902,4.25,2026-09-20 06:53:48.038951
1805,903,1.76,2026-09-14 09:53:48.038951
1806,903,5.35,2026-09-26 06:53:48.038951
1807,904,6.13,2026-09-14 09:53:48.038951
1808,904,2.6,2026-09-18 06:53:48.038951
1809,905,4.35,2026-09-16 09:53:48.038951
1810,905,3.67,2026-09-18 06:53:48.038951
1811,906,7.27,2026-09-18 09:53:48.038951
1812,906,1.74,2026-09-16 06:53:48.038951
1813,907,6.18,2026-09-27 09:53:48.038951
1814,907,3.64,2026-09-23 06:53:48.038951
1815,908,1.33,2026-09-15 09:53:48.038951
1816,908,6.06,2026-09-14 06:53:48.038951
1817,909,2.4,2026-09-19 09:53:48.038951
1818,909,2.58,2026-09-23 06:53:48.038951
1819,910,4.83,2026-09-13 09:53:48.038951
1820,910,6.98,2026-09-26 06:53:48.038951
1821,911,7.25,2026-09-21 09:53:48.038951
1822,911,6.25,2026-09-20 06:53:48.038951
1823,912,4.61,2026-09-24 09:53:48.038951
1824,912,1.34,2026-09-17 06:53:48.038951
1825,913,4.52,2026-09-25 09:53:48.038951
1826,913,8.42,2026-09-20 06:53:48.038951
1827,914,7.38,2026-09-21 09:53:48.038951
1828,914,2.14,2026-09-13 06:53:48.038951
1829,915,3.98,2026-09-18 09:53:48.038951
1830,915,2.72,2026-09-15 06:53:48.038951
1831,916,3.45,2026-09-14 09:53:48.038951
1832,916,6.67,2026-09-26 06:53:48.038951
1833,917,5.91,2026-09-18 09:53:48.038951
1834,917,7.98,2026-09-13 06:53:48.038951
1835,918,2.72,2026-09-26 09:53:48.038951
1836,918,7.13,2026-09-25 06:53:48.038951
1837,919,7.44,2026-09-21 09:53:48.038951
1838,919,4.44,2026-09-23 06:53:48.038951
1839,920,1.18,2026-09-20 09:53:48.038951
1840,920,1.57,2026-09-16 06:53:48.038951
1841,921,4.63,2026-09-22 09:53:48.038951
1842,921,5.2,2026-09-13 06:53:48.038951
1843,922,7.63,2026-09-17 09:53:48.038951
1844,922,4.87,2026-09-26 06:53:48.038951
1845,923,7.06,2026-09-13 09:53:48.038951
1846,923,3.79,2026-09-27 06:53:48.038951
1847,924,5.6,2026-09-25 09:53:48.038951
1848,924,1.43,2026-09-26 06:53:48.038951
1849,925,5.72,2026-09-22 09:53:48.038951
1850,925,7.51,2026-09-15 06:53:48.038951
1851,926,3.34,2026-09-19 09:53:48.038951
1852,926,5.16,2026-09-16 06:53:48.038951
1853,927,8.46,2026-09-25 09:53:48.038951
1854,927,6.44,2026-09-21 06:53:48.038951
1855,928,4.07,2026-09-27 09:53:48.038951
1856,928,2.27,2026-09-15 06:53:48.038951
1857,929,8.06,2026-09-22 09:53:48.038951
1858,929,1.81,2026-09-20 06:53:48.038951
1859,930,4.01,2026-09-21 09:53:48.038951
1860,930,6.35,2026-09-22 06:53:48.038951
1861,931,4.58,2026-09-23 09:53:48.038951
1862,931,5.59,2026-09-16 06:53:48.038951
1863,932,6.21,2026-09-15 09:53:48.038951
1864,932,7.63,2026-09-25 06:53:48.038951
1865,933,4.83,2026-09-14 09:53:48.038951
1866,933,2.18,2026-09-19 06:53:48.038951
1867,934,2.37,2026-09-26 09:53:48.038951
1868,934,2.6,2026-09-20 06:53:48.038951
1869,935,4.66,2026-09-15 09:53:48.038951
1870,935,1.35,2026-09-19 06:53:48.038951
1871,936,4.52,2026-09-24 09:53:48.038951
1872,936,7.78,2026-09-16 06:53:48.038951
1873,937,5.71,2026-09-14 09:53:48.038951
1874,937,4.61,2026-09-18 06:53:48.038951
1875,938,4.87,2026-09-20 09:53:48.038951
1876,938,3.21,2026-09-16 06:53:48.038951
1877,939,7.41,2026-09-21 09:53:48.038951
1878,939,6.37,2026-09-19 06:53:48.038951
1879,940,3.69,2026-09-20 09:53:48.038951
1880,940,8.2,2026-09-25 06:53:48.038951
1881,941,5.39,2026-09-18 09:53:48.038951
1882,941,7.04,2026-09-16 06:53:48.038951
1883,942,1.64,2026-09-13 09:53:48.038951
1884,942,1.99,2026-09-21 06:53:48.038951
1885,943,1.2,2026-09-13 09:53:48.038951
1886,943,6.79,2026-09-24 06:53:48.038951
1887,944,1.23,2026-09-26 09:53:48.038951
1888,944,7.63,2026-09-19 06:53:48.038951
1889,945,5.13,2026-09-15 09:53:48.038951
1890,945,2.54,2026-09-22 06:53:48.038951
1891,946,8.18,2026-09-25 09:53:48.038951
1892,946,7.26,2026-09-20 06:53:48.038951
1893,947,8.17,2026-09-22 09:53:48.038951
1894,947,4.33,2026-09-16 06:53:48.038951
1895,948,8.36,2026-09-20 09:53:48.038951
1896,948,6.79,2026-09-16 06:53:48.038951
1897,949,5.45,2026-09-26 09:53:48.038951
1898,949,8.46,2026-09-24 06:53:48.038951
1899,950,5.46,2026-09-23 09:53:48.038951
1900,950,7.94,2026-09-19 06:53:48.038951
1901,951,5.0,2026-09-25 09:53:48.038951
1902,951,1.76,2026-09-17 06:53:48.038951
1903,952,8.43,2026-09-14 09:53:48.038951
1904,952,8.26,2026-09-24 06:53:48.038951
1905,953,2.03,2026-09-24 09:53:48.038951
1906,953,3.73,2026-09-21 06:53:48.038951
1907,954,2.36,2026-09-27 09:53:48.038951
1908,954,6.42,2026-09-19 06:53:48.038951
1909,955,8.33,2026-09-27 09:53:48.038951
1910,955,4.94,2026-09-25 06:53:48.038951
1911,956,4.07,2026-09-21 09:53:48.038951
1912,956,7.64,2026-09-17 06:53:48.038951
1913,957,6.34,2026-09-20 09:53:48.038951
1914,957,2.51,2026-09-22 06:53:48.038951
1915,958,5.75,2026-09-16 09:53:48.038951
1916,958,4.01,2026-09-26 06:53:48.038951
1917,959,6.21,2026-09-26 09:53:48.038951
1918,959,7.38,2026-09-20 06:53:48.038951
1919,960,7.63,2026-09-24 09:53:48.038951
1920,960,3.32,2026-09-24 06:53:48.038951
1921,961,3.65,2026-09-22 09:53:48.038951
1922,961,6.29,2026-09-14 06:53:48.038951
1923,962,6.0,2026-09-18 09:53:48.038951
1924,962,2.1,2026-09-21 06:53:48.038951
1925,963,1.12,2026-09-19 09:53:48.038951
1926,963,5.23,2026-09-23 06:53:48.038951
1927,964,2.78,2026-09-27 09:53:48.038951
1928,964,4.44,2026-09-22 06:53:48.038951
1929,965,2.71,2026-09-19 09:53:48.038951
1930,965,1.5,2026-09-20 06:53:48.038951
1931,966,6.32,2026-09-27 09:53:48.038951
1932,966,6.69,2026-09-15 06:53:48.038951
1933,967,7.55,2026-09-13 09:53:48.038951
1934,967,5.8,2026-09-17 06:53:48.038951
1935,968,2.99,2026-09-27 09:53:48.038951
1936,968,5.72,2026-09-18 06:53:48.038951
1937,969,7.84,2026-09-18 09:53:48.038951
1938,969,4.48,2026-09-23 06:53:48.038951
1939,970,4.01,2026-09-21 09:53:48.038951
1940,970,3.65,2026-09-17 06:53:48.038951
1941,971,7.97,2026-09-24 09:53:48.038951
1942,971,3.98,2026-09-22 06:53:48.038951
1943,972,2.12,2026-09-16 09:53:48.038951
1944,972,7.61,2026-09-19 06:53:48.038951
1945,973,3.15,2026-09-16 09:53:48.038951
1946,973,1.6,2026-09-13 06:53:48.038951
1947,974,5.47,2026-09-24 09:53:48.038951
1948,974,5.22,2026-09-27 06:53:48.038951
1949,975,8.36,2026-09-16 09:53:48.038951
1950,975,4.57,2026-09-15 06:53:48.038951
1951,976,4.65,2026-09-16 09:53:48.038951
1952,976,5.66,2026-09-25 06:53:48.038951
1953,977,4.06,2026-09-22 09:53:48.038951
1954,977,5.76,2026-09-21 06:53:48.038951
1955,978,1.48,2026-09-13 09:53:48.038951
1956,978,5.23,2026-09-21 06:53:48.038951
1957,979,5.43,2026-09-15 09:53:48.038951
1958,979,1.97,2026-09-16 06:53:48.038951
1959,980,1.26,2026-09-18 09:53:48.038951
1960,980,7.66,2026-09-13 06:53:48.038951
1961,981,2.22,2026-09-22 09:53:48.038951
1962,981,4.42,2026-09-24 06:53:48.038951
1963,982,2.99,2026-09-13 09:53:48.038951
1964,982,1.83,2026-09-27 06:53:48.038951
1965,983,4.15,2026-09-18 09:53:48.038951
1966,983,3.24,2026-09-24 06:53:48.038951
1967,984,3.77,2026-09-25 09:53:48.038951
1968,984,2.76,2026-09-22 06:53:48.038951
1969,985,7.8,2026-09-25 09:53:48.038951
1970,985,6.08,2026-09-13 06:53:48.038951
1971,986,3.0,2026-09-22 09:53:48.038951
1972,986,5.51,2026-09-20 06:53:48.038951
1973,987,4.6,2026-09-20 09:53:48.038951
1974,987,6.24,2026-09-19 06:53:48.038951
1975,988,7.82,2026-09-23 09:53:48.038951
1976,988,5.77,2026-09-24 06:53:48.038951
1977,989,5.07,2026-09-22 09:53:48.038951
1978,989,6.78,2026-09-19 06:53:48.038951
1979,990,5.46,2026-09-15 09:53:48.038951
1980,990,1.2,2026-09-20 06:53:48.038951
1981,991,4.9,2026-09-14 09:53:48.038951
1982,991,1.82,2026-09-14 06:53:48.038951
1983,992,6.07,2026-09-22 09:53:48.038951
1984,992,4.02,2026-09-20 06:53:48.038951
1985,993,1.38,2026-09-25 09:53:48.038951
1986,993,3.18,2026-09-18 06:53:48.038951
1987,994,7.6,2026-09-22 09:53:48.038951
1988,994,3.54,2026-09-17 06:53:48.038951
1989,995,8.22,2026-09-17 09:53:48.038951
1990,995,6.6,2026-09-21 06:53:48.038951
1991,996,5.45,2026-09-20 09:53:48.038951
1992,996,4.97,2026-09-19 06:53:48.038951
1993,997,5.21,2026-09-17 09:53:48.038951
1994,997,2.52,2026-09-14 06:53:48.038951
1995,998,1.45,2026-09-13 09:53:48.038951
1996,998,2.54,2026-09-19 06:53:48.038951
1997,999,6.72,2026-09-17 09:53:48.038951
1998,999,6.17,2026-09-13 06:53:48.038951
1999,1000,1.2,2026-09-23 09:53:48.038951
2000,1000,7.32,2026-09-21 06:53:48.038951
2001,1001,5.57,2026-09-16 09:53:48.038951
2002,1001,6.72,2026-09-27 06:53:48.038951
2003,1002,7.43,2026-09-26 09:53:48.038951
2004,1002,1.84,2026-09-13 06:53:48.038951
2005,1003,2.13,2026-09-20 09:53:48.038951
2006,1003,8.14,2026-09-16 06:53:48.038951
2007,1004,4.65,2026-09-22 09:53:48.038951
2008,1004,6.48,2026-09-20 06:53:48.038951
2009,1005,5.97,2026-09-24 09:53:48.038951
2010,1005,2.39,2026-09-17 06:53:48.038951
2011,1006,4.55,2026-09-21 09:53:48.038951
2012,1006,3.6,2026-09-19 06:53:48.038951
2013,1007,3.6,2026-09-22 09:53:48.038951
2014,1007,7.79,2026-09-21 06:53:48.038951
2015,1008,4.57,2026-09-25 09:53:48.038951
2016,1008,1.45,2026-09-25 06:53:48.038951
2017,1009,4.06,2026-09-21 09:53:48.038951
2018,1009,1.9,2026-09-20 06:53:48.038951
2019,1010,5.61,2026-09-15 09:53:48.038951
2020,1010,3.81,2026-09-18 06:53:48.038951
2021,1011,1.23,2026-09-18 09:53:48.038951
2022,1011,2.89,2026-09-22 06:53:48.038951
2023,1012,1.28,2026-09-17 09:53:48.038951
2024,1012,1.16,2026-09-26 06:53:48.038951
2025,1013,7.44,2026-09-24 09:53:48.038951
2026,1013,5.31,2026-09-19 06:53:48.038951
2027,1014,2.08,2026-09-14 09:53:48.038951
2028,1014,4.53,2026-09-16 06:53:48.038951
2029,1015,3.16,2026-09-16 09:53:48.038951
2030,1015,5.01,2026-09-26 06:53:48.038951
2031,1016,2.79,2026-09-19 09:53:48.038951
2032,1016,3.16,2026-09-22 06:53:48.038951
2033,1017,7.76,2026-09-16 09:53:48.038951
2034,1017,4.31,2026-09-21 06:53:48.038951
2035,1018,6.95,2026-09-19 09:53:48.038951
2036,1018,8.25,2026-09-16 06:53:48.038951
2037,1019,1.2,2026-09-15 09:53:48.038951
2038,1019,7.68,2026-09-16 06:53:48.038951
2039,1020,2.45,2026-09-13 09:53:48.038951
2040,1020,3.19,2026-09-21 06:53:48.038951
2041,1021,3.55,2026-09-18 09:53:48.038951
2042,1021,5.74,2026-09-23 06:53:48.038951
2043,1022,5.42,2026-09-18 09:53:48.038951
2044,1022,8.19,2026-09-26 06:53:48.038951
2045,1023,1.86,2026-09-24 09:53:48.038951
2046,1023,8.25,2026-09-19 06:53:48.038951
2047,1024,8.22,2026-09-20 09:53:48.038951
2048,1024,2.99,2026-09-22 06:53:48.038951
2049,1025,8.41,2026-09-21 09:53:48.038951
2050,1025,5.08,2026-09-15 06:53:48.038951
2051,1026,7.79,2026-09-17 09:53:48.038951
2052,1026,6.24,2026-09-17 06:53:48.038951
2053,1027,5.65,2026-09-17 09:53:48.038951
2054,1027,1.31,2026-09-14 06:53:48.038951
2055,1028,6.61,2026-09-18 09:53:48.038951
2056,1028,2.32,2026-09-24 06:53:48.038951
2057,1029,1.71,2026-09-26 09:53:48.038951
2058,1029,5.88,2026-09-16 06:53:48.038951
2059,1030,1.42,2026-09-14 09:53:48.038951
2060,1030,7.03,2026-09-13 06:53:48.038951
2061,1031,7.76,2026-09-27 09:53:48.038951
2062,1031,8.25,2026-09-21 06:53:48.038951
2063,1032,4.84,2026-09-19 09:53:48.038951
2064,1032,1.64,2026-09-19 06:53:48.038951
2065,1033,5.92,2026-09-26 09:53:48.038951
2066,1033,2.58,2026-09-23 06:53:48.038951
2067,1034,4.5,2026-09-17 09:53:48.038951
2068,1034,4.59,2026-09-27 06:53:48.038951
2069,1035,4.45,2026-09-23 09:53:48.038951
2070,1035,4.63,2026-09-21 06:53:48.038951
2071,1036,4.09,2026-09-26 09:53:48.038951
2072,1036,1.55,2026-09-15 06:53:48.038951
2073,1037,5.23,2026-09-17 09:53:48.038951
2074,1037,3.35,2026-09-20 06:53:48.038951
2075,1038,2.04,2026-09-24 09:53:48.038951
2076,1038,6.05,2026-09-22 06:53:48.038951
2077,1039,3.45,2026-09-24 09:53:48.038951
2078,1039,6.83,2026-09-27 06:53:48.038951
2079,1040,2.47,2026-09-25 09:53:48.038951
2080,1040,4.67,2026-09-25 06:53:48.038951
2081,1041,5.49,2026-09-25 09:53:48.038951
2082,1041,6.96,2026-09-26 06:53:48.038951
2083,1042,2.16,2026-09-21 09:53:48.038951
2084,1042,6.75,2026-09-23 06:53:48.038951
2085,1043,5.82,2026-09-23 09:53:48.038951
2086,1043,1.13,2026-09-19 06:53:48.038951
2087,1044,7.71,2026-09-23 09:53:48.038951
2088,1044,3.05,2026-09-14 06:53:48.038951
2089,1045,2.8,2026-09-13 09:53:48.038951
2090,1045,2.71,2026-09-25 06:53:48.038951
2091,1046,8.47,2026-09-19 09:53:48.038951
2092,1046,6.15,2026-09-25 06:53:48.038951
2093,1047,6.82,2026-09-21 09:53:48.038951
2094,1047,6.92,2026-09-16 06:53:48.038951
2095,1048,4.55,2026-09-16 09:53:48.038951
2096,1048,5.17,2026-09-16 06:53:48.038951
2097,1049,7.11,2026-09-20 09:53:48.038951
2098,1049,7.05,2026-09-27 06:53:48.038951
2099,1050,3.88,2026-09-19 09:53:48.038951
2100,1050,4.27,2026-09-19 06:53:48.038951
2101,1051,6.14,2026-09-18 09:53:48.038951
2102,1051,3.51,2026-09-21 06:53:48.038951
2103,1052,1.31,2026-09-14 09:53:48.038951
2104,1052,5.92,2026-09-15 06:53:48.038951
2105,1053,2.24,2026-09-27 09:53:48.038951
2106,1053,2.74,2026-09-17 06:53:48.038951
2107,1054,4.63,2026-09-24 09:53:48.038951
2108,1054,1.1,2026-09-23 06:53:48.038951
2109,1055,5.19,2026-09-24 09:53:48.038951
2110,1055,7.65,2026-09-21 06:53:48.038951
2111,1056,7.92,2026-09-22 09:53:48.038951
2112,1056,5.48,2026-09-20 06:53:48.038951
2113,1057,6.78,2026-09-14 09:53:48.038951
2114,1057,6.71,2026-09-22 06:53:48.038951
2115,1058,3.23,2026-09-27 09:53:48.038951
2116,1058,3.27,2026-09-18 06:53:48.038951
2117,1059,3.16,2026-09-18 09:53:48.038951
2118,1059,1.78,2026-09-25 06:53:48.038951
2119,1060,2.24,2026-09-14 09:53:48.038951
2120,1060,8.06,2026-09-21 06:53:48.038951
2121,1061,3.43,2026-09-27 09:53:48.038951
2122,1061,6.66,2026-09-14 06:53:48.038951
2123,1062,6.82,2026-09-23 09:53:48.038951
2124,1062,4.57,2026-09-14 06:53:48.038951
2125,1063,3.43,2026-09-16 09:53:48.038951
2126,1063,5.64,2026-09-16 06:53:48.038951
2127,1064,6.45,2026-09-18 09:53:48.038951
2128,1064,6.99,2026-09-19 06:53:48.038951
2129,1065,6.78,2026-09-20 09:53:48.038951
2130,1065,6.07,2026-09-15 06:53:48.038951
2131,1066,5.0,2026-09-27 09:53:48.038951
2132,1066,8.04,2026-09-15 06:53:48.038951
2133,1067,3.57,2026-09-18 09:53:48.038951
2134,1067,5.68,2026-09-23 06:53:48.038951
2135,1068,2.47,2026-09-17 09:53:48.038951
2136,1068,6.9,2026-09-26 06:53:48.038951
2137,1069,3.93,2026-09-25 09:53:48.038951
2138,1069,2.4,2026-09-25 06:53:48.038951
2139,1070,8.47,2026-09-17 09:53:48.038951
2140,1070,4.38,2026-09-13 06:53:48.038951
2141,1071,1.21,2026-09-27 09:53:48.038951
2142,1071,6.15,2026-09-13 06:53:48.038951
2143,1072,2.24,2026-09-22 09:53:48.038951
2144,1072,5.16,2026-09-17 06:53:48.038951
2145,1073,3.1,2026-09-18 09:53:48.038951
2146,1073,1.69,2026-09-23 06:53:48.038951
2147,1074,2.39,2026-09-15 09:53:48.038951
2148,1074,2.66,2026-09-20 06:53:48.038951
2149,1075,5.36,2026-09-15 09:53:48.038951
2150,1075,7.76,2026-09-26 06:53:48.038951
2151,1076,8.27,2026-09-26 09:53:48.038951
2152,1076,2.02,2026-09-23 06:53:48.038951
2153,1077,3.75,2026-09-22 09:53:48.038951
2154,1077,3.74,2026-09-25 06:53:48.038951
2155,1078,5.49,2026-09-21 09:53:48.038951
2156,1078,3.15,2026-09-13 06:53:48.038951
2157,1079,5.15,2026-09-14 09:53:48.038951
2158,1079,1.69,2026-09-27 06:53:48.038951
2159,1080,6.49,2026-09-18 09:53:48.038951
2160,1080,2.88,2026-09-18 06:53:48.038951
2161,1081,2.25,2026-09-16 09:53:48.038951
2162,1081,5.05,2026-09-22 06:53:48.038951
2163,1082,3.87,2026-09-25 09:53:48.038951
2164,1082,6.32,2026-09-16 06:53:48.038951
2165,1083,6.84,2026-09-16 09:53:48.038951
2166,1083,1.43,2026-09-26 06:53:48.038951
2167,1084,3.28,2026-09-18 09:53:48.038951
2168,1084,8.01,2026-09-16 06:53:48.038951
2169,1085,2.25,2026-09-18 09:53:48.038951
2170,1085,4.11,2026-09-22 06:53:48.038951
2171,1086,3.45,2026-09-26 09:53:48.038951
2172,1086,1.96,2026-09-18 06:53:48.038951
2173,1087,4.07,2026-09-18 09:53:48.038951
2174,1087,6.59,2026-09-16 06:53:48.038951
2175,1088,4.69,2026-09-24 09:53:48.038951
2176,1088,8.49,2026-09-21 06:53:48.038951
2177,1089,4.84,2026-09-25 09:53:48.038951
2178,1089,3.52,2026-09-25 06:53:48.038951
2179,1090,6.59,2026-09-22 09:53:48.038951
2180,1090,8.35,2026-09-16 06:53:48.038951
2181,1091,2.21,2026-09-22 09:53:48.038951
2182,1091,4.98,2026-09-27 06:53:48.038951
2183,1092,7.37,2026-09-26 09:53:48.038951
2184,1092,7.18,2026-09-14 06:53:48.038951
2185,1093,8.32,2026-09-16 09:53:48.038951
2186,1093,6.06,2026-09-22 06:53:48.038951
2187,1094,3.1,2026-09-23 09:53:48.038951
2188,1094,1.28,2026-09-21 06:53:48.038951
2189,1095,8.2,2026-09-17 09:53:48.038951
2190,1095,6.63,2026-09-13 06:53:48.038951
2191,1096,5.24,2026-09-18 09:53:48.038951
2192,1096,7.7,2026-09-16 06:53:48.038951
2193,1097,1.7,2026-09-23 09:53:48.038951
2194,1097,5.55,2026-09-14 06:53:48.038951
2195,1098,5.42,2026-09-24 09:53:48.038951
2196,1098,3.7,2026-09-20 06:53:48.038951
2197,1099,6.38,2026-09-27 09:53:48.038951
2198,1099,2.96,2026-09-17 06:53:48.038951
2199,1100,4.18,2026-09-20 09:53:48.038951
2200,1100,3.33,2026-09-26 06:53:48.038951
2201,1101,6.78,2026-09-25 09:53:48.038951
2202,1101,3.37,2026-09-20 06:53:48.038951
2203,1102,7.45,2026-09-21 09:53:48.038951
2204,1102,7.9,2026-09-15 06:53:48.038951
2205,1103,1.59,2026-09-14 09:53:48.038951
2206,1103,6.81,2026-09-27 06:53:48.038951
2207,1104,5.5,2026-09-17 09:53:48.038951
2208,1104,1.91,2026-09-23 06:53:48.038951
2209,1105,7.42,2026-09-21 09:53:48.038951
2210,1105,2.19,2026-09-26 06:53:48.038951
2211,1106,5.51,2026-09-23 09:53:48.038951
2212,1106,6.14,2026-09-19 06:53:48.038951
2213,1107,5.11,2026-09-22 09:53:48.038951
2214,1107,3.36,2026-09-23 06:53:48.038951
2215,1108,1.48,2026-09-21 09:53:48.038951
2216,1108,1.1,2026-09-16 06:53:48.038951
2217,1109,1.68,2026-09-20 09:53:48.038951
2218,1109,1.89,2026-09-22 06:53:48.038951
2219,1110,2.44,2026-09-13 09:53:48.038951
2220,1110,3.54,2026-09-16 06:53:48.038951
2221,1111,3.73,2026-09-23 09:53:48.038951
2222,1111,5.77,2026-09-13 06:53:48.038951
2223,1112,3.42,2026-09-15 09:53:48.038951
2224,1112,7.7,2026-09-18 06:53:48.038951
2225,1113,2.46,2026-09-25 09:53:48.038951
2226,1113,3.11,2026-09-14 06:53:48.038951
2227,1114,6.89,2026-09-18 09:53:48.038951
2228,1114,8.02,2026-09-23 06:53:48.038951
2229,1115,3.96,2026-09-20 09:53:48.038951
2230,1115,2.59,2026-09-18 06:53:48.038951
2231,1116,2.93,2026-09-27 09:53:48.038951
2232,1116,4.58,2026-09-27 06:53:48.038951
2233,1117,6.15,2026-09-26 09:53:48.038951
2234,1117,4.28,2026-09-26 06:53:48.038951
2235,1118,7.59,2026-09-13 09:53:48.038951
2236,1118,6.61,2026-09-16 06:53:48.038951
2237,1119,3.38,2026-09-27 09:53:48.038951
2238,1119,7.47,2026-09-17 06:53:48.038951
2239,1120,1.47,2026-09-23 09:53:48.038951
2240,1120,4.03,2026-09-22 06:53:48.038951
2241,1121,7.19,2026-09-17 09:53:48.038951
2242,1121,7.63,2026-09-17 06:53:48.038951
2243,1122,6.49,2026-09-14 09:53:48.038951
2244,1122,3.03,2026-09-27 06:53:48.038951
2245,1123,4.36,2026-09-25 09:53:48.038951
2246,1123,3.41,2026-09-20 06:53:48.038951
2247,1124,4.48,2026-09-16 09:53:48.038951
2248,1124,1.85,2026-09-18 06:53:48.038951
2249,1125,1.93,2026-09-17 09:53:48.038951
2250,1125,7.18,2026-09-22 06:53:48.038951
2251,1126,1.85,2026-09-23 09:53:48.038951
2252,1126,8.0,2026-09-18 06:53:48.038951
2253,1127,6.18,2026-09-24 09:53:48.038951
2254,1127,2.59,2026-09-18 06:53:48.038951
2255,1128,4.74,2026-09-20 09:53:48.038951
2256,1128,5.96,2026-09-18 06:53:48.038951
2257,1129,2.16,2026-09-19 09:53:48.038951
2258,1129,7.64,2026-09-15 06:53:48.038951
2259,1130,4.42,2026-09-14 09:53:48.038951
2260,1130,4.89,2026-09-15 06:53:48.038951
2261,1131,7.91,2026-09-13 09:53:48.038951
2262,1131,3.06,2026-09-21 06:53:48.038951
2263,1132,8.2,2026-09-24 09:53:48.038951
2264,1132,7.2,2026-09-17 06:53:48.038951
2265,1133,2.15,2026-09-25 09:53:48.038951
2266,1133,2.73,2026-09-17 06:53:48.038951
2267,1134,5.57,2026-09-21 09:53:48.038951
2268,1134,7.07,2026-09-27 06:53:48.038951
2269,1135,5.96,2026-09-19 09:53:48.038951
2270,1135,6.26,2026-09-19 06:53:48.038951
2271,1136,7.28,2026-09-23 09:53:48.038951
2272,1136,2.52,2026-09-13 06:53:48.038951
2273,1137,1.34,2026-09-17 09:53:48.038951
2274,1137,6.37,2026-09-15 06:53:48.038951
2275,1138,3.38,2026-09-17 09:53:48.038951
2276,1138,3.0,2026-09-27 06:53:48.038951
2277,1139,2.11,2026-09-20 09:53:48.038951
2278,1139,6.23,2026-09-16 06:53:48.038951
2279,1140,1.34,2026-09-14 09:53:48.038951
2280,1140,1.11,2026-09-20 06:53:48.038951
2281,1141,2.38,2026-09-27 09:53:48.038951
2282,1141,7.56,2026-09-18 06:53:48.038951
2283,1142,2.68,2026-09-26 09:53:48.038951
2284,1142,2.2,2026-09-20 06:53:48.038951
2285,1143,6.34,2026-09-17 09:53:48.038951
2286,1143,5.58,2026-09-27 06:53:48.038951
2287,1144,4.87,2026-09-19 09:53:48.038951
2288,1144,8.11,2026-09-18 06:53:48.038951
2289,1145,6.85,2026-09-19 09:53:48.038951
2290,1145,1.33,2026-09-18 06:53:48.038951
2291,1146,8.45,2026-09-15 09:53:48.038951
2292,1146,6.51,2026-09-23 06:53:48.038951
2293,1147,5.81,2026-09-18 09:53:48.038951
2294,1147,4.06,2026-09-22 06:53:48.038951
2295,1148,4.36,2026-09-26 09:53:48.038951
2296,1148,4.42,2026-09-21 06:53:48.038951
2297,1149,3.69,2026-09-14 09:53:48.038951
2298,1149,1.49,2026-09-16 06:53:48.038951
2299,1150,3.92,2026-09-16 09:53:48.038951
2300,1150,3.73,2026-09-21 06:53:48.038951
2301,1151,4.88,2026-09-14 09:53:48.038951
2302,1151,7.26,2026-09-15 06:53:48.038951
2303,1152,2.57,2026-09-23 09:53:48.038951
2304,1152,5.33,2026-09-17 06:53:48.038951
2305,1153,7.4,2026-09-19 09:53:48.038951
2306,1153,3.26,2026-09-17 06:53:48.038951
2307,1154,7.76,2026-09-14 09:53:48.038951
2308,1154,4.2,2026-09-27 06:53:48.038951
2309,1155,4.92,2026-09-20 09:53:48.038951
2310,1155,6.26,2026-09-26 06:53:48.038951
2311,1156,6.49,2026-09-25 09:53:48.038951
2312,1156,2.01,2026-09-18 06:53:48.038951
2313,1157,6.61,2026-09-17 09:53:48.038951
2314,1157,4.59,2026-09-22 06:53:48.038951
2315,1158,5.83,2026-09-22 09:53:48.038951
2316,1158,2.56,2026-09-16 06:53:48.038951
2317,1159,7.13,2026-09-26 09:53:48.038951
2318,1159,2.27,2026-09-27 06:53:48.038951
2319,1160,5.42,2026-09-14 09:53:48.038951
2320,1160,3.05,2026-09-27 06:53:48.038951
2321,1161,6.99,2026-09-17 09:53:48.038951
2322,1161,2.99,2026-09-15 06:53:48.038951
2323,1162,1.43,2026-09-24 09:53:48.038951
2324,1162,5.47,2026-09-20 06:53:48.038951
2325,1163,2.33,2026-09-16 09:53:48.038951
2326,1163,4.3,2026-09-20 06:53:48.038951
2327,1164,3.94,2026-09-14 09:53:48.038951
2328,1164,4.55,2026-09-21 06:53:48.038951
2329,1165,3.58,2026-09-21 09:53:48.038951
2330,1165,6.35,2026-09-27 06:53:48.038951
2331,1166,2.53,2026-09-14 09:53:48.038951
2332,1166,6.47,2026-09-25 06:53:48.038951
2333,1167,4.17,2026-09-16 09:53:48.038951
2334,1167,5.62,2026-09-14 06:53:48.038951
2335,1168,6.24,2026-09-27 09:53:48.038951
2336,1168,7.03,2026-09-24 06:53:48.038951
2337,1169,5.48,2026-09-25 09:53:48.038951
2338,1169,2.76,2026-09-14 06:53:48.038951
2339,1170,5.21,2026-09-26 09:53:48.038951
2340,1170,5.52,2026-09-20 06:53:48.038951
2341,1171,7.63,2026-09-21 09:53:48.038951
2342,1171,2.39,2026-09-21 06:53:48.038951
2343,1172,3.26,2026-09-24 09:53:48.038951
2344,1172,7.12,2026-09-16 06:53:48.038951
2345,1173,4.1,2026-09-16 09:53:48.038951
2346,1173,2.43,2026-09-18 06:53:48.038951
2347,1174,6.57,2026-09-13 09:53:48.038951
2348,1174,6.62,2026-09-15 06:53:48.038951
2349,1175,6.03,2026-09-19 09:53:48.038951
2350,1175,5.44,2026-09-16 06:53:48.038951
2351,1176,2.19,2026-09-17 09:53:48.038951
2352,1176,4.51,2026-09-15 06:53:48.038951
2353,1177,1.29,2026-09-16 09:53:48.038951
2354,1177,8.35,2026-09-19 06:53:48.038951
2355,1178,8.42,2026-09-14 09:53:48.038951
2356,1178,3.57,2026-09-13 06:53:48.038951
2357,1179,5.74,2026-09-19 09:53:48.038951
2358,1179,5.99,2026-09-26 06:53:48.038951
2359,1180,8.24,2026-09-25 09:53:48.038951
2360,1180,6.55,2026-09-20 06:53:48.038951
2361,1181,5.15,2026-09-17 09:53:48.038951
2362,1181,2.81,2026-09-14 06:53:48.038951
2363,1182,6.48,2026-09-15 09:53:48.038951
2364,1182,2.27,2026-09-19 06:53:48.038951
2365,1183,6.38,2026-09-15 09:53:48.038951
2366,1183,5.19,2026-09-22 06:53:48.038951
2367,1184,3.76,2026-09-13 09:53:48.038951
2368,1184,8.44,2026-09-16 06:53:48.038951
2369,1185,1.41,2026-09-24 09:53:48.038951
2370,1185,7.49,2026-09-27 06:53:48.038951
2371,1186,1.88,2026-09-27 09:53:48.038951
2372,1186,6.34,2026-09-19 06:53:48.038951
2373,1187,7.25,2026-09-18 09:53:48.038951
2374,1187,5.31,2026-09-25 06:53:48.038951
2375,1188,7.97,2026-09-26 09:53:48.038951
2376,1188,5.79,2026-09-22 06:53:48.038951
2377,1189,8.22,2026-09-24 09:53:48.038951
2378,1189,5.36,2026-09-16 06:53:48.038951
2379,1190,4.99,2026-09-17 09:53:48.038951
2380,1190,2.5,2026-09-17 06:53:48.038951
2381,1191,5.24,2026-09-16 09:53:48.038951
2382,1191,8.24,2026-09-25 06:53:48.038951
2383,1192,7.83,2026-09-17 09:53:48.038951
2384,1192,1.15,2026-09-14 06:53:48.038951
2385,1193,3.68,2026-09-24 09:53:48.038951
2386,1193,1.22,2026-09-18 06:53:48.038951
2387,1194,7.13,2026-09-26 09:53:48.038951
2388,1194,6.66,2026-09-23 06:53:48.038951
2389,1195,7.03,2026-09-21 09:53:48.038951
2390,1195,4.53,2026-09-26 06:53:48.038951
2391,1196,6.64,2026-09-18 09:53:48.038951
2392,1196,1.5,2026-09-21 06:53:48.038951
2393,1197,5.78,2026-09-15 09:53:48.038951
2394,1197,5.79,2026-09-25 06:53:48.038951
2395,1198,2.38,2026-09-18 09:53:48.038951
2396,1198,4.29,2026-09-21 06:53:48.038951
2397,1199,3.51,2026-09-13 09:53:48.038951
2398,1199,3.98,2026-09-15 06:53:48.038951
2399,1200,7.45,2026-09-24 09:53:48.038951
2400,1200,8.34,2026-09-16 06:53:48.038951
2401,1201,7.21,2026-09-19 09:53:48.038951
2402,1201,4.21,2026-09-20 06:53:48.038951
2403,1202,4.29,2026-09-27 09:53:48.038951
2404,1202,5.28,2026-09-17 06:53:48.038951
2405,1203,5.72,2026-09-22 09:53:48.038951
2406,1203,1.14,2026-09-25 06:53:48.038951
2407,1204,2.43,2026-09-23 09:53:48.038951
2408,1204,3.86,2026-09-13 06:53:48.038951
2409,1205,4.36,2026-09-17 09:53:48.038951
2410,1205,6.53,2026-09-15 06:53:48.038951
2411,1206,3.83,2026-09-27 09:53:48.038951
2412,1206,5.12,2026-09-13 06:53:48.038951
2413,1207,7.84,2026-09-22 09:53:48.038951
2414,1207,7.38,2026-09-22 06:53:48.038951
2415,1208,1.12,2026-09-27 09:53:48.038951
2416,1208,6.39,2026-09-19 06:53:48.038951
2417,1209,2.45,2026-09-23 09:53:48.038951
2418,1209,2.55,2026-09-25 06:53:48.038951
2419,1210,6.74,2026-09-25 09:53:48.038951
2420,1210,2.46,2026-09-14 06:53:48.038951
2421,1211,1.63,2026-09-17 09:53:48.038951
2422,1211,4.51,2026-09-13 06:53:48.038951
2423,1212,8.2,2026-09-22 09:53:48.038951
2424,1212,7.18,2026-09-27 06:53:48.038951
2425,1213,3.75,2026-09-26 09:53:48.038951
2426,1213,6.95,2026-09-25 06:53:48.038951
2427,1214,5.52,2026-09-17 09:53:48.038951
2428,1214,6.1,2026-09-26 06:53:48.038951
2429,1215,6.52,2026-09-13 09:53:48.038951
2430,1215,8.44,2026-09-21 06:53:48.038951
2431,1216,1.46,2026-09-17 09:53:48.038951
2432,1216,4.62,2026-09-17 06:53:48.038951
2433,1217,2.25,2026-09-13 09:53:48.038951
2434,1217,5.82,2026-09-14 06:53:48.038951
2435,1218,7.68,2026-09-19 09:53:48.038951
2436,1218,5.26,2026-09-14 06:53:48.038951
2437,1219,1.79,2026-09-21 09:53:48.038951
2438,1219,4.14,2026-09-13 06:53:48.038951
2439,1220,4.09,2026-09-27 09:53:48.038951
2440,1220,5.72,2026-09-21 06:53:48.038951
2441,1221,3.3,2026-09-24 09:53:48.038951
2442,1221,1.18,2026-09-22 06:53:48.038951
2443,1222,7.47,2026-09-24 09:53:48.038951
2444,1222,6.96,2026-09-22 06:53:48.038951
2445,1223,3.26,2026-09-26 09:53:48.038951
2446,1223,4.58,2026-09-23 06:53:48.038951
2447,1224,4.06,2026-09-19 09:53:48.038951
2448,1224,5.13,2026-09-20 06:53:48.038951
2449,1225,8.48,2026-09-20 09:53:48.038951
2450,1225,6.18,2026-09-24 06:53:48.038951
2451,1226,1.62,2026-09-19 09:53:48.038951
2452,1226,1.84,2026-09-14 06:53:48.038951
2453,1227,3.35,2026-09-25 09:53:48.038951
2454,1227,7.01,2026-09-23 06:53:48.038951
2455,1228,1.55,2026-09-16 09:53:48.038951
2456,1228,1.64,2026-09-16 06:53:48.038951
2457,1229,8.2,2026-09-24 09:53:48.038951
2458,1229,4.2,2026-09-27 06:53:48.038951
2459,1230,4.85,2026-09-19 09:53:48.038951
2460,1230,5.98,2026-09-18 06:53:48.038951
2461,1231,5.4,2026-09-21 09:53:48.038951
2462,1231,5.0,2026-09-18 06:53:48.038951
2463,1232,1.87,2026-09-24 09:53:48.038951
2464,1232,2.48,2026-09-15 06:53:48.038951
2465,1233,1.15,2026-09-27 09:53:48.038951
2466,1233,5.88,2026-09-21 06:53:48.038951
2467,1234,7.99,2026-09-23 09:53:48.038951
2468,1234,5.37,2026-09-24 06:53:48.038951
2469,1235,7.68,2026-09-14 09:53:48.038951
2470,1235,3.9,2026-09-16 06:53:48.038951
2471,1236,3.93,2026-09-15 09:53:48.038951
2472,1236,2.26,2026-09-24 06:53:48.038951
2473,1237,5.28,2026-09-25 09:53:48.038951
2474,1237,2.78,2026-09-21 06:53:48.038951
2475,1238,1.12,2026-09-24 09:53:48.038951
2476,1238,5.06,2026-09-24 06:53:48.038951
2477,1239,8.12,2026-09-25 09:53:48.038951
2478,1239,2.48,2026-09-25 06:53:48.038951
2479,1240,2.06,2026-09-16 09:53:48.038951
2480,1240,3.51,2026-09-16 06:53:48.038951
2481,1241,5.13,2026-09-21 09:53:48.038951
2482,1241,1.75,2026-09-25 06:53:48.038951
2483,1242,7.27,2026-09-20 09:53:48.038951
2484,1242,3.23,2026-09-16 06:53:48.038951
2485,1243,5.62,2026-09-26 09:53:48.038951
2486,1243,4.49,2026-09-13 06:53:48.038951
2487,1244,8.46,2026-09-24 09:53:48.038951
2488,1244,1.95,2026-09-24 06:53:48.038951
2489,1245,5.47,2026-09-20 09:53:48.038951
2490,1245,3.07,2026-09-24 06:53:48.038951
2491,1246,6.58,2026-09-23 09:53:48.038951
2492,1246,5.66,2026-09-22 06:53:48.038951
2493,1247,5.54,2026-09-21 09:53:48.038951
2494,1247,6.63,2026-09-26 06:53:48.038951
2495,1248,3.25,2026-09-23 09:53:48.038951
2496,1248,5.1,2026-09-20 06:53:48.038951
2497,1249,7.44,2026-09-23 09:53:48.038951
2498,1249,3.55,2026-09-22 06:53:48.038951
2499,1250,6.48,2026-09-23 09:53:48.038951
2500,1250,7.49,2026-09-19 06:53:48.038951
2501,1251,3.33,2026-09-22 09:53:48.038951
2502,1251,6.92,2026-09-15 06:53:48.038951
2503,1252,3.13,2026-09-23 09:53:48.038951
2504,1252,5.84,2026-09-17 06:53:48.038951
2505,1253,2.07,2026-09-14 09:53:48.038951
2506,1253,5.25,2026-09-15 06:53:48.038951
2507,1254,5.73,2026-09-20 09:53:48.038951
2508,1254,6.28,2026-09-20 06:53:48.038951
2509,1255,3.5,2026-09-16 09:53:48.038951
2510,1255,1.82,2026-09-25 06:53:48.038951
2511,1256,7.49,2026-09-25 09:53:48.038951
2512,1256,1.18,2026-09-22 06:53:48.038951
2513,1257,2.89,2026-09-23 09:53:48.038951
2514,1257,3.23,2026-09-16 06:53:48.038951
2515,1258,2.54,2026-09-24 09:53:48.038951
2516,1258,5.07,2026-09-18 06:53:48.038951
2517,1259,3.91,2026-09-14 09:53:48.038951
2518,1259,1.64,2026-09-15 06:53:48.038951
2519,1260,1.79,2026-09-23 09:53:48.038951
2520,1260,1.34,2026-09-15 06:53:48.038951
2521,1261,5.55,2026-09-23 09:53:48.038951
2522,1261,6.58,2026-09-20 06:53:48.038951
2523,1262,3.88,2026-09-21 09:53:48.038951
2524,1262,3.43,2026-09-22 06:53:48.038951
2525,1263,1.66,2026-09-19 09:53:48.038951
2526,1263,2.08,2026-09-27 06:53:48.038951
2527,1264,5.49,2026-09-16 09:53:48.038951
2528,1264,7.9,2026-09-16 06:53:48.038951
2529,1265,7.55,2026-09-26 09:53:48.038951
2530,1265,1.5,2026-09-16 06:53:48.038951
2531,1266,2.52,2026-09-20 09:53:48.038951
2532,1266,2.74,2026-09-24 06:53:48.038951
2533,1267,5.02,2026-09-22 09:53:48.038951
2534,1267,1.28,2026-09-15 06:53:48.038951
2535,1268,7.51,2026-09-14 09:53:48.038951
2536,1268,8.27,2026-09-20 06:53:48.038951
2537,1269,4.67,2026-09-20 09:53:48.038951
2538,1269,5.03,2026-09-23 06:53:48.038951
2539,1270,3.24,2026-09-15 09:53:48.038951
2540,1270,4.15,2026-09-14 06:53:48.038951
2541,1271,1.22,2026-09-14 09:53:48.038951
2542,1271,2.75,2026-09-20 06:53:48.038951
2543,1272,3.48,2026-09-18 09:53:48.038951
2544,1272,1.43,2026-09-23 06:53:48.038951
2545,1273,7.37,2026-09-14 09:53:48.038951
2546,1273,1.7,2026-09-15 06:53:48.038951
2547,1274,4.53,2026-09-27 09:53:48.038951
2548,1274,3.18,2026-09-24 06:53:48.038951
2549,1275,7.47,2026-09-27 09:53:48.038951
2550,1275,2.0,2026-09-21 06:53:48.038951
2551,1276,6.82,2026-09-22 09:53:48.038951
2552,1276,2.38,2026-09-21 06:53:48.038951
2553,1277,6.96,2026-09-19 09:53:48.038951
2554,1277,5.97,2026-09-27 06:53:48.038951
2555,1278,3.85,2026-09-13 09:53:48.038951
2556,1278,1.91,2026-09-20 06:53:48.038951
2557,1279,3.77,2026-09-14 09:53:48.038951
2558,1279,3.95,2026-09-24 06:53:48.038951
2559,1280,3.25,2026-09-26 09:53:48.038951
2560,1280,4.12,2026-09-26 06:53:48.038951
2561,1281,2.56,2026-09-25 09:53:48.038951
2562,1281,7.41,2026-09-26 06:53:48.038951
2563,1282,2.87,2026-09-14 09:53:48.038951
2564,1282,7.05,2026-09-24 06:53:48.038951
2565,1283,1.56,2026-09-16 09:53:48.038951
2566,1283,5.47,2026-09-15 06:53:48.038951
2567,1284,7.92,2026-09-16 09:53:48.038951
2568,1284,6.26,2026-09-17 06:53:48.038951
2569,1285,2.28,2026-09-26 09:53:48.038951
2570,1285,5.8,2026-09-25 06:53:48.038951
2571,1286,4.87,2026-09-20 09:53:48.038951
2572,1286,6.69,2026-09-23 06:53:48.038951
2573,1287,7.56,2026-09-21 09:53:48.038951
2574,1287,5.73,2026-09-26 06:53:48.038951
2575,1288,6.44,2026-09-26 09:53:48.038951
2576,1288,7.42,2026-09-23 06:53:48.038951
2577,1289,6.24,2026-09-20 09:53:48.038951
2578,1289,4.42,2026-09-23 06:53:48.038951
2579,1290,1.26,2026-09-20 09:53:48.038951
2580,1290,4.3,2026-09-14 06:53:48.038951
2581,1291,4.02,2026-09-22 09:53:48.038951
2582,1291,2.46,2026-09-13 06:53:48.038951
2583,1292,3.07,2026-09-19 09:53:48.038951
2584,1292,8.2,2026-09-27 06:53:48.038951
2585,1293,6.21,2026-09-20 09:53:48.038951
2586,1293,4.78,2026-09-17 06:53:48.038951
2587,1294,7.48,2026-09-25 09:53:48.038951
2588,1294,2.67,2026-09-24 06:53:48.038951
2589,1295,8.17,2026-09-19 09:53:48.038951
2590,1295,4.75,2026-09-26 06:53:48.038951
2591,1296,7.73,2026-09-25 09:53:48.038951
2592,1296,2.86,2026-09-21 06:53:48.038951
2593,1297,4.75,2026-09-20 09:53:48.038951
2594,1297,6.11,2026-09-20 06:53:48.038951
2595,1298,2.52,2026-09-25 09:53:48.038951
2596,1298,2.62,2026-09-17 06:53:48.038951
2597,1299,3.63,2026-09-27 09:53:48.038951
2598,1299,4.69,2026-09-24 06:53:48.038951
2599,1300,1.94,2026-09-22 09:53:48.038951
2600,1300,4.82,2026-09-19 06:53:48.038951
2601,1301,1.48,2026-09-19 09:53:48.038951
2602,1301,1.75,2026-09-24 06:53:48.038951
2603,1302,4.14,2026-09-18 09:53:48.038951
2604,1302,6.81,2026-09-13 06:53:48.038951
2605,1303,5.33,2026-09-21 09:53:48.038951
2606,1303,6.01,2026-09-24 06:53:48.038951
2607,1304,6.53,2026-09-23 09:53:48.038951
2608,1304,7.63,2026-09-14 06:53:48.038951
2609,1305,8.16,2026-09-27 09:53:48.038951
2610,1305,5.1,2026-09-21 06:53:48.038951
2611,1306,3.48,2026-09-18 09:53:48.038951
2612,1306,3.4,2026-09-16 06:53:48.038951
2613,1307,4.48,2026-09-13 09:53:48.038951
2614,1307,2.85,2026-09-19 06:53:48.038951
2615,1308,7.93,2026-09-18 09:53:48.038951
2616,1308,1.75,2026-09-14 06:53:48.038951
2617,1309,7.61,2026-09-22 09:53:48.038951
2618,1309,5.91,2026-09-13 06:53:48.038951
2619,1310,5.63,2026-09-23 09:53:48.038951
2620,1310,2.23,2026-09-14 06:53:48.038951
2621,1311,7.54,2026-09-25 09:53:48.038951
2622,1311,1.77,2026-09-16 06:53:48.038951
2623,1312,4.29,2026-09-24 09:53:48.038951
2624,1312,5.76,2026-09-21 06:53:48.038951
2625,1313,4.08,2026-09-13 09:53:48.038951
2626,1313,5.1,2026-09-14 06:53:48.038951
2627,1314,3.3,2026-09-24 09:53:48.038951
2628,1314,7.38,2026-09-25 06:53:48.038951
2629,1315,4.64,2026-09-23 09:53:48.038951
2630,1315,1.33,2026-09-17 06:53:48.038951
2631,1316,1.88,2026-09-14 09:53:48.038951
2632,1316,6.31,2026-09-17 06:53:48.038951
2633,1317,7.89,2026-09-27 09:53:48.038951
2634,1317,1.16,2026-09-23 06:53:48.038951
2635,1318,6.08,2026-09-20 09:53:48.038951
2636,1318,2.82,2026-09-14 06:53:48.038951
2637,1319,1.97,2026-09-19 09:53:48.038951
2638,1319,5.89,2026-09-13 06:53:48.038951
2639,1320,3.82,2026-09-21 09:53:48.038951
2640,1320,5.35,2026-09-17 06:53:48.038951
2641,1321,1.36,2026-09-23 09:53:48.038951
2642,1321,3.05,2026-09-21 06:53:48.038951
2643,1322,7.4,2026-09-26 09:53:48.038951
2644,1322,1.28,2026-09-16 06:53:48.038951
2645,1323,6.34,2026-09-26 09:53:48.038951
2646,1323,8.1,2026-09-13 06:53:48.038951
2647,1324,3.18,2026-09-22 09:53:48.038951
2648,1324,7.53,2026-09-18 06:53:48.038951
2649,1325,3.04,2026-09-23 09:53:48.038951
2650,1325,6.98,2026-09-22 06:53:48.038951
2651,1326,8.12,2026-09-25 09:53:48.038951
2652,1326,1.59,2026-09-24 06:53:48.038951
2653,1327,5.98,2026-09-26 09:53:48.038951
2654,1327,6.18,2026-09-21 06:53:48.038951
2655,1328,1.64,2026-09-22 09:53:48.038951
2656,1328,2.82,2026-09-26 06:53:48.038951
2657,1329,4.11,2026-09-24 09:53:48.038951
2658,1329,5.11,2026-09-25 06:53:48.038951
2659,1330,3.95,2026-09-21 09:53:48.038951
2660,1330,6.76,2026-09-21 06:53:48.038951
2661,1331,4.2,2026-09-13 09:53:48.038951
2662,1331,5.52,2026-09-15 06:53:48.038951
2663,1332,7.6,2026-09-25 09:53:48.038951
2664,1332,3.04,2026-09-19 06:53:48.038951
2665,1333,5.81,2026-09-26 09:53:48.038951
2666,1333,5.32,2026-09-24 06:53:48.038951
2667,1334,5.54,2026-09-21 09:53:48.038951
2668,1334,2.55,2026-09-13 06:53:48.038951
2669,1335,2.85,2026-09-13 09:53:48.038951
2670,1335,6.01,2026-09-19 06:53:48.038951
2671,1336,1.57,2026-09-17 09:53:48.038951
2672,1336,1.2,2026-09-25 06:53:48.038951
2673,1337,6.58,2026-09-17 09:53:48.038951
2674,1337,3.68,2026-09-20 06:53:48.038951
2675,1338,4.51,2026-09-20 09:53:48.038951
2676,1338,8.19,2026-09-22 06:53:48.038951
2677,1339,6.17,2026-09-18 09:53:48.038951
2678,1339,6.19,2026-09-13 06:53:48.038951
2679,1340,7.52,2026-09-13 09:53:48.038951
2680,1340,1.73,2026-09-25 06:53:48.038951
2681,1341,8.43,2026-09-14 09:53:48.038951
2682,1341,3.6,2026-09-23 06:53:48.038951
2683,1342,7.45,2026-09-21 09:53:48.038951
2684,1342,7.46,2026-09-22 06:53:48.038951
2685,1343,5.49,2026-09-25 09:53:48.038951
2686,1343,6.91,2026-09-21 06:53:48.038951
2687,1344,1.42,2026-09-13 09:53:48.038951
2688,1344,4.55,2026-09-20 06:53:48.038951
2689,1345,4.94,2026-09-14 09:53:48.038951
2690,1345,5.25,2026-09-13 06:53:48.038951
2691,1346,7.31,2026-09-25 09:53:48.038951
2692,1346,7.78,2026-09-18 06:53:48.038951
2693,1347,7.15,2026-09-24 09:53:48.038951
2694,1347,2.88,2026-09-27 06:53:48.038951
2695,1348,5.99,2026-09-23 09:53:48.038951
2696,1348,7.6,2026-09-17 06:53:48.038951
2697,1349,7.74,2026-09-15 09:53:48.038951
2698,1349,3.18,2026-09-16 06:53:48.038951
2699,1350,7.95,2026-09-22 09:53:48.038951
2700,1350,6.38,2026-09-27 06:53:48.038951
2701,1351,7.99,2026-09-16 09:53:48.038951
2702,1351,7.05,2026-09-18 06:53:48.038951
2703,1352,1.22,2026-09-19 09:53:48.038951
2704,1352,1.89,2026-09-16 06:53:48.038951
2705,1353,7.74,2026-09-23 09:53:48.038951
2706,1353,2.66,2026-09-15 06:53:48.038951
2707,1354,4.31,2026-09-13 09:53:48.038951
2708,1354,5.37,2026-09-19 06:53:48.038951
2709,1355,1.23,2026-09-25 09:53:48.038951
2710,1355,4.92,2026-09-25 06:53:48.038951
2711,1356,2.26,2026-09-27 09:53:48.038951
2712,1356,6.82,2026-09-27 06:53:48.038951
2713,1357,5.62,2026-09-24 09:53:48.038951
2714,1357,2.2,2026-09-16 06:53:48.038951
2715,1358,2.35,2026-09-16 09:53:48.038951
2716,1358,6.8,2026-09-25 06:53:48.038951
2717,1359,5.94,2026-09-25 09:53:48.038951
2718,1359,6.95,2026-09-20 06:53:48.038951
2719,1360,6.52,2026-09-26 09:53:48.038951
2720,1360,4.82,2026-09-23 06:53:48.038951
2721,1361,5.83,2026-09-26 09:53:48.038951
2722,1361,7.23,2026-09-22 06:53:48.038951
2723,1362,3.46,2026-09-13 09:53:48.038951
2724,1362,7.98,2026-09-18 06:53:48.038951
2725,1363,4.11,2026-09-16 09:53:48.038951
2726,1363,4.7,2026-09-20 06:53:48.038951
2727,1364,3.82,2026-09-21 09:53:48.038951
2728,1364,1.52,2026-09-24 06:53:48.038951
2729,1365,1.61,2026-09-13 09:53:48.038951
2730,1365,2.13,2026-09-18 06:53:48.038951
2731,1366,3.91,2026-09-13 09:53:48.038951
2732,1366,8.22,2026-09-18 06:53:48.038951
2733,1367,6.54,2026-09-18 09:53:48.038951
2734,1367,6.72,2026-09-26 06:53:48.038951
2735,1368,3.84,2026-09-19 09:53:48.038951
2736,1368,4.64,2026-09-18 06:53:48.038951
2737,1369,5.42,2026-09-15 09:53:48.038951
2738,1369,7.56,2026-09-19 06:53:48.038951
2739,1370,8.08,2026-09-27 09:53:48.038951
2740,1370,5.64,2026-09-20 06:53:48.038951
2741,1371,3.84,2026-09-24 09:53:48.038951
2742,1371,2.76,2026-09-26 06:53:48.038951
2743,1372,7.9,2026-09-27 09:53:48.038951
2744,1372,4.86,2026-09-21 06:53:48.038951
2745,1373,4.11,2026-09-15 09:53:48.038951
2746,1373,2.63,2026-09-18 06:53:48.038951
2747,1374,4.69,2026-09-20 09:53:48.038951
2748,1374,7.43,2026-09-21 06:53:48.038951
2749,1375,6.59,2026-09-22 09:53:48.038951
2750,1375,5.94,2026-09-24 06:53:48.038951
2751,1376,8.45,2026-09-26 09:53:48.038951
2752,1376,7.2,2026-09-26 06:53:48.038951
2753,1377,4.08,2026-09-18 09:53:48.038951
2754,1377,6.5,2026-09-27 06:53:48.038951
2755,1378,1.35,2026-09-24 09:53:48.038951
2756,1378,1.15,2026-09-24 06:53:48.038951
2757,1379,4.42,2026-09-16 09:53:48.038951
2758,1379,4.06,2026-09-24 06:53:48.038951
2759,1380,4.89,2026-09-26 09:53:48.038951
2760,1380,4.23,2026-09-22 06:53:48.038951
2761,1381,5.87,2026-09-19 09:53:48.038951
2762,1381,1.37,2026-09-20 06:53:48.038951
2763,1382,6.09,2026-09-20 09:53:48.038951
2764,1382,4.9,2026-09-26 06:53:48.038951
2765,1383,8.41,2026-09-26 09:53:48.038951
2766,1383,7.79,2026-09-13 06:53:48.038951
2767,1384,3.69,2026-09-17 09:53:48.038951
2768,1384,2.56,2026-09-20 06:53:48.038951
2769,1385,2.84,2026-09-24 09:53:48.038951
2770,1385,2.47,2026-09-25 06:53:48.038951
2771,1386,7.67,2026-09-18 09:53:48.038951
2772,1386,1.14,2026-09-18 06:53:48.038951
2773,1387,2.67,2026-09-20 09:53:48.038951
2774,1387,6.23,2026-09-13 06:53:48.038951
2775,1388,2.26,2026-09-23 09:53:48.038951
2776,1388,4.48,2026-09-16 06:53:48.038951
2777,1389,6.58,2026-09-14 09:53:48.038951
2778,1389,4.73,2026-09-15 06:53:48.038951
2779,1390,1.44,2026-09-16 09:53:48.038951
2780,1390,5.24,2026-09-16 06:53:48.038951
2781,1391,3.64,2026-09-21 09:53:48.038951
2782,1391,7.97,2026-09-24 06:53:48.038951
2783,1392,2.86,2026-09-25 09:53:48.038951
2784,1392,5.54,2026-09-20 06:53:48.038951
2785,1393,4.27,2026-09-23 09:53:48.038951
2786,1393,7.44,2026-09-27 06:53:48.038951
2787,1394,4.13,2026-09-25 09:53:48.038951
2788,1394,4.27,2026-09-20 06:53:48.038951
2789,1395,8.42,2026-09-20 09:53:48.038951
2790,1395,1.2,2026-09-18 06:53:48.038951
2791,1396,1.18,2026-09-21 09:53:48.038951
2792,1396,4.47,2026-09-18 06:53:48.038951
2793,1397,2.4,2026-09-22 09:53:48.038951
2794,1397,2.45,2026-09-19 06:53:48.038951
2795,1398,6.97,2026-09-19 09:53:48.038951
2796,1398,2.34,2026-09-19 06:53:48.038951
2797,1399,5.39,2026-09-17 09:53:48.038951
2798,1399,7.05,2026-09-14 06:53:48.038951
2799,1400,5.84,2026-09-14 09:53:48.038951
2800,1400,6.18,2026-09-15 06:53:48.038951
2801,1401,7.78,2026-09-21 09:53:48.038951
2802,1401,3.45,2026-09-19 06:53:48.038951
2803,1402,6.42,2026-09-21 09:53:48.038951
2804,1402,7.36,2026-09-21 06:53:48.038951
2805,1403,8.31,2026-09-27 09:53:48.038951
2806,1403,7.77,2026-09-18 06:53:48.038951
2807,1404,7.32,2026-09-27 09:53:48.038951
2808,1404,2.46,2026-09-22 06:53:48.038951
2809,1405,4.77,2026-09-27 09:53:48.038951
2810,1405,5.75,2026-09-25 06:53:48.038951
2811,1406,3.96,2026-09-15 09:53:48.038951
2812,1406,7.05,2026-09-24 06:53:48.038951
2813,1407,4.96,2026-09-21 09:53:48.038951
2814,1407,2.91,2026-09-23 06:53:48.038951
2815,1408,3.47,2026-09-14 09:53:48.038951
2816,1408,3.78,2026-09-15 06:53:48.038951
2817,1409,3.49,2026-09-18 09:53:48.038951
2818,1409,6.52,2026-09-21 06:53:48.038951
2819,1410,5.79,2026-09-21 09:53:48.038951
2820,1410,5.19,2026-09-21 06:53:48.038951
2821,1411,2.49,2026-09-14 09:53:48.038951
2822,1411,5.1,2026-09-26 06:53:48.038951
2823,1412,1.9,2026-09-22 09:53:48.038951
2824,1412,4.63,2026-09-23 06:53:48.038951
2825,1413,8.35,2026-09-20 09:53:48.038951
2826,1413,4.68,2026-09-24 06:53:48.038951
2827,1414,4.56,2026-09-21 09:53:48.038951
2828,1414,5.38,2026-09-21 06:53:48.038951
2829,1415,7.23,2026-09-15 09:53:48.038951
2830,1415,5.8,2026-09-14 06:53:48.038951
2831,1416,8.28,2026-09-16 09:53:48.038951
2832,1416,5.04,2026-09-19 06:53:48.038951
2833,1417,1.93,2026-09-13 09:53:48.038951
2834,1417,1.96,2026-09-14 06:53:48.038951
2835,1418,2.38,2026-09-26 09:53:48.038951
2836,1418,4.69,2026-09-23 06:53:48.038951
2837,1419,7.02,2026-09-26 09:53:48.038951
2838,1419,3.36,2026-09-22 06:53:48.038951
2839,1420,7.39,2026-09-13 09:53:48.038951
2840,1420,1.28,2026-09-17 06:53:48.038951
2841,1421,6.03,2026-09-17 09:53:48.038951
2842,1421,2.93,2026-09-25 06:53:48.038951
2843,1422,5.05,2026-09-14 09:53:48.038951
2844,1422,1.41,2026-09-24 06:53:48.038951
2845,1423,7.94,2026-09-17 09:53:48.038951
2846,1423,1.92,2026-09-24 06:53:48.038951
2847,1424,5.78,2026-09-19 09:53:48.038951
2848,1424,1.81,2026-09-15 06:53:48.038951
2849,1425,5.31,2026-09-22 09:53:48.038951
2850,1425,8.39,2026-09-21 06:53:48.038951
2851,1426,3.43,2026-09-21 09:53:48.038951
2852,1426,6.91,2026-09-20 06:53:48.038951
2853,1427,6.86,2026-09-17 09:53:48.038951
2854,1427,2.63,2026-09-21 06:53:48.038951
2855,1428,6.02,2026-09-24 09:53:48.038951
2856,1428,7.73,2026-09-16 06:53:48.038951
2857,1429,2.85,2026-09-21 09:53:48.038951
2858,1429,7.78,2026-09-16 06:53:48.038951
2859,1430,1.57,2026-09-27 09:53:48.038951
2860,1430,6.35,2026-09-27 06:53:48.038951
2861,1431,8.46,2026-09-15 09:53:48.038951
2862,1431,2.98,2026-09-23 06:53:48.038951
2863,1432,7.9,2026-09-26 09:53:48.038951
2864,1432,6.86,2026-09-13 06:53:48.038951
2865,1433,3.01,2026-09-27 09:53:48.038951
2866,1433,2.75,2026-09-21 06:53:48.038951
2867,1434,1.22,2026-09-17 09:53:48.038951
2868,1434,7.83,2026-09-15 06:53:48.038951
2869,1435,7.29,2026-09-23 09:53:48.038951
2870,1435,7.28,2026-09-18 06:53:48.038951
2871,1436,3.54,2026-09-27 09:53:48.038951
2872,1436,4.53,2026-09-19 06:53:48.038951
2873,1437,6.68,2026-09-19 09:53:48.038951
2874,1437,3.08,2026-09-13 06:53:48.038951
2875,1438,4.96,2026-09-24 09:53:48.038951
2876,1438,4.7,2026-09-14 06:53:48.038951
2877,1439,7.69,2026-09-21 09:53:48.038951
2878,1439,5.45,2026-09-23 06:53:48.038951
2879,1440,7.48,2026-09-21 09:53:48.038951
2880,1440,5.08,2026-09-25 06:53:48.038951
2881,1441,8.27,2026-09-22 09:53:48.038951
2882,1441,5.28,2026-09-24 06:53:48.038951
2883,1442,5.29,2026-09-18 09:53:48.038951
2884,1442,5.17,2026-09-23 06:53:48.038951
2885,1443,4.67,2026-09-13 09:53:48.038951
2886,1443,2.25,2026-09-19 06:53:48.038951
2887,1444,2.31,2026-09-15 09:53:48.038951
2888,1444,4.36,2026-09-16 06:53:48.038951
2889,1445,2.16,2026-09-14 09:53:48.038951
2890,1445,7.99,2026-09-15 06:53:48.038951
2891,1446,7.71,2026-09-24 09:53:48.038951
2892,1446,6.18,2026-09-16 06:53:48.038951
2893,1447,7.0,2026-09-22 09:53:48.038951
2894,1447,1.8,2026-09-19 06:53:48.038951
2895,1448,3.17,2026-09-17 09:53:48.038951
2896,1448,1.55,2026-09-17 06:53:48.038951
2897,1449,6.8,2026-09-15 09:53:48.038951
2898,1449,7.1,2026-09-15 06:53:48.038951
2899,1450,5.25,2026-09-25 09:53:48.038951
2900,1450,4.06,2026-09-17 06:53:48.038951
2901,1451,7.87,2026-09-20 09:53:48.038951
2902,1451,2.13,2026-09-19 06:53:48.038951
2903,1452,8.19,2026-09-15 09:53:48.038951
2904,1452,7.38,2026-09-18 06:53:48.038951
2905,1453,4.54,2026-09-13 09:53:48.038951
2906,1453,3.33,2026-09-22 06:53:48.038951
2907,1454,6.85,2026-09-21 09:53:48.038951
2908,1454,3.7,2026-09-27 06:53:48.038951
2909,1455,2.54,2026-09-19 09:53:48.038951
2910,1455,7.76,2026-09-19 06:53:48.038951
2911,1456,3.53,2026-09-27 09:53:48.038951
2912,1456,1.18,2026-09-18 06:53:48.038951
2913,1457,4.64,2026-09-27 09:53:48.038951
2914,1457,4.78,2026-09-19 06:53:48.038951
2915,1458,2.16,2026-09-19 09:53:48.038951
2916,1458,8.21,2026-09-22 06:53:48.038951
2917,1459,4.57,2026-09-22 09:53:48.038951
2918,1459,7.68,2026-09-19 06:53:48.038951
2919,1460,8.42,2026-09-14 09:53:48.038951
2920,1460,7.54,2026-09-23 06:53:48.038951
2921,1461,7.45,2026-09-26 09:53:48.038951
2922,1461,5.86,2026-09-24 06:53:48.038951
2923,1462,4.48,2026-09-13 09:53:48.038951
2924,1462,4.13,2026-09-25 06:53:48.038951
2925,1463,7.23,2026-09-14 09:53:48.038951
2926,1463,8.46,2026-09-19 06:53:48.038951
2927,1464,8.23,2026-09-21 09:53:48.038951
2928,1464,3.14,2026-09-23 06:53:48.038951
2929,1465,3.59,2026-09-21 09:53:48.038951
2930,1465,2.71,2026-09-22 06:53:48.038951
2931,1466,2.62,2026-09-13 09:53:48.038951
2932,1466,3.43,2026-09-15 06:53:48.038951
2933,1467,2.84,2026-09-17 09:53:48.038951
2934,1467,6.53,2026-09-16 06:53:48.038951
2935,1468,6.46,2026-09-23 09:53:48.038951
2936,1468,3.54,2026-09-16 06:53:48.038951
2937,1469,2.23,2026-09-26 09:53:48.038951
2938,1469,2.42,2026-09-13 06:53:48.038951
2939,1470,8.47,2026-09-21 09:53:48.038951
2940,1470,4.27,2026-09-19 06:53:48.038951
2941,1471,6.13,2026-09-19 09:53:48.038951
2942,1471,7.66,2026-09-14 06:53:48.038951
2943,1472,7.02,2026-09-14 09:53:48.038951
2944,1472,2.48,2026-09-13 06:53:48.038951
2945,1473,5.82,2026-09-25 09:53:48.038951
2946,1473,1.89,2026-09-19 06:53:48.038951
2947,1474,3.44,2026-09-27 09:53:48.038951
2948,1474,8.5,2026-09-23 06:53:48.038951
2949,1475,8.48,2026-09-20 09:53:48.038951
2950,1475,4.1,2026-09-13 06:53:48.038951
2951,1476,3.15,2026-09-27 09:53:48.038951
2952,1476,3.49,2026-09-17 06:53:48.038951
2953,1477,3.76,2026-09-23 09:53:48.038951
2954,1477,5.88,2026-09-15 06:53:48.038951
2955,1478,5.9,2026-09-18 09:53:48.038951
2956,1478,4.55,2026-09-20 06:53:48.038951
2957,1479,6.14,2026-09-27 09:53:48.038951
2958,1479,6.41,2026-09-14 06:53:48.038951
2959,1480,1.79,2026-09-25 09:53:48.038951
2960,1480,5.23,2026-09-21 06:53:48.038951
2961,1481,4.05,2026-09-18 09:53:48.038951
2962,1481,6.44,2026-09-25 06:53:48.038951
2963,1482,2.65,2026-09-15 09:53:48.038951
2964,1482,2.06,2026-09-19 06:53:48.038951
2965,1483,1.61,2026-09-18 09:53:48.038951
2966,1483,7.41,2026-09-16 06:53:48.038951
2967,1484,5.06,2026-09-27 09:53:48.038951
2968,1484,1.9,2026-09-27 06:53:48.038951
2969,1485,6.35,2026-09-15 09:53:48.038951
2970,1485,7.54,2026-09-20 06:53:48.038951
2971,1486,1.59,2026-09-23 09:53:48.038951
2972,1486,6.27,2026-09-26 06:53:48.038951
2973,1487,6.45,2026-09-16 09:53:48.038951
2974,1487,1.53,2026-09-19 06:53:48.038951
2975,1488,3.37,2026-09-27 09:53:48.038951
2976,1488,4.87,2026-09-22 06:53:48.038951
2977,1489,7.44,2026-09-25 09:53:48.038951
2978,1489,3.98,2026-09-27 06:53:48.038951
2979,1490,6.91,2026-09-27 09:53:48.038951
2980,1490,6.27,2026-09-13 06:53:48.038951
2981,1491,1.49,2026-09-19 09:53:48.038951
2982,1491,6.35,2026-09-19 06:53:48.038951
2983,1492,3.42,2026-09-20 09:53:48.038951
2984,1492,8.19,2026-09-19 06:53:48.038951
2985,1493,5.7,2026-09-13 09:53:48.038951
2986,1493,6.48,2026-09-17 06:53:48.038951
2987,1494,6.81,2026-09-15 09:53:48.038951
2988,1494,5.92,2026-09-20 06:53:48.038951
2989,1495,4.74,2026-09-14 09:53:48.038951
2990,1495,5.43,2026-09-15 06:53:48.038951
2991,1496,6.8,2026-09-15 09:53:48.038951
2992,1496,4.91,2026-09-19 06:53:48.038951
2993,1497,3.88,2026-09-23 09:53:48.038951
2994,1497,5.33,2026-09-24 06:53:48.038951
2995,1498,7.66,2026-09-13 09:53:48.038951
2996,1498,7.57,2026-09-17 06:53:48.038951
2997,1499,5.47,2026-09-21 09:53:48.038951
2998,1499,4.43,2026-09-15 06:53:48.038951
2999,1500,4.25,2026-09-13 09:53:48.038951
3000,1500,8.41,2026-09-19 06:53:48.038951
3001,1501,7.41,2026-09-17 09:53:48.038951
3002,1501,5.07,2026-09-14 06:53:48.038951
3003,1502,2.75,2026-09-24 09:53:48.038951
3004,1502,7.83,2026-09-19 06:53:48.038951
3005,1503,2.14,2026-09-18 09:53:48.038951
3006,1503,1.12,2026-09-17 06:53:48.038951
3007,1504,7.36,2026-09-20 09:53:48.038951
3008,1504,6.84,2026-09-23 06:53:48.038951
3009,1505,3.98,2026-09-21 09:53:48.038951
3010,1505,7.35,2026-09-21 06:53:48.038951
3011,1506,8.17,2026-09-17 09:53:48.038951
3012,1506,7.3,2026-09-21 06:53:48.038951
3013,1507,2.35,2026-09-25 09:53:48.038951
3014,1507,7.99,2026-09-22 06:53:48.038951
3015,1508,1.75,2026-09-27 09:53:48.038951
3016,1508,6.1,2026-09-24 06:53:48.038951
3017,1509,6.95,2026-09-26 09:53:48.038951
3018,1509,5.12,2026-09-24 06:53:48.038951
3019,1510,1.97,2026-09-25 09:53:48.038951
3020,1510,6.33,2026-09-23 06:53:48.038951
3021,1511,6.76,2026-09-23 09:53:48.038951
3022,1511,7.25,2026-09-18 06:53:48.038951
3023,1512,7.25,2026-09-20 09:53:48.038951
3024,1512,7.13,2026-09-26 06:53:48.038951
3025,1513,5.32,2026-09-26 09:53:48.038951
3026,1513,5.77,2026-09-20 06:53:48.038951
3027,1514,3.62,2026-09-24 09:53:48.038951
3028,1514,1.91,2026-09-15 06:53:48.038951
3029,1515,8.19,2026-09-24 09:53:48.038951
3030,1515,3.68,2026-09-16 06:53:48.038951
3031,1516,1.82,2026-09-23 09:53:48.038951
3032,1516,7.19,2026-09-17 06:53:48.038951
3033,1517,2.34,2026-09-23 09:53:48.038951
3034,1517,7.16,2026-09-27 06:53:48.038951
3035,1518,4.84,2026-09-25 09:53:48.038951
3036,1518,1.6,2026-09-14 06:53:48.038951
3037,1519,3.43,2026-09-17 09:53:48.038951
3038,1519,4.92,2026-09-19 06:53:48.038951
3039,1520,6.81,2026-09-15 09:53:48.038951
3040,1520,6.87,2026-09-20 06:53:48.038951
3041,1521,2.72,2026-09-20 09:53:48.038951
3042,1521,4.34,2026-09-19 06:53:48.038951
3043,1522,3.1,2026-09-27 09:53:48.038951
3044,1522,7.2,2026-09-20 06:53:48.038951
3045,1523,7.48,2026-09-26 09:53:48.038951
3046,1523,1.68,2026-09-17 06:53:48.038951
3047,1524,4.85,2026-09-22 09:53:48.038951
3048,1524,5.72,2026-09-18 06:53:48.038951
3049,1525,6.18,2026-09-22 09:53:48.038951
3050,1525,2.97,2026-09-14 06:53:48.038951
3051,1526,2.33,2026-09-22 09:53:48.038951
3052,1526,4.27,2026-09-23 06:53:48.038951
3053,1527,7.6,2026-09-18 09:53:48.038951
3054,1527,2.05,2026-09-17 06:53:48.038951
3055,1528,7.34,2026-09-15 09:53:48.038951
3056,1528,2.65,2026-09-22 06:53:48.038951
3057,1529,6.29,2026-09-25 09:53:48.038951
3058,1529,4.65,2026-09-23 06:53:48.038951
3059,1530,2.28,2026-09-27 09:53:48.038951
3060,1530,1.57,2026-09-14 06:53:48.038951
3061,1531,4.12,2026-09-19 09:53:48.038951
3062,1531,7.03,2026-09-20 06:53:48.038951
3063,1532,3.13,2026-09-26 09:53:48.038951
3064,1532,5.19,2026-09-16 06:53:48.038951
3065,1533,5.15,2026-09-23 09:53:48.038951
3066,1533,8.31,2026-09-14 06:53:48.038951
3067,1534,6.06,2026-09-17 09:53:48.038951
3068,1534,5.53,2026-09-26 06:53:48.038951
3069,1535,7.15,2026-09-18 09:53:48.038951
3070,1535,2.96,2026-09-20 06:53:48.038951
3071,1536,2.82,2026-09-23 09:53:48.038951
3072,1536,7.45,2026-09-21 06:53:48.038951
3073,1537,5.62,2026-09-19 09:53:48.038951
3074,1537,2.56,2026-09-14 06:53:48.038951
3075,1538,4.05,2026-09-22 09:53:48.038951
3076,1538,1.81,2026-09-26 06:53:48.038951
3077,1539,3.38,2026-09-23 09:53:48.038951
3078,1539,8.05,2026-09-27 06:53:48.038951
3079,1540,3.34,2026-09-24 09:53:48.038951
3080,1540,5.81,2026-09-24 06:53:48.038951
3081,1541,2.47,2026-09-19 09:53:48.038951
3082,1541,2.27,2026-09-19 06:53:48.038951
3083,1542,2.57,2026-09-22 09:53:48.038951
3084,1542,5.43,2026-09-16 06:53:48.038951
3085,1543,2.84,2026-09-22 09:53:48.038951
3086,1543,2.2,2026-09-16 06:53:48.038951
3087,1544,7.12,2026-09-21 09:53:48.038951
3088,1544,8.38,2026-09-25 06:53:48.038951
3089,1545,6.89,2026-09-26 09:53:48.038951
3090,1545,2.37,2026-09-13 06:53:48.038951
3091,1546,4.61,2026-09-14 09:53:48.038951
3092,1546,6.04,2026-09-21 06:53:48.038951
3093,1547,5.0,2026-09-27 09:53:48.038951
3094,1547,2.35,2026-09-22 06:53:48.038951
3095,1548,7.82,2026-09-15 09:53:48.038951
3096,1548,6.06,2026-09-27 06:53:48.038951
3097,1549,5.41,2026-09-16 09:53:48.038951
3098,1549,4.97,2026-09-25 06:53:48.038951
3099,1550,1.47,2026-09-16 09:53:48.038951
3100,1550,3.87,2026-09-13 06:53:48.038951
3101,1551,6.04,2026-09-16 09:53:48.038951
3102,1551,1.43,2026-09-24 06:53:48.038951
3103,1552,5.17,2026-09-26 09:53:48.038951
3104,1552,5.48,2026-09-16 06:53:48.038951
3105,1553,3.15,2026-09-25 09:53:48.038951
3106,1553,7.13,2026-09-25 06:53:48.038951
3107,1554,5.96,2026-09-22 09:53:48.038951
3108,1554,6.39,2026-09-27 06:53:48.038951
3109,1555,2.34,2026-09-26 09:53:48.038951
3110,1555,7.29,2026-09-21 06:53:48.038951
3111,1556,6.29,2026-09-13 09:53:48.038951
3112,1556,5.54,2026-09-14 06:53:48.038951
3113,1557,3.58,2026-09-17 09:53:48.038951
3114,1557,3.6,2026-09-23 06:53:48.038951
3115,1558,2.31,2026-09-27 09:53:48.038951
3116,1558,1.76,2026-09-26 06:53:48.038951
3117,1559,1.92,2026-09-21 09:53:48.038951
3118,1559,7.25,2026-09-13 06:53:48.038951
3119,1560,6.74,2026-09-13 09:53:48.038951
3120,1560,2.2,2026-09-20 06:53:48.038951
3121,1561,7.76,2026-09-26 09:53:48.038951
3122,1561,6.13,2026-09-21 06:53:48.038951
3123,1562,2.85,2026-09-20 09:53:48.038951
3124,1562,4.16,2026-09-16 06:53:48.038951
3125,1563,8.44,2026-09-24 09:53:48.038951
3126,1563,5.09,2026-09-18 06:53:48.038951
3127,1564,1.15,2026-09-18 09:53:48.038951
3128,1564,7.26,2026-09-22 06:53:48.038951
3129,1565,8.07,2026-09-27 09:53:48.038951
3130,1565,7.22,2026-09-17 06:53:48.038951
3131,1566,5.14,2026-09-15 09:53:48.038951
3132,1566,3.23,2026-09-13 06:53:48.038951
3133,1567,7.61,2026-09-27 09:53:48.038951
3134,1567,7.38,2026-09-18 06:53:48.038951
3135,1568,3.38,2026-09-19 09:53:48.038951
3136,1568,2.94,2026-09-25 06:53:48.038951
3137,1569,3.99,2026-09-24 09:53:48.038951
3138,1569,1.81,2026-09-13 06:53:48.038951
3139,1570,2.58,2026-09-16 09:53:48.038951
3140,1570,5.11,2026-09-14 06:53:48.038951
3141,1571,4.08,2026-09-16 09:53:48.038951
3142,1571,7.94,2026-09-24 06:53:48.038951
3143,1572,6.59,2026-09-25 09:53:48.038951
3144,1572,2.73,2026-09-20 06:53:48.038951
3145,1573,3.11,2026-09-13 09:53:48.038951
3146,1573,3.77,2026-09-16 06:53:48.038951
3147,1574,6.86,2026-09-13 09:53:48.038951
3148,1574,4.51,2026-09-22 06:53:48.038951
3149,1575,3.71,2026-09-16 09:53:48.038951
3150,1575,5.76,2026-09-23 06:53:48.038951
3151,1576,3.28,2026-09-26 09:53:48.038951
3152,1576,6.62,2026-09-26 06:53:48.038951
3153,1577,5.97,2026-09-15 09:53:48.038951
3154,1577,4.82,2026-09-19 06:53:48.038951
3155,1578,2.02,2026-09-25 09:53:48.038951
3156,1578,8.49,2026-09-16 06:53:48.038951
3157,1579,6.17,2026-09-16 09:53:48.038951
3158,1579,2.5,2026-09-19 06:53:48.038951
3159,1580,2.4,2026-09-25 09:53:48.038951
3160,1580,4.71,2026-09-16 06:53:48.038951
3161,1581,6.86,2026-09-25 09:53:48.038951
3162,1581,8.15,2026-09-14 06:53:48.038951
3163,1582,2.53,2026-09-26 09:53:48.038951
3164,1582,8.07,2026-09-26 06:53:48.038951
3165,1583,1.77,2026-09-26 09:53:48.038951
3166,1583,3.08,2026-09-17 06:53:48.038951
3167,1584,1.86,2026-09-17 09:53:48.038951
3168,1584,2.57,2026-09-17 06:53:48.038951
3169,1585,5.73,2026-09-25 09:53:48.038951
3170,1585,7.74,2026-09-18 06:53:48.038951
3171,1586,7.63,2026-09-14 09:53:48.038951
3172,1586,7.05,2026-09-20 06:53:48.038951
3173,1587,3.94,2026-09-17 09:53:48.038951
3174,1587,2.02,2026-09-21 06:53:48.038951
3175,1588,1.66,2026-09-15 09:53:48.038951
3176,1588,1.29,2026-09-17 06:53:48.038951
3177,1589,7.15,2026-09-23 09:53:48.038951
3178,1589,2.18,2026-09-21 06:53:48.038951
3179,1590,5.98,2026-09-17 09:53:48.038951
3180,1590,7.16,2026-09-26 06:53:48.038951
3181,1591,3.46,2026-09-19 09:53:48.038951
3182,1591,7.1,2026-09-16 06:53:48.038951
3183,1592,1.65,2026-09-24 09:53:48.038951
3184,1592,5.73,2026-09-22 06:53:48.038951
3185,1593,2.67,2026-09-21 09:53:48.038951
3186,1593,4.88,2026-09-21 06:53:48.038951
3187,1594,6.56,2026-09-18 09:53:48.038951
3188,1594,3.63,2026-09-19 06:53:48.038951
3189,1595,7.48,2026-09-17 09:53:48.038951
3190,1595,6.69,2026-09-14 06:53:48.038951
3191,1596,7.81,2026-09-18 09:53:48.038951
3192,1596,3.87,2026-09-16 06:53:48.038951
3193,1597,3.2,2026-09-14 09:53:48.038951
3194,1597,3.5,2026-09-17 06:53:48.038951
3195,1598,3.56,2026-09-26 09:53:48.038951
3196,1598,3.98,2026-09-13 06:53:48.038951
3197,1599,8.22,2026-09-20 09:53:48.038951
3198,1599,3.24,2026-09-22 06:53:48.038951
3199,1600,7.18,2026-09-18 09:53:48.038951
3200,1600,3.21,2026-09-21 06:53:48.038951
3201,1601,1.23,2026-09-26 09:53:48.038951
3202,1601,4.82,2026-09-20 06:53:48.038951
3203,1602,4.88,2026-09-21 09:53:48.038951
3204,1602,1.78,2026-09-13 06:53:48.038951
3205,1603,7.23,2026-09-14 09:53:48.038951
3206,1603,8.45,2026-09-21 06:53:48.038951
3207,1604,2.49,2026-09-15 09:53:48.038951
3208,1604,7.3,2026-09-20 06:53:48.038951
3209,1605,2.13,2026-09-16 09:53:48.038951
3210,1605,4.03,2026-09-26 06:53:48.038951
3211,1606,3.15,2026-09-18 09:53:48.038951
3212,1606,8.44,2026-09-21 06:53:48.038951
3213,1607,8.2,2026-09-27 09:53:48.038951
3214,1607,8.28,2026-09-22 06:53:48.038951
3215,1608,7.43,2026-09-19 09:53:48.038951
3216,1608,5.28,2026-09-13 06:53:48.038951
3217,1609,3.8,2026-09-14 09:53:48.038951
3218,1609,5.02,2026-09-15 06:53:48.038951
3219,1610,2.27,2026-09-14 09:53:48.038951
3220,1610,1.88,2026-09-17 06:53:48.038951
3221,1611,4.53,2026-09-23 09:53:48.038951
3222,1611,3.36,2026-09-21 06:53:48.038951
3223,1612,4.19,2026-09-19 09:53:48.038951
3224,1612,8.42,2026-09-16 06:53:48.038951
3225,1613,2.3,2026-09-24 09:53:48.038951
3226,1613,4.31,2026-09-21 06:53:48.038951
3227,1614,3.62,2026-09-24 09:53:48.038951
3228,1614,1.19,2026-09-16 06:53:48.038951
3229,1615,3.36,2026-09-18 09:53:48.038951
3230,1615,5.58,2026-09-16 06:53:48.038951
3231,1616,3.68,2026-09-15 09:53:48.038951
3232,1616,2.1,2026-09-16 06:53:48.038951
3233,1617,4.91,2026-09-20 09:53:48.038951
3234,1617,6.45,2026-09-15 06:53:48.038951
3235,1618,2.75,2026-09-23 09:53:48.038951
3236,1618,6.9,2026-09-25 06:53:48.038951
3237,1619,1.84,2026-09-20 09:53:48.038951
3238,1619,2.84,2026-09-21 06:53:48.038951
3239,1620,6.79,2026-09-27 09:53:48.038951
3240,1620,3.59,2026-09-22 06:53:48.038951
3241,1621,2.9,2026-09-14 09:53:48.038951
3242,1621,5.18,2026-09-15 06:53:48.038951
3243,1622,1.39,2026-09-21 09:53:48.038951
3244,1622,6.63,2026-09-13 06:53:48.038951
3245,1623,7.14,2026-09-17 09:53:48.038951
3246,1623,6.75,2026-09-25 06:53:48.038951
3247,1624,7.62,2026-09-27 09:53:48.038951
3248,1624,7.95,2026-09-19 06:53:48.038951
3249,1625,3.17,2026-09-13 09:53:48.038951
3250,1625,1.81,2026-09-22 06:53:48.038951
3251,1626,6.35,2026-09-19 09:53:48.038951
3252,1626,1.61,2026-09-20 06:53:48.038951
3253,1627,4.46,2026-09-18 09:53:48.038951
3254,1627,7.66,2026-09-23 06:53:48.038951
3255,1628,8.24,2026-09-22 09:53:48.038951
3256,1628,1.2,2026-09-13 06:53:48.038951
3257,1629,7.44,2026-09-17 09:53:48.038951
3258,1629,6.48,2026-09-13 06:53:48.038951
3259,1630,1.37,2026-09-18 09:53:48.038951
3260,1630,4.18,2026-09-25 06:53:48.038951
3261,1631,5.58,2026-09-26 09:53:48.038951
3262,1631,4.18,2026-09-13 06:53:48.038951
3263,1632,2.21,2026-09-14 09:53:48.038951
3264,1632,4.46,2026-09-14 06:53:48.038951
3265,1633,6.17,2026-09-18 09:53:48.038951
3266,1633,3.29,2026-09-15 06:53:48.038951
3267,1634,6.15,2026-09-13 09:53:48.038951
3268,1634,8.37,2026-09-14 06:53:48.038951
3269,1635,6.51,2026-09-17 09:53:48.038951
3270,1635,1.3,2026-09-20 06:53:48.038951
3271,1636,6.61,2026-09-20 09:53:48.038951
3272,1636,8.36,2026-09-22 06:53:48.038951
3273,1637,6.96,2026-09-13 09:53:48.038951
3274,1637,7.64,2026-09-24 06:53:48.038951
3275,1638,8.28,2026-09-23 09:53:48.038951
3276,1638,5.4,2026-09-23 06:53:48.038951
3277,1639,2.68,2026-09-20 09:53:48.038951
3278,1639,4.22,2026-09-23 06:53:48.038951
3279,1640,4.6,2026-09-18 09:53:48.038951
3280,1640,1.62,2026-09-20 06:53:48.038951
3281,1641,7.76,2026-09-26 09:53:48.038951
3282,1641,5.31,2026-09-27 06:53:48.038951
3283,1642,3.64,2026-09-13 09:53:48.038951
3284,1642,2.07,2026-09-15 06:53:48.038951
3285,1643,5.39,2026-09-25 09:53:48.038951
3286,1643,4.58,2026-09-27 06:53:48.038951
3287,1644,7.94,2026-09-23 09:53:48.038951
3288,1644,4.51,2026-09-23 06:53:48.038951
3289,1645,3.16,2026-09-14 09:53:48.038951
3290,1645,5.89,2026-09-24 06:53:48.038951
3291,1646,4.51,2026-09-27 09:53:48.038951
3292,1646,3.37,2026-09-14 06:53:48.038951
3293,1647,1.29,2026-09-22 09:53:48.038951
3294,1647,3.7,2026-09-13 06:53:48.038951
3295,1648,7.24,2026-09-25 09:53:48.038951
3296,1648,1.48,2026-09-22 06:53:48.038951
3297,1649,7.12,2026-09-25 09:53:48.038951
3298,1649,7.44,2026-09-15 06:53:48.038951
3299,1650,5.62,2026-09-15 09:53:48.038951
3300,1650,3.04,2026-09-24 06:53:48.038951
3301,1651,2.41,2026-09-22 09:53:48.038951
3302,1651,4.89,2026-09-16 06:53:48.038951
3303,1652,4.63,2026-09-17 09:53:48.038951
3304,1652,2.99,2026-09-13 06:53:48.038951
3305,1653,5.56,2026-09-14 09:53:48.038951
3306,1653,2.12,2026-09-15 06:53:48.038951
3307,1654,7.36,2026-09-21 09:53:48.038951
3308,1654,1.95,2026-09-13 06:53:48.038951
3309,1655,6.74,2026-09-22 09:53:48.038951
3310,1655,7.64,2026-09-14 06:53:48.038951
3311,1656,3.71,2026-09-13 09:53:48.038951
3312,1656,6.62,2026-09-20 06:53:48.038951
3313,1657,5.65,2026-09-16 09:53:48.038951
3314,1657,3.22,2026-09-24 06:53:48.038951
3315,1658,4.59,2026-09-14 09:53:48.038951
3316,1658,4.37,2026-09-24 06:53:48.038951
3317,1659,8.18,2026-09-16 09:53:48.038951
3318,1659,3.03,2026-09-24 06:53:48.038951
3319,1660,4.45,2026-09-20 09:53:48.038951
3320,1660,1.17,2026-09-13 06:53:48.038951
3321,1661,1.42,2026-09-27 09:53:48.038951
3322,1661,3.51,2026-09-14 06:53:48.038951
3323,1662,6.01,2026-09-13 09:53:48.038951
3324,1662,6.94,2026-09-25 06:53:48.038951
3325,1663,3.82,2026-09-20 09:53:48.038951
3326,1663,3.72,2026-09-19 06:53:48.038951
3327,1664,5.58,2026-09-21 09:53:48.038951
3328,1664,7.81,2026-09-27 06:53:48.038951
3329,1665,1.44,2026-09-23 09:53:48.038951
3330,1665,5.47,2026-09-23 06:53:48.038951
3331,1666,1.62,2026-09-15 09:53:48.038951
3332,1666,6.5,2026-09-23 06:53:48.038951
3333,1667,6.69,2026-09-25 09:53:48.038951
3334,1667,2.67,2026-09-22 06:53:48.038951
3335,1668,1.17,2026-09-17 09:53:48.038951
3336,1668,1.67,2026-09-25 06:53:48.038951
3337,1669,1.18,2026-09-20 09:53:48.038951
3338,1669,2.72,2026-09-16 06:53:48.038951
3339,1670,2.07,2026-09-23 09:53:48.038951
3340,1670,2.44,2026-09-18 06:53:48.038951
3341,1671,6.8,2026-09-23 09:53:48.038951
3342,1671,6.0,2026-09-22 06:53:48.038951
3343,1672,2.58,2026-09-19 09:53:48.038951
3344,1672,3.95,2026-09-26 06:53:48.038951
3345,1673,1.25,2026-09-23 09:53:48.038951
3346,1673,2.93,2026-09-18 06:53:48.038951
3347,1674,3.14,2026-09-25 09:53:48.038951
3348,1674,2.33,2026-09-23 06:53:48.038951
3349,1675,3.35,2026-09-14 09:53:48.038951
3350,1675,5.74,2026-09-13 06:53:48.038951
3351,1676,4.76,2026-09-19 09:53:48.038951
3352,1676,7.25,2026-09-23 06:53:48.038951
3353,1677,6.96,2026-09-25 09:53:48.038951
3354,1677,4.45,2026-09-21 06:53:48.038951
3355,1678,1.19,2026-09-19 09:53:48.038951
3356,1678,2.56,2026-09-16 06:53:48.038951
3357,1679,4.82,2026-09-21 09:53:48.038951
3358,1679,8.46,2026-09-22 06:53:48.038951
3359,1680,5.81,2026-09-26 09:53:48.038951
3360,1680,2.71,2026-09-20 06:53:48.038951
3361,1681,3.0,2026-09-13 09:53:48.038951
3362,1681,3.3,2026-09-13 06:53:48.038951
3363,1682,6.47,2026-09-19 09:53:48.038951
3364,1682,4.35,2026-09-16 06:53:48.038951
3365,1683,6.36,2026-09-23 09:53:48.038951
3366,1683,6.64,2026-09-15 06:53:48.038951
3367,1684,7.82,2026-09-26 09:53:48.038951
3368,1684,3.16,2026-09-18 06:53:48.038951
3369,1685,5.22,2026-09-16 09:53:48.038951
3370,1685,1.62,2026-09-25 06:53:48.038951
3371,1686,3.84,2026-09-26 09:53:48.038951
3372,1686,4.41,2026-09-26 06:53:48.038951
3373,1687,2.69,2026-09-22 09:53:48.038951
3374,1687,1.34,2026-09-16 06:53:48.038951
3375,1688,5.19,2026-09-21 09:53:48.038951
3376,1688,5.32,2026-09-25 06:53:48.038951
3377,1689,1.41,2026-09-13 09:53:48.038951
3378,1689,3.69,2026-09-14 06:53:48.038951
3379,1690,7.4,2026-09-24 09:53:48.038951
3380,1690,6.33,2026-09-24 06:53:48.038951
3381,1691,1.6,2026-09-22 09:53:48.038951
3382,1691,5.28,2026-09-20 06:53:48.038951
3383,1692,2.8,2026-09-21 09:53:48.038951
3384,1692,2.92,2026-09-24 06:53:48.038951
3385,1693,8.4,2026-09-17 09:53:48.038951
3386,1693,2.85,2026-09-13 06:53:48.038951
3387,1694,6.95,2026-09-24 09:53:48.038951
3388,1694,5.74,2026-09-15 06:53:48.038951
3389,1695,3.13,2026-09-24 09:53:48.038951
3390,1695,7.26,2026-09-19 06:53:48.038951
3391,1696,8.15,2026-09-16 09:53:48.038951
3392,1696,4.48,2026-09-15 06:53:48.038951
3393,1697,6.97,2026-09-24 09:53:48.038951
3394,1697,1.87,2026-09-18 06:53:48.038951
3395,1698,4.55,2026-09-15 09:53:48.038951
3396,1698,5.71,2026-09-17 06:53:48.038951
3397,1699,3.89,2026-09-27 09:53:48.038951
3398,1699,4.08,2026-09-15 06:53:48.038951
3399,1700,6.48,2026-09-24 09:53:48.038951
3400,1700,3.02,2026-09-18 06:53:48.038951
3401,1701,6.6,2026-09-26 09:53:48.038951
3402,1701,4.71,2026-09-15 06:53:48.038951
3403,1702,7.32,2026-09-22 09:53:48.038951
3404,1702,6.58,2026-09-21 06:53:48.038951
3405,1703,5.85,2026-09-20 09:53:48.038951
3406,1703,3.36,2026-09-17 06:53:48.038951
3407,1704,4.21,2026-09-19 09:53:48.038951
3408,1704,8.3,2026-09-17 06:53:48.038951
3409,1705,4.21,2026-09-27 09:53:48.038951
3410,1705,7.96,2026-09-22 06:53:48.038951
3411,1706,5.64,2026-09-13 09:53:48.038951
3412,1706,1.82,2026-09-21 06:53:48.038951
3413,1707,5.38,2026-09-13 09:53:48.038951
3414,1707,1.26,2026-09-21 06:53:48.038951
3415,1708,5.49,2026-09-27 09:53:48.038951
3416,1708,4.69,2026-09-27 06:53:48.038951
3417,1709,5.88,2026-09-19 09:53:48.038951
3418,1709,6.9,2026-09-18 06:53:48.038951
3419,1710,5.13,2026-09-19 09:53:48.038951
3420,1710,6.33,2026-09-15 06:53:48.038951
3421,1711,1.26,2026-09-21 09:53:48.038951
3422,1711,1.69,2026-09-27 06:53:48.038951
3423,1712,3.82,2026-09-18 09:53:48.038951
3424,1712,8.11,2026-09-27 06:53:48.038951
3425,1713,1.45,2026-09-16 09:53:48.038951
3426,1713,2.73,2026-09-13 06:53:48.038951
3427,1714,2.86,2026-09-19 09:53:48.038951
3428,1714,8.45,2026-09-26 06:53:48.038951
3429,1715,4.93,2026-09-16 09:53:48.038951
3430,1715,5.79,2026-09-24 06:53:48.038951
3431,1716,4.52,2026-09-15 09:53:48.038951
3432,1716,7.91,2026-09-27 06:53:48.038951
3433,1717,2.99,2026-09-23 09:53:48.038951
3434,1717,4.39,2026-09-25 06:53:48.038951
3435,1718,6.25,2026-09-22 09:53:48.038951
3436,1718,2.08,2026-09-21 06:53:48.038951
3437,1719,2.37,2026-09-26 09:53:48.038951
3438,1719,5.81,2026-09-23 06:53:48.038951
3439,1720,1.79,2026-09-21 09:53:48.038951
3440,1720,8.15,2026-09-14 06:53:48.038951
3441,1721,2.31,2026-09-23 09:53:48.038951
3442,1721,7.17,2026-09-17 06:53:48.038951
3443,1722,4.95,2026-09-14 09:53:48.038951
3444,1722,4.93,2026-09-22 06:53:48.038951
3445,1723,1.94,2026-09-20 09:53:48.038951
3446,1723,3.19,2026-09-13 06:53:48.038951
3447,1724,8.06,2026-09-14 09:53:48.038951
3448,1724,7.93,2026-09-25 06:53:48.038951
3449,1725,7.98,2026-09-20 09:53:48.038951
3450,1725,2.43,2026-09-15 06:53:48.038951
3451,1726,1.8,2026-09-27 09:53:48.038951
3452,1726,5.76,2026-09-20 06:53:48.038951
3453,1727,2.37,2026-09-19 09:53:48.038951
3454,1727,6.76,2026-09-15 06:53:48.038951
3455,1728,5.96,2026-09-18 09:53:48.038951
3456,1728,7.83,2026-09-26 06:53:48.038951
3457,1729,1.62,2026-09-14 09:53:48.038951
3458,1729,2.22,2026-09-15 06:53:48.038951
3459,1730,1.97,2026-09-15 09:53:48.038951
3460,1730,4.15,2026-09-23 06:53:48.038951
3461,1731,6.01,2026-09-18 09:53:48.038951
3462,1731,5.36,2026-09-17 06:53:48.038951
3463,1732,1.53,2026-09-14 09:53:48.038951
3464,1732,5.64,2026-09-20 06:53:48.038951
3465,1733,7.93,2026-09-21 09:53:48.038951
3466,1733,5.88,2026-09-13 06:53:48.038951
3467,1734,3.73,2026-09-26 09:53:48.038951
3468,1734,3.61,2026-09-18 06:53:48.038951
3469,1735,4.51,2026-09-17 09:53:48.038951
3470,1735,5.58,2026-09-24 06:53:48.038951
3471,1736,1.94,2026-09-16 09:53:48.038951
3472,1736,3.43,2026-09-18 06:53:48.038951
3473,1737,6.25,2026-09-19 09:53:48.038951
3474,1737,1.59,2026-09-13 06:53:48.038951
3475,1738,7.33,2026-09-18 09:53:48.038951
3476,1738,2.12,2026-09-17 06:53:48.038951
3477,1739,7.8,2026-09-21 09:53:48.038951
3478,1739,5.97,2026-09-16 06:53:48.038951
3479,1740,2.89,2026-09-17 09:53:48.038951
3480,1740,5.23,2026-09-22 06:53:48.038951
3481,1741,2.95,2026-09-17 09:53:48.038951
3482,1741,6.63,2026-09-25 06:53:48.038951
3483,1742,6.12,2026-09-26 09:53:48.038951
3484,1742,3.22,2026-09-17 06:53:48.038951
3485,1743,7.31,2026-09-16 09:53:48.038951
3486,1743,1.45,2026-09-17 06:53:48.038951
3487,1744,2.17,2026-09-21 09:53:48.038951
3488,1744,2.16,2026-09-20 06:53:48.038951
3489,1745,8.13,2026-09-26 09:53:48.038951
3490,1745,3.61,2026-09-17 06:53:48.038951
3491,1746,2.5,2026-09-15 09:53:48.038951
3492,1746,4.95,2026-09-23 06:53:48.038951
3493,1747,5.99,2026-09-16 09:53:48.038951
3494,1747,6.03,2026-09-18 06:53:48.038951
3495,1748,3.18,2026-09-25 09:53:48.038951
3496,1748,4.78,2026-09-13 06:53:48.038951
3497,1749,1.85,2026-09-26 09:53:48.038951
3498,1749,4.5,2026-09-16 06:53:48.038951
3499,1750,2.44,2026-09-19 09:53:48.038951
3500,1750,4.06,2026-09-13 06:53:48.038951
3501,1751,7.44,2026-09-23 09:53:48.038951
3502,1751,6.35,2026-09-26 06:53:48.038951
3503,1752,2.48,2026-09-23 09:53:48.038951
3504,1752,1.5,2026-09-21 06:53:48.038951
3505,1753,2.99,2026-09-20 09:53:48.038951
3506,1753,4.46,2026-09-27 06:53:48.038951
3507,1754,3.37,2026-09-18 09:53:48.038951
3508,1754,3.36,2026-09-13 06:53:48.038951
3509,1755,6.77,2026-09-24 09:53:48.038951
3510,1755,4.27,2026-09-15 06:53:48.038951
3511,1756,4.3,2026-09-24 09:53:48.038951
3512,1756,4.6,2026-09-19 06:53:48.038951
3513,1757,6.62,2026-09-24 09:53:48.038951
3514,1757,5.46,2026-09-14 06:53:48.038951
3515,1758,6.67,2026-09-24 09:53:48.038951
3516,1758,6.91,2026-09-18 06:53:48.038951
3517,1759,2.84,2026-09-18 09:53:48.038951
3518,1759,6.43,2026-09-13 06:53:48.038951
3519,1760,3.78,2026-09-26 09:53:48.038951
3520,1760,4.67,2026-09-15 06:53:48.038951
3521,1761,7.53,2026-09-18 09:53:48.038951
3522,1761,2.47,2026-09-24 06:53:48.038951
3523,1762,3.75,2026-09-21 09:53:48.038951
3524,1762,3.27,2026-09-18 06:53:48.038951
3525,1763,7.86,2026-09-27 09:53:48.038951
3526,1763,8.28,2026-09-14 06:53:48.038951
3527,1764,6.64,2026-09-19 09:53:48.038951
3528,1764,3.11,2026-09-16 06:53:48.038951
3529,1765,5.25,2026-09-27 09:53:48.038951
3530,1765,5.83,2026-09-17 06:53:48.038951
3531,1766,8.35,2026-09-27 09:53:48.038951
3532,1766,4.98,2026-09-19 06:53:48.038951
3533,1767,2.41,2026-09-18 09:53:48.038951
3534,1767,4.65,2026-09-27 06:53:48.038951
3535,1768,3.73,2026-09-13 09:53:48.038951
3536,1768,6.84,2026-09-13 06:53:48.038951
3537,1769,4.79,2026-09-20 09:53:48.038951
3538,1769,8.03,2026-09-19 06:53:48.038951
3539,1770,3.03,2026-09-26 09:53:48.038951
3540,1770,4.06,2026-09-23 06:53:48.038951
3541,1771,7.07,2026-09-20 09:53:48.038951
3542,1771,3.58,2026-09-13 06:53:48.038951
3543,1772,7.85,2026-09-20 09:53:48.038951
3544,1772,1.26,2026-09-27 06:53:48.038951
3545,1773,7.85,2026-09-14 09:53:48.038951
3546,1773,5.37,2026-09-22 06:53:48.038951
3547,1774,7.59,2026-09-27 09:53:48.038951
3548,1774,4.95,2026-09-13 06:53:48.038951
3549,1775,6.76,2026-09-16 09:53:48.038951
3550,1775,3.18,2026-09-13 06:53:48.038951
3551,1776,1.61,2026-09-16 09:53:48.038951
3552,1776,3.58,2026-09-23 06:53:48.038951
3553,1777,2.16,2026-09-14 09:53:48.038951
3554,1777,7.01,2026-09-14 06:53:48.038951
3555,1778,2.86,2026-09-25 09:53:48.038951
3556,1778,1.4,2026-09-23 06:53:48.038951
3557,1779,7.24,2026-09-14 09:53:48.038951
3558,1779,6.29,2026-09-24 06:53:48.038951
3559,1780,4.75,2026-09-19 09:53:48.038951
3560,1780,4.06,2026-09-26 06:53:48.038951
3561,1781,3.31,2026-09-14 09:53:48.038951
3562,1781,2.46,2026-09-17 06:53:48.038951
3563,1782,4.04,2026-09-15 09:53:48.038951
3564,1782,5.45,2026-09-17 06:53:48.038951
3565,1783,5.07,2026-09-27 09:53:48.038951
3566,1783,7.98,2026-09-26 06:53:48.038951
3567,1784,2.82,2026-09-25 09:53:48.038951
3568,1784,4.87,2026-09-20 06:53:48.038951
3569,1785,7.04,2026-09-15 09:53:48.038951
3570,1785,6.63,2026-09-25 06:53:48.038951
3571,1786,6.95,2026-09-25 09:53:48.038951
3572,1786,3.58,2026-09-24 06:53:48.038951
3573,1787,4.54,2026-09-14 09:53:48.038951
3574,1787,7.85,2026-09-24 06:53:48.038951
3575,1788,2.86,2026-09-19 09:53:48.038951
3576,1788,1.56,2026-09-16 06:53:48.038951
3577,1789,4.87,2026-09-13 09:53:48.038951
3578,1789,8.08,2026-09-15 06:53:48.038951
3579,1790,6.69,2026-09-23 09:53:48.038951
3580,1790,7.01,2026-09-22 06:53:48.038951
3581,1791,1.79,2026-09-17 09:53:48.038951
3582,1791,2.91,2026-09-21 06:53:48.038951
3583,1792,2.42,2026-09-25 09:53:48.038951
3584,1792,1.27,2026-09-15 06:53:48.038951
3585,1793,3.09,2026-09-15 09:53:48.038951
3586,1793,6.14,2026-09-20 06:53:48.038951
3587,1794,4.11,2026-09-19 09:53:48.038951
3588,1794,7.95,2026-09-24 06:53:48.038951
3589,1795,4.91,2026-09-19 09:53:48.038951
3590,1795,1.13,2026-09-15 06:53:48.038951
3591,1796,6.38,2026-09-22 09:53:48.038951
3592,1796,6.61,2026-09-20 06:53:48.038951
3593,1797,5.24,2026-09-23 09:53:48.038951
3594,1797,4.46,2026-09-27 06:53:48.038951
3595,1798,7.05,2026-09-25 09:53:48.038951
3596,1798,2.01,2026-09-23 06:53:48.038951
3597,1799,6.22,2026-09-20 09:53:48.038951
3598,1799,6.94,2026-09-13 06:53:48.038951
3599,1800,6.08,2026-09-26 09:53:48.038951
3600,1800,8.46,2026-09-16 06:53:48.038951
3601,1801,3.87,2026-09-15 09:53:48.038951
3602,1801,5.09,2026-09-22 06:53:48.038951
3603,1802,2.6,2026-09-18 09:53:48.038951
3604,1802,6.57,2026-09-23 06:53:48.038951
3605,1803,7.49,2026-09-15 09:53:48.038951
3606,1803,7.29,2026-09-19 06:53:48.038951
3607,1804,1.33,2026-09-20 09:53:48.038951
3608,1804,5.58,2026-09-15 06:53:48.038951
3609,1805,8.31,2026-09-17 09:53:48.038951
3610,1805,8.1,2026-09-21 06:53:48.038951
3611,1806,3.79,2026-09-14 09:53:48.038951
3612,1806,5.9,2026-09-21 06:53:48.038951
3613,1807,5.05,2026-09-17 09:53:48.038951
3614,1807,7.23,2026-09-15 06:53:48.038951
3615,1808,5.38,2026-09-15 09:53:48.038951
3616,1808,1.84,2026-09-16 06:53:48.038951
3617,1809,2.41,2026-09-21 09:53:48.038951
3618,1809,4.27,2026-09-22 06:53:48.038951
3619,1810,5.79,2026-09-16 09:53:48.038951
3620,1810,5.12,2026-09-24 06:53:48.038951
3621,1811,6.44,2026-09-26 09:53:48.038951
3622,1811,2.0,2026-09-23 06:53:48.038951
3623,1812,2.13,2026-09-16 09:53:48.038951
3624,1812,1.62,2026-09-21 06:53:48.038951
3625,1813,6.64,2026-09-13 09:53:48.038951
3626,1813,1.27,2026-09-14 06:53:48.038951
3627,1814,5.81,2026-09-22 09:53:48.038951
3628,1814,2.62,2026-09-25 06:53:48.038951
3629,1815,4.96,2026-09-23 09:53:48.038951
3630,1815,2.66,2026-09-17 06:53:48.038951
3631,1816,5.44,2026-09-24 09:53:48.038951
3632,1816,3.73,2026-09-26 06:53:48.038951
3633,1817,4.91,2026-09-23 09:53:48.038951
3634,1817,3.14,2026-09-25 06:53:48.038951
3635,1818,8.48,2026-09-17 09:53:48.038951
3636,1818,5.21,2026-09-25 06:53:48.038951
3637,1819,6.74,2026-09-20 09:53:48.038951
3638,1819,3.21,2026-09-18 06:53:48.038951
3639,1820,1.83,2026-09-17 09:53:48.038951
3640,1820,4.97,2026-09-20 06:53:48.038951
3641,1821,4.26,2026-09-22 09:53:48.038951
3642,1821,3.97,2026-09-24 06:53:48.038951
3643,1822,1.17,2026-09-15 09:53:48.038951
3644,1822,5.05,2026-09-19 06:53:48.038951
3645,1823,4.27,2026-09-16 09:53:48.038951
3646,1823,3.5,2026-09-27 06:53:48.038951
3647,1824,4.6,2026-09-17 09:53:48.038951
3648,1824,7.07,2026-09-21 06:53:48.038951
3649,1825,3.95,2026-09-22 09:53:48.038951
3650,1825,7.93,2026-09-24 06:53:48.038951
3651,1826,1.59,2026-09-23 09:53:48.038951
3652,1826,5.83,2026-09-25 06:53:48.038951
3653,1827,7.41,2026-09-17 09:53:48.038951
3654,1827,3.07,2026-09-21 06:53:48.038951
3655,1828,1.45,2026-09-24 09:53:48.038951
3656,1828,7.67,2026-09-25 06:53:48.038951
3657,1829,2.46,2026-09-17 09:53:48.038951
3658,1829,3.73,2026-09-25 06:53:48.038951
3659,1830,2.96,2026-09-25 09:53:48.038951
3660,1830,5.44,2026-09-24 06:53:48.038951
3661,1831,6.11,2026-09-18 09:53:48.038951
3662,1831,3.06,2026-09-18 06:53:48.038951
3663,1832,1.78,2026-09-24 09:53:48.038951
3664,1832,2.16,2026-09-16 06:53:48.038951
3665,1833,6.28,2026-09-21 09:53:48.038951
3666,1833,3.61,2026-09-19 06:53:48.038951
3667,1834,7.26,2026-09-15 09:53:48.038951
3668,1834,4.8,2026-09-15 06:53:48.038951
3669,1835,5.19,2026-09-18 09:53:48.038951
3670,1835,1.26,2026-09-15 06:53:48.038951
3671,1836,3.21,2026-09-19 09:53:48.038951
3672,1836,1.4,2026-09-15 06:53:48.038951
3673,1837,7.82,2026-09-23 09:53:48.038951
3674,1837,2.31,2026-09-21 06:53:48.038951
3675,1838,5.84,2026-09-22 09:53:48.038951
3676,1838,4.5,2026-09-25 06:53:48.038951
3677,1839,8.46,2026-09-23 09:53:48.038951
3678,1839,7.15,2026-09-20 06:53:48.038951
3679,1840,2.01,2026-09-13 09:53:48.038951
3680,1840,4.01,2026-09-17 06:53:48.038951
3681,1841,4.8,2026-09-14 09:53:48.038951
3682,1841,8.22,2026-09-27 06:53:48.038951
3683,1842,7.61,2026-09-14 09:53:48.038951
3684,1842,7.31,2026-09-24 06:53:48.038951
3685,1843,3.42,2026-09-25 09:53:48.038951
3686,1843,7.45,2026-09-15 06:53:48.038951
3687,1844,5.17,2026-09-25 09:53:48.038951
3688,1844,2.62,2026-09-23 06:53:48.038951
3689,1845,6.21,2026-09-22 09:53:48.038951
3690,1845,3.35,2026-09-18 06:53:48.038951
3691,1846,2.5,2026-09-15 09:53:48.038951
3692,1846,6.59,2026-09-22 06:53:48.038951
3693,1847,4.45,2026-09-14 09:53:48.038951
3694,1847,7.82,2026-09-13 06:53:48.038951
3695,1848,2.31,2026-09-15 09:53:48.038951
3696,1848,4.06,2026-09-13 06:53:48.038951
3697,1849,4.33,2026-09-18 09:53:48.038951
3698,1849,3.38,2026-09-22 06:53:48.038951
3699,1850,6.54,2026-09-19 09:53:48.038951
3700,1850,8.32,2026-09-22 06:53:48.038951
3701,1851,7.2,2026-09-21 09:53:48.038951
3702,1851,5.07,2026-09-17 06:53:48.038951
3703,1852,3.11,2026-09-21 09:53:48.038951
3704,1852,4.86,2026-09-15 06:53:48.038951
3705,1853,6.02,2026-09-24 09:53:48.038951
3706,1853,7.21,2026-09-18 06:53:48.038951
3707,1854,4.03,2026-09-19 09:53:48.038951
3708,1854,5.83,2026-09-15 06:53:48.038951
3709,1855,3.98,2026-09-22 09:53:48.038951
3710,1855,4.9,2026-09-21 06:53:48.038951
3711,1856,6.1,2026-09-26 09:53:48.038951
3712,1856,5.02,2026-09-15 06:53:48.038951
3713,1857,4.55,2026-09-22 09:53:48.038951
3714,1857,2.09,2026-09-23 06:53:48.038951
3715,1858,2.66,2026-09-17 09:53:48.038951
3716,1858,3.14,2026-09-15 06:53:48.038951
3717,1859,4.53,2026-09-22 09:53:48.038951
3718,1859,6.26,2026-09-25 06:53:48.038951
3719,1860,3.86,2026-09-26 09:53:48.038951
3720,1860,6.38,2026-09-22 06:53:48.038951
3721,1861,2.97,2026-09-21 09:53:48.038951
3722,1861,1.91,2026-09-26 06:53:48.038951
3723,1862,8.21,2026-09-15 09:53:48.038951
3724,1862,5.46,2026-09-21 06:53:48.038951
3725,1863,1.88,2026-09-19 09:53:48.038951
3726,1863,2.4,2026-09-13 06:53:48.038951
3727,1864,7.81,2026-09-25 09:53:48.038951
3728,1864,4.16,2026-09-16 06:53:48.038951
3729,1865,6.61,2026-09-18 09:53:48.038951
3730,1865,2.99,2026-09-15 06:53:48.038951
3731,1866,7.88,2026-09-15 09:53:48.038951
3732,1866,1.64,2026-09-26 06:53:48.038951
3733,1867,5.61,2026-09-22 09:53:48.038951
3734,1867,5.74,2026-09-25 06:53:48.038951
3735,1868,7.04,2026-09-14 09:53:48.038951
3736,1868,2.64,2026-09-22 06:53:48.038951
3737,1869,7.6,2026-09-14 09:53:48.038951
3738,1869,7.56,2026-09-17 06:53:48.038951
3739,1870,2.27,2026-09-25 09:53:48.038951
3740,1870,2.06,2026-09-19 06:53:48.038951
3741,1871,1.23,2026-09-24 09:53:48.038951
3742,1871,6.07,2026-09-27 06:53:48.038951
3743,1872,4.08,2026-09-20 09:53:48.038951
3744,1872,6.93,2026-09-16 06:53:48.038951
3745,1873,6.24,2026-09-19 09:53:48.038951
3746,1873,7.7,2026-09-15 06:53:48.038951
3747,1874,8.33,2026-09-14 09:53:48.038951
3748,1874,7.04,2026-09-19 06:53:48.038951
3749,1875,4.05,2026-09-13 09:53:48.038951
3750,1875,5.16,2026-09-16 06:53:48.038951
3751,1876,4.17,2026-09-17 09:53:48.038951
3752,1876,6.93,2026-09-27 06:53:48.038951
3753,1877,5.72,2026-09-18 09:53:48.038951
3754,1877,5.41,2026-09-26 06:53:48.038951
3755,1878,3.47,2026-09-13 09:53:48.038951
3756,1878,2.3,2026-09-26 06:53:48.038951
3757,1879,2.27,2026-09-21 09:53:48.038951
3758,1879,1.21,2026-09-24 06:53:48.038951
3759,1880,7.69,2026-09-24 09:53:48.038951
3760,1880,7.69,2026-09-17 06:53:48.038951
3761,1881,2.98,2026-09-15 09:53:48.038951
3762,1881,7.04,2026-09-17 06:53:48.038951
3763,1882,2.16,2026-09-22 09:53:48.038951
3764,1882,5.97,2026-09-23 06:53:48.038951
3765,1883,6.75,2026-09-18 09:53:48.038951
3766,1883,5.71,2026-09-22 06:53:48.038951
3767,1884,2.45,2026-09-24 09:53:48.038951
3768,1884,3.26,2026-09-24 06:53:48.038951
3769,1885,5.44,2026-09-22 09:53:48.038951
3770,1885,4.94,2026-09-23 06:53:48.038951
3771,1886,8.01,2026-09-24 09:53:48.038951
3772,1886,3.13,2026-09-19 06:53:48.038951
3773,1887,2.56,2026-09-26 09:53:48.038951
3774,1887,5.32,2026-09-18 06:53:48.038951
3775,1888,7.85,2026-09-18 09:53:48.038951
3776,1888,2.37,2026-09-21 06:53:48.038951
3777,1889,3.45,2026-09-14 09:53:48.038951
3778,1889,7.65,2026-09-17 06:53:48.038951
3779,1890,7.0,2026-09-22 09:53:48.038951
3780,1890,6.41,2026-09-18 06:53:48.038951
3781,1891,5.56,2026-09-15 09:53:48.038951
3782,1891,2.61,2026-09-20 06:53:48.038951
3783,1892,5.94,2026-09-16 09:53:48.038951
3784,1892,2.93,2026-09-14 06:53:48.038951
3785,1893,7.69,2026-09-20 09:53:48.038951
3786,1893,7.41,2026-09-26 06:53:48.038951
3787,1894,2.13,2026-09-22 09:53:48.038951
3788,1894,5.33,2026-09-17 06:53:48.038951
3789,1895,1.55,2026-09-13 09:53:48.038951
3790,1895,8.1,2026-09-16 06:53:48.038951
3791,1896,6.17,2026-09-24 09:53:48.038951
3792,1896,7.28,2026-09-22 06:53:48.038951
3793,1897,1.85,2026-09-20 09:53:48.038951
3794,1897,1.61,2026-09-14 06:53:48.038951
3795,1898,6.27,2026-09-21 09:53:48.038951
3796,1898,7.44,2026-09-15 06:53:48.038951
3797,1899,6.67,2026-09-27 09:53:48.038951
3798,1899,4.91,2026-09-25 06:53:48.038951
3799,1900,6.57,2026-09-21 09:53:48.038951
3800,1900,1.51,2026-09-24 06:53:48.038951
3801,1901,2.05,2026-09-15 09:53:48.038951
3802,1901,6.27,2026-09-21 06:53:48.038951
3803,1902,5.25,2026-09-18 09:53:48.038951
3804,1902,1.55,2026-09-18 06:53:48.038951
3805,1903,6.39,2026-09-25 09:53:48.038951
3806,1903,2.08,2026-09-19 06:53:48.038951
3807,1904,3.27,2026-09-20 09:53:48.038951
3808,1904,8.07,2026-09-26 06:53:48.038951
3809,1905,6.17,2026-09-15 09:53:48.038951
3810,1905,1.14,2026-09-14 06:53:48.038951
3811,1906,2.54,2026-09-14 09:53:48.038951
3812,1906,3.41,2026-09-19 06:53:48.038951
3813,1907,2.33,2026-09-24 09:53:48.038951
3814,1907,1.73,2026-09-19 06:53:48.038951
3815,1908,7.84,2026-09-15 09:53:48.038951
3816,1908,2.46,2026-09-13 06:53:48.038951
3817,1909,3.79,2026-09-26 09:53:48.038951
3818,1909,1.2,2026-09-18 06:53:48.038951
3819,1910,3.6,2026-09-17 09:53:48.038951
3820,1910,4.38,2026-09-23 06:53:48.038951
3821,1911,7.08,2026-09-26 09:53:48.038951
3822,1911,1.42,2026-09-24 06:53:48.038951
3823,1912,3.85,2026-09-17 09:53:48.038951
3824,1912,1.46,2026-09-18 06:53:48.038951
3825,1913,1.72,2026-09-15 09:53:48.038951
3826,1913,5.94,2026-09-14 06:53:48.038951
3827,1914,6.1,2026-09-20 09:53:48.038951
3828,1914,5.3,2026-09-17 06:53:48.038951
3829,1915,7.61,2026-09-26 09:53:48.038951
3830,1915,2.0,2026-09-15 06:53:48.038951
3831,1916,5.11,2026-09-20 09:53:48.038951
3832,1916,8.11,2026-09-27 06:53:48.038951
3833,1917,6.89,2026-09-16 09:53:48.038951
3834,1917,5.63,2026-09-24 06:53:48.038951
3835,1918,7.87,2026-09-24 09:53:48.038951
3836,1918,1.65,2026-09-17 06:53:48.038951
3837,1919,3.6,2026-09-18 09:53:48.038951
3838,1919,6.79,2026-09-27 06:53:48.038951
3839,1920,5.42,2026-09-20 09:53:48.038951
3840,1920,6.94,2026-09-15 06:53:48.038951
3841,1921,1.42,2026-09-21 09:53:48.038951
3842,1921,3.28,2026-09-27 06:53:48.038951
3843,1922,2.03,2026-09-22 09:53:48.038951
3844,1922,7.62,2026-09-26 06:53:48.038951
3845,1923,2.02,2026-09-26 09:53:48.038951
3846,1923,3.73,2026-09-17 06:53:48.038951
3847,1924,7.03,2026-09-13 09:53:48.038951
3848,1924,1.55,2026-09-21 06:53:48.038951
3849,1925,1.79,2026-09-15 09:53:48.038951
3850,1925,3.17,2026-09-17 06:53:48.038951
3851,1926,6.74,2026-09-18 09:53:48.038951
3852,1926,2.34,2026-09-22 06:53:48.038951
3853,1927,2.91,2026-09-27 09:53:48.038951
3854,1927,3.42,2026-09-16 06:53:48.038951
3855,1928,3.98,2026-09-16 09:53:48.038951
3856,1928,6.48,2026-09-21 06:53:48.038951
3857,1929,2.78,2026-09-22 09:53:48.038951
3858,1929,8.18,2026-09-16 06:53:48.038951
3859,1930,8.04,2026-09-14 09:53:48.038951
3860,1930,8.08,2026-09-16 06:53:48.038951
3861,1931,2.48,2026-09-24 09:53:48.038951
3862,1931,5.98,2026-09-16 06:53:48.038951
3863,1932,5.65,2026-09-15 09:53:48.038951
3864,1932,3.11,2026-09-20 06:53:48.038951
3865,1933,8.49,2026-09-13 09:53:48.038951
3866,1933,2.68,2026-09-13 06:53:48.038951
3867,1934,2.48,2026-09-19 09:53:48.038951
3868,1934,5.85,2026-09-13 06:53:48.038951
3869,1935,2.98,2026-09-17 09:53:48.038951
3870,1935,8.1,2026-09-24 06:53:48.038951
3871,1936,5.35,2026-09-18 09:53:48.038951
3872,1936,1.98,2026-09-23 06:53:48.038951
3873,1937,8.16,2026-09-27 09:53:48.038951
3874,1937,4.76,2026-09-19 06:53:48.038951
3875,1938,3.41,2026-09-25 09:53:48.038951
3876,1938,1.28,2026-09-16 06:53:48.038951
3877,1939,2.82,2026-09-25 09:53:48.038951
3878,1939,6.4,2026-09-23 06:53:48.038951
3879,1940,6.54,2026-09-24 09:53:48.038951
3880,1940,3.54,2026-09-20 06:53:48.038951
3881,1941,1.26,2026-09-19 09:53:48.038951
3882,1941,2.37,2026-09-25 06:53:48.038951
3883,1942,8.03,2026-09-21 09:53:48.038951
3884,1942,3.89,2026-09-20 06:53:48.038951
3885,1943,1.21,2026-09-17 09:53:48.038951
3886,1943,2.32,2026-09-14 06:53:48.038951
3887,1944,2.78,2026-09-23 09:53:48.038951
3888,1944,1.29,2026-09-25 06:53:48.038951
3889,1945,8.33,2026-09-16 09:53:48.038951
3890,1945,7.86,2026-09-26 06:53:48.038951
3891,1946,5.39,2026-09-14 09:53:48.038951
3892,1946,5.87,2026-09-16 06:53:48.038951
3893,1947,5.25,2026-09-16 09:53:48.038951
3894,1947,2.5,2026-09-21 06:53:48.038951
3895,1948,3.19,2026-09-15 09:53:48.038951
3896,1948,3.3,2026-09-24 06:53:48.038951
3897,1949,2.29,2026-09-16 09:53:48.038951
3898,1949,7.17,2026-09-17 06:53:48.038951
3899,1950,6.34,2026-09-13 09:53:48.038951
3900,1950,4.59,2026-09-22 06:53:48.038951
3901,1951,6.56,2026-09-20 09:53:48.038951
3902,1951,7.73,2026-09-17 06:53:48.038951
3903,1952,5.89,2026-09-24 09:53:48.038951
3904,1952,1.85,2026-09-18 06:53:48.038951
3905,1953,5.43,2026-09-18 09:53:48.038951
3906,1953,7.89,2026-09-20 06:53:48.038951
3907,1954,8.38,2026-09-17 09:53:48.038951
3908,1954,6.6,2026-09-23 06:53:48.038951
3909,1955,8.04,2026-09-15 09:53:48.038951
3910,1955,2.37,2026-09-24 06:53:48.038951
3911,1956,3.61,2026-09-17 09:53:48.038951
3912,1956,7.95,2026-09-26 06:53:48.038951
3913,1957,2.49,2026-09-27 09:53:48.038951
3914,1957,6.45,2026-09-27 06:53:48.038951
3915,1958,1.29,2026-09-23 09:53:48.038951
3916,1958,3.94,2026-09-18 06:53:48.038951
3917,1959,3.01,2026-09-14 09:53:48.038951
3918,1959,4.8,2026-09-24 06:53:48.038951
3919,1960,5.28,2026-09-14 09:53:48.038951
3920,1960,2.99,2026-09-24 06:53:48.038951
3921,1961,5.17,2026-09-17 09:53:48.038951
3922,1961,5.7,2026-09-13 06:53:48.038951
3923,1962,3.06,2026-09-26 09:53:48.038951
3924,1962,1.2,2026-09-14 06:53:48.038951
3925,1963,7.22,2026-09-23 09:53:48.038951
3926,1963,2.94,2026-09-27 06:53:48.038951
3927,1964,1.46,2026-09-26 09:53:48.038951
3928,1964,7.02,2026-09-15 06:53:48.038951
3929,1965,3.84,2026-09-13 09:53:48.038951
3930,1965,4.95,2026-09-23 06:53:48.038951
3931,1966,6.02,2026-09-15 09:53:48.038951
3932,1966,2.14,2026-09-17 06:53:48.038951
3933,1967,6.72,2026-09-21 09:53:48.038951
3934,1967,3.22,2026-09-23 06:53:48.038951
3935,1968,7.74,2026-09-13 09:53:48.038951
3936,1968,7.6,2026-09-16 06:53:48.038951
3937,1969,1.2,2026-09-27 09:53:48.038951
3938,1969,8.16,2026-09-24 06:53:48.038951
3939,1970,5.03,2026-09-24 09:53:48.038951
3940,1970,1.74,2026-09-19 06:53:48.038951
3941,1971,6.22,2026-09-22 09:53:48.038951
3942,1971,4.74,2026-09-15 06:53:48.038951
3943,1972,6.95,2026-09-17 09:53:48.038951
3944,1972,3.84,2026-09-27 06:53:48.038951
3945,1973,5.8,2026-09-20 09:53:48.038951
3946,1973,5.64,2026-09-15 06:53:48.038951
3947,1974,4.78,2026-09-21 09:53:48.038951
3948,1974,5.4,2026-09-21 06:53:48.038951
3949,1975,4.06,2026-09-18 09:53:48.038951
3950,1975,3.74,2026-09-15 06:53:48.038951
3951,1976,4.14,2026-09-21 09:53:48.038951
3952,1976,4.82,2026-09-22 06:53:48.038951
3953,1977,5.56,2026-09-22 09:53:48.038951
3954,1977,1.54,2026-09-19 06:53:48.038951
3955,1978,4.41,2026-09-26 09:53:48.038951
3956,1978,4.62,2026-09-16 06:53:48.038951
3957,1979,7.23,2026-09-21 09:53:48.038951
3958,1979,7.49,2026-09-27 06:53:48.038951
3959,1980,5.85,2026-09-15 09:53:48.038951
3960,1980,6.28,2026-09-23 06:53:48.038951
3961,1981,1.51,2026-09-26 09:53:48.038951
3962,1981,7.08,2026-09-14 06:53:48.038951
3963,1982,6.27,2026-09-23 09:53:48.038951
3964,1982,8.37,2026-09-25 06:53:48.038951
3965,1983,5.02,2026-09-27 09:53:48.038951
3966,1983,1.83,2026-09-24 06:53:48.038951
3967,1984,5.13,2026-09-23 09:53:48.038951
3968,1984,3.43,2026-09-18 06:53:48.038951
3969,1985,5.61,2026-09-26 09:53:48.038951
3970,1985,1.72,2026-09-17 06:53:48.038951
3971,1986,3.05,2026-09-18 09:53:48.038951
3972,1986,7.19,2026-09-18 06:53:48.038951
3973,1987,3.65,2026-09-13 09:53:48.038951
3974,1987,4.31,2026-09-21 06:53:48.038951
3975,1988,3.69,2026-09-16 09:53:48.038951
3976,1988,5.83,2026-09-13 06:53:48.038951
3977,1989,2.37,2026-09-17 09:53:48.038951
3978,1989,5.65,2026-09-24 06:53:48.038951
3979,1990,7.0,2026-09-19 09:53:48.038951
3980,1990,5.97,2026-09-20 06:53:48.038951
3981,1991,5.79,2026-09-20 09:53:48.038951
3982,1991,7.03,2026-09-19 06:53:48.038951
3983,1992,1.53,2026-09-26 09:53:48.038951
3984,1992,5.02,2026-09-15 06:53:48.038951
3985,1993,2.13,2026-09-17 09:53:48.038951
3986,1993,3.5,2026-09-22 06:53:48.038951
3987,1994,1.96,2026-09-16 09:53:48.038951
3988,1994,6.7,2026-09-27 06:53:48.038951
3989,1995,3.03,2026-09-18 09:53:48.038951
3990,1995,1.99,2026-09-18 06:53:48.038951
3991,1996,5.49,2026-09-16 09:53:48.038951
3992,1996,4.14,2026-09-27 06:53:48.038951
3993,1997,4.51,2026-09-21 09:53:48.038951
3994,1997,4.31,2026-09-24 06:53:48.038951
3995,1998,4.41,2026-09-13 09:53:48.038951
3996,1998,6.23,2026-09-13 06:53:48.038951
3997,1999,3.68,2026-09-19 09:53:48.038951
3998,1999,4.21,2026-09-26 06:53:48.038951
3999,2000,2.59,2026-09-14 09:53:48.038951
4000,2000,7.94,2026-09-20 06:53:48.038951
4001,2001,7.53,2026-09-18 09:53:48.038951
4002,2001,4.7,2026-09-25 06:53:48.038951
4003,2002,3.36,2026-09-22 09:53:48.038951
4004,2002,2.75,2026-09-15 06:53:48.038951
4005,2003,6.28,2026-09-18 09:53:48.038951
4006,2003,5.96,2026-09-23 06:53:48.038951
4007,2004,7.13,2026-09-18 09:53:48.038951
4008,2004,3.51,2026-09-16 06:53:48.038951
4009,2005,6.35,2026-09-24 09:53:48.038951
4010,2005,7.84,2026-09-24 06:53:48.038951
4011,2006,5.37,2026-09-22 09:53:48.038951
4012,2006,7.41,2026-09-13 06:53:48.038951
4013,2007,6.47,2026-09-20 09:53:48.038951
4014,2007,3.92,2026-09-19 06:53:48.038951
4015,2008,8.23,2026-09-27 09:53:48.038951
4016,2008,7.4,2026-09-13 06:53:48.038951
4017,2009,3.69,2026-09-21 09:53:48.038951
4018,2009,7.84,2026-09-27 06:53:48.038951
4019,2010,2.58,2026-09-22 09:53:48.038951
4020,2010,4.97,2026-09-17 06:53:48.038951
4021,2011,3.19,2026-09-17 09:53:48.038951
4022,2011,8.38,2026-09-14 06:53:48.038951
4023,2012,7.73,2026-09-19 09:53:48.038951
4024,2012,3.94,2026-09-16 06:53:48.038951
4025,2013,8.18,2026-09-21 09:53:48.038951
4026,2013,7.37,2026-09-22 06:53:48.038951
4027,2014,1.99,2026-09-27 09:53:48.038951
4028,2014,4.51,2026-09-27 06:53:48.038951
4029,2015,4.99,2026-09-23 09:53:48.038951
4030,2015,4.37,2026-09-14 06:53:48.038951
4031,2016,8.46,2026-09-22 09:53:48.038951
4032,2016,6.21,2026-09-13 06:53:48.038951
4033,2017,6.88,2026-09-20 09:53:48.038951
4034,2017,2.13,2026-09-19 06:53:48.038951
4035,2018,6.57,2026-09-22 09:53:48.038951
4036,2018,8.08,2026-09-17 06:53:48.038951
4037,2019,1.77,2026-09-21 09:53:48.038951
4038,2019,5.88,2026-09-23 06:53:48.038951
4039,2020,6.68,2026-09-19 09:53:48.038951
4040,2020,8.37,2026-09-13 06:53:48.038951
4041,2021,4.36,2026-09-19 09:53:48.038951
4042,2021,3.2,2026-09-24 06:53:48.038951
4043,2022,5.67,2026-09-16 09:53:48.038951
4044,2022,2.25,2026-09-22 06:53:48.038951
4045,2023,5.41,2026-09-14 09:53:48.038951
4046,2023,3.27,2026-09-14 06:53:48.038951
4047,2024,8.12,2026-09-14 09:53:48.038951
4048,2024,3.61,2026-09-20 06:53:48.038951
4049,2025,1.7,2026-09-19 09:53:48.038951
4050,2025,5.52,2026-09-22 06:53:48.038951
4051,2026,6.74,2026-09-27 09:53:48.038951
4052,2026,2.98,2026-09-15 06:53:48.038951
4053,2027,1.72,2026-09-27 09:53:48.038951
4054,2027,6.94,2026-09-19 06:53:48.038951
4055,2028,1.21,2026-09-23 09:53:48.038951
4056,2028,1.68,2026-09-23 06:53:48.038951
4057,2029,8.02,2026-09-25 09:53:48.038951
4058,2029,6.66,2026-09-13 06:53:48.038951
4059,2030,1.55,2026-09-16 09:53:48.038951
4060,2030,5.82,2026-09-18 06:53:48.038951
4061,2031,7.06,2026-09-22 09:53:48.038951
4062,2031,5.96,2026-09-16 06:53:48.038951
4063,2032,3.13,2026-09-17 09:53:48.038951
4064,2032,5.54,2026-09-22 06:53:48.038951
4065,2033,5.5,2026-09-20 09:53:48.038951
4066,2033,7.54,2026-09-22 06:53:48.038951
4067,2034,4.55,2026-09-17 09:53:48.038951
4068,2034,3.28,2026-09-23 06:53:48.038951
4069,2035,2.71,2026-09-18 09:53:48.038951
4070,2035,2.73,2026-09-22 06:53:48.038951
4071,2036,6.16,2026-09-16 09:53:48.038951
4072,2036,6.71,2026-09-22 06:53:48.038951
4073,2037,6.46,2026-09-14 09:53:48.038951
4074,2037,8.24,2026-09-20 06:53:48.038951
4075,2038,7.33,2026-09-17 09:53:48.038951
4076,2038,5.62,2026-09-17 06:53:48.038951
4077,2039,5.48,2026-09-19 09:53:48.038951
4078,2039,5.5,2026-09-23 06:53:48.038951
4079,2040,7.27,2026-09-25 09:53:48.038951
4080,2040,8.0,2026-09-13 06:53:48.038951
4081,2041,2.71,2026-09-20 09:53:48.038951
4082,2041,5.03,2026-09-20 06:53:48.038951
4083,2042,1.44,2026-09-14 09:53:48.038951
4084,2042,2.84,2026-09-14 06:53:48.038951
4085,2043,6.92,2026-09-21 09:53:48.038951
4086,2043,3.09,2026-09-22 06:53:48.038951
4087,2044,5.58,2026-09-17 09:53:48.038951
4088,2044,7.51,2026-09-20 06:53:48.038951
4089,2045,4.33,2026-09-19 09:53:48.038951
4090,2045,4.62,2026-09-25 06:53:48.038951
4091,2046,7.83,2026-09-23 09:53:48.038951
4092,2046,4.94,2026-09-19 06:53:48.038951
4093,2047,6.56,2026-09-19 09:53:48.038951
4094,2047,7.33,2026-09-23 06:53:48.038951
4095,2048,8.07,2026-09-27 09:53:48.038951
4096,2048,2.7,2026-09-26 06:53:48.038951
4097,2049,4.84,2026-09-16 09:53:48.038951
4098,2049,7.97,2026-09-20 06:53:48.038951
4099,2050,6.16,2026-09-18 09:53:48.038951
4100,2050,5.47,2026-09-21 06:53:48.038951
4101,2051,7.6,2026-09-21 09:53:48.038951
4102,2051,6.11,2026-09-20 06:53:48.038951
4103,2052,5.96,2026-09-17 09:53:48.038951
4104,2052,6.51,2026-09-18 06:53:48.038951
4105,2053,1.55,2026-09-13 09:53:48.038951
4106,2053,7.34,2026-09-20 06:53:48.038951
4107,2054,4.95,2026-09-17 09:53:48.038951
4108,2054,4.59,2026-09-25 06:53:48.038951
4109,2055,4.27,2026-09-23 09:53:48.038951
4110,2055,7.42,2026-09-21 06:53:48.038951
4111,2056,7.5,2026-09-18 09:53:48.038951
4112,2056,2.68,2026-09-13 06:53:48.038951
4113,2057,5.63,2026-09-22 09:53:48.038951
4114,2057,6.74,2026-09-15 06:53:48.038951
4115,2058,4.58,2026-09-14 09:53:48.038951
4116,2058,1.62,2026-09-26 06:53:48.038951
4117,2059,2.37,2026-09-20 09:53:48.038951
4118,2059,5.88,2026-09-22 06:53:48.038951
4119,2060,1.97,2026-09-16 09:53:48.038951
4120,2060,1.44,2026-09-22 06:53:48.038951
4121,2061,3.23,2026-09-27 09:53:48.038951
4122,2061,4.6,2026-09-17 06:53:48.038951
4123,2062,5.75,2026-09-21 09:53:48.038951
4124,2062,3.87,2026-09-22 06:53:48.038951
4125,2063,8.31,2026-09-13 09:53:48.038951
4126,2063,1.63,2026-09-23 06:53:48.038951
4127,2064,3.36,2026-09-27 09:53:48.038951
4128,2064,5.13,2026-09-19 06:53:48.038951
4129,2065,2.71,2026-09-13 09:53:48.038951
4130,2065,4.92,2026-09-15 06:53:48.038951
4131,2066,3.37,2026-09-15 09:53:48.038951
4132,2066,2.08,2026-09-24 06:53:48.038951
4133,2067,2.98,2026-09-13 09:53:48.038951
4134,2067,4.45,2026-09-22 06:53:48.038951
4135,2068,7.95,2026-09-18 09:53:48.038951
4136,2068,6.45,2026-09-22 06:53:48.038951
4137,2069,8.05,2026-09-13 09:53:48.038951
4138,2069,3.51,2026-09-24 06:53:48.038951
4139,2070,1.43,2026-09-22 09:53:48.038951
4140,2070,5.42,2026-09-20 06:53:48.038951
4141,2071,7.33,2026-09-25 09:53:48.038951
4142,2071,6.25,2026-09-20 06:53:48.038951
4143,2072,5.89,2026-09-14 09:53:48.038951
4144,2072,6.92,2026-09-25 06:53:48.038951
4145,2073,3.44,2026-09-24 09:53:48.038951
4146,2073,8.42,2026-09-21 06:53:48.038951
4147,2074,5.27,2026-09-22 09:53:48.038951
4148,2074,2.43,2026-09-27 06:53:48.038951
4149,2075,4.44,2026-09-18 09:53:48.038951
4150,2075,5.02,2026-09-17 06:53:48.038951
4151,2076,7.82,2026-09-17 09:53:48.038951
4152,2076,6.05,2026-09-23 06:53:48.038951
4153,2077,5.93,2026-09-16 09:53:48.038951
4154,2077,3.1,2026-09-20 06:53:48.038951
4155,2078,5.37,2026-09-20 09:53:48.038951
4156,2078,1.64,2026-09-26 06:53:48.038951
4157,2079,5.51,2026-09-19 09:53:48.038951
4158,2079,2.93,2026-09-14 06:53:48.038951
4159,2080,5.5,2026-09-21 09:53:48.038951
4160,2080,1.89,2026-09-27 06:53:48.038951
4161,2081,5.32,2026-09-15 09:53:48.038951
4162,2081,4.45,2026-09-22 06:53:48.038951
4163,2082,5.45,2026-09-14 09:53:48.038951
4164,2082,2.74,2026-09-13 06:53:48.038951
4165,2083,6.86,2026-09-20 09:53:48.038951
4166,2083,1.4,2026-09-16 06:53:48.038951
4167,2084,3.57,2026-09-13 09:53:48.038951
4168,2084,5.53,2026-09-17 06:53:48.038951
4169,2085,8.05,2026-09-18 09:53:48.038951
4170,2085,2.21,2026-09-20 06:53:48.038951
4171,2086,4.38,2026-09-21 09:53:48.038951
4172,2086,7.51,2026-09-23 06:53:48.038951
4173,2087,1.94,2026-09-21 09:53:48.038951
4174,2087,2.51,2026-09-16 06:53:48.038951
4175,2088,3.82,2026-09-21 09:53:48.038951
4176,2088,7.71,2026-09-14 06:53:48.038951
4177,2089,4.94,2026-09-22 09:53:48.038951
4178,2089,7.55,2026-09-27 06:53:48.038951
4179,2090,6.89,2026-09-17 09:53:48.038951
4180,2090,3.25,2026-09-24 06:53:48.038951
4181,2091,8.17,2026-09-22 09:53:48.038951
4182,2091,6.11,2026-09-20 06:53:48.038951
4183,2092,3.16,2026-09-18 09:53:48.038951
4184,2092,6.29,2026-09-24 06:53:48.038951
4185,2093,3.72,2026-09-25 09:53:48.038951
4186,2093,1.64,2026-09-21 06:53:48.038951
4187,2094,1.82,2026-09-22 09:53:48.038951
4188,2094,4.0,2026-09-13 06:53:48.038951
4189,2095,1.35,2026-09-25 09:53:48.038951
4190,2095,4.52,2026-09-15 06:53:48.038951
4191,2096,2.36,2026-09-13 09:53:48.038951
4192,2096,3.74,2026-09-22 06:53:48.038951
4193,2097,7.94,2026-09-25 09:53:48.038951
4194,2097,3.65,2026-09-21 06:53:48.038951
4195,2098,7.43,2026-09-13 09:53:48.038951
4196,2098,1.31,2026-09-27 06:53:48.038951
4197,2099,5.11,2026-09-15 09:53:48.038951
4198,2099,2.18,2026-09-15 06:53:48.038951
4199,2100,5.4,2026-09-24 09:53:48.038951
4200,2100,7.87,2026-09-26 06:53:48.038951
4201,2101,8.25,2026-09-27 09:53:48.038951
4202,2101,7.79,2026-09-16 06:53:48.038951
4203,2102,6.8,2026-09-19 09:53:48.038951
4204,2102,1.18,2026-09-14 06:53:48.038951
4205,2103,1.59,2026-09-20 09:53:48.038951
4206,2103,2.5,2026-09-18 06:53:48.038951
4207,2104,3.42,2026-09-27 09:53:48.038951
4208,2104,7.25,2026-09-24 06:53:48.038951
4209,2105,7.62,2026-09-25 09:53:48.038951
4210,2105,6.2,2026-09-23 06:53:48.038951
4211,2106,6.39,2026-09-19 09:53:48.038951
4212,2106,4.38,2026-09-14 06:53:48.038951
4213,2107,3.56,2026-09-13 09:53:48.038951
4214,2107,6.26,2026-09-18 06:53:48.038951
4215,2108,3.66,2026-09-19 09:53:48.038951
4216,2108,2.12,2026-09-23 06:53:48.038951
4217,2109,4.9,2026-09-22 09:53:48.038951
4218,2109,7.29,2026-09-14 06:53:48.038951
4219,2110,1.81,2026-09-23 09:53:48.038951
4220,2110,1.45,2026-09-15 06:53:48.038951
4221,2111,5.47,2026-09-25 09:53:48.038951
4222,2111,5.28,2026-09-21 06:53:48.038951
4223,2112,2.94,2026-09-17 09:53:48.038951
4224,2112,3.07,2026-09-14 06:53:48.038951
4225,2113,8.29,2026-09-18 09:53:48.038951
4226,2113,5.54,2026-09-15 06:53:48.038951
4227,2114,6.9,2026-09-16 09:53:48.038951
4228,2114,6.43,2026-09-18 06:53:48.038951
4229,2115,5.15,2026-09-16 09:53:48.038951
4230,2115,4.67,2026-09-14 06:53:48.038951
4231,2116,6.78,2026-09-15 09:53:48.038951
4232,2116,8.17,2026-09-14 06:53:48.038951
4233,2117,3.68,2026-09-19 09:53:48.038951
4234,2117,4.56,2026-09-15 06:53:48.038951
4235,2118,1.54,2026-09-15 09:53:48.038951
4236,2118,2.9,2026-09-18 06:53:48.038951
4237,2119,1.8,2026-09-15 09:53:48.038951
4238,2119,7.97,2026-09-18 06:53:48.038951
4239,2120,1.24,2026-09-25 09:53:48.038951
4240,2120,3.57,2026-09-15 06:53:48.038951
4241,2121,2.62,2026-09-20 09:53:48.038951
4242,2121,2.83,2026-09-17 06:53:48.038951
4243,2122,8.48,2026-09-25 09:53:48.038951
4244,2122,5.86,2026-09-19 06:53:48.038951
4245,2123,8.46,2026-09-22 09:53:48.038951
4246,2123,1.91,2026-09-23 06:53:48.038951
4247,2124,4.4,2026-09-17 09:53:48.038951
4248,2124,3.49,2026-09-13 06:53:48.038951
4249,2125,2.38,2026-09-22 09:53:48.038951
4250,2125,3.65,2026-09-16 06:53:48.038951
4251,2126,4.34,2026-09-17 09:53:48.038951
4252,2126,1.65,2026-09-26 06:53:48.038951
4253,2127,6.09,2026-09-26 09:53:48.038951
4254,2127,3.86,2026-09-19 06:53:48.038951
4255,2128,6.7,2026-09-18 09:53:48.038951
4256,2128,7.84,2026-09-19 06:53:48.038951
4257,2129,1.27,2026-09-25 09:53:48.038951
4258,2129,1.13,2026-09-22 06:53:48.038951
4259,2130,6.24,2026-09-21 09:53:48.038951
4260,2130,4.59,2026-09-13 06:53:48.038951
4261,2131,7.79,2026-09-25 09:53:48.038951
4262,2131,1.53,2026-09-14 06:53:48.038951
4263,2132,3.35,2026-09-14 09:53:48.038951
4264,2132,4.03,2026-09-20 06:53:48.038951
4265,2133,1.26,2026-09-20 09:53:48.038951
4266,2133,1.8,2026-09-13 06:53:48.038951
4267,2134,8.39,2026-09-15 09:53:48.038951
4268,2134,7.74,2026-09-15 06:53:48.038951
4269,2135,1.65,2026-09-15 09:53:48.038951
4270,2135,2.49,2026-09-24 06:53:48.038951
4271,2136,2.83,2026-09-16 09:53:48.038951
4272,2136,8.42,2026-09-26 06:53:48.038951
4273,2137,7.21,2026-09-13 09:53:48.038951
4274,2137,5.78,2026-09-13 06:53:48.038951
4275,2138,6.41,2026-09-22 09:53:48.038951
4276,2138,3.17,2026-09-26 06:53:48.038951
4277,2139,4.56,2026-09-14 09:53:48.038951
4278,2139,4.94,2026-09-25 06:53:48.038951
4279,2140,1.5,2026-09-20 09:53:48.038951
4280,2140,7.49,2026-09-25 06:53:48.038951
4281,2141,2.15,2026-09-14 09:53:48.038951
4282,2141,3.66,2026-09-21 06:53:48.038951
4283,2142,1.97,2026-09-23 09:53:48.038951
4284,2142,5.26,2026-09-19 06:53:48.038951
4285,2143,7.64,2026-09-26 09:53:48.038951
4286,2143,2.7,2026-09-19 06:53:48.038951
4287,2144,7.55,2026-09-24 09:53:48.038951
4288,2144,8.0,2026-09-25 06:53:48.038951
4289,2145,1.67,2026-09-17 09:53:48.038951
4290,2145,5.52,2026-09-27 06:53:48.038951
4291,2146,1.52,2026-09-19 09:53:48.038951
4292,2146,7.13,2026-09-25 06:53:48.038951
4293,2147,6.95,2026-09-13 09:53:48.038951
4294,2147,7.62,2026-09-18 06:53:48.038951
4295,2148,4.16,2026-09-24 09:53:48.038951
4296,2148,7.98,2026-09-13 06:53:48.038951
4297,2149,5.35,2026-09-22 09:53:48.038951
4298,2149,4.36,2026-09-16 06:53:48.038951
4299,2150,3.94,2026-09-13 09:53:48.038951
4300,2150,3.51,2026-09-13 06:53:48.038951
4301,2151,1.86,2026-09-16 09:53:48.038951
4302,2151,4.51,2026-09-20 06:53:48.038951
4303,2152,6.59,2026-09-21 09:53:48.038951
4304,2152,6.45,2026-09-27 06:53:48.038951
4305,2153,4.87,2026-09-24 09:53:48.038951
4306,2153,2.76,2026-09-19 06:53:48.038951
4307,2154,6.61,2026-09-20 09:53:48.038951
4308,2154,8.22,2026-09-15 06:53:48.038951
4309,2155,2.26,2026-09-18 09:53:48.038951
4310,2155,1.97,2026-09-20 06:53:48.038951
4311,2156,1.23,2026-09-27 09:53:48.038951
4312,2156,6.72,2026-09-18 06:53:48.038951
4313,2157,3.03,2026-09-22 09:53:48.038951
4314,2157,3.34,2026-09-16 06:53:48.038951
4315,2158,7.07,2026-09-18 09:53:48.038951
4316,2158,2.21,2026-09-26 06:53:48.038951
4317,2159,1.9,2026-09-18 09:53:48.038951
4318,2159,3.68,2026-09-25 06:53:48.038951
4319,2160,2.77,2026-09-19 09:53:48.038951
4320,2160,8.31,2026-09-16 06:53:48.038951
4321,2161,2.97,2026-09-17 09:53:48.038951
4322,2161,1.49,2026-09-17 06:53:48.038951
4323,2162,3.14,2026-09-27 09:53:48.038951
4324,2162,3.51,2026-09-23 06:53:48.038951
4325,2163,3.34,2026-09-17 09:53:48.038951
4326,2163,5.29,2026-09-14 06:53:48.038951
4327,2164,5.52,2026-09-24 09:53:48.038951
4328,2164,7.66,2026-09-13 06:53:48.038951
4329,2165,1.33,2026-09-14 09:53:48.038951
4330,2165,7.69,2026-09-17 06:53:48.038951
4331,2166,3.4,2026-09-21 09:53:48.038951
4332,2166,4.55,2026-09-18 06:53:48.038951
4333,2167,7.44,2026-09-20 09:53:48.038951
4334,2167,5.39,2026-09-23 06:53:48.038951
4335,2168,3.73,2026-09-26 09:53:48.038951
4336,2168,2.34,2026-09-13 06:53:48.038951
4337,2169,4.28,2026-09-22 09:53:48.038951
4338,2169,6.87,2026-09-17 06:53:48.038951
4339,2170,1.88,2026-09-17 09:53:48.038951
4340,2170,1.99,2026-09-25 06:53:48.038951
4341,2171,6.95,2026-09-18 09:53:48.038951
4342,2171,3.33,2026-09-27 06:53:48.038951
4343,2172,4.21,2026-09-13 09:53:48.038951
4344,2172,2.69,2026-09-23 06:53:48.038951
4345,2173,6.22,2026-09-22 09:53:48.038951
4346,2173,5.86,2026-09-21 06:53:48.038951
4347,2174,4.97,2026-09-21 09:53:48.038951
4348,2174,6.33,2026-09-25 06:53:48.038951
4349,2175,5.02,2026-09-22 09:53:48.038951
4350,2175,6.61,2026-09-17 06:53:48.038951
4351,2176,1.2,2026-09-26 09:53:48.038951
4352,2176,5.92,2026-09-18 06:53:48.038951
4353,2177,3.42,2026-09-27 09:53:48.038951
4354,2177,4.37,2026-09-25 06:53:48.038951
4355,2178,4.43,2026-09-16 09:53:48.038951
4356,2178,5.85,2026-09-21 06:53:48.038951
4357,2179,2.22,2026-09-15 09:53:48.038951
4358,2179,6.26,2026-09-21 06:53:48.038951
4359,2180,6.63,2026-09-26 09:53:48.038951
4360,2180,1.96,2026-09-21 06:53:48.038951
4361,2181,4.57,2026-09-13 09:53:48.038951
4362,2181,6.55,2026-09-20 06:53:48.038951
4363,2182,6.96,2026-09-23 09:53:48.038951
4364,2182,7.37,2026-09-20 06:53:48.038951
4365,2183,8.24,2026-09-16 09:53:48.038951
4366,2183,1.27,2026-09-16 06:53:48.038951
4367,2184,5.94,2026-09-16 09:53:48.038951
4368,2184,5.88,2026-09-23 06:53:48.038951
4369,2185,6.48,2026-09-18 09:53:48.038951
4370,2185,7.14,2026-09-26 06:53:48.038951
4371,2186,7.37,2026-09-14 09:53:48.038951
4372,2186,4.5,2026-09-16 06:53:48.038951
4373,2187,8.27,2026-09-25 09:53:48.038951
4374,2187,1.88,2026-09-24 06:53:48.038951
4375,2188,6.98,2026-09-20 09:53:48.038951
4376,2188,5.21,2026-09-13 06:53:48.038951
4377,2189,8.39,2026-09-18 09:53:48.038951
4378,2189,7.6,2026-09-25 06:53:48.038951
4379,2190,3.09,2026-09-20 09:53:48.038951
4380,2190,4.28,2026-09-27 06:53:48.038951
4381,2191,7.16,2026-09-18 09:53:48.038951
4382,2191,8.19,2026-09-25 06:53:48.038951
4383,2192,5.27,2026-09-18 09:53:48.038951
4384,2192,6.75,2026-09-23 06:53:48.038951
4385,2193,4.97,2026-09-27 09:53:48.038951
4386,2193,7.84,2026-09-17 06:53:48.038951
4387,2194,7.96,2026-09-17 09:53:48.038951
4388,2194,4.59,2026-09-13 06:53:48.038951
4389,2195,1.5,2026-09-24 09:53:48.038951
4390,2195,6.59,2026-09-19 06:53:48.038951
4391,2196,4.81,2026-09-18 09:53:48.038951
4392,2196,6.66,2026-09-22 06:53:48.038951
4393,2197,5.41,2026-09-16 09:53:48.038951
4394,2197,4.08,2026-09-22 06:53:48.038951
4395,2198,2.41,2026-09-17 09:53:48.038951
4396,2198,3.88,2026-09-24 06:53:48.038951
4397,2199,1.85,2026-09-16 09:53:48.038951
4398,2199,2.02,2026-09-19 06:53:48.038951
4399,2200,7.31,2026-09-22 09:53:48.038951
4400,2200,5.16,2026-09-24 06:53:48.038951
4401,2201,5.89,2026-09-13 09:53:48.038951
4402,2201,7.83,2026-09-13 06:53:48.038951
4403,2202,5.33,2026-09-22 09:53:48.038951
4404,2202,2.7,2026-09-17 06:53:48.038951
4405,2203,7.74,2026-09-15 09:53:48.038951
4406,2203,7.71,2026-09-13 06:53:48.038951
4407,2204,5.45,2026-09-24 09:53:48.038951
4408,2204,5.63,2026-09-27 06:53:48.038951
4409,2205,5.82,2026-09-19 09:53:48.038951
4410,2205,1.12,2026-09-24 06:53:48.038951
4411,2206,5.48,2026-09-14 09:53:48.038951
4412,2206,5.01,2026-09-18 06:53:48.038951
4413,2207,5.2,2026-09-17 09:53:48.038951
4414,2207,2.51,2026-09-26 06:53:48.038951
4415,2208,2.37,2026-09-14 09:53:48.038951
4416,2208,6.15,2026-09-18 06:53:48.038951
4417,2209,5.67,2026-09-19 09:53:48.038951
4418,2209,7.98,2026-09-16 06:53:48.038951
4419,2210,5.88,2026-09-18 09:53:48.038951
4420,2210,7.29,2026-09-26 06:53:48.038951
4421,2211,2.5,2026-09-13 09:53:48.038951
4422,2211,1.65,2026-09-24 06:53:48.038951
4423,2212,1.16,2026-09-21 09:53:48.038951
4424,2212,8.49,2026-09-16 06:53:48.038951
4425,2213,4.46,2026-09-17 09:53:48.038951
4426,2213,4.9,2026-09-15 06:53:48.038951
4427,2214,2.56,2026-09-19 09:53:48.038951
4428,2214,5.18,2026-09-26 06:53:48.038951
4429,2215,2.25,2026-09-27 09:53:48.038951
4430,2215,2.65,2026-09-14 06:53:48.038951
4431,2216,6.26,2026-09-18 09:53:48.038951
4432,2216,1.42,2026-09-23 06:53:48.038951
4433,2217,4.57,2026-09-15 09:53:48.038951
4434,2217,1.96,2026-09-19 06:53:48.038951
4435,2218,4.25,2026-09-25 09:53:48.038951
4436,2218,5.84,2026-09-18 06:53:48.038951
4437,2219,7.44,2026-09-24 09:53:48.038951
4438,2219,1.82,2026-09-22 06:53:48.038951
4439,2220,8.04,2026-09-15 09:53:48.038951
4440,2220,8.46,2026-09-17 06:53:48.038951
4441,2221,4.03,2026-09-24 09:53:48.038951
4442,2221,7.42,2026-09-27 06:53:48.038951
4443,2222,5.46,2026-09-16 09:53:48.038951
4444,2222,3.84,2026-09-23 06:53:48.038951
4445,2223,2.9,2026-09-17 09:53:48.038951
4446,2223,5.81,2026-09-20 06:53:48.038951
4447,2224,3.98,2026-09-17 09:53:48.038951
4448,2224,6.94,2026-09-13 06:53:48.038951
4449,2225,5.03,2026-09-24 09:53:48.038951
4450,2225,3.41,2026-09-17 06:53:48.038951
4451,2226,6.54,2026-09-26 09:53:48.038951
4452,2226,1.2,2026-09-17 06:53:48.038951
4453,2227,6.93,2026-09-20 09:53:48.038951
4454,2227,2.97,2026-09-26 06:53:48.038951
4455,2228,2.25,2026-09-15 09:53:48.038951
4456,2228,2.67,2026-09-16 06:53:48.038951
4457,2229,5.67,2026-09-15 09:53:48.038951
4458,2229,3.85,2026-09-18 06:53:48.038951
4459,2230,7.2,2026-09-17 09:53:48.038951
4460,2230,2.6,2026-09-14 06:53:48.038951
4461,2231,3.82,2026-09-14 09:53:48.038951
4462,2231,5.35,2026-09-13 06:53:48.038951
4463,2232,6.86,2026-09-25 09:53:48.038951
4464,2232,2.69,2026-09-17 06:53:48.038951
4465,2233,3.74,2026-09-21 09:53:48.038951
4466,2233,2.22,2026-09-20 06:53:48.038951
4467,2234,6.85,2026-09-17 09:53:48.038951
4468,2234,5.22,2026-09-25 06:53:48.038951
4469,2235,1.49,2026-09-14 09:53:48.038951
4470,2235,3.01,2026-09-19 06:53:48.038951
4471,2236,8.19,2026-09-27 09:53:48.038951
4472,2236,7.86,2026-09-19 06:53:48.038951
4473,2237,4.24,2026-09-19 09:53:48.038951
4474,2237,3.34,2026-09-16 06:53:48.038951
4475,2238,3.16,2026-09-19 09:53:48.038951
4476,2238,8.34,2026-09-18 06:53:48.038951
4477,2239,7.37,2026-09-13 09:53:48.038951
4478,2239,7.94,2026-09-26 06:53:48.038951
4479,2240,8.12,2026-09-21 09:53:48.038951
4480,2240,1.77,2026-09-21 06:53:48.038951
4481,2241,4.58,2026-09-16 09:53:48.038951
4482,2241,7.91,2026-09-25 06:53:48.038951
4483,2242,5.13,2026-09-27 09:53:48.038951
4484,2242,1.35,2026-09-17 06:53:48.038951
4485,2243,6.42,2026-09-13 09:53:48.038951
4486,2243,1.88,2026-09-25 06:53:48.038951
4487,2244,4.25,2026-09-23 09:53:48.038951
4488,2244,5.19,2026-09-19 06:53:48.038951
4489,2245,7.1,2026-09-18 09:53:48.038951
4490,2245,4.22,2026-09-14 06:53:48.038951
4491,2246,1.76,2026-09-20 09:53:48.038951
4492,2246,5.4,2026-09-27 06:53:48.038951
4493,2247,4.84,2026-09-19 09:53:48.038951
4494,2247,3.73,2026-09-24 06:53:48.038951
4495,2248,4.62,2026-09-27 09:53:48.038951
4496,2248,3.51,2026-09-14 06:53:48.038951
4497,2249,8.48,2026-09-16 09:53:48.038951
4498,2249,6.42,2026-09-19 06:53:48.038951
4499,2250,6.1,2026-09-21 09:53:48.038951
4500,2250,5.86,2026-09-14 06:53:48.038951
4501,2251,4.86,2026-09-13 09:53:48.038951
4502,2251,4.51,2026-09-16 06:53:48.038951
4503,2252,8.13,2026-09-17 09:53:48.038951
4504,2252,1.48,2026-09-15 06:53:48.038951
4505,2253,1.69,2026-09-22 09:53:48.038951
4506,2253,5.85,2026-09-20 06:53:48.038951
4507,2254,7.27,2026-09-13 09:53:48.038951
4508,2254,4.91,2026-09-27 06:53:48.038951
4509,2255,7.54,2026-09-16 09:53:48.038951
4510,2255,4.95,2026-09-23 06:53:48.038951
4511,2256,5.09,2026-09-23 09:53:48.038951
4512,2256,8.02,2026-09-22 06:53:48.038951
4513,2257,6.9,2026-09-16 09:53:48.038951
4514,2257,5.63,2026-09-25 06:53:48.038951
4515,2258,5.48,2026-09-23 09:53:48.038951
4516,2258,2.99,2026-09-13 06:53:48.038951
4517,2259,7.22,2026-09-15 09:53:48.038951
4518,2259,3.27,2026-09-15 06:53:48.038951
4519,2260,5.91,2026-09-26 09:53:48.038951
4520,2260,2.44,2026-09-14 06:53:48.038951
4521,2261,5.68,2026-09-14 09:53:48.038951
4522,2261,2.64,2026-09-19 06:53:48.038951
4523,2262,7.89,2026-09-24 09:53:48.038951
4524,2262,2.65,2026-09-25 06:53:48.038951
4525,2263,8.15,2026-09-25 09:53:48.038951
4526,2263,6.8,2026-09-14 06:53:48.038951
4527,2264,1.87,2026-09-21 09:53:48.038951
4528,2264,4.86,2026-09-19 06:53:48.038951
4529,2265,1.74,2026-09-18 09:53:48.038951
4530,2265,7.03,2026-09-27 06:53:48.038951
4531,2266,5.1,2026-09-18 09:53:48.038951
4532,2266,4.05,2026-09-22 06:53:48.038951
4533,2267,3.95,2026-09-15 09:53:48.038951
4534,2267,2.28,2026-09-20 06:53:48.038951
4535,2268,1.17,2026-09-13 09:53:48.038951
4536,2268,2.08,2026-09-27 06:53:48.038951
4537,2269,1.53,2026-09-19 09:53:48.038951
4538,2269,7.09,2026-09-20 06:53:48.038951
4539,2270,3.96,2026-09-16 09:53:48.038951
4540,2270,6.03,2026-09-26 06:53:48.038951
4541,2271,8.16,2026-09-24 09:53:48.038951
4542,2271,2.67,2026-09-27 06:53:48.038951
4543,2272,3.01,2026-09-18 09:53:48.038951
4544,2272,7.69,2026-09-16 06:53:48.038951
4545,2273,4.95,2026-09-13 09:53:48.038951
4546,2273,7.06,2026-09-22 06:53:48.038951
4547,2274,3.2,2026-09-14 09:53:48.038951
4548,2274,7.15,2026-09-14 06:53:48.038951
4549,2275,2.82,2026-09-16 09:53:48.038951
4550,2275,4.44,2026-09-15 06:53:48.038951
4551,2276,1.22,2026-09-23 09:53:48.038951
4552,2276,4.49,2026-09-20 06:53:48.038951
4553,2277,6.47,2026-09-13 09:53:48.038951
4554,2277,4.84,2026-09-15 06:53:48.038951
4555,2278,1.75,2026-09-13 09:53:48.038951
4556,2278,2.37,2026-09-24 06:53:48.038951
4557,2279,7.66,2026-09-13 09:53:48.038951
4558,2279,3.34,2026-09-20 06:53:48.038951
4559,2280,7.54,2026-09-22 09:53:48.038951
4560,2280,5.5,2026-09-21 06:53:48.038951
4561,2281,4.88,2026-09-27 09:53:48.038951
4562,2281,2.52,2026-09-19 06:53:48.038951
4563,2282,6.86,2026-09-13 09:53:48.038951
4564,2282,4.84,2026-09-19 06:53:48.038951
4565,2283,6.43,2026-09-15 09:53:48.038951
4566,2283,1.45,2026-09-19 06:53:48.038951
4567,2284,2.45,2026-09-14 09:53:48.038951
4568,2284,3.58,2026-09-17 06:53:48.038951
4569,2285,2.64,2026-09-20 09:53:48.038951
4570,2285,3.9,2026-09-15 06:53:48.038951
4571,2286,1.5,2026-09-14 09:53:48.038951
4572,2286,8.43,2026-09-19 06:53:48.038951
4573,2287,4.77,2026-09-17 09:53:48.038951
4574,2287,6.62,2026-09-17 06:53:48.038951
4575,2288,5.73,2026-09-20 09:53:48.038951
4576,2288,4.39,2026-09-22 06:53:48.038951
4577,2289,1.17,2026-09-16 09:53:48.038951
4578,2289,3.7,2026-09-25 06:53:48.038951
4579,2290,8.42,2026-09-21 09:53:48.038951
4580,2290,1.91,2026-09-15 06:53:48.038951
4581,2291,4.59,2026-09-24 09:53:48.038951
4582,2291,8.34,2026-09-23 06:53:48.038951
4583,2292,4.08,2026-09-22 09:53:48.038951
4584,2292,1.74,2026-09-22 06:53:48.038951
4585,2293,3.4,2026-09-26 09:53:48.038951
4586,2293,7.9,2026-09-26 06:53:48.038951
4587,2294,2.69,2026-09-19 09:53:48.038951
4588,2294,4.32,2026-09-21 06:53:48.038951
4589,2295,1.1,2026-09-15 09:53:48.038951
4590,2295,7.55,2026-09-17 06:53:48.038951
4591,2296,8.02,2026-09-22 09:53:48.038951
4592,2296,8.45,2026-09-13 06:53:48.038951
4593,2297,4.13,2026-09-17 09:53:48.038951
4594,2297,8.47,2026-09-16 06:53:48.038951
4595,2298,5.87,2026-09-24 09:53:48.038951
4596,2298,5.09,2026-09-20 06:53:48.038951
4597,2299,4.3,2026-09-23 09:53:48.038951
4598,2299,3.47,2026-09-15 06:53:48.038951
4599,2300,4.2,2026-09-27 09:53:48.038951
4600,2300,1.44,2026-09-25 06:53:48.038951
4601,2301,3.51,2026-09-19 09:53:48.038951
4602,2301,6.1,2026-09-17 06:53:48.038951
4603,2302,1.58,2026-09-17 09:53:48.038951
4604,2302,5.41,2026-09-24 06:53:48.038951
4605,2303,2.66,2026-09-17 09:53:48.038951
4606,2303,5.95,2026-09-27 06:53:48.038951
4607,2304,3.05,2026-09-24 09:53:48.038951
4608,2304,7.1,2026-09-25 06:53:48.038951
4609,2305,6.17,2026-09-23 09:53:48.038951
4610,2305,3.38,2026-09-27 06:53:48.038951
4611,2306,7.18,2026-09-23 09:53:48.038951
4612,2306,4.92,2026-09-26 06:53:48.038951
4613,2307,8.3,2026-09-15 09:53:48.038951
4614,2307,1.17,2026-09-20 06:53:48.038951
4615,2308,5.4,2026-09-25 09:53:48.038951
4616,2308,2.16,2026-09-17 06:53:48.038951
4617,2309,7.23,2026-09-16 09:53:48.038951
4618,2309,4.64,2026-09-23 06:53:48.038951
4619,2310,8.02,2026-09-20 09:53:48.038951
4620,2310,3.35,2026-09-19 06:53:48.038951
4621,2311,4.17,2026-09-24 09:53:48.038951
4622,2311,5.24,2026-09-19 06:53:48.038951
4623,2312,3.05,2026-09-26 09:53:48.038951
4624,2312,6.78,2026-09-15 06:53:48.038951
4625,2313,6.93,2026-09-24 09:53:48.038951
4626,2313,6.84,2026-09-14 06:53:48.038951
4627,2314,1.56,2026-09-18 09:53:48.038951
4628,2314,2.84,2026-09-16 06:53:48.038951
4629,2315,6.03,2026-09-19 09:53:48.038951
4630,2315,1.78,2026-09-18 06:53:48.038951
4631,2316,4.09,2026-09-24 09:53:48.038951
4632,2316,1.39,2026-09-21 06:53:48.038951
4633,2317,2.57,2026-09-27 09:53:48.038951
4634,2317,3.76,2026-09-16 06:53:48.038951
4635,2318,3.52,2026-09-24 09:53:48.038951
4636,2318,4.49,2026-09-16 06:53:48.038951
4637,2319,2.04,2026-09-17 09:53:48.038951
4638,2319,4.53,2026-09-26 06:53:48.038951
4639,2320,7.82,2026-09-21 09:53:48.038951
4640,2320,2.34,2026-09-23 06:53:48.038951
4641,2321,7.14,2026-09-25 09:53:48.038951
4642,2321,8.29,2026-09-15 06:53:48.038951
4643,2322,4.78,2026-09-14 09:53:48.038951
4644,2322,4.74,2026-09-27 06:53:48.038951
4645,2323,7.62,2026-09-21 09:53:48.038951
4646,2323,7.2,2026-09-24 06:53:48.038951
4647,2324,4.22,2026-09-15 09:53:48.038951
4648,2324,4.35,2026-09-18 06:53:48.038951
4649,2325,7.12,2026-09-21 09:53:48.038951
4650,2325,7.18,2026-09-15 06:53:48.038951
4651,2326,2.33,2026-09-23 09:53:48.038951
4652,2326,6.8,2026-09-14 06:53:48.038951
4653,2327,4.23,2026-09-26 09:53:48.038951
4654,2327,7.42,2026-09-24 06:53:48.038951
4655,2328,7.3,2026-09-26 09:53:48.038951
4656,2328,4.5,2026-09-22 06:53:48.038951
4657,2329,2.27,2026-09-25 09:53:48.038951
4658,2329,4.78,2026-09-24 06:53:48.038951
4659,2330,7.91,2026-09-18 09:53:48.038951
4660,2330,5.48,2026-09-14 06:53:48.038951
4661,2331,4.47,2026-09-15 09:53:48.038951
4662,2331,3.85,2026-09-19 06:53:48.038951
4663,2332,4.46,2026-09-15 09:53:48.038951
4664,2332,2.98,2026-09-21 06:53:48.038951
4665,2333,8.27,2026-09-20 09:53:48.038951
4666,2333,7.53,2026-09-17 06:53:48.038951
4667,2334,5.34,2026-09-23 09:53:48.038951
4668,2334,5.17,2026-09-23 06:53:48.038951
4669,2335,8.07,2026-09-13 09:53:48.038951
4670,2335,7.37,2026-09-20 06:53:48.038951
4671,2336,3.96,2026-09-16 09:53:48.038951
4672,2336,6.16,2026-09-21 06:53:48.038951
4673,2337,4.96,2026-09-25 09:53:48.038951
4674,2337,4.59,2026-09-15 06:53:48.038951
4675,2338,6.13,2026-09-24 09:53:48.038951
4676,2338,2.26,2026-09-13 06:53:48.038951
4677,2339,2.68,2026-09-23 09:53:48.038951
4678,2339,7.53,2026-09-19 06:53:48.038951
4679,2340,1.69,2026-09-13 09:53:48.038951
4680,2340,7.3,2026-09-21 06:53:48.038951
4681,2341,2.43,2026-09-18 09:53:48.038951
4682,2341,5.77,2026-09-18 06:53:48.038951
4683,2342,1.8,2026-09-19 09:53:48.038951
4684,2342,3.41,2026-09-21 06:53:48.038951
4685,2343,4.42,2026-09-23 09:53:48.038951
4686,2343,6.72,2026-09-16 06:53:48.038951
4687,2344,6.45,2026-09-26 09:53:48.038951
4688,2344,1.8,2026-09-17 06:53:48.038951
4689,2345,3.75,2026-09-16 09:53:48.038951
4690,2345,8.08,2026-09-27 06:53:48.038951
4691,2346,8.38,2026-09-18 09:53:48.038951
4692,2346,2.59,2026-09-27 06:53:48.038951
4693,2347,1.24,2026-09-16 09:53:48.038951
4694,2347,4.09,2026-09-16 06:53:48.038951
4695,2348,1.72,2026-09-16 09:53:48.038951
4696,2348,4.05,2026-09-20 06:53:48.038951
4697,2349,7.68,2026-09-24 09:53:48.038951
4698,2349,4.13,2026-09-25 06:53:48.038951
4699,2350,3.03,2026-09-14 09:53:48.038951
4700,2350,1.8,2026-09-16 06:53:48.038951
4701,2351,3.27,2026-09-17 09:53:48.038951
4702,2351,2.73,2026-09-15 06:53:48.038951
4703,2352,7.53,2026-09-14 09:53:48.038951
4704,2352,2.96,2026-09-19 06:53:48.038951
4705,2353,4.22,2026-09-15 09:53:48.038951
4706,2353,2.35,2026-09-27 06:53:48.038951
4707,2354,3.71,2026-09-19 09:53:48.038951
4708,2354,7.12,2026-09-24 06:53:48.038951
4709,2355,3.13,2026-09-14 09:53:48.038951
4710,2355,6.39,2026-09-19 06:53:48.038951
4711,2356,3.22,2026-09-15 09:53:48.038951
4712,2356,6.96,2026-09-24 06:53:48.038951
4713,2357,1.55,2026-09-24 09:53:48.038951
4714,2357,4.48,2026-09-27 06:53:48.038951
4715,2358,5.43,2026-09-15 09:53:48.038951
4716,2358,7.04,2026-09-25 06:53:48.038951
4717,2359,3.19,2026-09-19 09:53:48.038951
4718,2359,6.85,2026-09-14 06:53:48.038951
4719,2360,1.33,2026-09-22 09:53:48.038951
4720,2360,4.39,2026-09-27 06:53:48.038951
4721,2361,3.43,2026-09-27 09:53:48.038951
4722,2361,4.51,2026-09-16 06:53:48.038951
4723,2362,6.9,2026-09-21 09:53:48.038951
4724,2362,7.38,2026-09-13 06:53:48.038951
4725,2363,7.6,2026-09-15 09:53:48.038951
4726,2363,5.01,2026-09-15 06:53:48.038951
4727,2364,3.45,2026-09-15 09:53:48.038951
4728,2364,6.63,2026-09-24 06:53:48.038951
4729,2365,7.98,2026-09-14 09:53:48.038951
4730,2365,8.38,2026-09-21 06:53:48.038951
4731,2366,7.23,2026-09-16 09:53:48.038951
4732,2366,3.51,2026-09-18 06:53:48.038951
4733,2367,3.75,2026-09-13 09:53:48.038951
4734,2367,3.86,2026-09-19 06:53:48.038951
4735,2368,7.55,2026-09-25 09:53:48.038951
4736,2368,5.48,2026-09-19 06:53:48.038951
4737,2369,2.89,2026-09-21 09:53:48.038951
4738,2369,2.54,2026-09-25 06:53:48.038951
4739,2370,2.61,2026-09-23 09:53:48.038951
4740,2370,4.19,2026-09-16 06:53:48.038951
4741,2371,5.71,2026-09-26 09:53:48.038951
4742,2371,4.22,2026-09-20 06:53:48.038951
4743,2372,2.32,2026-09-27 09:53:48.038951
4744,2372,1.91,2026-09-24 06:53:48.038951
4745,2373,6.54,2026-09-25 09:53:48.038951
4746,2373,8.41,2026-09-20 06:53:48.038951
4747,2374,6.16,2026-09-27 09:53:48.038951
4748,2374,8.46,2026-09-16 06:53:48.038951
4749,2375,3.48,2026-09-19 09:53:48.038951
4750,2375,5.77,2026-09-27 06:53:48.038951
4751,2376,4.45,2026-09-24 09:53:48.038951
4752,2376,6.8,2026-09-13 06:53:48.038951
4753,2377,1.15,2026-09-17 09:53:48.038951
4754,2377,2.32,2026-09-13 06:53:48.038951
4755,2378,1.18,2026-09-15 09:53:48.038951
4756,2378,1.59,2026-09-15 06:53:48.038951
4757,2379,3.5,2026-09-21 09:53:48.038951
4758,2379,6.5,2026-09-27 06:53:48.038951
4759,2380,1.57,2026-09-25 09:53:48.038951
4760,2380,5.11,2026-09-24 06:53:48.038951
4761,2381,6.13,2026-09-26 09:53:48.038951
4762,2381,4.24,2026-09-26 06:53:48.038951
4763,2382,1.37,2026-09-20 09:53:48.038951
4764,2382,1.23,2026-09-15 06:53:48.038951
4765,2383,7.39,2026-09-25 09:53:48.038951
4766,2383,3.98,2026-09-21 06:53:48.038951
4767,2384,6.02,2026-09-24 09:53:48.038951
4768,2384,5.78,2026-09-14 06:53:48.038951
4769,2385,3.13,2026-09-20 09:53:48.038951
4770,2385,4.65,2026-09-22 06:53:48.038951
4771,2386,6.13,2026-09-22 09:53:48.038951
4772,2386,2.88,2026-09-18 06:53:48.038951
4773,2387,1.61,2026-09-18 09:53:48.038951
4774,2387,2.82,2026-09-15 06:53:48.038951
4775,2388,3.99,2026-09-22 09:53:48.038951
4776,2388,6.99,2026-09-24 06:53:48.038951
4777,2389,5.32,2026-09-21 09:53:48.038951
4778,2389,5.19,2026-09-13 06:53:48.038951
4779,2390,7.39,2026-09-19 09:53:48.038951
4780,2390,1.27,2026-09-17 06:53:48.038951
4781,2391,4.94,2026-09-27 09:53:48.038951
4782,2391,5.59,2026-09-19 06:53:48.038951
4783,2392,3.03,2026-09-22 09:53:48.038951
4784,2392,6.62,2026-09-21 06:53:48.038951
4785,2393,5.05,2026-09-24 09:53:48.038951
4786,2393,8.08,2026-09-20 06:53:48.038951
4787,2394,8.16,2026-09-17 09:53:48.038951
4788,2394,2.37,2026-09-17 06:53:48.038951
4789,2395,2.2,2026-09-21 09:53:48.038951
4790,2395,4.4,2026-09-13 06:53:48.038951
4791,2396,3.41,2026-09-14 09:53:48.038951
4792,2396,6.44,2026-09-17 06:53:48.038951
4793,2397,1.17,2026-09-24 09:53:48.038951
4794,2397,1.73,2026-09-14 06:53:48.038951
4795,2398,4.21,2026-09-19 09:53:48.038951
4796,2398,2.1,2026-09-25 06:53:48.038951
4797,2399,3.6,2026-09-21 09:53:48.038951
4798,2399,7.41,2026-09-13 06:53:48.038951
4799,2400,3.01,2026-09-18 09:53:48.038951
4800,2400,1.97,2026-09-19 06:53:48.038951
4801,2401,6.22,2026-09-14 09:53:48.038951
4802,2401,3.41,2026-09-17 06:53:48.038951
4803,2402,8.19,2026-09-27 09:53:48.038951
4804,2402,5.62,2026-09-15 06:53:48.038951
4805,2403,8.27,2026-09-17 09:53:48.038951
4806,2403,1.94,2026-09-22 06:53:48.038951
4807,2404,7.1,2026-09-21 09:53:48.038951
4808,2404,1.45,2026-09-25 06:53:48.038951
4809,2405,2.47,2026-09-15 09:53:48.038951
4810,2405,7.44,2026-09-18 06:53:48.038951
4811,2406,7.02,2026-09-27 09:53:48.038951
4812,2406,1.43,2026-09-25 06:53:48.038951
4813,2407,3.38,2026-09-18 09:53:48.038951
4814,2407,4.8,2026-09-24 06:53:48.038951
4815,2408,3.26,2026-09-25 09:53:48.038951
4816,2408,7.5,2026-09-21 06:53:48.038951
4817,2409,3.1,2026-09-16 09:53:48.038951
4818,2409,5.51,2026-09-14 06:53:48.038951
4819,2410,5.95,2026-09-27 09:53:48.038951
4820,2410,2.35,2026-09-20 06:53:48.038951
4821,2411,1.99,2026-09-24 09:53:48.038951
4822,2411,6.98,2026-09-20 06:53:48.038951
4823,2412,2.99,2026-09-20 09:53:48.038951
4824,2412,2.09,2026-09-22 06:53:48.038951
4825,2413,2.09,2026-09-14 09:53:48.038951
4826,2413,1.22,2026-09-14 06:53:48.038951
4827,2414,5.8,2026-09-16 09:53:48.038951
4828,2414,4.24,2026-09-17 06:53:48.038951
4829,2415,3.07,2026-09-21 09:53:48.038951
4830,2415,5.5,2026-09-27 06:53:48.038951
4831,2416,1.11,2026-09-24 09:53:48.038951
4832,2416,4.7,2026-09-21 06:53:48.038951
4833,2417,5.94,2026-09-13 09:53:48.038951
4834,2417,5.54,2026-09-19 06:53:48.038951
4835,2418,4.26,2026-09-19 09:53:48.038951
4836,2418,4.35,2026-09-21 06:53:48.038951
4837,2419,7.81,2026-09-26 09:53:48.038951
4838,2419,2.29,2026-09-22 06:53:48.038951
4839,2420,6.57,2026-09-22 09:53:48.038951
4840,2420,4.65,2026-09-13 06:53:48.038951
4841,2421,4.68,2026-09-27 09:53:48.038951
4842,2421,6.68,2026-09-22 06:53:48.038951
4843,2422,2.57,2026-09-26 09:53:48.038951
4844,2422,7.09,2026-09-19 06:53:48.038951
4845,2423,5.83,2026-09-22 09:53:48.038951
4846,2423,1.61,2026-09-20 06:53:48.038951
4847,2424,7.05,2026-09-22 09:53:48.038951
4848,2424,4.6,2026-09-26 06:53:48.038951
4849,2425,4.62,2026-09-24 09:53:48.038951
4850,2425,7.89,2026-09-26 06:53:48.038951
4851,2426,2.07,2026-09-23 09:53:48.038951
4852,2426,4.92,2026-09-13 06:53:48.038951
4853,2427,1.2,2026-09-25 09:53:48.038951
4854,2427,5.87,2026-09-16 06:53:48.038951
4855,2428,6.1,2026-09-27 09:53:48.038951
4856,2428,2.77,2026-09-21 06:53:48.038951
4857,2429,3.21,2026-09-22 09:53:48.038951
4858,2429,1.94,2026-09-24 06:53:48.038951
4859,2430,2.47,2026-09-26 09:53:48.038951
4860,2430,1.9,2026-09-21 06:53:48.038951
4861,2431,5.36,2026-09-15 09:53:48.038951
4862,2431,1.21,2026-09-15 06:53:48.038951
4863,2432,1.43,2026-09-18 09:53:48.038951
4864,2432,2.9,2026-09-14 06:53:48.038951
4865,2433,1.93,2026-09-23 09:53:48.038951
4866,2433,1.89,2026-09-16 06:53:48.038951
4867,2434,8.09,2026-09-21 09:53:48.038951
4868,2434,8.2,2026-09-26 06:53:48.038951
4869,2435,5.56,2026-09-14 09:53:48.038951
4870,2435,8.34,2026-09-19 06:53:48.038951
4871,2436,7.6,2026-09-26 09:53:48.038951
4872,2436,4.98,2026-09-20 06:53:48.038951
4873,2437,5.21,2026-09-19 09:53:48.038951
4874,2437,5.46,2026-09-24 06:53:48.038951
4875,2438,7.59,2026-09-26 09:53:48.038951
4876,2438,5.14,2026-09-22 06:53:48.038951
4877,2439,7.33,2026-09-24 09:53:48.038951
4878,2439,1.36,2026-09-20 06:53:48.038951
4879,2440,3.76,2026-09-27 09:53:48.038951
4880,2440,5.98,2026-09-15 06:53:48.038951
4881,2441,2.53,2026-09-19 09:53:48.038951
4882,2441,7.53,2026-09-19 06:53:48.038951
4883,2442,2.77,2026-09-16 09:53:48.038951
4884,2442,2.28,2026-09-25 06:53:48.038951
4885,2443,4.5,2026-09-19 09:53:48.038951
4886,2443,3.09,2026-09-22 06:53:48.038951
4887,2444,4.37,2026-09-23 09:53:48.038951
4888,2444,2.17,2026-09-19 06:53:48.038951
4889,2445,6.2,2026-09-17 09:53:48.038951
4890,2445,5.35,2026-09-22 06:53:48.038951
4891,2446,1.23,2026-09-15 09:53:48.038951
4892,2446,8.47,2026-09-13 06:53:48.038951
4893,2447,5.18,2026-09-16 09:53:48.038951
4894,2447,3.82,2026-09-18 06:53:48.038951
4895,2448,3.92,2026-09-27 09:53:48.038951
4896,2448,3.26,2026-09-22 06:53:48.038951
4897,2449,5.81,2026-09-15 09:53:48.038951
4898,2449,5.81,2026-09-25 06:53:48.038951
4899,2450,2.74,2026-09-13 09:53:48.038951
4900,2450,1.61,2026-09-15 06:53:48.038951
4901,2451,8.15,2026-09-27 09:53:48.038951
4902,2451,6.49,2026-09-26 06:53:48.038951
4903,2452,3.92,2026-09-27 09:53:48.038951
4904,2452,5.68,2026-09-13 06:53:48.038951
4905,2453,2.24,2026-09-27 09:53:48.038951
4906,2453,6.55,2026-09-22 06:53:48.038951
4907,2454,6.42,2026-09-18 09:53:48.038951
4908,2454,3.83,2026-09-18 06:53:48.038951
4909,2455,4.83,2026-09-17 09:53:48.038951
4910,2455,3.1,2026-09-18 06:53:48.038951
4911,2456,6.33,2026-09-25 09:53:48.038951
4912,2456,3.52,2026-09-14 06:53:48.038951
4913,2457,3.37,2026-09-27 09:53:48.038951
4914,2457,3.15,2026-09-18 06:53:48.038951
4915,2458,4.44,2026-09-21 09:53:48.038951
4916,2458,3.84,2026-09-15 06:53:48.038951
4917,2459,7.09,2026-09-14 09:53:48.038951
4918,2459,3.75,2026-09-25 06:53:48.038951
4919,2460,2.61,2026-09-16 09:53:48.038951
4920,2460,3.19,2026-09-18 06:53:48.038951
4921,2461,6.69,2026-09-19 09:53:48.038951
4922,2461,3.05,2026-09-16 06:53:48.038951
4923,2462,5.01,2026-09-18 09:53:48.038951
4924,2462,8.29,2026-09-13 06:53:48.038951
4925,2463,6.3,2026-09-23 09:53:48.038951
4926,2463,3.15,2026-09-22 06:53:48.038951
4927,2464,2.88,2026-09-13 09:53:48.038951
4928,2464,3.58,2026-09-17 06:53:48.038951
4929,2465,3.55,2026-09-13 09:53:48.038951
4930,2465,4.8,2026-09-27 06:53:48.038951
4931,2466,6.37,2026-09-24 09:53:48.038951
4932,2466,3.71,2026-09-23 06:53:48.038951
4933,2467,3.49,2026-09-14 09:53:48.038951
4934,2467,6.83,2026-09-13 06:53:48.038951
4935,2468,5.46,2026-09-18 09:53:48.038951
4936,2468,3.66,2026-09-25 06:53:48.038951
4937,2469,4.8,2026-09-27 09:53:48.038951
4938,2469,1.21,2026-09-22 06:53:48.038951
4939,2470,4.94,2026-09-25 09:53:48.038951
4940,2470,7.51,2026-09-22 06:53:48.038951
4941,2471,3.82,2026-09-21 09:53:48.038951
4942,2471,1.2,2026-09-20 06:53:48.038951
4943,2472,2.29,2026-09-20 09:53:48.038951
4944,2472,5.47,2026-09-24 06:53:48.038951
4945,2473,7.36,2026-09-23 09:53:48.038951
4946,2473,3.96,2026-09-26 06:53:48.038951
4947,2474,3.77,2026-09-26 09:53:48.038951
4948,2474,7.15,2026-09-14 06:53:48.038951
4949,2475,1.89,2026-09-13 09:53:48.038951
4950,2475,6.0,2026-09-13 06:53:48.038951
4951,2476,1.7,2026-09-19 09:53:48.038951
4952,2476,7.42,2026-09-27 06:53:48.038951
4953,2477,6.02,2026-09-22 09:53:48.038951
4954,2477,4.33,2026-09-18 06:53:48.038951
4955,2478,4.17,2026-09-27 09:53:48.038951
4956,2478,3.38,2026-09-19 06:53:48.038951
4957,2479,2.83,2026-09-18 09:53:48.038951
4958,2479,3.03,2026-09-13 06:53:48.038951
4959,2480,1.65,2026-09-16 09:53:48.038951
4960,2480,4.83,2026-09-26 06:53:48.038951
4961,2481,6.77,2026-09-16 09:53:48.038951
4962,2481,8.23,2026-09-25 06:53:48.038951
4963,2482,7.65,2026-09-14 09:53:48.038951
4964,2482,4.05,2026-09-21 06:53:48.038951
4965,2483,6.38,2026-09-23 09:53:48.038951
4966,2483,4.77,2026-09-24 06:53:48.038951
4967,2484,2.34,2026-09-25 09:53:48.038951
4968,2484,8.16,2026-09-17 06:53:48.038951
4969,2485,7.16,2026-09-16 09:53:48.038951
4970,2485,3.59,2026-09-25 06:53:48.038951
4971,2486,7.07,2026-09-18 09:53:48.038951
4972,2486,3.43,2026-09-24 06:53:48.038951
4973,2487,4.31,2026-09-24 09:53:48.038951
4974,2487,6.64,2026-09-14 06:53:48.038951
4975,2488,6.02,2026-09-25 09:53:48.038951
4976,2488,2.7,2026-09-16 06:53:48.038951
4977,2489,6.98,2026-09-26 09:53:48.038951
4978,2489,8.1,2026-09-18 06:53:48.038951
4979,2490,8.03,2026-09-19 09:53:48.038951
4980,2490,5.58,2026-09-15 06:53:48.038951
4981,2491,1.9,2026-09-13 09:53:48.038951
4982,2491,6.88,2026-09-24 06:53:48.038951
4983,2492,6.87,2026-09-23 09:53:48.038951
4984,2492,5.17,2026-09-14 06:53:48.038951
4985,2493,4.61,2026-09-13 09:53:48.038951
4986,2493,3.63,2026-09-15 06:53:48.038951
4987,2494,2.82,2026-09-19 09:53:48.038951
4988,2494,8.02,2026-09-23 06:53:48.038951
4989,2495,1.72,2026-09-24 09:53:48.038951
4990,2495,2.3,2026-09-19 06:53:48.038951
4991,2496,4.15,2026-09-13 09:53:48.038951
4992,2496,3.03,2026-09-19 06:53:48.038951
4993,2497,3.7,2026-09-24 09:53:48.038951
4994,2497,6.96,2026-09-17 06:53:48.038951
4995,2498,7.38,2026-09-23 09:53:48.038951
4996,2498,5.79,2026-09-27 06:53:48.038951
4997,2499,6.94,2026-09-15 09:53:48.038951
4998,2499,4.83,2026-09-16 06:53:48.038951
4999,2500,8.42,2026-09-24 09:53:48.038951
5000,2500,1.63,2026-09-16 06:53:48.038951
5001,2501,5.61,2026-09-27 09:53:48.038951
5002,2501,7.65,2026-09-23 06:53:48.038951
5003,2502,7.88,2026-09-22 09:53:48.038951
5004,2502,4.37,2026-09-18 06:53:48.038951
5005,2503,3.71,2026-09-20 09:53:48.038951
5006,2503,6.83,2026-09-23 06:53:48.038951
5007,2504,6.48,2026-09-15 09:53:48.038951
5008,2504,3.34,2026-09-15 06:53:48.038951
5009,2505,4.64,2026-09-25 09:53:48.038951
5010,2505,4.52,2026-09-26 06:53:48.038951
5011,2506,3.54,2026-09-18 09:53:48.038951
5012,2506,2.99,2026-09-14 06:53:48.038951
5013,2507,3.07,2026-09-13 09:53:48.038951
5014,2507,5.65,2026-09-14 06:53:48.038951
5015,2508,6.92,2026-09-26 09:53:48.038951
5016,2508,3.31,2026-09-23 06:53:48.038951
5017,2509,3.43,2026-09-16 09:53:48.038951
5018,2509,2.56,2026-09-20 06:53:48.038951
5019,2510,2.23,2026-09-14 09:53:48.038951
5020,2510,6.16,2026-09-13 06:53:48.038951
5021,2511,4.35,2026-09-23 09:53:48.038951
5022,2511,7.52,2026-09-16 06:53:48.038951
5023,2512,6.47,2026-09-27 09:53:48.038951
5024,2512,1.51,2026-09-26 06:53:48.038951
5025,2513,5.52,2026-09-15 09:53:48.038951
5026,2513,7.67,2026-09-13 06:53:48.038951
5027,2514,6.03,2026-09-15 09:53:48.038951
5028,2514,7.7,2026-09-18 06:53:48.038951
5029,2515,2.95,2026-09-14 09:53:48.038951
5030,2515,3.02,2026-09-22 06:53:48.038951
5031,2516,6.72,2026-09-24 09:53:48.038951
5032,2516,5.54,2026-09-13 06:53:48.038951
5033,2517,7.85,2026-09-16 09:53:48.038951
5034,2517,2.26,2026-09-25 06:53:48.038951
5035,2518,4.67,2026-09-24 09:53:48.038951
5036,2518,3.94,2026-09-25 06:53:48.038951
5037,2519,4.56,2026-09-18 09:53:48.038951
5038,2519,7.28,2026-09-20 06:53:48.038951
5039,2520,8.15,2026-09-18 09:53:48.038951
5040,2520,6.85,2026-09-13 06:53:48.038951
5041,2521,7.8,2026-09-20 09:53:48.038951
5042,2521,7.9,2026-09-27 06:53:48.038951
5043,2522,7.44,2026-09-17 09:53:48.038951
5044,2522,6.36,2026-09-27 06:53:48.038951
5045,2523,4.46,2026-09-23 09:53:48.038951
5046,2523,5.27,2026-09-13 06:53:48.038951
5047,2524,4.91,2026-09-13 09:53:48.038951
5048,2524,1.96,2026-09-16 06:53:48.038951
5049,2525,5.37,2026-09-26 09:53:48.038951
5050,2525,1.71,2026-09-17 06:53:48.038951
5051,2526,4.63,2026-09-22 09:53:48.038951
5052,2526,8.13,2026-09-14 06:53:48.038951
5053,2527,3.44,2026-09-14 09:53:48.038951
5054,2527,5.47,2026-09-18 06:53:48.038951
5055,2528,3.63,2026-09-24 09:53:48.038951
5056,2528,3.35,2026-09-19 06:53:48.038951
5057,2529,2.97,2026-09-20 09:53:48.038951
5058,2529,4.42,2026-09-21 06:53:48.038951
5059,2530,5.21,2026-09-15 09:53:48.038951
5060,2530,8.04,2026-09-19 06:53:48.038951
5061,2531,1.46,2026-09-15 09:53:48.038951
5062,2531,3.61,2026-09-26 06:53:48.038951
5063,2532,3.6,2026-09-14 09:53:48.038951
5064,2532,5.83,2026-09-22 06:53:48.038951
5065,2533,3.98,2026-09-18 09:53:48.038951
5066,2533,6.26,2026-09-25 06:53:48.038951
5067,2534,5.25,2026-09-15 09:53:48.038951
5068,2534,4.3,2026-09-23 06:53:48.038951
5069,2535,3.95,2026-09-14 09:53:48.038951
5070,2535,3.02,2026-09-26 06:53:48.038951
5071,2536,6.97,2026-09-13 09:53:48.038951
5072,2536,7.21,2026-09-15 06:53:48.038951
5073,2537,7.82,2026-09-23 09:53:48.038951
5074,2537,1.7,2026-09-24 06:53:48.038951
5075,2538,1.94,2026-09-17 09:53:48.038951
5076,2538,7.38,2026-09-25 06:53:48.038951
5077,2539,6.15,2026-09-18 09:53:48.038951
5078,2539,1.17,2026-09-13 06:53:48.038951
5079,2540,8.3,2026-09-24 09:53:48.038951
5080,2540,5.94,2026-09-15 06:53:48.038951
5081,2541,8.24,2026-09-25 09:53:48.038951
5082,2541,2.58,2026-09-27 06:53:48.038951
5083,2542,1.16,2026-09-25 09:53:48.038951
5084,2542,2.8,2026-09-26 06:53:48.038951
5085,2543,8.18,2026-09-23 09:53:48.038951
5086,2543,7.59,2026-09-22 06:53:48.038951
5087,2544,4.17,2026-09-25 09:53:48.038951
5088,2544,3.87,2026-09-13 06:53:48.038951
5089,2545,7.07,2026-09-14 09:53:48.038951
5090,2545,1.29,2026-09-25 06:53:48.038951
5091,2546,8.25,2026-09-22 09:53:48.038951
5092,2546,3.55,2026-09-23 06:53:48.038951
5093,2547,1.54,2026-09-14 09:53:48.038951
5094,2547,8.07,2026-09-24 06:53:48.038951
5095,2548,7.43,2026-09-22 09:53:48.038951
5096,2548,2.01,2026-09-24 06:53:48.038951
5097,2549,4.36,2026-09-18 09:53:48.038951
5098,2549,8.49,2026-09-18 06:53:48.038951
5099,2550,6.12,2026-09-26 09:53:48.038951
5100,2550,1.62,2026-09-17 06:53:48.038951
5101,2551,6.17,2026-09-26 09:53:48.038951
5102,2551,1.71,2026-09-24 06:53:48.038951
5103,2552,3.62,2026-09-24 09:53:48.038951
5104,2552,6.4,2026-09-23 06:53:48.038951
5105,2553,3.74,2026-09-14 09:53:48.038951
5106,2553,1.95,2026-09-18 06:53:48.038951
5107,2554,4.97,2026-09-16 09:53:48.038951
5108,2554,7.57,2026-09-17 06:53:48.038951
5109,2555,2.04,2026-09-17 09:53:48.038951
5110,2555,1.94,2026-09-21 06:53:48.038951
5111,2556,7.2,2026-09-22 09:53:48.038951
5112,2556,2.58,2026-09-15 06:53:48.038951
5113,2557,5.1,2026-09-19 09:53:48.038951
5114,2557,5.22,2026-09-26 06:53:48.038951
5115,2558,6.66,2026-09-25 09:53:48.038951
5116,2558,6.27,2026-09-14 06:53:48.038951
5117,2559,2.64,2026-09-14 09:53:48.038951
5118,2559,2.64,2026-09-20 06:53:48.038951
5119,2560,2.3,2026-09-22 09:53:48.038951
5120,2560,4.81,2026-09-18 06:53:48.038951
5121,2561,4.29,2026-09-27 09:53:48.038951
5122,2561,3.54,2026-09-24 06:53:48.038951
5123,2562,2.25,2026-09-13 09:53:48.038951
5124,2562,7.97,2026-09-27 06:53:48.038951
5125,2563,6.41,2026-09-24 09:53:48.038951
5126,2563,7.95,2026-09-17 06:53:48.038951
5127,2564,7.98,2026-09-14 09:53:48.038951
5128,2564,8.42,2026-09-15 06:53:48.038951
5129,2565,2.27,2026-09-22 09:53:48.038951
5130,2565,4.46,2026-09-13 06:53:48.038951
5131,2566,4.49,2026-09-23 09:53:48.038951
5132,2566,3.54,2026-09-20 06:53:48.038951
5133,2567,4.92,2026-09-25 09:53:48.038951
5134,2567,4.46,2026-09-21 06:53:48.038951
5135,2568,3.19,2026-09-17 09:53:48.038951
5136,2568,6.1,2026-09-24 06:53:48.038951
5137,2569,1.21,2026-09-15 09:53:48.038951
5138,2569,6.31,2026-09-13 06:53:48.038951
5139,2570,6.37,2026-09-20 09:53:48.038951
5140,2570,1.75,2026-09-27 06:53:48.038951
5141,2571,1.98,2026-09-23 09:53:48.038951
5142,2571,7.99,2026-09-19 06:53:48.038951
5143,2572,3.6,2026-09-26 09:53:48.038951
5144,2572,3.89,2026-09-19 06:53:48.038951
5145,2573,3.68,2026-09-24 09:53:48.038951
5146,2573,4.74,2026-09-19 06:53:48.038951
5147,2574,3.75,2026-09-14 09:53:48.038951
5148,2574,6.52,2026-09-14 06:53:48.038951
5149,2575,8.19,2026-09-17 09:53:48.038951
5150,2575,6.88,2026-09-25 06:53:48.038951
5151,2576,7.32,2026-09-15 09:53:48.038951
5152,2576,1.76,2026-09-15 06:53:48.038951
5153,2577,4.69,2026-09-27 09:53:48.038951
5154,2577,4.78,2026-09-13 06:53:48.038951
5155,2578,7.28,2026-09-24 09:53:48.038951
5156,2578,7.7,2026-09-15 06:53:48.038951
5157,2579,8.33,2026-09-27 09:53:48.038951
5158,2579,7.55,2026-09-19 06:53:48.038951
5159,2580,3.96,2026-09-26 09:53:48.038951
5160,2580,7.12,2026-09-15 06:53:48.038951
5161,2581,1.6,2026-09-22 09:53:48.038951
5162,2581,7.34,2026-09-16 06:53:48.038951
5163,2582,8.28,2026-09-24 09:53:48.038951
5164,2582,8.0,2026-09-19 06:53:48.038951
5165,2583,4.17,2026-09-16 09:53:48.038951
5166,2583,7.71,2026-09-16 06:53:48.038951
5167,2584,3.08,2026-09-14 09:53:48.038951
5168,2584,2.45,2026-09-20 06:53:48.038951
5169,2585,4.26,2026-09-21 09:53:48.038951
5170,2585,8.08,2026-09-16 06:53:48.038951
5171,2586,3.28,2026-09-22 09:53:48.038951
5172,2586,3.23,2026-09-18 06:53:48.038951
5173,2587,3.11,2026-09-22 09:53:48.038951
5174,2587,3.4,2026-09-22 06:53:48.038951
5175,2588,7.37,2026-09-21 09:53:48.038951
5176,2588,6.02,2026-09-24 06:53:48.038951
5177,2589,3.87,2026-09-13 09:53:48.038951
5178,2589,2.25,2026-09-15 06:53:48.038951
5179,2590,4.37,2026-09-16 09:53:48.038951
5180,2590,3.27,2026-09-19 06:53:48.038951
5181,2591,1.81,2026-09-22 09:53:48.038951
5182,2591,2.34,2026-09-23 06:53:48.038951
5183,2592,5.36,2026-09-14 09:53:48.038951
5184,2592,4.38,2026-09-16 06:53:48.038951
5185,2593,2.04,2026-09-25 09:53:48.038951
5186,2593,7.57,2026-09-17 06:53:48.038951
5187,2594,7.93,2026-09-17 09:53:48.038951
5188,2594,8.3,2026-09-14 06:53:48.038951
5189,2595,2.34,2026-09-19 09:53:48.038951
5190,2595,7.8,2026-09-14 06:53:48.038951
5191,2596,1.99,2026-09-17 09:53:48.038951
5192,2596,5.27,2026-09-14 06:53:48.038951
5193,2597,7.3,2026-09-16 09:53:48.038951
5194,2597,4.62,2026-09-25 06:53:48.038951
5195,2598,5.56,2026-09-17 09:53:48.038951
5196,2598,6.43,2026-09-24 06:53:48.038951
5197,2599,7.4,2026-09-20 09:53:48.038951
5198,2599,3.13,2026-09-13 06:53:48.038951
5199,2600,4.3,2026-09-15 09:53:48.038951
5200,2600,2.1,2026-09-23 06:53:48.038951
5201,2601,7.67,2026-09-14 09:53:48.038951
5202,2601,7.67,2026-09-19 06:53:48.038951
5203,2602,4.91,2026-09-21 09:53:48.038951
5204,2602,7.74,2026-09-26 06:53:48.038951
5205,2603,5.3,2026-09-22 09:53:48.038951
5206,2603,4.74,2026-09-24 06:53:48.038951
5207,2604,4.48,2026-09-15 09:53:48.038951
5208,2604,5.87,2026-09-17 06:53:48.038951
5209,2605,8.24,2026-09-27 09:53:48.038951
5210,2605,6.34,2026-09-26 06:53:48.038951
5211,2606,4.81,2026-09-26 09:53:48.038951
5212,2606,4.69,2026-09-22 06:53:48.038951
5213,2607,2.3,2026-09-17 09:53:48.038951
5214,2607,1.29,2026-09-25 06:53:48.038951
5215,2608,8.41,2026-09-27 09:53:48.038951
5216,2608,5.39,2026-09-27 06:53:48.038951
5217,2609,7.06,2026-09-25 09:53:48.038951
5218,2609,7.68,2026-09-24 06:53:48.038951
5219,2610,3.5,2026-09-21 09:53:48.038951
5220,2610,7.88,2026-09-22 06:53:48.038951
5221,2611,6.17,2026-09-22 09:53:48.038951
5222,2611,5.28,2026-09-21 06:53:48.038951
5223,2612,6.67,2026-09-23 09:53:48.038951
5224,2612,1.6,2026-09-22 06:53:48.038951
5225,2613,3.89,2026-09-21 09:53:48.038951
5226,2613,3.64,2026-09-22 06:53:48.038951
5227,2614,6.71,2026-09-25 09:53:48.038951
5228,2614,4.3,2026-09-23 06:53:48.038951
5229,2615,3.35,2026-09-23 09:53:48.038951
5230,2615,2.67,2026-09-20 06:53:48.038951
5231,2616,5.16,2026-09-22 09:53:48.038951
5232,2616,1.13,2026-09-14 06:53:48.038951
5233,2617,8.28,2026-09-17 09:53:48.038951
5234,2617,2.34,2026-09-25 06:53:48.038951
5235,2618,3.22,2026-09-24 09:53:48.038951
5236,2618,2.43,2026-09-27 06:53:48.038951
5237,2619,6.13,2026-09-19 09:53:48.038951
5238,2619,2.39,2026-09-21 06:53:48.038951
5239,2620,7.19,2026-09-17 09:53:48.038951
5240,2620,2.44,2026-09-26 06:53:48.038951
5241,2621,3.35,2026-09-22 09:53:48.038951
5242,2621,5.97,2026-09-24 06:53:48.038951
5243,2622,2.06,2026-09-16 09:53:48.038951
5244,2622,7.0,2026-09-20 06:53:48.038951
5245,2623,6.01,2026-09-23 09:53:48.038951
5246,2623,8.4,2026-09-21 06:53:48.038951
5247,2624,7.3,2026-09-23 09:53:48.038951
5248,2624,6.23,2026-09-15 06:53:48.038951
5249,2625,7.33,2026-09-15 09:53:48.038951
5250,2625,2.93,2026-09-18 06:53:48.038951
5251,2626,2.95,2026-09-27 09:53:48.038951
5252,2626,4.48,2026-09-23 06:53:48.038951
5253,2627,7.72,2026-09-19 09:53:48.038951
5254,2627,7.35,2026-09-25 06:53:48.038951
5255,2628,2.56,2026-09-26 09:53:48.038951
5256,2628,5.79,2026-09-23 06:53:48.038951
5257,2629,8.37,2026-09-27 09:53:48.038951
5258,2629,3.61,2026-09-19 06:53:48.038951
5259,2630,5.89,2026-09-17 09:53:48.038951
5260,2630,6.12,2026-09-26 06:53:48.038951
5261,2631,4.38,2026-09-22 09:53:48.038951
5262,2631,4.7,2026-09-13 06:53:48.038951
5263,2632,1.37,2026-09-14 09:53:48.038951
5264,2632,6.62,2026-09-23 06:53:48.038951
5265,2633,5.29,2026-09-25 09:53:48.038951
5266,2633,3.71,2026-09-25 06:53:48.038951
5267,2634,5.93,2026-09-16 09:53:48.038951
5268,2634,4.11,2026-09-13 06:53:48.038951
5269,2635,7.46,2026-09-13 09:53:48.038951
5270,2635,1.27,2026-09-27 06:53:48.038951
5271,2636,3.72,2026-09-15 09:53:48.038951
5272,2636,8.24,2026-09-22 06:53:48.038951
5273,2637,4.85,2026-09-26 09:53:48.038951
5274,2637,5.14,2026-09-24 06:53:48.038951
5275,2638,5.57,2026-09-27 09:53:48.038951
5276,2638,1.66,2026-09-18 06:53:48.038951
5277,2639,4.66,2026-09-13 09:53:48.038951
5278,2639,5.5,2026-09-17 06:53:48.038951
5279,2640,3.73,2026-09-15 09:53:48.038951
5280,2640,7.3,2026-09-14 06:53:48.038951
5281,2641,6.99,2026-09-17 09:53:48.038951
5282,2641,1.95,2026-09-22 06:53:48.038951
5283,2642,7.0,2026-09-22 09:53:48.038951
5284,2642,3.05,2026-09-19 06:53:48.038951
5285,2643,5.65,2026-09-26 09:53:48.038951
5286,2643,1.39,2026-09-22 06:53:48.038951
5287,2644,2.0,2026-09-13 09:53:48.038951
5288,2644,2.05,2026-09-27 06:53:48.038951
5289,2645,4.43,2026-09-21 09:53:48.038951
5290,2645,3.6,2026-09-17 06:53:48.038951
5291,2646,1.87,2026-09-19 09:53:48.038951
5292,2646,4.59,2026-09-13 06:53:48.038951
5293,2647,6.32,2026-09-23 09:53:48.038951
5294,2647,3.98,2026-09-17 06:53:48.038951
5295,2648,4.04,2026-09-20 09:53:48.038951
5296,2648,7.05,2026-09-21 06:53:48.038951
5297,2649,5.85,2026-09-14 09:53:48.038951
5298,2649,7.56,2026-09-19 06:53:48.038951
5299,2650,3.13,2026-09-21 09:53:48.038951
5300,2650,1.78,2026-09-26 06:53:48.038951
5301,2651,6.42,2026-09-13 09:53:48.038951
5302,2651,5.51,2026-09-20 06:53:48.038951
5303,2652,6.63,2026-09-19 09:53:48.038951
5304,2652,8.46,2026-09-20 06:53:48.038951
5305,2653,2.05,2026-09-24 09:53:48.038951
5306,2653,2.38,2026-09-13 06:53:48.038951
5307,2654,2.31,2026-09-25 09:53:48.038951
5308,2654,4.97,2026-09-17 06:53:48.038951
5309,2655,6.7,2026-09-19 09:53:48.038951
5310,2655,5.91,2026-09-13 06:53:48.038951
5311,2656,4.36,2026-09-16 09:53:48.038951
5312,2656,4.86,2026-09-14 06:53:48.038951
5313,2657,5.66,2026-09-19 09:53:48.038951
5314,2657,1.33,2026-09-26 06:53:48.038951
5315,2658,2.25,2026-09-25 09:53:48.038951
5316,2658,5.96,2026-09-13 06:53:48.038951
5317,2659,7.35,2026-09-21 09:53:48.038951
5318,2659,7.42,2026-09-26 06:53:48.038951
5319,2660,1.41,2026-09-18 09:53:48.038951
5320,2660,6.8,2026-09-22 06:53:48.038951
5321,2661,5.44,2026-09-19 09:53:48.038951
5322,2661,5.85,2026-09-19 06:53:48.038951
5323,2662,4.99,2026-09-22 09:53:48.038951
5324,2662,4.41,2026-09-17 06:53:48.038951
5325,2663,1.57,2026-09-20 09:53:48.038951
5326,2663,2.93,2026-09-23 06:53:48.038951
5327,2664,4.88,2026-09-23 09:53:48.038951
5328,2664,7.81,2026-09-26 06:53:48.038951
5329,2665,4.7,2026-09-23 09:53:48.038951
5330,2665,2.41,2026-09-14 06:53:48.038951
5331,2666,4.97,2026-09-14 09:53:48.038951
5332,2666,6.89,2026-09-24 06:53:48.038951
5333,2667,3.59,2026-09-25 09:53:48.038951
5334,2667,3.58,2026-09-23 06:53:48.038951
5335,2668,7.61,2026-09-19 09:53:48.038951
5336,2668,3.92,2026-09-18 06:53:48.038951
5337,2669,2.65,2026-09-25 09:53:48.038951
5338,2669,5.57,2026-09-20 06:53:48.038951
5339,2670,8.24,2026-09-15 09:53:48.038951
5340,2670,5.04,2026-09-21 06:53:48.038951
5341,2671,4.2,2026-09-26 09:53:48.038951
5342,2671,8.18,2026-09-16 06:53:48.038951
5343,2672,1.42,2026-09-13 09:53:48.038951
5344,2672,1.77,2026-09-22 06:53:48.038951
5345,2673,5.25,2026-09-14 09:53:48.038951
5346,2673,7.67,2026-09-27 06:53:48.038951
5347,2674,7.34,2026-09-21 09:53:48.038951
5348,2674,4.86,2026-09-13 06:53:48.038951
5349,2675,7.45,2026-09-20 09:53:48.038951
5350,2675,2.39,2026-09-14 06:53:48.038951
5351,2676,5.07,2026-09-15 09:53:48.038951
5352,2676,2.95,2026-09-14 06:53:48.038951
5353,2677,6.5,2026-09-21 09:53:48.038951
5354,2677,4.04,2026-09-21 06:53:48.038951
5355,2678,2.51,2026-09-18 09:53:48.038951
5356,2678,7.06,2026-09-24 06:53:48.038951
5357,2679,6.76,2026-09-26 09:53:48.038951
5358,2679,4.92,2026-09-22 06:53:48.038951
5359,2680,6.85,2026-09-14 09:53:48.038951
5360,2680,1.89,2026-09-26 06:53:48.038951
5361,2681,6.51,2026-09-17 09:53:48.038951
5362,2681,1.92,2026-09-21 06:53:48.038951
5363,2682,4.62,2026-09-22 09:53:48.038951
5364,2682,7.03,2026-09-18 06:53:48.038951
5365,2683,7.83,2026-09-26 09:53:48.038951
5366,2683,1.72,2026-09-23 06:53:48.038951
5367,2684,1.16,2026-09-15 09:53:48.038951
5368,2684,2.64,2026-09-16 06:53:48.038951
5369,2685,4.56,2026-09-17 09:53:48.038951
5370,2685,2.08,2026-09-20 06:53:48.038951
5371,2686,2.36,2026-09-23 09:53:48.038951
5372,2686,2.46,2026-09-19 06:53:48.038951
5373,2687,2.77,2026-09-25 09:53:48.038951
5374,2687,3.45,2026-09-25 06:53:48.038951
5375,2688,2.32,2026-09-24 09:53:48.038951
5376,2688,7.36,2026-09-27 06:53:48.038951
5377,2689,2.83,2026-09-27 09:53:48.038951
5378,2689,1.15,2026-09-22 06:53:48.038951
5379,2690,7.76,2026-09-18 09:53:48.038951
5380,2690,4.12,2026-09-25 06:53:48.038951
5381,2691,2.93,2026-09-15 09:53:48.038951
5382,2691,3.52,2026-09-25 06:53:48.038951
5383,2692,1.36,2026-09-13 09:53:48.038951
5384,2692,8.24,2026-09-21 06:53:48.038951
5385,2693,8.21,2026-09-25 09:53:48.038951
5386,2693,6.85,2026-09-20 06:53:48.038951
5387,2694,6.3,2026-09-21 09:53:48.038951
5388,2694,1.14,2026-09-15 06:53:48.038951
5389,2695,5.63,2026-09-26 09:53:48.038951
5390,2695,2.82,2026-09-13 06:53:48.038951
5391,2696,4.74,2026-09-21 09:53:48.038951
5392,2696,3.58,2026-09-14 06:53:48.038951
5393,2697,7.61,2026-09-13 09:53:48.038951
5394,2697,3.53,2026-09-26 06:53:48.038951
5395,2698,7.1,2026-09-18 09:53:48.038951
5396,2698,3.32,2026-09-20 06:53:48.038951
5397,2699,1.77,2026-09-24 09:53:48.038951
5398,2699,2.03,2026-09-24 06:53:48.038951
5399,2700,6.23,2026-09-21 09:53:48.038951
5400,2700,5.13,2026-09-16 06:53:48.038951
5401,2701,7.36,2026-09-20 09:53:48.038951
5402,2701,3.17,2026-09-13 06:53:48.038951
5403,2702,5.42,2026-09-18 09:53:48.038951
5404,2702,7.53,2026-09-14 06:53:48.038951
5405,2703,5.32,2026-09-25 09:53:48.038951
5406,2703,2.0,2026-09-22 06:53:48.038951
5407,2704,4.06,2026-09-24 09:53:48.038951
5408,2704,3.0,2026-09-27 06:53:48.038951
5409,2705,5.17,2026-09-24 09:53:48.038951
5410,2705,8.25,2026-09-24 06:53:48.038951
5411,2706,1.95,2026-09-23 09:53:48.038951
5412,2706,8.36,2026-09-23 06:53:48.038951
5413,2707,5.2,2026-09-13 09:53:48.038951
5414,2707,4.69,2026-09-18 06:53:48.038951
5415,2708,7.87,2026-09-26 09:53:48.038951
5416,2708,5.41,2026-09-24 06:53:48.038951
5417,2709,3.28,2026-09-13 09:53:48.038951
5418,2709,4.36,2026-09-14 06:53:48.038951
5419,2710,7.43,2026-09-15 09:53:48.038951
5420,2710,5.92,2026-09-15 06:53:48.038951
5421,2711,4.73,2026-09-24 09:53:48.038951
5422,2711,2.15,2026-09-22 06:53:48.038951
5423,2712,3.6,2026-09-16 09:53:48.038951
5424,2712,5.42,2026-09-14 06:53:48.038951
5425,2713,3.59,2026-09-14 09:53:48.038951
5426,2713,6.73,2026-09-26 06:53:48.038951
5427,2714,8.49,2026-09-16 09:53:48.038951
5428,2714,1.92,2026-09-15 06:53:48.038951
5429,2715,2.12,2026-09-17 09:53:48.038951
5430,2715,7.77,2026-09-24 06:53:48.038951
5431,2716,6.45,2026-09-27 09:53:48.038951
5432,2716,1.63,2026-09-27 06:53:48.038951
5433,2717,8.18,2026-09-13 09:53:48.038951
5434,2717,4.01,2026-09-19 06:53:48.038951
5435,2718,2.87,2026-09-24 09:53:48.038951
5436,2718,2.59,2026-09-18 06:53:48.038951
5437,2719,3.55,2026-09-15 09:53:48.038951
5438,2719,5.7,2026-09-15 06:53:48.038951
5439,2720,3.65,2026-09-24 09:53:48.038951
5440,2720,6.33,2026-09-13 06:53:48.038951
5441,2721,8.04,2026-09-23 09:53:48.038951
5442,2721,4.36,2026-09-22 06:53:48.038951
5443,2722,4.42,2026-09-27 09:53:48.038951
5444,2722,3.13,2026-09-26 06:53:48.038951
5445,2723,4.97,2026-09-26 09:53:48.038951
5446,2723,5.1,2026-09-18 06:53:48.038951
5447,2724,8.32,2026-09-13 09:53:48.038951
5448,2724,7.97,2026-09-24 06:53:48.038951
5449,2725,5.8,2026-09-15 09:53:48.038951
5450,2725,2.74,2026-09-21 06:53:48.038951
5451,2726,6.02,2026-09-15 09:53:48.038951
5452,2726,4.99,2026-09-26 06:53:48.038951
5453,2727,7.96,2026-09-26 09:53:48.038951
5454,2727,2.45,2026-09-26 06:53:48.038951
5455,2728,7.95,2026-09-23 09:53:48.038951
5456,2728,3.9,2026-09-19 06:53:48.038951
5457,2729,6.37,2026-09-14 09:53:48.038951
5458,2729,5.64,2026-09-22 06:53:48.038951
5459,2730,2.17,2026-09-20 09:53:48.038951
5460,2730,7.68,2026-09-14 06:53:48.038951
5461,2731,7.2,2026-09-19 09:53:48.038951
5462,2731,1.67,2026-09-19 06:53:48.038951
5463,2732,1.94,2026-09-25 09:53:48.038951
5464,2732,4.27,2026-09-23 06:53:48.038951
5465,2733,7.58,2026-09-24 09:53:48.038951
5466,2733,4.19,2026-09-27 06:53:48.038951
5467,2734,5.41,2026-09-15 09:53:48.038951
5468,2734,6.02,2026-09-23 06:53:48.038951
5469,2735,1.18,2026-09-23 09:53:48.038951
5470,2735,4.78,2026-09-22 06:53:48.038951
5471,2736,7.77,2026-09-21 09:53:48.038951
5472,2736,7.43,2026-09-26 06:53:48.038951
5473,2737,2.3,2026-09-17 09:53:48.038951
5474,2737,1.88,2026-09-20 06:53:48.038951
5475,2738,4.0,2026-09-24 09:53:48.038951
5476,2738,7.89,2026-09-25 06:53:48.038951
5477,2739,6.01,2026-09-15 09:53:48.038951
5478,2739,8.14,2026-09-19 06:53:48.038951
5479,2740,1.31,2026-09-27 09:53:48.038951
5480,2740,3.2,2026-09-20 06:53:48.038951
5481,2741,1.39,2026-09-17 09:53:48.038951
5482,2741,7.73,2026-09-24 06:53:48.038951
5483,2742,5.28,2026-09-17 09:53:48.038951
5484,2742,2.22,2026-09-26 06:53:48.038951
5485,2743,5.56,2026-09-14 09:53:48.038951
5486,2743,6.27,2026-09-17 06:53:48.038951
5487,2744,4.22,2026-09-18 09:53:48.038951
5488,2744,7.42,2026-09-15 06:53:48.038951
5489,2745,5.9,2026-09-23 09:53:48.038951
5490,2745,4.06,2026-09-16 06:53:48.038951
5491,2746,3.68,2026-09-25 09:53:48.038951
5492,2746,1.93,2026-09-18 06:53:48.038951
5493,2747,1.77,2026-09-15 09:53:48.038951
5494,2747,3.58,2026-09-19 06:53:48.038951
5495,2748,6.11,2026-09-25 09:53:48.038951
5496,2748,6.97,2026-09-26 06:53:48.038951
5497,2749,6.78,2026-09-19 09:53:48.038951
5498,2749,7.8,2026-09-21 06:53:48.038951
5499,2750,3.87,2026-09-25 09:53:48.038951
5500,2750,1.86,2026-09-27 06:53:48.038951
5501,2751,6.59,2026-09-19 09:53:48.038951
5502,2751,2.19,2026-09-17 06:53:48.038951
5503,2752,1.39,2026-09-23 09:53:48.038951
5504,2752,4.55,2026-09-15 06:53:48.038951
5505,2753,1.71,2026-09-20 09:53:48.038951
5506,2753,7.87,2026-09-26 06:53:48.038951
5507,2754,2.54,2026-09-14 09:53:48.038951
5508,2754,5.96,2026-09-18 06:53:48.038951
5509,2755,7.59,2026-09-18 09:53:48.038951
5510,2755,5.3,2026-09-23 06:53:48.038951
5511,2756,1.21,2026-09-16 09:53:48.038951
5512,2756,2.22,2026-09-25 06:53:48.038951
5513,2757,5.36,2026-09-13 09:53:48.038951
5514,2757,3.32,2026-09-26 06:53:48.038951
5515,2758,6.53,2026-09-16 09:53:48.038951
5516,2758,2.45,2026-09-23 06:53:48.038951
5517,2759,2.62,2026-09-15 09:53:48.038951
5518,2759,3.21,2026-09-24 06:53:48.038951
5519,2760,6.89,2026-09-20 09:53:48.038951
5520,2760,1.89,2026-09-20 06:53:48.038951
5521,2761,8.4,2026-09-25 09:53:48.038951
5522,2761,4.87,2026-09-18 06:53:48.038951
5523,2762,2.11,2026-09-20 09:53:48.038951
5524,2762,1.84,2026-09-15 06:53:48.038951
5525,2763,1.19,2026-09-26 09:53:48.038951
5526,2763,3.27,2026-09-15 06:53:48.038951
5527,2764,2.9,2026-09-20 09:53:48.038951
5528,2764,5.57,2026-09-19 06:53:48.038951
5529,2765,8.4,2026-09-19 09:53:48.038951
5530,2765,6.76,2026-09-26 06:53:48.038951
5531,2766,7.72,2026-09-19 09:53:48.038951
5532,2766,1.35,2026-09-26 06:53:48.038951
5533,2767,5.24,2026-09-25 09:53:48.038951
5534,2767,7.53,2026-09-21 06:53:48.038951
5535,2768,6.37,2026-09-24 09:53:48.038951
5536,2768,2.52,2026-09-18 06:53:48.038951
5537,2769,1.78,2026-09-26 09:53:48.038951
5538,2769,4.4,2026-09-19 06:53:48.038951
5539,2770,8.01,2026-09-24 09:53:48.038951
5540,2770,4.9,2026-09-25 06:53:48.038951
5541,2771,3.36,2026-09-14 09:53:48.038951
5542,2771,4.31,2026-09-27 06:53:48.038951
5543,2772,1.9,2026-09-18 09:53:48.038951
5544,2772,4.83,2026-09-26 06:53:48.038951
5545,2773,2.25,2026-09-20 09:53:48.038951
5546,2773,3.85,2026-09-18 06:53:48.038951
5547,2774,4.17,2026-09-26 09:53:48.038951
5548,2774,5.68,2026-09-24 06:53:48.038951
5549,2775,5.44,2026-09-18 09:53:48.038951
5550,2775,2.08,2026-09-18 06:53:48.038951
5551,2776,5.95,2026-09-27 09:53:48.038951
5552,2776,2.76,2026-09-14 06:53:48.038951
5553,2777,1.84,2026-09-27 09:53:48.038951
5554,2777,5.14,2026-09-26 06:53:48.038951
5555,2778,5.35,2026-09-24 09:53:48.038951
5556,2778,7.76,2026-09-16 06:53:48.038951
5557,2779,3.08,2026-09-17 09:53:48.038951
5558,2779,3.04,2026-09-16 06:53:48.038951
5559,2780,1.49,2026-09-14 09:53:48.038951
5560,2780,8.14,2026-09-22 06:53:48.038951
5561,2781,6.35,2026-09-23 09:53:48.038951
5562,2781,2.32,2026-09-17 06:53:48.038951
5563,2782,3.52,2026-09-14 09:53:48.038951
5564,2782,6.02,2026-09-25 06:53:48.038951
5565,2783,2.68,2026-09-13 09:53:48.038951
5566,2783,6.55,2026-09-14 06:53:48.038951
5567,2784,7.47,2026-09-17 09:53:48.038951
5568,2784,4.98,2026-09-18 06:53:48.038951
5569,2785,8.08,2026-09-20 09:53:48.038951
5570,2785,3.29,2026-09-16 06:53:48.038951
5571,2786,5.93,2026-09-21 09:53:48.038951
5572,2786,7.9,2026-09-13 06:53:48.038951
5573,2787,3.0,2026-09-14 09:53:48.038951
5574,2787,4.02,2026-09-22 06:53:48.038951
5575,2788,2.13,2026-09-19 09:53:48.038951
5576,2788,7.16,2026-09-24 06:53:48.038951
5577,2789,4.47,2026-09-13 09:53:48.038951
5578,2789,8.39,2026-09-20 06:53:48.038951
5579,2790,1.34,2026-09-21 09:53:48.038951
5580,2790,3.21,2026-09-25 06:53:48.038951
5581,2791,8.46,2026-09-13 09:53:48.038951
5582,2791,7.25,2026-09-27 06:53:48.038951
5583,2792,8.06,2026-09-18 09:53:48.038951
5584,2792,2.93,2026-09-14 06:53:48.038951
5585,2793,1.22,2026-09-21 09:53:48.038951
5586,2793,1.83,2026-09-15 06:53:48.038951
5587,2794,6.51,2026-09-23 09:53:48.038951
5588,2794,7.59,2026-09-25 06:53:48.038951
5589,2795,5.1,2026-09-27 09:53:48.038951
5590,2795,3.37,2026-09-27 06:53:48.038951
5591,2796,1.13,2026-09-25 09:53:48.038951
5592,2796,5.21,2026-09-15 06:53:48.038951
5593,2797,6.31,2026-09-19 09:53:48.038951
5594,2797,4.27,2026-09-21 06:53:48.038951
5595,2798,3.89,2026-09-24 09:53:48.038951
5596,2798,7.48,2026-09-23 06:53:48.038951
5597,2799,1.85,2026-09-19 09:53:48.038951
5598,2799,7.3,2026-09-27 06:53:48.038951
5599,2800,6.64,2026-09-19 09:53:48.038951
5600,2800,7.46,2026-09-15 06:53:48.038951
5601,2801,4.45,2026-09-21 09:53:48.038951
5602,2801,3.29,2026-09-13 06:53:48.038951
5603,2802,1.59,2026-09-24 09:53:48.038951
5604,2802,5.74,2026-09-22 06:53:48.038951
5605,2803,5.16,2026-09-19 09:53:48.038951
5606,2803,7.75,2026-09-13 06:53:48.038951
5607,2804,2.95,2026-09-19 09:53:48.038951
5608,2804,6.64,2026-09-25 06:53:48.038951
5609,2805,2.48,2026-09-22 09:53:48.038951
5610,2805,7.32,2026-09-26 06:53:48.038951
5611,2806,6.47,2026-09-22 09:53:48.038951
5612,2806,6.43,2026-09-21 06:53:48.038951
5613,2807,2.32,2026-09-15 09:53:48.038951
5614,2807,6.88,2026-09-23 06:53:48.038951
5615,2808,4.27,2026-09-17 09:53:48.038951
5616,2808,7.34,2026-09-22 06:53:48.038951
5617,2809,7.98,2026-09-18 09:53:48.038951
5618,2809,7.07,2026-09-24 06:53:48.038951
5619,2810,1.45,2026-09-16 09:53:48.038951
5620,2810,5.61,2026-09-14 06:53:48.038951
5621,2811,6.09,2026-09-14 09:53:48.038951
5622,2811,5.61,2026-09-18 06:53:48.038951
5623,2812,3.55,2026-09-18 09:53:48.038951
5624,2812,5.35,2026-09-15 06:53:48.038951
5625,2813,6.77,2026-09-15 09:53:48.038951
5626,2813,5.34,2026-09-23 06:53:48.038951
5627,2814,5.12,2026-09-24 09:53:48.038951
5628,2814,3.64,2026-09-21 06:53:48.038951
5629,2815,1.32,2026-09-19 09:53:48.038951
5630,2815,6.22,2026-09-20 06:53:48.038951
5631,2816,1.91,2026-09-25 09:53:48.038951
5632,2816,6.88,2026-09-21 06:53:48.038951
5633,2817,2.05,2026-09-22 09:53:48.038951
5634,2817,1.34,2026-09-17 06:53:48.038951
5635,2818,7.82,2026-09-20 09:53:48.038951
5636,2818,7.62,2026-09-22 06:53:48.038951
5637,2819,7.83,2026-09-23 09:53:48.038951
5638,2819,6.72,2026-09-20 06:53:48.038951
5639,2820,2.12,2026-09-19 09:53:48.038951
5640,2820,7.65,2026-09-26 06:53:48.038951
5641,2821,3.44,2026-09-18 09:53:48.038951
5642,2821,3.62,2026-09-25 06:53:48.038951
5643,2822,8.1,2026-09-20 09:53:48.038951
5644,2822,6.88,2026-09-17 06:53:48.038951
5645,2823,7.12,2026-09-15 09:53:48.038951
5646,2823,6.72,2026-09-21 06:53:48.038951
5647,2824,7.94,2026-09-24 09:53:48.038951
5648,2824,2.48,2026-09-21 06:53:48.038951
5649,2825,5.03,2026-09-22 09:53:48.038951
5650,2825,3.67,2026-09-15 06:53:48.038951
5651,2826,1.1,2026-09-25 09:53:48.038951
5652,2826,5.28,2026-09-17 06:53:48.038951
5653,2827,7.63,2026-09-13 09:53:48.038951
5654,2827,7.29,2026-09-25 06:53:48.038951
5655,2828,2.66,2026-09-24 09:53:48.038951
5656,2828,1.99,2026-09-27 06:53:48.038951
5657,2829,2.81,2026-09-25 09:53:48.038951
5658,2829,5.84,2026-09-20 06:53:48.038951
5659,2830,3.71,2026-09-16 09:53:48.038951
5660,2830,2.02,2026-09-16 06:53:48.038951
5661,2831,1.67,2026-09-23 09:53:48.038951
5662,2831,2.94,2026-09-26 06:53:48.038951
5663,2832,2.78,2026-09-17 09:53:48.038951
5664,2832,3.32,2026-09-14 06:53:48.038951
5665,2833,2.91,2026-09-26 09:53:48.038951
5666,2833,6.37,2026-09-15 06:53:48.038951
5667,2834,7.93,2026-09-14 09:53:48.038951
5668,2834,6.13,2026-09-19 06:53:48.038951
5669,2835,4.99,2026-09-18 09:53:48.038951
5670,2835,2.48,2026-09-15 06:53:48.038951
5671,2836,1.33,2026-09-25 09:53:48.038951
5672,2836,3.96,2026-09-26 06:53:48.038951
5673,2837,3.6,2026-09-17 09:53:48.038951
5674,2837,4.84,2026-09-13 06:53:48.038951
5675,2838,5.53,2026-09-19 09:53:48.038951
5676,2838,7.78,2026-09-16 06:53:48.038951
5677,2839,7.9,2026-09-22 09:53:48.038951
5678,2839,1.62,2026-09-15 06:53:48.038951
5679,2840,6.12,2026-09-13 09:53:48.038951
5680,2840,2.65,2026-09-22 06:53:48.038951
5681,2841,6.37,2026-09-27 09:53:48.038951
5682,2841,8.35,2026-09-22 06:53:48.038951
5683,2842,6.84,2026-09-26 09:53:48.038951
5684,2842,7.3,2026-09-16 06:53:48.038951
5685,2843,6.35,2026-09-22 09:53:48.038951
5686,2843,7.8,2026-09-20 06:53:48.038951
5687,2844,7.92,2026-09-17 09:53:48.038951
5688,2844,1.23,2026-09-17 06:53:48.038951
5689,2845,8.19,2026-09-21 09:53:48.038951
5690,2845,3.38,2026-09-16 06:53:48.038951
5691,2846,4.07,2026-09-20 09:53:48.038951
5692,2846,4.26,2026-09-25 06:53:48.038951
5693,2847,1.35,2026-09-17 09:53:48.038951
5694,2847,7.47,2026-09-15 06:53:48.038951
5695,2848,5.79,2026-09-14 09:53:48.038951
5696,2848,4.25,2026-09-14 06:53:48.038951
5697,2849,7.64,2026-09-21 09:53:48.038951
5698,2849,5.77,2026-09-16 06:53:48.038951
5699,2850,1.44,2026-09-17 09:53:48.038951
5700,2850,2.91,2026-09-27 06:53:48.038951
5701,2851,2.03,2026-09-22 09:53:48.038951
5702,2851,8.16,2026-09-20 06:53:48.038951
5703,2852,2.6,2026-09-24 09:53:48.038951
5704,2852,3.19,2026-09-21 06:53:48.038951
5705,2853,2.17,2026-09-23 09:53:48.038951
5706,2853,2.23,2026-09-20 06:53:48.038951
5707,2854,2.22,2026-09-13 09:53:48.038951
5708,2854,6.79,2026-09-15 06:53:48.038951
5709,2855,7.02,2026-09-13 09:53:48.038951
5710,2855,7.24,2026-09-17 06:53:48.038951
5711,2856,7.11,2026-09-14 09:53:48.038951
5712,2856,6.49,2026-09-21 06:53:48.038951
5713,2857,3.2,2026-09-20 09:53:48.038951
5714,2857,1.58,2026-09-17 06:53:48.038951
5715,2858,6.52,2026-09-14 09:53:48.038951
5716,2858,4.16,2026-09-13 06:53:48.038951
5717,2859,6.16,2026-09-15 09:53:48.038951
5718,2859,6.2,2026-09-26 06:53:48.038951
5719,2860,2.16,2026-09-17 09:53:48.038951
5720,2860,5.67,2026-09-23 06:53:48.038951
5721,2861,3.25,2026-09-21 09:53:48.038951
5722,2861,3.99,2026-09-25 06:53:48.038951
5723,2862,4.4,2026-09-17 09:53:48.038951
5724,2862,7.97,2026-09-14 06:53:48.038951
5725,2863,7.27,2026-09-26 09:53:48.038951
5726,2863,3.39,2026-09-19 06:53:48.038951
5727,2864,3.65,2026-09-23 09:53:48.038951
5728,2864,3.84,2026-09-20 06:53:48.038951
5729,2865,2.3,2026-09-23 09:53:48.038951
5730,2865,6.17,2026-09-23 06:53:48.038951
5731,2866,1.46,2026-09-24 09:53:48.038951
5732,2866,5.13,2026-09-21 06:53:48.038951
5733,2867,2.43,2026-09-18 09:53:48.038951
5734,2867,8.04,2026-09-22 06:53:48.038951
5735,2868,6.25,2026-09-15 09:53:48.038951
5736,2868,4.91,2026-09-19 06:53:48.038951
5737,2869,1.39,2026-09-22 09:53:48.038951
5738,2869,4.75,2026-09-20 06:53:48.038951
5739,2870,7.63,2026-09-18 09:53:48.038951
5740,2870,4.23,2026-09-24 06:53:48.038951
5741,2871,6.62,2026-09-21 09:53:48.038951
5742,2871,1.99,2026-09-19 06:53:48.038951
5743,2872,5.0,2026-09-20 09:53:48.038951
5744,2872,3.17,2026-09-20 06:53:48.038951
5745,2873,1.81,2026-09-23 09:53:48.038951
5746,2873,1.51,2026-09-17 06:53:48.038951
5747,2874,1.96,2026-09-25 09:53:48.038951
5748,2874,4.31,2026-09-19 06:53:48.038951
5749,2875,2.67,2026-09-15 09:53:48.038951
5750,2875,5.9,2026-09-22 06:53:48.038951
5751,2876,3.85,2026-09-21 09:53:48.038951
5752,2876,7.79,2026-09-27 06:53:48.038951
5753,2877,5.39,2026-09-22 09:53:48.038951
5754,2877,2.21,2026-09-14 06:53:48.038951
5755,2878,3.26,2026-09-26 09:53:48.038951
5756,2878,7.94,2026-09-18 06:53:48.038951
5757,2879,2.24,2026-09-22 09:53:48.038951
5758,2879,2.01,2026-09-24 06:53:48.038951
5759,2880,6.94,2026-09-18 09:53:48.038951
5760,2880,8.26,2026-09-18 06:53:48.038951
5761,2881,8.01,2026-09-18 09:53:48.038951
5762,2881,7.72,2026-09-17 06:53:48.038951
5763,2882,7.93,2026-09-21 09:53:48.038951
5764,2882,8.34,2026-09-27 06:53:48.038951
5765,2883,1.6,2026-09-22 09:53:48.038951
5766,2883,1.44,2026-09-13 06:53:48.038951
5767,2884,1.53,2026-09-15 09:53:48.038951
5768,2884,3.46,2026-09-13 06:53:48.038951
5769,2885,1.33,2026-09-13 09:53:48.038951
5770,2885,5.97,2026-09-21 06:53:48.038951
5771,2886,4.83,2026-09-25 09:53:48.038951
5772,2886,4.23,2026-09-20 06:53:48.038951
5773,2887,6.67,2026-09-19 09:53:48.038951
5774,2887,5.2,2026-09-19 06:53:48.038951
5775,2888,6.4,2026-09-15 09:53:48.038951
5776,2888,8.3,2026-09-22 06:53:48.038951
5777,2889,7.58,2026-09-21 09:53:48.038951
5778,2889,1.92,2026-09-17 06:53:48.038951
5779,2890,3.63,2026-09-25 09:53:48.038951
5780,2890,1.39,2026-09-13 06:53:48.038951
5781,2891,5.98,2026-09-13 09:53:48.038951
5782,2891,6.13,2026-09-25 06:53:48.038951
5783,2892,2.58,2026-09-26 09:53:48.038951
5784,2892,6.15,2026-09-19 06:53:48.038951
5785,2893,5.69,2026-09-24 09:53:48.038951
5786,2893,6.36,2026-09-25 06:53:48.038951
5787,2894,2.85,2026-09-16 09:53:48.038951
5788,2894,4.67,2026-09-15 06:53:48.038951
5789,2895,3.27,2026-09-15 09:53:48.038951
5790,2895,8.15,2026-09-14 06:53:48.038951
5791,2896,3.62,2026-09-13 09:53:48.038951
5792,2896,5.18,2026-09-19 06:53:48.038951
5793,2897,6.46,2026-09-14 09:53:48.038951
5794,2897,1.87,2026-09-22 06:53:48.038951
5795,2898,5.29,2026-09-22 09:53:48.038951
5796,2898,2.39,2026-09-15 06:53:48.038951
5797,2899,8.37,2026-09-21 09:53:48.038951
5798,2899,2.09,2026-09-23 06:53:48.038951
5799,2900,3.77,2026-09-20 09:53:48.038951
5800,2900,5.32,2026-09-25 06:53:48.038951
5801,2901,1.84,2026-09-27 09:53:48.038951
5802,2901,8.23,2026-09-18 06:53:48.038951
5803,2902,2.58,2026-09-13 09:53:48.038951
5804,2902,4.3,2026-09-20 06:53:48.038951
5805,2903,4.09,2026-09-25 09:53:48.038951
5806,2903,4.53,2026-09-26 06:53:48.038951
5807,2904,7.34,2026-09-14 09:53:48.038951
5808,2904,4.37,2026-09-25 06:53:48.038951
5809,2905,6.89,2026-09-27 09:53:48.038951
5810,2905,4.24,2026-09-14 06:53:48.038951
5811,2906,4.25,2026-09-13 09:53:48.038951
5812,2906,5.11,2026-09-16 06:53:48.038951
5813,2907,3.14,2026-09-24 09:53:48.038951
5814,2907,5.09,2026-09-18 06:53:48.038951
5815,2908,6.89,2026-09-13 09:53:48.038951
5816,2908,8.48,2026-09-13 06:53:48.038951
5817,2909,1.86,2026-09-25 09:53:48.038951
5818,2909,4.64,2026-09-17 06:53:48.038951
5819,2910,2.81,2026-09-26 09:53:48.038951
5820,2910,5.14,2026-09-15 06:53:48.038951
5821,2911,5.75,2026-09-20 09:53:48.038951
5822,2911,3.93,2026-09-21 06:53:48.038951
5823,2912,2.11,2026-09-19 09:53:48.038951
5824,2912,2.96,2026-09-19 06:53:48.038951
5825,2913,2.09,2026-09-27 09:53:48.038951
5826,2913,8.15,2026-09-20 06:53:48.038951
5827,2914,4.2,2026-09-16 09:53:48.038951
5828,2914,5.19,2026-09-15 06:53:48.038951
5829,2915,6.36,2026-09-27 09:53:48.038951
5830,2915,5.11,2026-09-27 06:53:48.038951
5831,2916,2.92,2026-09-25 09:53:48.038951
5832,2916,8.34,2026-09-21 06:53:48.038951
5833,2917,2.11,2026-09-14 09:53:48.038951
5834,2917,7.92,2026-09-22 06:53:48.038951
5835,2918,3.58,2026-09-16 09:53:48.038951
5836,2918,7.95,2026-09-20 06:53:48.038951
5837,2919,7.77,2026-09-20 09:53:48.038951
5838,2919,7.69,2026-09-14 06:53:48.038951
5839,2920,7.91,2026-09-18 09:53:48.038951
5840,2920,6.65,2026-09-24 06:53:48.038951
5841,2921,7.4,2026-09-20 09:53:48.038951
5842,2921,4.49,2026-09-20 06:53:48.038951
5843,2922,7.77,2026-09-22 09:53:48.038951
5844,2922,7.14,2026-09-17 06:53:48.038951
5845,2923,3.07,2026-09-26 09:53:48.038951
5846,2923,4.76,2026-09-18 06:53:48.038951
5847,2924,6.25,2026-09-27 09:53:48.038951
5848,2924,5.08,2026-09-22 06:53:48.038951
5849,2925,1.93,2026-09-18 09:53:48.038951
5850,2925,7.5,2026-09-25 06:53:48.038951
5851,2926,4.09,2026-09-21 09:53:48.038951
5852,2926,3.77,2026-09-17 06:53:48.038951
5853,2927,3.49,2026-09-20 09:53:48.038951
5854,2927,4.64,2026-09-16 06:53:48.038951
5855,2928,1.79,2026-09-19 09:53:48.038951
5856,2928,5.16,2026-09-24 06:53:48.038951
5857,2929,7.65,2026-09-18 09:53:48.038951
5858,2929,5.14,2026-09-27 06:53:48.038951
5859,2930,5.6,2026-09-13 09:53:48.038951
5860,2930,6.08,2026-09-22 06:53:48.038951
5861,2931,7.37,2026-09-25 09:53:48.038951
5862,2931,4.29,2026-09-19 06:53:48.038951
5863,2932,2.29,2026-09-14 09:53:48.038951
5864,2932,5.35,2026-09-27 06:53:48.038951
5865,2933,6.79,2026-09-24 09:53:48.038951
5866,2933,6.73,2026-09-25 06:53:48.038951
5867,2934,2.14,2026-09-26 09:53:48.038951
5868,2934,4.44,2026-09-17 06:53:48.038951
5869,2935,3.77,2026-09-17 09:53:48.038951
5870,2935,2.03,2026-09-27 06:53:48.038951
5871,2936,8.0,2026-09-20 09:53:48.038951
5872,2936,5.17,2026-09-27 06:53:48.038951
5873,2937,6.73,2026-09-17 09:53:48.038951
5874,2937,1.11,2026-09-23 06:53:48.038951
5875,2938,2.56,2026-09-23 09:53:48.038951
5876,2938,4.12,2026-09-19 06:53:48.038951
5877,2939,6.94,2026-09-15 09:53:48.038951
5878,2939,6.77,2026-09-13 06:53:48.038951
5879,2940,4.45,2026-09-14 09:53:48.038951
5880,2940,8.4,2026-09-17 06:53:48.038951
5881,2941,6.4,2026-09-13 09:53:48.038951
5882,2941,5.13,2026-09-14 06:53:48.038951
5883,2942,2.61,2026-09-20 09:53:48.038951
5884,2942,1.99,2026-09-25 06:53:48.038951
5885,2943,3.02,2026-09-22 09:53:48.038951
5886,2943,4.03,2026-09-25 06:53:48.038951
5887,2944,3.66,2026-09-13 09:53:48.038951
5888,2944,5.5,2026-09-17 06:53:48.038951
5889,2945,2.99,2026-09-24 09:53:48.038951
5890,2945,7.74,2026-09-16 06:53:48.038951
5891,2946,5.28,2026-09-21 09:53:48.038951
5892,2946,3.83,2026-09-19 06:53:48.038951
5893,2947,2.22,2026-09-17 09:53:48.038951
5894,2947,3.29,2026-09-16 06:53:48.038951
5895,2948,4.08,2026-09-25 09:53:48.038951
5896,2948,3.05,2026-09-18 06:53:48.038951
5897,2949,2.15,2026-09-18 09:53:48.038951
5898,2949,1.62,2026-09-22 06:53:48.038951
5899,2950,6.39,2026-09-19 09:53:48.038951
5900,2950,7.04,2026-09-22 06:53:48.038951
5901,2951,6.13,2026-09-24 09:53:48.038951
5902,2951,4.79,2026-09-25 06:53:48.038951
5903,2952,5.14,2026-09-22 09:53:48.038951
5904,2952,8.2,2026-09-22 06:53:48.038951
5905,2953,3.12,2026-09-24 09:53:48.038951
5906,2953,4.44,2026-09-13 06:53:48.038951
5907,2954,1.52,2026-09-23 09:53:48.038951
5908,2954,6.94,2026-09-27 06:53:48.038951
5909,2955,6.68,2026-09-18 09:53:48.038951
5910,2955,6.91,2026-09-20 06:53:48.038951
5911,2956,7.78,2026-09-13 09:53:48.038951
5912,2956,4.85,2026-09-25 06:53:48.038951
5913,2957,2.19,2026-09-13 09:53:48.038951
5914,2957,4.49,2026-09-25 06:53:48.038951
5915,2958,4.7,2026-09-20 09:53:48.038951
5916,2958,4.54,2026-09-15 06:53:48.038951
5917,2959,8.1,2026-09-23 09:53:48.038951
5918,2959,7.71,2026-09-24 06:53:48.038951
5919,2960,8.18,2026-09-20 09:53:48.038951
5920,2960,1.52,2026-09-23 06:53:48.038951
5921,2961,7.06,2026-09-21 09:53:48.038951
5922,2961,2.72,2026-09-16 06:53:48.038951
5923,2962,1.63,2026-09-24 09:53:48.038951
5924,2962,4.63,2026-09-27 06:53:48.038951
5925,2963,1.51,2026-09-27 09:53:48.038951
5926,2963,7.8,2026-09-27 06:53:48.038951
5927,2964,5.69,2026-09-20 09:53:48.038951
5928,2964,6.43,2026-09-19 06:53:48.038951
5929,2965,7.22,2026-09-13 09:53:48.038951
5930,2965,1.8,2026-09-21 06:53:48.038951
5931,2966,3.56,2026-09-17 09:53:48.038951
5932,2966,7.96,2026-09-24 06:53:48.038951
5933,2967,8.48,2026-09-17 09:53:48.038951
5934,2967,3.52,2026-09-22 06:53:48.038951
5935,2968,8.23,2026-09-27 09:53:48.038951
5936,2968,4.68,2026-09-20 06:53:48.038951
5937,2969,1.78,2026-09-27 09:53:48.038951
5938,2969,4.94,2026-09-25 06:53:48.038951
5939,2970,3.89,2026-09-18 09:53:48.038951
5940,2970,1.2,2026-09-14 06:53:48.038951
5941,2971,4.61,2026-09-22 09:53:48.038951
5942,2971,6.53,2026-09-21 06:53:48.038951
5943,2972,7.69,2026-09-27 09:53:48.038951
5944,2972,1.45,2026-09-15 06:53:48.038951
5945,2973,8.29,2026-09-23 09:53:48.038951
5946,2973,5.54,2026-09-14 06:53:48.038951
5947,2974,5.71,2026-09-20 09:53:48.038951
5948,2974,8.31,2026-09-24 06:53:48.038951
5949,2975,4.41,2026-09-21 09:53:48.038951
5950,2975,4.95,2026-09-25 06:53:48.038951
5951,2976,3.95,2026-09-22 09:53:48.038951
5952,2976,7.6,2026-09-17 06:53:48.038951
5953,2977,5.1,2026-09-24 09:53:48.038951
5954,2977,2.48,2026-09-22 06:53:48.038951
5955,2978,3.63,2026-09-27 09:53:48.038951
5956,2978,3.72,2026-09-19 06:53:48.038951
5957,2979,1.43,2026-09-26 09:53:48.038951
5958,2979,6.93,2026-09-19 06:53:48.038951
5959,2980,7.64,2026-09-18 09:53:48.038951
5960,2980,2.89,2026-09-13 06:53:48.038951
5961,2981,1.94,2026-09-27 09:53:48.038951
5962,2981,5.49,2026-09-14 06:53:48.038951
5963,2982,4.51,2026-09-20 09:53:48.038951
5964,2982,5.56,2026-09-15 06:53:48.038951
5965,2983,2.42,2026-09-17 09:53:48.038951
5966,2983,7.42,2026-09-19 06:53:48.038951
5967,2984,6.53,2026-09-16 09:53:48.038951
5968,2984,7.97,2026-09-15 06:53:48.038951
5969,2985,1.48,2026-09-25 09:53:48.038951
5970,2985,6.86,2026-09-22 06:53:48.038951
5971,2986,6.46,2026-09-22 09:53:48.038951
5972,2986,6.94,2026-09-25 06:53:48.038951
5973,2987,5.0,2026-09-22 09:53:48.038951
5974,2987,8.2,2026-09-19 06:53:48.038951
5975,2988,1.73,2026-09-25 09:53:48.038951
5976,2988,6.06,2026-09-20 06:53:48.038951
5977,2989,6.69,2026-09-14 09:53:48.038951
5978,2989,2.86,2026-09-20 06:53:48.038951
5979,2990,6.79,2026-09-22 09:53:48.038951
5980,2990,3.89,2026-09-14 06:53:48.038951
5981,2991,6.77,2026-09-23 09:53:48.038951
5982,2991,7.79,2026-09-24 06:53:48.038951
5983,2992,6.11,2026-09-26 09:53:48.038951
5984,2992,2.91,2026-09-25 06:53:48.038951
5985,2993,6.36,2026-09-14 09:53:48.038951
5986,2993,2.43,2026-09-21 06:53:48.038951
5987,2994,4.28,2026-09-19 09:53:48.038951
5988,2994,1.95,2026-09-20 06:53:48.038951
5989,2995,6.66,2026-09-22 09:53:48.038951
5990,2995,4.05,2026-09-19 06:53:48.038951
5991,2996,7.72,2026-09-26 09:53:48.038951
5992,2996,6.74,2026-09-23 06:53:48.038951
5993,2997,4.12,2026-09-27 09:53:48.038951
5994,2997,2.73,2026-09-17 06:53:48.038951
5995,2998,1.99,2026-09-18 09:53:48.038951
5996,2998,3.97,2026-09-19 06:53:48.038951
5997,2999,1.58,2026-09-24 09:53:48.038951
5998,2999,8.39,2026-09-14 06:53:48.038951
5999,3000,5.73,2026-09-26 09:53:48.038951
6000,3000,5.61,2026-09-26 06:53:48.038951
6001,3001,4.96,2026-09-25 09:53:48.038951
6002,3001,7.91,2026-09-23 06:53:48.038951
6003,3002,1.79,2026-09-13 09:53:48.038951
6004,3002,8.03,2026-09-19 06:53:48.038951
6005,3003,6.37,2026-09-26 09:53:48.038951
6006,3003,4.51,2026-09-15 06:53:48.038951
6007,3004,8.11,2026-09-16 09:53:48.038951
6008,3004,4.94,2026-09-14 06:53:48.038951
6009,3005,1.34,2026-09-26 09:53:48.038951
6010,3005,5.1,2026-09-19 06:53:48.038951
6011,3006,7.63,2026-09-27 09:53:48.038951
6012,3006,7.77,2026-09-20 06:53:48.038951
6013,3007,8.22,2026-09-16 09:53:48.038951
6014,3007,5.41,2026-09-24 06:53:48.038951
6015,3008,6.23,2026-09-21 09:53:48.038951
6016,3008,8.11,2026-09-17 06:53:48.038951
6017,3009,8.27,2026-09-20 09:53:48.038951
6018,3009,5.89,2026-09-21 06:53:48.038951
6019,3010,4.21,2026-09-13 09:53:48.038951
6020,3010,5.99,2026-09-23 06:53:48.038951
6021,3011,8.18,2026-09-14 09:53:48.038951
6022,3011,3.39,2026-09-21 06:53:48.038951
6023,3012,5.94,2026-09-26 09:53:48.038951
6024,3012,1.51,2026-09-27 06:53:48.038951
6025,3013,1.43,2026-09-18 09:53:48.038951
6026,3013,3.89,2026-09-27 06:53:48.038951
6027,3014,6.64,2026-09-20 09:53:48.038951
6028,3014,5.92,2026-09-18 06:53:48.038951
6029,3015,8.42,2026-09-21 09:53:48.038951
6030,3015,5.74,2026-09-22 06:53:48.038951
6031,3016,1.66,2026-09-16 09:53:48.038951
6032,3016,7.8,2026-09-15 06:53:48.038951
6033,3017,3.07,2026-09-18 09:53:48.038951
6034,3017,3.8,2026-09-17 06:53:48.038951
6035,3018,6.34,2026-09-22 09:53:48.038951
6036,3018,7.69,2026-09-20 06:53:48.038951
6037,3019,6.28,2026-09-19 09:53:48.038951
6038,3019,7.76,2026-09-19 06:53:48.038951
6039,3020,1.72,2026-09-23 09:53:48.038951
6040,3020,5.69,2026-09-20 06:53:48.038951
6041,3021,3.72,2026-09-18 09:53:48.038951
6042,3021,3.31,2026-09-22 06:53:48.038951
6043,3022,6.33,2026-09-15 09:53:48.038951
6044,3022,7.5,2026-09-23 06:53:48.038951
6045,3023,6.89,2026-09-14 09:53:48.038951
6046,3023,7.94,2026-09-15 06:53:48.038951
6047,3024,2.8,2026-09-25 09:53:48.038951
6048,3024,3.32,2026-09-18 06:53:48.038951
6049,3025,1.75,2026-09-17 09:53:48.038951
6050,3025,7.9,2026-09-23 06:53:48.038951
6051,3026,7.38,2026-09-17 09:53:48.038951
6052,3026,2.65,2026-09-25 06:53:48.038951
6053,3027,4.61,2026-09-25 09:53:48.038951
6054,3027,7.72,2026-09-18 06:53:48.038951
6055,3028,4.99,2026-09-26 09:53:48.038951
6056,3028,1.39,2026-09-19 06:53:48.038951
6057,3029,3.0,2026-09-17 09:53:48.038951
6058,3029,6.21,2026-09-22 06:53:48.038951
6059,3030,2.35,2026-09-25 09:53:48.038951
6060,3030,3.05,2026-09-19 06:53:48.038951
6061,3031,5.14,2026-09-15 09:53:48.038951
6062,3031,2.5,2026-09-14 06:53:48.038951
6063,3032,3.54,2026-09-24 09:53:48.038951
6064,3032,3.82,2026-09-24 06:53:48.038951
6065,3033,7.56,2026-09-15 09:53:48.038951
6066,3033,2.06,2026-09-16 06:53:48.038951
6067,3034,6.75,2026-09-23 09:53:48.038951
6068,3034,7.51,2026-09-26 06:53:48.038951
6069,3035,2.77,2026-09-20 09:53:48.038951
6070,3035,5.67,2026-09-27 06:53:48.038951
6071,3036,7.93,2026-09-15 09:53:48.038951
6072,3036,5.98,2026-09-13 06:53:48.038951
6073,3037,1.14,2026-09-15 09:53:48.038951
6074,3037,6.51,2026-09-17 06:53:48.038951
6075,3038,4.59,2026-09-24 09:53:48.038951
6076,3038,6.26,2026-09-21 06:53:48.038951
6077,3039,7.78,2026-09-24 09:53:48.038951
6078,3039,2.61,2026-09-20 06:53:48.038951
6079,3040,7.34,2026-09-18 09:53:48.038951
6080,3040,4.88,2026-09-21 06:53:48.038951
6081,3041,4.75,2026-09-13 09:53:48.038951
6082,3041,7.22,2026-09-26 06:53:48.038951
6083,3042,8.22,2026-09-22 09:53:48.038951
6084,3042,5.0,2026-09-26 06:53:48.038951
6085,3043,2.91,2026-09-19 09:53:48.038951
6086,3043,3.92,2026-09-23 06:53:48.038951
6087,3044,1.78,2026-09-23 09:53:48.038951
6088,3044,6.0,2026-09-20 06:53:48.038951
6089,3045,1.58,2026-09-13 09:53:48.038951
6090,3045,6.04,2026-09-20 06:53:48.038951
6091,3046,2.61,2026-09-14 09:53:48.038951
6092,3046,4.43,2026-09-18 06:53:48.038951
6093,3047,5.83,2026-09-14 09:53:48.038951
6094,3047,7.38,2026-09-24 06:53:48.038951
6095,3048,6.53,2026-09-26 09:53:48.038951
6096,3048,5.61,2026-09-24 06:53:48.038951
6097,3049,3.76,2026-09-16 09:53:48.038951
6098,3049,4.85,2026-09-20 06:53:48.038951
6099,3050,2.96,2026-09-22 09:53:48.038951
6100,3050,4.95,2026-09-14 06:53:48.038951
6101,3051,7.84,2026-09-27 09:53:48.038951
6102,3051,6.08,2026-09-21 06:53:48.038951
6103,3052,2.88,2026-09-17 09:53:48.038951
6104,3052,7.01,2026-09-25 06:53:48.038951
6105,3053,2.26,2026-09-13 09:53:48.038951
6106,3053,2.29,2026-09-18 06:53:48.038951
6107,3054,5.04,2026-09-27 09:53:48.038951
6108,3054,2.09,2026-09-18 06:53:48.038951
6109,3055,1.71,2026-09-18 09:53:48.038951
6110,3055,6.41,2026-09-24 06:53:48.038951
6111,3056,2.06,2026-09-18 09:53:48.038951
6112,3056,5.75,2026-09-18 06:53:48.038951
6113,3057,2.69,2026-09-17 09:53:48.038951
6114,3057,3.24,2026-09-13 06:53:48.038951
6115,3058,1.31,2026-09-16 09:53:48.038951
6116,3058,2.62,2026-09-25 06:53:48.038951
6117,3059,2.33,2026-09-14 09:53:48.038951
6118,3059,6.75,2026-09-16 06:53:48.038951
6119,3060,3.51,2026-09-26 09:53:48.038951
6120,3060,5.36,2026-09-27 06:53:48.038951
6121,3061,8.22,2026-09-20 09:53:48.038951
6122,3061,1.74,2026-09-22 06:53:48.038951
6123,3062,1.8,2026-09-16 09:53:48.038951
6124,3062,2.14,2026-09-24 06:53:48.038951
6125,3063,2.59,2026-09-19 09:53:48.038951
6126,3063,1.5,2026-09-15 06:53:48.038951
6127,3064,2.63,2026-09-27 09:53:48.038951
6128,3064,6.71,2026-09-16 06:53:48.038951
6129,3065,5.73,2026-09-14 09:53:48.038951
6130,3065,3.51,2026-09-27 06:53:48.038951
6131,3066,4.84,2026-09-13 09:53:48.038951
6132,3066,2.15,2026-09-13 06:53:48.038951
6133,3067,5.31,2026-09-13 09:53:48.038951
6134,3067,6.16,2026-09-13 06:53:48.038951
6135,3068,1.25,2026-09-25 09:53:48.038951
6136,3068,3.22,2026-09-24 06:53:48.038951
6137,3069,5.9,2026-09-19 09:53:48.038951
6138,3069,7.74,2026-09-22 06:53:48.038951
6139,3070,7.91,2026-09-13 09:53:48.038951
6140,3070,4.95,2026-09-15 06:53:48.038951
6141,3071,6.58,2026-09-21 09:53:48.038951
6142,3071,6.08,2026-09-16 06:53:48.038951
6143,3072,1.42,2026-09-18 09:53:48.038951
6144,3072,2.2,2026-09-20 06:53:48.038951
6145,3073,2.57,2026-09-22 09:53:48.038951
6146,3073,3.44,2026-09-26 06:53:48.038951
6147,3074,5.86,2026-09-22 09:53:48.038951
6148,3074,6.94,2026-09-23 06:53:48.038951
6149,3075,8.37,2026-09-17 09:53:48.038951
6150,3075,1.29,2026-09-14 06:53:48.038951
6151,3076,1.53,2026-09-20 09:53:48.038951
6152,3076,1.83,2026-09-20 06:53:48.038951
6153,3077,5.13,2026-09-18 09:53:48.038951
6154,3077,5.04,2026-09-24 06:53:48.038951
6155,3078,6.93,2026-09-24 09:53:48.038951
6156,3078,8.45,2026-09-26 06:53:48.038951
6157,3079,6.17,2026-09-27 09:53:48.038951
6158,3079,3.84,2026-09-19 06:53:48.038951
6159,3080,5.16,2026-09-27 09:53:48.038951
6160,3080,3.03,2026-09-20 06:53:48.038951
6161,3081,6.65,2026-09-14 09:53:48.038951
6162,3081,1.53,2026-09-19 06:53:48.038951
6163,3082,8.44,2026-09-24 09:53:48.038951
6164,3082,3.07,2026-09-15 06:53:48.038951
6165,3083,1.82,2026-09-15 09:53:48.038951
6166,3083,4.26,2026-09-22 06:53:48.038951
6167,3084,5.9,2026-09-20 09:53:48.038951
6168,3084,2.61,2026-09-13 06:53:48.038951
6169,3085,3.93,2026-09-14 09:53:48.038951
6170,3085,7.48,2026-09-17 06:53:48.038951
6171,3086,2.43,2026-09-17 09:53:48.038951
6172,3086,1.4,2026-09-16 06:53:48.038951
6173,3087,2.46,2026-09-21 09:53:48.038951
6174,3087,1.54,2026-09-15 06:53:48.038951
6175,3088,7.27,2026-09-27 09:53:48.038951
6176,3088,3.27,2026-09-13 06:53:48.038951
6177,3089,7.98,2026-09-14 09:53:48.038951
6178,3089,2.85,2026-09-20 06:53:48.038951
6179,3090,7.65,2026-09-26 09:53:48.038951
6180,3090,5.21,2026-09-15 06:53:48.038951
6181,3091,5.74,2026-09-21 09:53:48.038951
6182,3091,1.48,2026-09-25 06:53:48.038951
6183,3092,3.7,2026-09-26 09:53:48.038951
6184,3092,8.47,2026-09-16 06:53:48.038951
6185,3093,4.85,2026-09-25 09:53:48.038951
6186,3093,2.5,2026-09-15 06:53:48.038951
6187,3094,2.57,2026-09-17 09:53:48.038951
6188,3094,6.79,2026-09-22 06:53:48.038951
6189,3095,3.72,2026-09-16 09:53:48.038951
6190,3095,1.32,2026-09-27 06:53:48.038951
6191,3096,1.77,2026-09-26 09:53:48.038951
6192,3096,7.78,2026-09-23 06:53:48.038951
6193,3097,4.9,2026-09-17 09:53:48.038951
6194,3097,7.61,2026-09-27 06:53:48.038951
6195,3098,1.41,2026-09-20 09:53:48.038951
6196,3098,7.36,2026-09-17 06:53:48.038951
6197,3099,7.03,2026-09-21 09:53:48.038951
6198,3099,3.31,2026-09-27 06:53:48.038951
6199,3100,2.95,2026-09-17 09:53:48.038951
6200,3100,3.79,2026-09-20 06:53:48.038951
6201,3101,5.18,2026-09-13 09:53:48.038951
6202,3101,4.74,2026-09-17 06:53:48.038951
6203,3102,8.28,2026-09-20 09:53:48.038951
6204,3102,6.06,2026-09-20 06:53:48.038951
6205,3103,8.15,2026-09-21 09:53:48.038951
6206,3103,2.76,2026-09-27 06:53:48.038951
6207,3104,2.82,2026-09-16 09:53:48.038951
6208,3104,7.05,2026-09-13 06:53:48.038951
6209,3105,2.42,2026-09-14 09:53:48.038951
6210,3105,1.54,2026-09-14 06:53:48.038951
6211,3106,5.13,2026-09-18 09:53:48.038951
6212,3106,8.11,2026-09-27 06:53:48.038951
6213,3107,5.42,2026-09-22 09:53:48.038951
6214,3107,5.0,2026-09-23 06:53:48.038951
6215,3108,3.57,2026-09-14 09:53:48.038951
6216,3108,2.48,2026-09-25 06:53:48.038951
6217,3109,1.62,2026-09-18 09:53:48.038951
6218,3109,3.26,2026-09-17 06:53:48.038951
6219,3110,8.17,2026-09-25 09:53:48.038951
6220,3110,6.52,2026-09-15 06:53:48.038951
6221,3111,4.61,2026-09-22 09:53:48.038951
6222,3111,7.16,2026-09-13 06:53:48.038951
6223,3112,7.75,2026-09-14 09:53:48.038951
6224,3112,6.44,2026-09-20 06:53:48.038951
6225,3113,7.4,2026-09-27 09:53:48.038951
6226,3113,3.99,2026-09-17 06:53:48.038951
6227,3114,7.91,2026-09-22 09:53:48.038951
6228,3114,4.89,2026-09-20 06:53:48.038951
6229,3115,5.11,2026-09-27 09:53:48.038951
6230,3115,7.6,2026-09-15 06:53:48.038951
6231,3116,6.16,2026-09-27 09:53:48.038951
6232,3116,2.35,2026-09-22 06:53:48.038951
6233,3117,7.96,2026-09-16 09:53:48.038951
6234,3117,1.49,2026-09-27 06:53:48.038951
6235,3118,5.05,2026-09-13 09:53:48.038951
6236,3118,7.7,2026-09-21 06:53:48.038951
6237,3119,6.11,2026-09-20 09:53:48.038951
6238,3119,3.25,2026-09-25 06:53:48.038951
6239,3120,8.13,2026-09-17 09:53:48.038951
6240,3120,2.7,2026-09-23 06:53:48.038951
6241,3121,8.48,2026-09-25 09:53:48.038951
6242,3121,8.16,2026-09-13 06:53:48.038951
6243,3122,3.42,2026-09-23 09:53:48.038951
6244,3122,3.14,2026-09-17 06:53:48.038951
6245,3123,6.08,2026-09-23 09:53:48.038951
6246,3123,6.29,2026-09-13 06:53:48.038951
6247,3124,5.99,2026-09-15 09:53:48.038951
6248,3124,8.44,2026-09-18 06:53:48.038951
6249,3125,3.34,2026-09-19 09:53:48.038951
6250,3125,2.24,2026-09-26 06:53:48.038951
6251,3126,2.02,2026-09-23 09:53:48.038951
6252,3126,2.44,2026-09-24 06:53:48.038951
6253,3127,3.77,2026-09-19 09:53:48.038951
6254,3127,2.64,2026-09-18 06:53:48.038951
6255,3128,3.49,2026-09-21 09:53:48.038951
6256,3128,1.85,2026-09-14 06:53:48.038951
6257,3129,2.84,2026-09-20 09:53:48.038951
6258,3129,7.69,2026-09-21 06:53:48.038951
6259,3130,7.84,2026-09-26 09:53:48.038951
6260,3130,5.67,2026-09-18 06:53:48.038951
6261,3131,3.47,2026-09-19 09:53:48.038951
6262,3131,6.27,2026-09-16 06:53:48.038951
6263,3132,3.42,2026-09-22 09:53:48.038951
6264,3132,2.99,2026-09-27 06:53:48.038951
6265,3133,2.69,2026-09-18 09:53:48.038951
6266,3133,4.12,2026-09-23 06:53:48.038951
6267,3134,1.91,2026-09-15 09:53:48.038951
6268,3134,4.1,2026-09-27 06:53:48.038951
6269,3135,1.68,2026-09-13 09:53:48.038951
6270,3135,6.96,2026-09-14 06:53:48.038951
6271,3136,5.43,2026-09-22 09:53:48.038951
6272,3136,1.34,2026-09-20 06:53:48.038951
6273,3137,2.45,2026-09-24 09:53:48.038951
6274,3137,8.45,2026-09-16 06:53:48.038951
6275,3138,8.27,2026-09-22 09:53:48.038951
6276,3138,8.5,2026-09-26 06:53:48.038951
6277,3139,1.46,2026-09-24 09:53:48.038951
6278,3139,2.12,2026-09-20 06:53:48.038951
6279,3140,5.93,2026-09-16 09:53:48.038951
6280,3140,7.32,2026-09-25 06:53:48.038951
6281,3141,4.72,2026-09-23 09:53:48.038951
6282,3141,7.46,2026-09-13 06:53:48.038951
6283,3142,7.43,2026-09-21 09:53:48.038951
6284,3142,2.16,2026-09-27 06:53:48.038951
6285,3143,3.49,2026-09-16 09:53:48.038951
6286,3143,7.35,2026-09-18 06:53:48.038951
6287,3144,2.81,2026-09-16 09:53:48.038951
6288,3144,5.64,2026-09-14 06:53:48.038951
6289,3145,7.5,2026-09-23 09:53:48.038951
6290,3145,7.48,2026-09-14 06:53:48.038951
6291,3146,6.29,2026-09-17 09:53:48.038951
6292,3146,4.4,2026-09-20 06:53:48.038951
6293,3147,2.39,2026-09-20 09:53:48.038951
6294,3147,8.25,2026-09-13 06:53:48.038951
6295,3148,7.31,2026-09-19 09:53:48.038951
6296,3148,4.53,2026-09-17 06:53:48.038951
6297,3149,6.6,2026-09-15 09:53:48.038951
6298,3149,1.7,2026-09-24 06:53:48.038951
6299,3150,5.52,2026-09-25 09:53:48.038951
6300,3150,6.51,2026-09-24 06:53:48.038951
6301,3151,6.88,2026-09-15 09:53:48.038951
6302,3151,7.32,2026-09-24 06:53:48.038951
6303,3152,2.05,2026-09-16 09:53:48.038951
6304,3152,2.52,2026-09-27 06:53:48.038951
6305,3153,4.91,2026-09-16 09:53:48.038951
6306,3153,1.47,2026-09-26 06:53:48.038951
6307,3154,4.46,2026-09-22 09:53:48.038951
6308,3154,7.59,2026-09-24 06:53:48.038951
6309,3155,2.67,2026-09-26 09:53:48.038951
6310,3155,1.28,2026-09-16 06:53:48.038951
6311,3156,5.75,2026-09-21 09:53:48.038951
6312,3156,5.5,2026-09-26 06:53:48.038951
6313,3157,1.3,2026-09-19 09:53:48.038951
6314,3157,4.83,2026-09-20 06:53:48.038951
6315,3158,5.95,2026-09-13 09:53:48.038951
6316,3158,7.54,2026-09-26 06:53:48.038951
6317,3159,3.14,2026-09-22 09:53:48.038951
6318,3159,7.24,2026-09-16 06:53:48.038951
6319,3160,4.24,2026-09-23 09:53:48.038951
6320,3160,7.42,2026-09-13 06:53:48.038951
6321,3161,2.7,2026-09-21 09:53:48.038951
6322,3161,3.79,2026-09-16 06:53:48.038951
6323,3162,8.15,2026-09-15 09:53:48.038951
6324,3162,4.23,2026-09-13 06:53:48.038951
6325,3163,6.03,2026-09-15 09:53:48.038951
6326,3163,4.57,2026-09-24 06:53:48.038951
6327,3164,6.37,2026-09-19 09:53:48.038951
6328,3164,2.86,2026-09-20 06:53:48.038951
6329,3165,4.85,2026-09-17 09:53:48.038951
6330,3165,8.4,2026-09-13 06:53:48.038951
6331,3166,8.48,2026-09-22 09:53:48.038951
6332,3166,8.2,2026-09-14 06:53:48.038951
6333,3167,5.77,2026-09-22 09:53:48.038951
6334,3167,7.34,2026-09-18 06:53:48.038951
6335,3168,7.46,2026-09-18 09:53:48.038951
6336,3168,5.44,2026-09-27 06:53:48.038951
6337,3169,5.24,2026-09-24 09:53:48.038951
6338,3169,1.9,2026-09-21 06:53:48.038951
6339,3170,1.74,2026-09-24 09:53:48.038951
6340,3170,4.34,2026-09-15 06:53:48.038951
6341,3171,5.3,2026-09-25 09:53:48.038951
6342,3171,8.06,2026-09-20 06:53:48.038951
6343,3172,5.07,2026-09-13 09:53:48.038951
6344,3172,6.64,2026-09-26 06:53:48.038951
6345,3173,4.26,2026-09-27 09:53:48.038951
6346,3173,1.74,2026-09-17 06:53:48.038951
6347,3174,4.93,2026-09-14 09:53:48.038951
6348,3174,1.93,2026-09-23 06:53:48.038951
6349,3175,7.51,2026-09-20 09:53:48.038951
6350,3175,8.4,2026-09-13 06:53:48.038951
6351,3176,5.34,2026-09-14 09:53:48.038951
6352,3176,6.23,2026-09-25 06:53:48.038951
6353,3177,3.37,2026-09-14 09:53:48.038951
6354,3177,2.31,2026-09-26 06:53:48.038951
6355,3178,5.14,2026-09-22 09:53:48.038951
6356,3178,1.8,2026-09-22 06:53:48.038951
6357,3179,6.25,2026-09-15 09:53:48.038951
6358,3179,8.16,2026-09-15 06:53:48.038951
6359,3180,4.2,2026-09-21 09:53:48.038951
6360,3180,3.34,2026-09-18 06:53:48.038951
6361,3181,1.52,2026-09-18 09:53:48.038951
6362,3181,2.18,2026-09-27 06:53:48.038951
6363,3182,8.12,2026-09-13 09:53:48.038951
6364,3182,5.95,2026-09-21 06:53:48.038951
6365,3183,5.72,2026-09-23 09:53:48.038951
6366,3183,6.02,2026-09-27 06:53:48.038951
6367,3184,7.17,2026-09-21 09:53:48.038951
6368,3184,5.8,2026-09-24 06:53:48.038951
6369,3185,5.9,2026-09-15 09:53:48.038951
6370,3185,6.89,2026-09-23 06:53:48.038951
6371,3186,7.26,2026-09-22 09:53:48.038951
6372,3186,3.03,2026-09-18 06:53:48.038951
6373,3187,5.12,2026-09-14 09:53:48.038951
6374,3187,8.32,2026-09-15 06:53:48.038951
6375,3188,3.33,2026-09-16 09:53:48.038951
6376,3188,6.12,2026-09-17 06:53:48.038951
6377,3189,4.03,2026-09-20 09:53:48.038951
6378,3189,7.06,2026-09-24 06:53:48.038951
6379,3190,2.12,2026-09-23 09:53:48.038951
6380,3190,6.66,2026-09-23 06:53:48.038951
6381,3191,2.83,2026-09-27 09:53:48.038951
6382,3191,2.07,2026-09-23 06:53:48.038951
6383,3192,2.09,2026-09-27 09:53:48.038951
6384,3192,7.21,2026-09-24 06:53:48.038951
6385,3193,1.87,2026-09-23 09:53:48.038951
6386,3193,1.28,2026-09-16 06:53:48.038951
6387,3194,2.96,2026-09-18 09:53:48.038951
6388,3194,3.28,2026-09-22 06:53:48.038951
6389,3195,3.2,2026-09-23 09:53:48.038951
6390,3195,6.98,2026-09-14 06:53:48.038951
6391,3196,1.19,2026-09-26 09:53:48.038951
6392,3196,3.46,2026-09-21 06:53:48.038951
6393,3197,5.2,2026-09-14 09:53:48.038951
6394,3197,4.43,2026-09-15 06:53:48.038951
6395,3198,4.85,2026-09-21 09:53:48.038951
6396,3198,4.49,2026-09-24 06:53:48.038951
6397,3199,5.38,2026-09-22 09:53:48.038951
6398,3199,7.43,2026-09-15 06:53:48.038951
6399,3200,1.13,2026-09-26 09:53:48.038951
6400,3200,4.7,2026-09-15 06:53:48.038951
6401,3201,7.88,2026-09-17 09:53:48.038951
6402,3201,1.58,2026-09-24 06:53:48.038951
6403,3202,2.98,2026-09-17 09:53:48.038951
6404,3202,6.64,2026-09-21 06:53:48.038951
6405,3203,7.06,2026-09-16 09:53:48.038951
6406,3203,5.59,2026-09-27 06:53:48.038951
6407,3204,3.21,2026-09-19 09:53:48.038951
6408,3204,5.11,2026-09-16 06:53:48.038951
6409,3205,6.07,2026-09-14 09:53:48.038951
6410,3205,5.86,2026-09-15 06:53:48.038951
6411,3206,7.96,2026-09-23 09:53:48.038951
6412,3206,3.65,2026-09-27 06:53:48.038951
6413,3207,6.23,2026-09-13 09:53:48.038951
6414,3207,7.88,2026-09-27 06:53:48.038951
6415,3208,1.91,2026-09-18 09:53:48.038951
6416,3208,3.27,2026-09-16 06:53:48.038951
6417,3209,3.59,2026-09-21 09:53:48.038951
6418,3209,3.16,2026-09-20 06:53:48.038951
6419,3210,1.22,2026-09-16 09:53:48.038951
6420,3210,2.44,2026-09-26 06:53:48.038951
6421,3211,1.95,2026-09-21 09:53:48.038951
6422,3211,7.42,2026-09-20 06:53:48.038951
6423,3212,3.94,2026-09-25 09:53:48.038951
6424,3212,6.67,2026-09-20 06:53:48.038951
6425,3213,4.08,2026-09-18 09:53:48.038951
6426,3213,6.95,2026-09-18 06:53:48.038951
6427,3214,3.84,2026-09-18 09:53:48.038951
6428,3214,1.72,2026-09-19 06:53:48.038951
6429,3215,2.84,2026-09-20 09:53:48.038951
6430,3215,3.59,2026-09-20 06:53:48.038951
6431,3216,5.73,2026-09-24 09:53:48.038951
6432,3216,5.13,2026-09-13 06:53:48.038951
6433,3217,2.98,2026-09-25 09:53:48.038951
6434,3217,2.69,2026-09-23 06:53:48.038951
6435,3218,6.56,2026-09-27 09:53:48.038951
6436,3218,1.25,2026-09-25 06:53:48.038951
6437,3219,3.2,2026-09-13 09:53:48.038951
6438,3219,7.24,2026-09-18 06:53:48.038951
6439,3220,4.88,2026-09-25 09:53:48.038951
6440,3220,5.38,2026-09-23 06:53:48.038951
6441,3221,1.24,2026-09-25 09:53:48.038951
6442,3221,7.87,2026-09-27 06:53:48.038951
6443,3222,2.32,2026-09-21 09:53:48.038951
6444,3222,1.8,2026-09-21 06:53:48.038951
6445,3223,3.94,2026-09-14 09:53:48.038951
6446,3223,4.61,2026-09-24 06:53:48.038951
6447,3224,7.42,2026-09-13 09:53:48.038951
6448,3224,7.03,2026-09-22 06:53:48.038951
6449,3225,5.69,2026-09-20 09:53:48.038951
6450,3225,5.28,2026-09-23 06:53:48.038951
6451,3226,7.5,2026-09-15 09:53:48.038951
6452,3226,3.07,2026-09-23 06:53:48.038951
6453,3227,2.51,2026-09-13 09:53:48.038951
6454,3227,2.31,2026-09-24 06:53:48.038951
6455,3228,8.21,2026-09-15 09:53:48.038951
6456,3228,4.55,2026-09-27 06:53:48.038951
6457,3229,3.15,2026-09-24 09:53:48.038951
6458,3229,8.02,2026-09-19 06:53:48.038951
6459,3230,4.97,2026-09-20 09:53:48.038951
6460,3230,3.03,2026-09-24 06:53:48.038951
6461,3231,4.67,2026-09-26 09:53:48.038951
6462,3231,5.57,2026-09-17 06:53:48.038951
6463,3232,4.37,2026-09-19 09:53:48.038951
6464,3232,2.09,2026-09-22 06:53:48.038951
6465,3233,8.28,2026-09-23 09:53:48.038951
6466,3233,7.52,2026-09-13 06:53:48.038951
6467,3234,8.1,2026-09-24 09:53:48.038951
6468,3234,2.23,2026-09-26 06:53:48.038951
6469,3235,6.57,2026-09-23 09:53:48.038951
6470,3235,5.29,2026-09-26 06:53:48.038951
6471,3236,8.07,2026-09-16 09:53:48.038951
6472,3236,4.25,2026-09-21 06:53:48.038951
6473,3237,2.99,2026-09-22 09:53:48.038951
6474,3237,6.48,2026-09-23 06:53:48.038951
6475,3238,3.72,2026-09-20 09:53:48.038951
6476,3238,5.25,2026-09-25 06:53:48.038951
6477,3239,4.5,2026-09-27 09:53:48.038951
6478,3239,3.65,2026-09-21 06:53:48.038951
6479,3240,6.9,2026-09-25 09:53:48.038951
6480,3240,7.23,2026-09-25 06:53:48.038951
6481,3241,4.84,2026-09-13 09:53:48.038951
6482,3241,4.81,2026-09-27 06:53:48.038951
6483,3242,7.01,2026-09-13 09:53:48.038951
6484,3242,7.53,2026-09-13 06:53:48.038951
6485,3243,7.04,2026-09-13 09:53:48.038951
6486,3243,1.51,2026-09-16 06:53:48.038951
6487,3244,7.17,2026-09-17 09:53:48.038951
6488,3244,6.69,2026-09-24 06:53:48.038951
6489,3245,7.2,2026-09-27 09:53:48.038951
6490,3245,7.21,2026-09-23 06:53:48.038951
6491,3246,6.73,2026-09-24 09:53:48.038951
6492,3246,8.06,2026-09-19 06:53:48.038951
6493,3247,5.88,2026-09-24 09:53:48.038951
6494,3247,4.33,2026-09-21 06:53:48.038951
6495,3248,6.44,2026-09-20 09:53:48.038951
6496,3248,1.91,2026-09-14 06:53:48.038951
6497,3249,6.59,2026-09-22 09:53:48.038951
6498,3249,2.74,2026-09-18 06:53:48.038951
6499,3250,6.05,2026-09-16 09:53:48.038951
6500,3250,1.67,2026-09-24 06:53:48.038951
6501,3251,1.79,2026-09-16 09:53:48.038951
6502,3251,4.48,2026-09-25 06:53:48.038951
6503,3252,7.63,2026-09-16 09:53:48.038951
6504,3252,3.87,2026-09-17 06:53:48.038951
6505,3253,5.63,2026-09-18 09:53:48.038951
6506,3253,1.51,2026-09-27 06:53:48.038951
6507,3254,2.27,2026-09-20 09:53:48.038951
6508,3254,3.47,2026-09-19 06:53:48.038951
6509,3255,1.86,2026-09-13 09:53:48.038951
6510,3255,5.79,2026-09-25 06:53:48.038951
6511,3256,1.85,2026-09-19 09:53:48.038951
6512,3256,6.91,2026-09-21 06:53:48.038951
6513,3257,1.27,2026-09-14 09:53:48.038951
6514,3257,1.56,2026-09-22 06:53:48.038951
6515,3258,6.27,2026-09-13 09:53:48.038951
6516,3258,4.53,2026-09-26 06:53:48.038951
6517,3259,7.49,2026-09-20 09:53:48.038951
6518,3259,4.54,2026-09-16 06:53:48.038951
6519,3260,8.39,2026-09-20 09:53:48.038951
6520,3260,1.93,2026-09-26 06:53:48.038951
6521,3261,4.3,2026-09-27 09:53:48.038951
6522,3261,7.22,2026-09-17 06:53:48.038951
6523,3262,3.76,2026-09-18 09:53:48.038951
6524,3262,4.27,2026-09-20 06:53:48.038951
6525,3263,1.67,2026-09-23 09:53:48.038951
6526,3263,2.91,2026-09-20 06:53:48.038951
6527,3264,2.36,2026-09-16 09:53:48.038951
6528,3264,6.94,2026-09-23 06:53:48.038951
6529,3265,4.57,2026-09-23 09:53:48.038951
6530,3265,4.97,2026-09-25 06:53:48.038951
6531,3266,4.92,2026-09-17 09:53:48.038951
6532,3266,5.32,2026-09-16 06:53:48.038951
6533,3267,7.84,2026-09-17 09:53:48.038951
6534,3267,1.28,2026-09-22 06:53:48.038951
6535,3268,4.41,2026-09-21 09:53:48.038951
6536,3268,2.73,2026-09-17 06:53:48.038951
6537,3269,8.13,2026-09-19 09:53:48.038951
6538,3269,2.03,2026-09-23 06:53:48.038951
6539,3270,7.37,2026-09-23 09:53:48.038951
6540,3270,5.04,2026-09-19 06:53:48.038951
6541,3271,1.5,2026-09-21 09:53:48.038951
6542,3271,4.82,2026-09-27 06:53:48.038951
6543,3272,5.04,2026-09-14 09:53:48.038951
6544,3272,3.76,2026-09-23 06:53:48.038951
6545,3273,2.49,2026-09-22 09:53:48.038951
6546,3273,2.12,2026-09-26 06:53:48.038951
6547,3274,4.4,2026-09-13 09:53:48.038951
6548,3274,5.52,2026-09-23 06:53:48.038951
6549,3275,1.97,2026-09-13 09:53:48.038951
6550,3275,8.43,2026-09-27 06:53:48.038951
6551,3276,2.76,2026-09-15 09:53:48.038951
6552,3276,6.55,2026-09-15 06:53:48.038951
6553,3277,6.81,2026-09-13 09:53:48.038951
6554,3277,5.33,2026-09-14 06:53:48.038951
6555,3278,5.05,2026-09-13 09:53:48.038951
6556,3278,3.33,2026-09-13 06:53:48.038951
6557,3279,4.15,2026-09-23 09:53:48.038951
6558,3279,6.45,2026-09-15 06:53:48.038951
6559,3280,4.58,2026-09-19 09:53:48.038951
6560,3280,3.44,2026-09-16 06:53:48.038951
6561,3281,5.23,2026-09-17 09:53:48.038951
6562,3281,2.82,2026-09-15 06:53:48.038951
6563,3282,6.64,2026-09-21 09:53:48.038951
6564,3282,3.86,2026-09-15 06:53:48.038951
6565,3283,6.27,2026-09-22 09:53:48.038951
6566,3283,7.21,2026-09-15 06:53:48.038951
6567,3284,1.68,2026-09-13 09:53:48.038951
6568,3284,3.1,2026-09-16 06:53:48.038951
6569,3285,5.37,2026-09-14 09:53:48.038951
6570,3285,5.88,2026-09-26 06:53:48.038951
6571,3286,3.07,2026-09-23 09:53:48.038951
6572,3286,5.08,2026-09-16 06:53:48.038951
6573,3287,4.85,2026-09-20 09:53:48.038951
6574,3287,8.28,2026-09-23 06:53:48.038951
6575,3288,6.39,2026-09-26 09:53:48.038951
6576,3288,3.83,2026-09-16 06:53:48.038951
6577,3289,6.2,2026-09-21 09:53:48.038951
6578,3289,8.17,2026-09-23 06:53:48.038951
6579,3290,3.57,2026-09-26 09:53:48.038951
6580,3290,1.14,2026-09-27 06:53:48.038951
6581,3291,6.25,2026-09-24 09:53:48.038951
6582,3291,7.82,2026-09-24 06:53:48.038951
6583,3292,3.25,2026-09-15 09:53:48.038951
6584,3292,5.58,2026-09-14 06:53:48.038951
6585,3293,3.41,2026-09-22 09:53:48.038951
6586,3293,2.89,2026-09-22 06:53:48.038951
6587,3294,3.33,2026-09-23 09:53:48.038951
6588,3294,3.8,2026-09-24 06:53:48.038951
6589,3295,6.64,2026-09-19 09:53:48.038951
6590,3295,7.08,2026-09-13 06:53:48.038951
6591,3296,3.11,2026-09-18 09:53:48.038951
6592,3296,3.97,2026-09-21 06:53:48.038951
6593,3297,2.7,2026-09-15 09:53:48.038951
6594,3297,3.41,2026-09-23 06:53:48.038951
6595,3298,7.51,2026-09-25 09:53:48.038951
6596,3298,4.97,2026-09-20 06:53:48.038951
6597,3299,1.28,2026-09-27 09:53:48.038951
6598,3299,1.75,2026-09-25 06:53:48.038951
6599,3300,2.51,2026-09-17 09:53:48.038951
6600,3300,7.66,2026-09-22 06:53:48.038951
6601,3301,5.13,2026-09-27 09:53:48.038951
6602,3301,3.9,2026-09-25 06:53:48.038951
6603,3302,8.07,2026-09-27 09:53:48.038951
6604,3302,2.26,2026-09-13 06:53:48.038951
6605,3303,1.65,2026-09-20 09:53:48.038951
6606,3303,3.31,2026-09-19 06:53:48.038951
6607,3304,5.9,2026-09-16 09:53:48.038951
6608,3304,2.65,2026-09-15 06:53:48.038951
6609,3305,7.44,2026-09-16 09:53:48.038951
6610,3305,7.51,2026-09-14 06:53:48.038951
6611,3306,8.4,2026-09-14 09:53:48.038951
6612,3306,4.71,2026-09-25 06:53:48.038951
6613,3307,4.85,2026-09-17 09:53:48.038951
6614,3307,6.36,2026-09-24 06:53:48.038951
6615,3308,7.09,2026-09-17 09:53:48.038951
6616,3308,5.99,2026-09-16 06:53:48.038951
6617,3309,7.26,2026-09-20 09:53:48.038951
6618,3309,7.58,2026-09-26 06:53:48.038951
6619,3310,7.9,2026-09-25 09:53:48.038951
6620,3310,3.71,2026-09-16 06:53:48.038951
6621,3311,6.76,2026-09-26 09:53:48.038951
6622,3311,1.24,2026-09-25 06:53:48.038951
6623,3312,2.54,2026-09-14 09:53:48.038951
6624,3312,3.72,2026-09-15 06:53:48.038951
6625,3313,2.51,2026-09-24 09:53:48.038951
6626,3313,5.84,2026-09-20 06:53:48.038951
6627,3314,1.64,2026-09-26 09:53:48.038951
6628,3314,5.62,2026-09-26 06:53:48.038951
6629,3315,3.75,2026-09-24 09:53:48.038951
6630,3315,2.06,2026-09-25 06:53:48.038951
6631,3316,8.21,2026-09-27 09:53:48.038951
6632,3316,7.62,2026-09-25 06:53:48.038951
6633,3317,2.14,2026-09-19 09:53:48.038951
6634,3317,4.93,2026-09-13 06:53:48.038951
6635,3318,3.62,2026-09-18 09:53:48.038951
6636,3318,3.71,2026-09-13 06:53:48.038951
6637,3319,3.6,2026-09-13 09:53:48.038951
6638,3319,6.97,2026-09-20 06:53:48.038951
6639,3320,1.15,2026-09-20 09:53:48.038951
6640,3320,8.5,2026-09-14 06:53:48.038951
6641,3321,7.85,2026-09-21 09:53:48.038951
6642,3321,1.47,2026-09-15 06:53:48.038951
6643,3322,2.21,2026-09-27 09:53:48.038951
6644,3322,2.39,2026-09-21 06:53:48.038951
6645,3323,8.2,2026-09-25 09:53:48.038951
6646,3323,2.83,2026-09-17 06:53:48.038951
6647,3324,6.2,2026-09-26 09:53:48.038951
6648,3324,3.06,2026-09-22 06:53:48.038951
6649,3325,8.41,2026-09-22 09:53:48.038951
6650,3325,1.44,2026-09-14 06:53:48.038951
6651,3326,2.1,2026-09-24 09:53:48.038951
6652,3326,3.99,2026-09-26 06:53:48.038951
6653,3327,7.45,2026-09-14 09:53:48.038951
6654,3327,3.48,2026-09-16 06:53:48.038951
6655,3328,8.05,2026-09-27 09:53:48.038951
6656,3328,7.83,2026-09-21 06:53:48.038951
6657,3329,5.51,2026-09-14 09:53:48.038951
6658,3329,7.59,2026-09-22 06:53:48.038951
6659,3330,1.76,2026-09-22 09:53:48.038951
6660,3330,4.03,2026-09-24 06:53:48.038951
6661,3331,4.97,2026-09-24 09:53:48.038951
6662,3331,7.36,2026-09-18 06:53:48.038951
6663,3332,3.73,2026-09-17 09:53:48.038951
6664,3332,2.43,2026-09-19 06:53:48.038951
6665,3333,4.62,2026-09-16 09:53:48.038951
6666,3333,3.49,2026-09-17 06:53:48.038951
6667,3334,1.4,2026-09-22 09:53:48.038951
6668,3334,1.26,2026-09-15 06:53:48.038951
6669,3335,4.71,2026-09-26 09:53:48.038951
6670,3335,7.66,2026-09-16 06:53:48.038951
6671,3336,8.32,2026-09-15 09:53:48.038951
6672,3336,8.19,2026-09-13 06:53:48.038951
6673,3337,7.76,2026-09-27 09:53:48.038951
6674,3337,3.45,2026-09-14 06:53:48.038951
6675,3338,7.92,2026-09-21 09:53:48.038951
6676,3338,1.57,2026-09-17 06:53:48.038951
6677,3339,5.83,2026-09-16 09:53:48.038951
6678,3339,3.39,2026-09-17 06:53:48.038951
6679,3340,7.45,2026-09-22 09:53:48.038951
6680,3340,7.27,2026-09-22 06:53:48.038951
6681,3341,6.44,2026-09-19 09:53:48.038951
6682,3341,1.47,2026-09-24 06:53:48.038951
6683,3342,4.01,2026-09-15 09:53:48.038951
6684,3342,3.01,2026-09-27 06:53:48.038951
6685,3343,1.64,2026-09-27 09:53:48.038951
6686,3343,7.51,2026-09-14 06:53:48.038951
6687,3344,2.22,2026-09-21 09:53:48.038951
6688,3344,1.5,2026-09-17 06:53:48.038951
6689,3345,4.97,2026-09-15 09:53:48.038951
6690,3345,3.26,2026-09-25 06:53:48.038951
6691,3346,5.0,2026-09-19 09:53:48.038951
6692,3346,7.42,2026-09-14 06:53:48.038951
6693,3347,1.47,2026-09-17 09:53:48.038951
6694,3347,1.64,2026-09-13 06:53:48.038951
6695,3348,6.94,2026-09-17 09:53:48.038951
6696,3348,5.67,2026-09-14 06:53:48.038951
6697,3349,8.36,2026-09-27 09:53:48.038951
6698,3349,4.19,2026-09-24 06:53:48.038951
6699,3350,7.29,2026-09-14 09:53:48.038951
6700,3350,7.93,2026-09-13 06:53:48.038951
6701,3351,7.26,2026-09-18 09:53:48.038951
6702,3351,8.27,2026-09-23 06:53:48.038951
6703,3352,7.11,2026-09-15 09:53:48.038951
6704,3352,7.58,2026-09-20 06:53:48.038951
6705,3353,8.4,2026-09-17 09:53:48.038951
6706,3353,7.64,2026-09-24 06:53:48.038951
6707,3354,7.94,2026-09-19 09:53:48.038951
6708,3354,2.16,2026-09-21 06:53:48.038951
6709,3355,6.74,2026-09-24 09:53:48.038951
6710,3355,2.69,2026-09-21 06:53:48.038951
6711,3356,6.43,2026-09-19 09:53:48.038951
6712,3356,6.04,2026-09-14 06:53:48.038951
6713,3357,2.4,2026-09-15 09:53:48.038951
6714,3357,2.72,2026-09-21 06:53:48.038951
6715,3358,7.41,2026-09-17 09:53:48.038951
6716,3358,4.95,2026-09-27 06:53:48.038951
6717,3359,6.94,2026-09-21 09:53:48.038951
6718,3359,3.33,2026-09-13 06:53:48.038951
6719,3360,6.37,2026-09-21 09:53:48.038951
6720,3360,5.94,2026-09-21 06:53:48.038951
6721,3361,3.94,2026-09-25 09:53:48.038951
6722,3361,3.99,2026-09-23 06:53:48.038951
6723,3362,8.12,2026-09-21 09:53:48.038951
6724,3362,3.92,2026-09-20 06:53:48.038951
6725,3363,8.4,2026-09-19 09:53:48.038951
6726,3363,3.88,2026-09-23 06:53:48.038951
6727,3364,6.37,2026-09-13 09:53:48.038951
6728,3364,2.28,2026-09-26 06:53:48.038951
6729,3365,1.87,2026-09-21 09:53:48.038951
6730,3365,7.22,2026-09-15 06:53:48.038951
6731,3366,7.07,2026-09-25 09:53:48.038951
6732,3366,5.75,2026-09-24 06:53:48.038951
6733,3367,8.38,2026-09-16 09:53:48.038951
6734,3367,6.17,2026-09-17 06:53:48.038951
6735,3368,4.89,2026-09-22 09:53:48.038951
6736,3368,7.58,2026-09-22 06:53:48.038951
6737,3369,7.2,2026-09-20 09:53:48.038951
6738,3369,5.35,2026-09-26 06:53:48.038951
6739,3370,1.56,2026-09-22 09:53:48.038951
6740,3370,5.08,2026-09-14 06:53:48.038951
6741,3371,5.39,2026-09-25 09:53:48.038951
6742,3371,5.98,2026-09-21 06:53:48.038951
6743,3372,4.79,2026-09-19 09:53:48.038951
6744,3372,4.22,2026-09-16 06:53:48.038951
6745,3373,7.72,2026-09-20 09:53:48.038951
6746,3373,6.24,2026-09-25 06:53:48.038951
6747,3374,6.85,2026-09-26 09:53:48.038951
6748,3374,3.46,2026-09-17 06:53:48.038951
6749,3375,8.03,2026-09-22 09:53:48.038951
6750,3375,2.55,2026-09-17 06:53:48.038951
6751,3376,2.36,2026-09-26 09:53:48.038951
6752,3376,5.87,2026-09-20 06:53:48.038951
6753,3377,2.72,2026-09-24 09:53:48.038951
6754,3377,2.94,2026-09-17 06:53:48.038951
6755,3378,7.68,2026-09-27 09:53:48.038951
6756,3378,4.23,2026-09-16 06:53:48.038951
6757,3379,4.42,2026-09-18 09:53:48.038951
6758,3379,4.94,2026-09-15 06:53:48.038951
6759,3380,5.01,2026-09-15 09:53:48.038951
6760,3380,7.0,2026-09-27 06:53:48.038951
6761,3381,3.69,2026-09-19 09:53:48.038951
6762,3381,3.86,2026-09-25 06:53:48.038951
6763,3382,6.13,2026-09-24 09:53:48.038951
6764,3382,1.37,2026-09-21 06:53:48.038951
6765,3383,2.01,2026-09-21 09:53:48.038951
6766,3383,5.92,2026-09-22 06:53:48.038951
6767,3384,1.57,2026-09-25 09:53:48.038951
6768,3384,3.79,2026-09-14 06:53:48.038951
6769,3385,1.8,2026-09-24 09:53:48.038951
6770,3385,3.83,2026-09-14 06:53:48.038951
6771,3386,2.25,2026-09-21 09:53:48.038951
6772,3386,4.01,2026-09-15 06:53:48.038951
6773,3387,5.18,2026-09-15 09:53:48.038951
6774,3387,8.05,2026-09-26 06:53:48.038951
6775,3388,4.42,2026-09-17 09:53:48.038951
6776,3388,1.23,2026-09-24 06:53:48.038951
6777,3389,6.68,2026-09-23 09:53:48.038951
6778,3389,3.38,2026-09-22 06:53:48.038951
6779,3390,1.98,2026-09-14 09:53:48.038951
6780,3390,2.33,2026-09-27 06:53:48.038951
6781,3391,6.57,2026-09-22 09:53:48.038951
6782,3391,5.73,2026-09-15 06:53:48.038951
6783,3392,2.68,2026-09-24 09:53:48.038951
6784,3392,1.26,2026-09-22 06:53:48.038951
6785,3393,7.58,2026-09-26 09:53:48.038951
6786,3393,4.91,2026-09-15 06:53:48.038951
6787,3394,1.21,2026-09-25 09:53:48.038951
6788,3394,1.87,2026-09-25 06:53:48.038951
6789,3395,8.46,2026-09-22 09:53:48.038951
6790,3395,1.12,2026-09-22 06:53:48.038951
6791,3396,3.13,2026-09-20 09:53:48.038951
6792,3396,7.75,2026-09-16 06:53:48.038951
6793,3397,6.58,2026-09-21 09:53:48.038951
6794,3397,5.46,2026-09-17 06:53:48.038951
6795,3398,4.43,2026-09-25 09:53:48.038951
6796,3398,8.45,2026-09-26 06:53:48.038951
6797,3399,1.33,2026-09-22 09:53:48.038951
6798,3399,6.28,2026-09-18 06:53:48.038951
6799,3400,7.15,2026-09-22 09:53:48.038951
6800,3400,3.12,2026-09-14 06:53:48.038951
6801,3401,1.4,2026-09-14 09:53:48.038951
6802,3401,5.76,2026-09-24 06:53:48.038951
6803,3402,1.56,2026-09-26 09:53:48.038951
6804,3402,5.25,2026-09-19 06:53:48.038951
6805,3403,2.08,2026-09-22 09:53:48.038951
6806,3403,5.18,2026-09-24 06:53:48.038951
6807,3404,3.08,2026-09-13 09:53:48.038951
6808,3404,4.45,2026-09-19 06:53:48.038951
6809,3405,7.27,2026-09-21 09:53:48.038951
6810,3405,4.85,2026-09-20 06:53:48.038951
6811,3406,6.69,2026-09-23 09:53:48.038951
6812,3406,7.02,2026-09-18 06:53:48.038951
6813,3407,4.84,2026-09-16 09:53:48.038951
6814,3407,2.84,2026-09-13 06:53:48.038951
6815,3408,6.26,2026-09-19 09:53:48.038951
6816,3408,4.84,2026-09-17 06:53:48.038951
6817,3409,3.12,2026-09-19 09:53:48.038951
6818,3409,1.43,2026-09-17 06:53:48.038951
6819,3410,4.89,2026-09-22 09:53:48.038951
6820,3410,1.91,2026-09-25 06:53:48.038951
6821,3411,3.11,2026-09-13 09:53:48.038951
6822,3411,4.53,2026-09-23 06:53:48.038951
6823,3412,8.05,2026-09-15 09:53:48.038951
6824,3412,8.1,2026-09-18 06:53:48.038951
6825,3413,7.0,2026-09-20 09:53:48.038951
6826,3413,7.36,2026-09-16 06:53:48.038951
6827,3414,3.65,2026-09-17 09:53:48.038951
6828,3414,2.29,2026-09-13 06:53:48.038951
6829,3415,8.0,2026-09-27 09:53:48.038951
6830,3415,2.19,2026-09-13 06:53:48.038951
6831,3416,1.27,2026-09-20 09:53:48.038951
6832,3416,7.02,2026-09-16 06:53:48.038951
6833,3417,5.81,2026-09-22 09:53:48.038951
6834,3417,1.74,2026-09-27 06:53:48.038951
6835,3418,7.23,2026-09-25 09:53:48.038951
6836,3418,2.73,2026-09-20 06:53:48.038951
6837,3419,5.92,2026-09-17 09:53:48.038951
6838,3419,6.46,2026-09-23 06:53:48.038951
6839,3420,4.24,2026-09-26 09:53:48.038951
6840,3420,6.08,2026-09-19 06:53:48.038951
6841,3421,2.44,2026-09-15 09:53:48.038951
6842,3421,6.8,2026-09-15 06:53:48.038951
6843,3422,6.64,2026-09-16 09:53:48.038951
6844,3422,7.95,2026-09-25 06:53:48.038951
6845,3423,3.52,2026-09-13 09:53:48.038951
6846,3423,6.6,2026-09-22 06:53:48.038951
6847,3424,5.51,2026-09-18 09:53:48.038951
6848,3424,5.39,2026-09-13 06:53:48.038951
6849,3425,5.37,2026-09-27 09:53:48.038951
6850,3425,7.47,2026-09-18 06:53:48.038951
6851,3426,5.43,2026-09-24 09:53:48.038951
6852,3426,4.05,2026-09-16 06:53:48.038951
6853,3427,6.24,2026-09-19 09:53:48.038951
6854,3427,5.93,2026-09-16 06:53:48.038951
6855,3428,2.92,2026-09-18 09:53:48.038951
6856,3428,5.14,2026-09-19 06:53:48.038951
6857,3429,5.5,2026-09-14 09:53:48.038951
6858,3429,8.12,2026-09-26 06:53:48.038951
6859,3430,2.62,2026-09-13 09:53:48.038951
6860,3430,2.04,2026-09-13 06:53:48.038951
6861,3431,6.55,2026-09-13 09:53:48.038951
6862,3431,5.19,2026-09-20 06:53:48.038951
6863,3432,3.22,2026-09-16 09:53:48.038951
6864,3432,3.17,2026-09-26 06:53:48.038951
6865,3433,6.48,2026-09-20 09:53:48.038951
6866,3433,4.66,2026-09-14 06:53:48.038951
6867,3434,3.78,2026-09-17 09:53:48.038951
6868,3434,1.78,2026-09-23 06:53:48.038951
6869,3435,4.15,2026-09-19 09:53:48.038951
6870,3435,2.52,2026-09-14 06:53:48.038951
6871,3436,5.8,2026-09-23 09:53:48.038951
6872,3436,4.7,2026-09-24 06:53:48.038951
6873,3437,4.61,2026-09-14 09:53:48.038951
6874,3437,4.15,2026-09-27 06:53:48.038951
6875,3438,4.85,2026-09-23 09:53:48.038951
6876,3438,6.26,2026-09-19 06:53:48.038951
6877,3439,4.14,2026-09-18 09:53:48.038951
6878,3439,1.12,2026-09-26 06:53:48.038951
6879,3440,1.16,2026-09-19 09:53:48.038951
6880,3440,2.58,2026-09-24 06:53:48.038951
6881,3441,2.79,2026-09-15 09:53:48.038951
6882,3441,5.67,2026-09-24 06:53:48.038951
6883,3442,2.28,2026-09-23 09:53:48.038951
6884,3442,2.9,2026-09-25 06:53:48.038951
6885,3443,6.44,2026-09-25 09:53:48.038951
6886,3443,3.36,2026-09-25 06:53:48.038951
6887,3444,7.99,2026-09-24 09:53:48.038951
6888,3444,8.38,2026-09-24 06:53:48.038951
6889,3445,5.16,2026-09-15 09:53:48.038951
6890,3445,8.02,2026-09-24 06:53:48.038951
6891,3446,5.59,2026-09-20 09:53:48.038951
6892,3446,1.72,2026-09-17 06:53:48.038951
6893,3447,4.49,2026-09-18 09:53:48.038951
6894,3447,2.96,2026-09-18 06:53:48.038951
6895,3448,3.31,2026-09-27 09:53:48.038951
6896,3448,4.49,2026-09-16 06:53:48.038951
6897,3449,2.25,2026-09-13 09:53:48.038951
6898,3449,6.95,2026-09-22 06:53:48.038951
6899,3450,4.71,2026-09-24 09:53:48.038951
6900,3450,8.21,2026-09-20 06:53:48.038951
6901,3451,2.18,2026-09-23 09:53:48.038951
6902,3451,6.23,2026-09-13 06:53:48.038951
6903,3452,4.72,2026-09-26 09:53:48.038951
6904,3452,3.2,2026-09-27 06:53:48.038951
6905,3453,6.42,2026-09-20 09:53:48.038951
6906,3453,2.6,2026-09-15 06:53:48.038951
6907,3454,7.31,2026-09-24 09:53:48.038951
6908,3454,6.89,2026-09-22 06:53:48.038951
6909,3455,1.56,2026-09-24 09:53:48.038951
6910,3455,5.59,2026-09-23 06:53:48.038951
6911,3456,5.81,2026-09-25 09:53:48.038951
6912,3456,1.77,2026-09-23 06:53:48.038951
6913,3457,2.37,2026-09-13 09:53:48.038951
6914,3457,8.33,2026-09-27 06:53:48.038951
6915,3458,4.69,2026-09-19 09:53:48.038951
6916,3458,7.87,2026-09-23 06:53:48.038951
6917,3459,1.4,2026-09-15 09:53:48.038951
6918,3459,1.58,2026-09-19 06:53:48.038951
6919,3460,6.91,2026-09-25 09:53:48.038951
6920,3460,3.66,2026-09-22 06:53:48.038951
6921,3461,6.07,2026-09-22 09:53:48.038951
6922,3461,3.94,2026-09-21 06:53:48.038951
6923,3462,2.8,2026-09-22 09:53:48.038951
6924,3462,3.61,2026-09-27 06:53:48.038951
6925,3463,5.86,2026-09-15 09:53:48.038951
6926,3463,1.15,2026-09-16 06:53:48.038951
6927,3464,6.31,2026-09-24 09:53:48.038951
6928,3464,2.09,2026-09-19 06:53:48.038951
6929,3465,5.61,2026-09-26 09:53:48.038951
6930,3465,1.57,2026-09-21 06:53:48.038951
6931,3466,7.36,2026-09-16 09:53:48.038951
6932,3466,8.48,2026-09-15 06:53:48.038951
6933,3467,4.82,2026-09-20 09:53:48.038951
6934,3467,1.96,2026-09-22 06:53:48.038951
6935,3468,1.55,2026-09-19 09:53:48.038951
6936,3468,8.23,2026-09-22 06:53:48.038951
6937,3469,4.43,2026-09-20 09:53:48.038951
6938,3469,1.28,2026-09-20 06:53:48.038951
6939,3470,4.34,2026-09-13 09:53:48.038951
6940,3470,1.23,2026-09-21 06:53:48.038951
6941,3471,6.38,2026-09-27 09:53:48.038951
6942,3471,4.91,2026-09-21 06:53:48.038951
6943,3472,6.04,2026-09-26 09:53:48.038951
6944,3472,7.24,2026-09-26 06:53:48.038951
6945,3473,5.05,2026-09-14 09:53:48.038951
6946,3473,8.43,2026-09-18 06:53:48.038951
6947,3474,4.46,2026-09-14 09:53:48.038951
6948,3474,3.65,2026-09-26 06:53:48.038951
6949,3475,8.27,2026-09-27 09:53:48.038951
6950,3475,8.45,2026-09-20 06:53:48.038951
6951,3476,5.34,2026-09-20 09:53:48.038951
6952,3476,4.65,2026-09-26 06:53:48.038951
6953,3477,6.48,2026-09-22 09:53:48.038951
6954,3477,1.75,2026-09-17 06:53:48.038951
6955,3478,4.39,2026-09-19 09:53:48.038951
6956,3478,6.6,2026-09-22 06:53:48.038951
6957,3479,1.22,2026-09-17 09:53:48.038951
6958,3479,6.3,2026-09-14 06:53:48.038951
6959,3480,2.96,2026-09-16 09:53:48.038951
6960,3480,7.21,2026-09-13 06:53:48.038951
6961,3481,6.26,2026-09-19 09:53:48.038951
6962,3481,6.71,2026-09-23 06:53:48.038951
6963,3482,7.15,2026-09-25 09:53:48.038951
6964,3482,2.54,2026-09-14 06:53:48.038951
6965,3483,8.37,2026-09-25 09:53:48.038951
6966,3483,2.43,2026-09-26 06:53:48.038951
6967,3484,7.52,2026-09-15 09:53:48.038951
6968,3484,2.11,2026-09-21 06:53:48.038951
6969,3485,2.57,2026-09-19 09:53:48.038951
6970,3485,6.29,2026-09-13 06:53:48.038951
6971,3486,7.33,2026-09-21 09:53:48.038951
6972,3486,7.64,2026-09-16 06:53:48.038951
6973,3487,5.5,2026-09-18 09:53:48.038951
6974,3487,7.46,2026-09-14 06:53:48.038951
6975,3488,4.96,2026-09-21 09:53:48.038951
6976,3488,4.8,2026-09-20 06:53:48.038951
6977,3489,6.62,2026-09-18 09:53:48.038951
6978,3489,5.76,2026-09-13 06:53:48.038951
6979,3490,2.38,2026-09-15 09:53:48.038951
6980,3490,5.38,2026-09-21 06:53:48.038951
6981,3491,2.98,2026-09-18 09:53:48.038951
6982,3491,2.75,2026-09-13 06:53:48.038951
6983,3492,2.66,2026-09-13 09:53:48.038951
6984,3492,3.46,2026-09-25 06:53:48.038951
6985,3493,1.54,2026-09-16 09:53:48.038951
6986,3493,6.36,2026-09-21 06:53:48.038951
6987,3494,7.87,2026-09-27 09:53:48.038951
6988,3494,5.75,2026-09-21 06:53:48.038951
6989,3495,7.64,2026-09-24 09:53:48.038951
6990,3495,5.02,2026-09-21 06:53:48.038951
6991,3496,4.76,2026-09-18 09:53:48.038951
6992,3496,4.55,2026-09-23 06:53:48.038951
6993,3497,7.43,2026-09-20 09:53:48.038951
6994,3497,1.75,2026-09-14 06:53:48.038951
6995,3498,1.51,2026-09-15 09:53:48.038951
6996,3498,2.53,2026-09-19 06:53:48.038951
6997,3499,1.72,2026-09-18 09:53:48.038951
6998,3499,5.66,2026-09-15 06:53:48.038951
6999,3500,6.41,2026-09-15 09:53:48.038951
7000,3500,5.86,2026-09-27 06:53:48.038951
7001,3501,1.6,2026-09-22 09:53:48.038951
7002,3501,1.27,2026-09-15 06:53:48.038951
7003,3502,5.65,2026-09-14 09:53:48.038951
7004,3502,1.15,2026-09-24 06:53:48.038951
7005,3503,6.65,2026-09-19 09:53:48.038951
7006,3503,4.79,2026-09-14 06:53:48.038951
7007,3504,5.3,2026-09-17 09:53:48.038951
7008,3504,7.92,2026-09-24 06:53:48.038951
7009,3505,6.99,2026-09-26 09:53:48.038951
7010,3505,6.46,2026-09-14 06:53:48.038951
7011,3506,2.81,2026-09-22 09:53:48.038951
7012,3506,5.41,2026-09-23 06:53:48.038951
7013,3507,5.65,2026-09-23 09:53:48.038951
7014,3507,4.33,2026-09-18 06:53:48.038951
7015,3508,2.05,2026-09-26 09:53:48.038951
7016,3508,1.69,2026-09-25 06:53:48.038951
7017,3509,6.18,2026-09-14 09:53:48.038951
7018,3509,2.45,2026-09-24 06:53:48.038951
7019,3510,8.16,2026-09-26 09:53:48.038951
7020,3510,1.32,2026-09-19 06:53:48.038951
7021,3511,1.63,2026-09-14 09:53:48.038951
7022,3511,1.1,2026-09-26 06:53:48.038951
7023,3512,5.47,2026-09-19 09:53:48.038951
7024,3512,2.5,2026-09-23 06:53:48.038951
7025,3513,8.14,2026-09-25 09:53:48.038951
7026,3513,4.34,2026-09-17 06:53:48.038951
7027,3514,4.65,2026-09-22 09:53:48.038951
7028,3514,6.96,2026-09-22 06:53:48.038951
7029,3515,1.63,2026-09-23 09:53:48.038951
7030,3515,1.91,2026-09-14 06:53:48.038951
7031,3516,5.25,2026-09-21 09:53:48.038951
7032,3516,1.15,2026-09-22 06:53:48.038951
7033,3517,4.35,2026-09-21 09:53:48.038951
7034,3517,3.88,2026-09-19 06:53:48.038951
7035,3518,5.09,2026-09-16 09:53:48.038951
7036,3518,2.39,2026-09-26 06:53:48.038951
7037,3519,8.3,2026-09-20 09:53:48.038951
7038,3519,5.26,2026-09-19 06:53:48.038951
7039,3520,1.32,2026-09-21 09:53:48.038951
7040,3520,6.15,2026-09-17 06:53:48.038951
7041,3521,3.15,2026-09-15 09:53:48.038951
7042,3521,2.91,2026-09-22 06:53:48.038951
7043,3522,3.28,2026-09-27 09:53:48.038951
7044,3522,5.58,2026-09-19 06:53:48.038951
7045,3523,6.8,2026-09-27 09:53:48.038951
7046,3523,3.04,2026-09-22 06:53:48.038951
7047,3524,6.69,2026-09-19 09:53:48.038951
7048,3524,4.84,2026-09-26 06:53:48.038951
7049,3525,1.96,2026-09-27 09:53:48.038951
7050,3525,6.31,2026-09-20 06:53:48.038951
7051,3526,1.9,2026-09-21 09:53:48.038951
7052,3526,4.87,2026-09-17 06:53:48.038951
7053,3527,3.52,2026-09-14 09:53:48.038951
7054,3527,2.62,2026-09-21 06:53:48.038951
7055,3528,1.33,2026-09-26 09:53:48.038951
7056,3528,1.62,2026-09-25 06:53:48.038951
7057,3529,4.34,2026-09-23 09:53:48.038951
7058,3529,6.83,2026-09-19 06:53:48.038951
7059,3530,1.35,2026-09-23 09:53:48.038951
7060,3530,7.49,2026-09-21 06:53:48.038951
7061,3531,5.32,2026-09-15 09:53:48.038951
7062,3531,2.77,2026-09-15 06:53:48.038951
7063,3532,7.63,2026-09-16 09:53:48.038951
7064,3532,1.87,2026-09-20 06:53:48.038951
7065,3533,7.74,2026-09-27 09:53:48.038951
7066,3533,4.44,2026-09-13 06:53:48.038951
7067,3534,2.9,2026-09-15 09:53:48.038951
7068,3534,6.81,2026-09-19 06:53:48.038951
7069,3535,2.28,2026-09-27 09:53:48.038951
7070,3535,1.2,2026-09-16 06:53:48.038951
7071,3536,2.95,2026-09-16 09:53:48.038951
7072,3536,7.69,2026-09-17 06:53:48.038951
7073,3537,6.24,2026-09-18 09:53:48.038951
7074,3537,8.25,2026-09-14 06:53:48.038951
7075,3538,5.09,2026-09-22 09:53:48.038951
7076,3538,6.03,2026-09-14 06:53:48.038951
7077,3539,8.36,2026-09-25 09:53:48.038951
7078,3539,8.03,2026-09-16 06:53:48.038951
7079,3540,7.92,2026-09-24 09:53:48.038951
7080,3540,3.34,2026-09-23 06:53:48.038951
7081,3541,4.67,2026-09-21 09:53:48.038951
7082,3541,2.12,2026-09-20 06:53:48.038951
7083,3542,1.12,2026-09-24 09:53:48.038951
7084,3542,5.05,2026-09-18 06:53:48.038951
7085,3543,7.55,2026-09-14 09:53:48.038951
7086,3543,7.74,2026-09-24 06:53:48.038951
7087,3544,7.64,2026-09-26 09:53:48.038951
7088,3544,3.04,2026-09-23 06:53:48.038951
7089,3545,6.85,2026-09-21 09:53:48.038951
7090,3545,8.33,2026-09-16 06:53:48.038951
7091,3546,2.46,2026-09-13 09:53:48.038951
7092,3546,1.2,2026-09-17 06:53:48.038951
7093,3547,7.57,2026-09-23 09:53:48.038951
7094,3547,1.13,2026-09-27 06:53:48.038951
7095,1709,8.17,2026-09-25 23:32:48.038951
7096,3505,3.81,2026-09-20 13:07:48.038951
7097,2581,7.74,2026-09-13 11:12:48.038951
7098,2692,2.86,2026-09-24 12:04:48.038951
7099,2359,2.16,2026-09-18 13:04:48.038951
7100,1762,6.63,2026-09-14 11:11:48.038951
7101,2296,5.29,2026-09-13 16:04:48.038951
7102,3486,3.36,2026-09-16 02:53:48.038951
7103,2836,8.29,2026-09-21 03:10:48.038951
7104,1648,4.77,2026-09-17 01:57:48.038951
7105,2080,7.34,2026-09-21 01:28:48.038951
7106,1282,7.02,2026-09-21 20:20:48.038951
7107,3216,2.72,2026-09-18 07:25:48.038951
7108,1658,6.73,2026-09-19 08:20:48.038951
7109,364,6.0,2026-09-14 13:57:48.038951
7110,162,6.46,2026-09-19 23:18:48.038951
7111,2754,6.65,2026-09-21 00:39:48.038951
7112,933,4.26,2026-09-13 01:35:48.038951
7113,568,6.7,2026-09-19 12:57:48.038951
7114,142,7.95,2026-09-12 04:04:48.038951
7115,2703,2.45,2026-09-24 12:41:48.038951
7116,2091,6.78,2026-09-16 07:25:48.038951
7117,825,3.0,2026-09-17 07:15:48.038951
7118,43,7.64,2026-09-19 06:43:48.038951
7119,1403,4.62,2026-09-18 22:38:48.038951
7120,2563,4.18,2026-09-18 21:48:48.038951
7121,2415,4.69,2026-09-18 07:23:48.038951
7122,2777,6.17,2026-09-11 19:02:48.038951
7123,532,7.26,2026-09-13 15:52:48.038951
7124,791,2.92,2026-09-25 11:15:48.038951
7125,2959,2.19,2026-09-25 05:40:48.038951
7126,1525,5.45,2026-09-19 06:11:48.038951
7127,1462,7.55,2026-09-17 01:06:48.038951
7128,968,5.39,2026-09-20 22:59:48.038951
7129,3425,3.98,2026-09-14 11:57:48.038951
7130,1209,4.62,2026-09-14 20:38:48.038951
7131,480,7.82,2026-09-20 14:15:48.038951
7132,2808,4.2,2026-09-13 21:33:48.038951
7133,2251,5.37,2026-09-22 23:57:48.038951
7134,914,5.12,2026-09-11 13:03:48.038951
7135,2998,2.89,2026-09-21 06:02:48.038951
7136,1527,5.17,2026-09-22 19:48:48.038951
7137,2856,2.88,2026-09-18 03:02:48.038951
7138,2826,2.67,2026-09-19 17:55:48.038951
7139,1003,5.4,2026-09-18 10:29:48.038951
7140,689,1.61,2026-09-21 12:27:48.038951
7141,2173,3.32,2026-09-19 10:03:48.038951
7142,30,2.35,2026-09-13 08:14:48.038951
7143,1943,7.74,2026-09-16 17:31:48.038951
7144,694,7.72,2026-09-15 17:40:48.038951
7145,407,2.58,2026-09-19 18:15:48.038951
7146,2310,1.68,2026-09-11 04:35:48.038951
7147,1115,3.52,2026-09-26 14:29:48.038951
7148,665,4.07,2026-09-16 03:42:48.038951
7149,654,7.49,2026-09-13 11:19:48.038951
7150,318,6.7,2026-09-12 23:57:48.038951
7151,934,5.73,2026-09-17 07:46:48.038951
7152,1490,6.74,2026-09-18 00:44:48.038951
7153,1088,2.29,2026-09-19 02:10:48.038951
7154,1728,6.71,2026-09-23 04:48:48.038951
7155,2540,2.96,2026-09-25 06:47:48.038951
7156,2373,6.91,2026-09-14 12:01:48.038951
7157,1030,5.41,2026-09-12 13:59:48.038951
7158,1922,4.18,2026-09-13 08:07:48.038951
7159,1132,4.66,2026-09-15 03:55:48.038951
7160,557,1.4,2026-09-21 13:44:48.038951
7161,328,4.17,2026-09-22 17:26:48.038951
7162,2494,4.21,2026-09-23 02:44:48.038951
7163,2917,7.06,2026-09-15 04:46:48.038951
7164,1363,7.47,2026-09-27 01:50:48.038951
7165,3339,4.83,2026-09-21 18:11:48.038951
7166,167,4.14,2026-09-15 10:56:48.038951
7167,1945,6.25,2026-09-14 12:16:48.038951
7168,776,2.04,2026-09-12 16:18:48.038951
7169,2675,8.09,2026-09-12 23:24:48.038951
7170,600,2.93,2026-09-22 04:02:48.038951
7171,153,7.65,2026-09-15 19:37:48.038951
7172,3041,6.86,2026-09-11 16:15:48.038951
7173,327,3.39,2026-09-16 11:39:48.038951
7174,2789,3.0,2026-09-15 01:03:48.038951
7175,2195,7.24,2026-09-21 06:43:48.038951
7176,3130,2.96,2026-09-20 04:46:48.038951
7177,1116,2.5,2026-09-20 04:04:48.038951
7178,1066,4.2,2026-09-27 07:41:48.038951
7179,2481,1.77,2026-09-13 11:26:48.038951
7180,3276,3.09,2026-09-17 17:11:48.038951
7181,386,7.42,2026-09-13 08:20:48.038951
7182,3059,5.33,2026-09-19 06:00:48.038951
7183,792,7.39,2026-09-12 17:06:48.038951
7184,1174,1.92,2026-09-26 01:19:48.038951
7185,667,3.25,2026-09-19 19:02:48.038951
7186,364,2.31,2026-09-22 00:00:48.038951
7187,2541,8.06,2026-09-21 10:15:48.038951
7188,2353,5.92,2026-09-25 11:46:48.038951
7189,988,5.09,2026-09-12 22:30:48.038951
7190,220,2.96,2026-09-21 21:57:48.038951
7191,3058,2.99,2026-09-15 07:31:48.038951
7192,1491,6.37,2026-09-25 02:09:48.038951
7193,3107,7.11,2026-09-26 20:50:48.038951
7194,2142,3.48,2026-09-21 00:26:48.038951
7195,2663,3.88,2026-09-18 14:12:48.038951
7196,3382,7.7,2026-09-23 12:06:48.038951
7197,3145,5.94,2026-09-26 22:38:48.038951
7198,2603,2.29,2026-09-20 04:51:48.038951
7199,2703,4.78,2026-09-23 21:31:48.038951
7200,2783,7.99,2026-09-12 09:23:48.038951
7201,977,6.9,2026-09-15 00:25:48.038951
7202,1695,5.72,2026-09-21 03:07:48.038951
7203,2009,5.51,2026-09-14 02:38:48.038951
7204,2104,4.21,2026-09-25 18:29:48.038951
7205,3184,1.65,2026-09-16 07:34:48.038951
7206,2151,3.52,2026-09-13 21:38:48.038951
7207,3390,5.93,2026-09-21 11:20:48.038951
7208,3437,2.63,2026-09-25 06:20:48.038951
7209,2392,2.9,2026-09-25 11:22:48.038951
7210,1429,6.03,2026-09-14 02:56:48.038951
7211,1367,3.48,2026-09-14 14:34:48.038951
7212,1220,7.22,2026-09-12 02:19:48.038951
7213,187,5.03,2026-09-22 05:12:48.038951
7214,3365,2.18,2026-09-13 01:10:48.038951
7215,1483,2.28,2026-09-22 05:06:48.038951
7216,1429,3.53,2026-09-15 07:30:48.038951
7217,1733,4.17,2026-09-12 01:05:48.038951
7218,22,4.34,2026-09-24 00:32:48.038951
7219,132,2.09,2026-09-11 00:45:48.038951
7220,1749,5.02,2026-09-14 05:09:48.038951
7221,2315,5.27,2026-09-19 05:29:48.038951
7222,1782,5.92,2026-09-11 07:58:48.038951
7223,1188,3.03,2026-09-15 19:09:48.038951
7224,3326,3.6,2026-09-19 13:48:48.038951
7225,1341,6.21,2026-09-23 00:07:48.038951
7226,2909,8.1,2026-09-14 04:39:48.038951
7227,3440,4.5,2026-09-13 06:33:48.038951
7228,2232,2.22,2026-09-24 08:50:48.038951
7229,1289,3.56,2026-09-23 03:09:48.038951
7230,1071,7.7,2026-09-15 19:41:48.038951
7231,1021,1.36,2026-09-25 10:15:48.038951
7232,883,4.92,2026-09-19 04:47:48.038951
7233,311,4.4,2026-09-11 20:27:48.038951
7234,417,5.18,2026-09-24 18:57:48.038951
7235,102,2.93,2026-09-19 18:28:48.038951
7236,188,2.47,2026-09-16 20:47:48.038951
7237,3259,6.09,2026-09-10 23:03:48.038951
7238,2764,2.48,2026-09-21 03:19:48.038951
7239,3500,7.03,2026-09-20 01:56:48.038951
7240,2544,6.48,2026-09-18 06:05:48.038951
7241,562,3.39,2026-09-14 07:47:48.038951
7242,926,4.13,2026-09-21 05:01:48.038951
7243,519,5.93,2026-09-14 01:01:48.038951
7244,2175,1.63,2026-09-15 09:44:48.038951
7245,23,4.34,2026-09-21 10:20:48.038951
7246,1817,1.18,2026-09-20 02:14:48.038951
7247,2175,4.09,2026-09-23 09:08:48.038951
7248,2105,1.5,2026-09-11 16:55:48.038951
7249,875,7.88,2026-09-18 08:07:48.038951
7250,1764,5.22,2026-09-16 09:16:48.038951
7251,2904,3.35,2026-09-22 04:21:48.038951
7252,2184,2.96,2026-09-14 20:51:48.038951
7253,810,3.15,2026-09-12 19:51:48.038951
7254,3132,7.08,2026-09-14 14:06:48.038951
7255,3077,7.15,2026-09-12 23:24:48.038951
7256,3311,2.77,2026-09-23 23:46:48.038951
7257,2709,6.16,2026-09-21 15:26:48.038951
7258,22,7.55,2026-09-25 07:57:48.038951
7259,3240,2.2,2026-09-22 21:48:48.038951
7260,3141,6.73,2026-09-21 20:18:48.038951
7261,1859,6.98,2026-09-25 05:57:48.038951
7262,3277,5.4,2026-09-16 03:30:48.038951
7263,1450,7.27,2026-09-11 06:42:48.038951
7264,3290,1.84,2026-09-20 03:24:48.038951
7265,1086,7.58,2026-09-19 18:28:48.038951
7266,2373,6.61,2026-09-14 00:54:48.038951
7267,2196,3.47,2026-09-16 06:58:48.038951
7268,2343,6.08,2026-09-21 01:12:48.038951
7269,1830,6.35,2026-09-13 02:08:48.038951
7270,34,5.84,2026-09-18 05:33:48.038951
7271,3284,7.6,2026-09-24 06:22:48.038951
7272,2343,6.12,2026-09-18 02:26:48.038951
7273,3079,5.68,2026-09-20 12:12:48.038951
7274,402,2.57,2026-09-23 09:52:48.038951
7275,1272,5.03,2026-09-12 16:41:48.038951
7276,1555,3.64,2026-09-13 22:59:48.038951
7277,1986,3.25,2026-09-14 09:15:48.038951
7278,1330,8.12,2026-09-21 04:08:48.038951
7279,1150,4.37,2026-09-21 13:07:48.038951
7280,690,1.73,2026-09-13 13:31:48.038951
7281,37,7.05,2026-09-12 09:00:48.038951
7282,2246,7.54,2026-09-22 11:12:48.038951
7283,685,1.88,2026-09-18 02:09:48.038951
7284,741,7.68,2026-09-22 04:29:48.038951
7285,1576,7.23,2026-09-19 06:14:48.038951
7286,46,6.99,2026-09-19 05:53:48.038951
7287,3119,3.53,2026-09-22 04:28:48.038951
7288,404,3.78,2026-09-25 03:40:48.038951
7289,70,1.75,2026-09-23 15:29:48.038951
7290,1347,3.5,2026-09-12 04:50:48.038951
7291,3234,4.6,2026-09-12 13:11:48.038951
7292,1769,5.46,2026-09-15 14:47:48.038951
7293,2057,5.67,2026-09-11 04:48:48.038951
7294,1918,1.62,2026-09-20 09:51:48.038951
7295,1302,3.06,2026-09-23 07:02:48.038951
7296,1085,3.27,2026-09-14 07:42:48.038951
7297,2328,6.11,2026-09-19 09:27:48.038951
7298,534,6.51,2026-09-26 04:51:48.038951
7299,779,4.25,2026-09-11 04:15:48.038951
7300,1132,7.29,2026-09-21 08:25:48.038951
7301,2105,1.23,2026-09-27 06:12:48.038951
7302,2430,5.16,2026-09-24 08:39:48.038951
7303,1608,5.68,2026-09-13 20:32:48.038951
7304,1274,6.16,2026-09-12 04:41:48.038951
7305,3133,2.56,2026-09-14 17:27:48.038951
7306,2418,8.09,2026-09-19 16:43:48.038951
7307,2979,3.65,2026-09-22 21:47:48.038951
7308,3454,5.13,2026-09-24 08:20:48.038951
7309,2551,7.87,2026-09-16 05:59:48.038951
7310,66,7.14,2026-09-11 10:37:48.038951
7311,3184,8.41,2026-09-14 01:50:48.038951
7312,3354,2.34,2026-09-19 01:51:48.038951
7313,570,1.46,2026-09-13 23:06:48.038951
7314,3214,4.37,2026-09-22 03:09:48.038951
7315,428,3.16,2026-09-13 17:14:48.038951
7316,1936,3.07,2026-09-23 02:37:48.038951
7317,37,1.78,2026-09-10 13:44:48.038951
7318,2458,7.09,2026-09-22 23:38:48.038951
7319,2814,7.26,2026-09-15 23:55:48.038951
7320,1239,4.97,2026-09-19 14:42:48.038951
7321,274,7.68,2026-09-21 23:58:48.038951
7322,206,4.85,2026-09-24 21:48:48.038951
7323,1438,1.8,2026-09-13 08:27:48.038951
7324,2725,4.43,2026-09-13 21:08:48.038951
7325,224,4.78,2026-09-20 07:21:48.038951
7326,2919,5.66,2026-09-13 02:07:48.038951
7327,528,2.08,2026-09-17 05:46:48.038951
7328,119,2.24,2026-09-17 06:08:48.038951
7329,1669,5.28,2026-09-20 19:42:48.038951
7330,2806,2.71,2026-09-19 15:08:48.038951
7331,3430,7.47,2026-09-23 00:00:48.038951
7332,790,3.16,2026-09-16 19:41:48.038951
7333,2764,3.59,2026-09-18 01:14:48.038951
7334,1887,5.5,2026-09-11 23:32:48.038951
7335,68,8.18,2026-09-23 21:15:48.038951
7336,515,5.83,2026-09-21 12:54:48.038951
7337,3431,6.86,2026-09-14 08:05:48.038951
7338,569,4.26,2026-09-11 18:53:48.038951
7339,1367,3.8,2026-09-21 22:57:48.038951
7340,1712,5.1,2026-09-22 02:44:48.038951
7341,2230,5.65,2026-09-26 01:37:48.038951
7342,3031,4.96,2026-09-15 06:02:48.038951
7343,474,2.84,2026-09-23 09:07:48.038951
7344,3434,1.45,2026-09-24 11:52:48.038951
7345,26,6.62,2026-09-20 06:29:48.038951
7346,1794,2.49,2026-09-22 07:35:48.038951
7347,1404,2.37,2026-09-21 18:17:48.038951
7348,448,5.85,2026-09-11 06:32:48.038951
7349,418,2.37,2026-09-15 04:23:48.038951
7350,1407,6.01,2026-09-17 12:06:48.038951
7351,3274,6.16,2026-09-18 10:30:48.038951
7352,1736,4.41,2026-09-12 05:47:48.038951
7353,1901,5.11,2026-09-10 21:51:48.038951
7354,1394,1.29,2026-09-16 10:16:48.038951
7355,3208,3.24,2026-09-21 21:28:48.038951
7356,1005,3.34,2026-09-17 19:46:48.038951
7357,1755,2.07,2026-09-14 09:53:48.038951
7358,2354,4.02,2026-09-11 02:55:48.038951
7359,58,7.91,2026-09-18 08:57:48.038951
7360,3513,7.31,2026-09-13 19:17:48.038951
7361,759,2.8,2026-09-21 10:09:48.038951
7362,667,3.5,2026-09-20 13:41:48.038951
7363,812,3.27,2026-09-10 18:26:48.038951
7364,3502,7.59,2026-09-17 22:54:48.038951
7365,2253,8.43,2026-09-13 12:08:48.038951
7366,2840,1.76,2026-09-20 09:17:48.038951
7367,2442,7.77,2026-09-18 23:15:48.038951
7368,59,1.91,2026-09-25 03:39:48.038951
7369,398,1.57,2026-09-21 04:34:48.038951
7370,1511,1.3,2026-09-14 09:55:48.038951
7371,2376,5.81,2026-09-18 09:33:48.038951
7372,2089,1.55,2026-09-14 21:14:48.038951
7373,878,1.21,2026-09-15 15:28:48.038951
7374,1815,2.3,2026-09-15 21:43:48.038951
7375,2356,8.05,2026-09-17 03:40:48.038951
7376,771,6.78,2026-09-15 01:30:48.038951
7377,2950,5.44,2026-09-19 10:57:48.038951
7378,3418,4.69,2026-09-17 02:42:48.038951
7379,3395,1.59,2026-09-15 04:55:48.038951
7380,3164,5.4,2026-09-26 09:12:48.038951
7381,985,1.89,2026-09-19 04:23:48.038951
7382,1358,1.66,2026-09-13 22:08:48.038951
7383,885,7.33,2026-09-16 12:00:48.038951
7384,3218,6.46,2026-09-26 07:06:48.038951
7385,1347,1.58,2026-09-19 07:53:48.038951
7386,1375,5.84,2026-09-15 17:19:48.038951
7387,1227,5.99,2026-09-24 15:18:48.038951
7388,259,8.19,2026-09-16 07:16:48.038951
7389,907,4.15,2026-09-14 21:35:48.038951
7390,1078,4.09,2026-09-11 22:36:48.038951
7391,2079,1.11,2026-09-14 20:32:48.038951
7392,491,7.65,2026-09-19 21:48:48.038951
7393,128,6.51,2026-09-11 03:58:48.038951
7394,2591,4.64,2026-09-13 07:11:48.038951
7395,655,2.44,2026-09-14 18:55:48.038951
7396,1124,5.73,2026-09-21 05:31:48.038951
7397,1150,2.2,2026-09-11 16:08:48.038951
7398,409,1.44,2026-09-18 07:01:48.038951
7399,2268,5.26,2026-09-15 10:07:48.038951
7400,3123,2.96,2026-09-12 23:52:48.038951
7401,3274,3.6,2026-09-19 23:07:48.038951
7402,2051,7.0,2026-09-12 18:22:48.038951
7403,3153,3.32,2026-09-23 13:12:48.038951
7404,836,4.54,2026-09-22 01:53:48.038951
7405,2137,6.84,2026-09-10 16:01:48.038951
7406,1003,2.18,2026-09-15 15:24:48.038951
7407,186,5.9,2026-09-20 00:11:48.038951
7408,1996,3.41,2026-09-11 14:30:48.038951
7409,59,7.69,2026-09-12 07:48:48.038951
7410,2488,8.13,2026-09-17 22:30:48.038951
7411,2437,1.46,2026-09-16 10:32:48.038951
7412,2276,1.94,2026-09-24 11:02:48.038951
7413,1622,4.43,2026-09-19 12:59:48.038951
7414,1821,7.45,2026-09-14 05:27:48.038951
7415,2751,1.23,2026-09-24 04:33:48.038951
7416,3336,4.52,2026-09-24 13:55:48.038951
7417,3541,4.94,2026-09-21 09:13:48.038951
7418,1729,7.25,2026-09-21 15:12:48.038951
7419,168,6.25,2026-09-13 06:43:48.038951
7420,860,7.59,2026-09-20 17:38:48.038951
7421,2295,5.94,2026-09-11 00:03:48.038951
7422,491,8.47,2026-09-27 04:15:48.038951
7423,945,5.19,2026-09-11 09:57:48.038951
7424,1056,7.86,2026-09-15 04:28:48.038951
7425,2739,2.48,2026-09-22 19:57:48.038951
7426,1316,2.88,2026-09-15 17:27:48.038951
7427,2008,2.13,2026-09-23 09:34:48.038951
7428,2021,8.15,2026-09-13 05:31:48.038951
7429,1366,8.25,2026-09-17 12:04:48.038951
7430,2127,3.84,2026-09-12 23:21:48.038951
7431,3397,5.24,2026-09-21 18:58:48.038951
7432,2399,2.72,2026-09-16 19:45:48.038951
7433,2857,5.7,2026-09-22 10:02:48.038951
7434,2804,3.73,2026-09-13 13:56:48.038951
7435,384,7.96,2026-09-19 02:41:48.038951
7436,62,1.56,2026-09-21 01:32:48.038951
7437,331,5.9,2026-09-17 06:55:48.038951
7438,1394,3.45,2026-09-23 15:40:48.038951
7439,1453,6.95,2026-09-21 05:29:48.038951
7440,204,4.32,2026-09-26 19:00:48.038951
7441,384,5.88,2026-09-20 16:16:48.038951
7442,959,6.72,2026-09-10 04:18:48.038951
7443,2117,7.68,2026-09-25 11:38:48.038951
7444,99,6.51,2026-09-18 02:34:48.038951
7445,3497,4.2,2026-09-22 01:43:48.038951
7446,2011,2.22,2026-09-24 18:30:48.038951
7447,2058,5.95,2026-09-12 14:40:48.038951
7448,501,5.02,2026-09-22 13:40:48.038951
7449,1480,6.29,2026-09-15 00:36:48.038951
7450,1667,5.3,2026-09-19 08:37:48.038951
7451,270,5.9,2026-09-19 03:25:48.038951
7452,1852,3.96,2026-09-17 18:40:48.038951
7453,2597,4.09,2026-09-24 04:20:48.038951
7454,1590,3.2,2026-09-25 02:56:48.038951
7455,3471,3.05,2026-09-16 00:22:48.038951
7456,611,5.6,2026-09-23 14:47:48.038951
7457,1622,2.86,2026-09-23 05:48:48.038951
7458,1702,3.06,2026-09-15 00:50:48.038951
7459,3447,6.6,2026-09-13 23:59:48.038951
7460,691,2.59,2026-09-14 08:08:48.038951
7461,1916,6.22,2026-09-25 11:39:48.038951
7462,79,6.71,2026-09-13 04:26:48.038951
7463,546,5.14,2026-09-11 05:59:48.038951
7464,374,1.56,2026-09-25 09:20:48.038951
7465,3536,2.95,2026-09-12 15:57:48.038951
7466,2232,4.07,2026-09-17 01:09:48.038951
7467,1573,1.93,2026-09-16 05:48:48.038951
7468,1852,4.87,2026-09-14 15:00:48.038951
7469,2648,5.39,2026-09-14 14:37:48.038951
7470,1623,4.51,2026-09-22 21:18:48.038951
7471,84,3.04,2026-09-24 01:20:48.038951
7472,2557,5.52,2026-09-20 08:24:48.038951
7473,2234,4.24,2026-09-17 01:53:48.038951
7474,3446,5.19,2026-09-18 05:48:48.038951
7475,478,7.39,2026-09-24 05:53:48.038951
7476,2115,1.45,2026-09-13 05:34:48.038951
7477,2295,2.94,2026-09-20 13:00:48.038951
7478,3438,2.22,2026-09-16 01:22:48.038951
7479,743,5.59,2026-09-14 02:10:48.038951
7480,241,2.38,2026-09-14 18:41:48.038951
7481,74,5.95,2026-09-15 19:16:48.038951
7482,3101,8.37,2026-09-17 14:08:48.038951
7483,2463,2.6,2026-09-19 06:27:48.038951
7484,2698,7.7,2026-09-16 09:15:48.038951
7485,162,3.88,2026-09-22 04:23:48.038951
7486,605,3.93,2026-09-12 00:57:48.038951
7487,3480,5.05,2026-09-12 15:39:48.038951
7488,216,5.15,2026-09-23 07:17:48.038951
7489,516,5.1,2026-09-21 18:47:48.038951
7490,1627,5.54,2026-09-25 20:24:48.038951
7491,2523,2.21,2026-09-16 06:42:48.038951
7492,505,3.24,2026-09-17 18:34:48.038951
7493,1241,4.73,2026-09-22 00:27:48.038951
7494,2275,8.22,2026-09-26 04:32:48.038951
7495,1853,6.62,2026-09-22 13:06:48.038951
7496,1789,4.85,2026-09-17 07:21:48.038951
7497,1655,4.1,2026-09-19 08:31:48.038951
7498,2296,5.78,2026-09-14 17:28:48.038951
7499,3076,4.68,2026-09-22 07:36:48.038951
7500,3440,3.11,2026-09-15 20:33:48.038951
7501,3440,2.5,2026-09-24 06:28:48.038951
7502,1842,2.84,2026-09-20 13:52:48.038951
7503,3434,1.21,2026-09-15 01:32:48.038951
7504,392,5.12,2026-09-13 02:26:48.038951
7505,3150,1.52,2026-09-13 18:58:48.038951
7506,100,7.3,2026-09-11 15:20:48.038951
7507,1899,8.46,2026-09-21 09:22:48.038951
7508,2456,3.94,2026-09-18 21:25:48.038951
7509,1815,1.89,2026-09-14 23:24:48.038951
7510,817,2.76,2026-09-17 18:57:48.038951
7511,855,1.14,2026-09-17 07:22:48.038951
7512,3070,5.29,2026-09-17 20:48:48.038951
7513,3111,5.74,2026-09-15 04:24:48.038951
7514,1371,5.98,2026-09-14 20:51:48.038951
7515,657,7.28,2026-09-22 13:24:48.038951
7516,736,6.31,2026-09-14 01:38:48.038951
7517,2119,6.43,2026-09-17 07:56:48.038951
7518,2798,5.9,2026-09-11 22:05:48.038951
7519,2122,1.82,2026-09-14 11:53:48.038951
7520,1480,7.65,2026-09-12 07:33:48.038951
7521,3361,7.37,2026-09-14 21:19:48.038951
7522,2240,3.64,2026-09-19 19:04:48.038951
7523,875,7.15,2026-09-21 13:35:48.038951
7524,1375,6.09,2026-09-13 12:16:48.038951
7525,1687,3.68,2026-09-12 11:52:48.038951
7526,2042,6.68,2026-09-25 17:21:48.038951
7527,2398,5.95,2026-09-20 06:53:48.038951
7528,2173,1.47,2026-09-13 12:07:48.038951
7529,498,2.94,2026-09-18 04:52:48.038951
7530,2440,2.79,2026-09-17 16:22:48.038951
7531,2393,8.49,2026-09-17 11:54:48.038951
7532,2920,5.13,2026-09-18 16:34:48.038951
7533,2216,3.94,2026-09-18 22:38:48.038951
7534,1377,2.67,2026-09-16 22:57:48.038951
7535,3348,5.77,2026-09-14 19:55:48.038951
7536,395,6.7,2026-09-12 06:40:48.038951
7537,1679,1.62,2026-09-26 03:16:48.038951
7538,1699,2.57,2026-09-17 03:54:48.038951
7539,2352,7.45,2026-09-18 12:57:48.038951
7540,1642,8.02,2026-09-20 06:35:48.038951
7541,3430,6.54,2026-09-15 17:48:48.038951
7542,3393,5.86,2026-09-15 22:38:48.038951
7543,1235,4.71,2026-09-15 09:03:48.038951
7544,2942,1.23,2026-09-18 08:04:48.038951
7545,2665,4.55,2026-09-26 02:24:48.038951
7546,983,3.49,2026-09-14 19:12:48.038951
7547,897,5.5,2026-09-20 18:57:48.038951
7548,1101,6.01,2026-09-17 13:49:48.038951
7549,1800,7.9,2026-09-24 16:18:48.038951
7550,3167,7.23,2026-09-14 13:20:48.038951
7551,2731,1.63,2026-09-21 04:21:48.038951
7552,471,6.37,2026-09-15 01:13:48.038951
7553,1948,8.03,2026-09-19 20:29:48.038951
7554,3118,6.78,2026-09-13 07:36:48.038951
7555,3168,5.87,2026-09-14 21:23:48.038951
7556,1910,5.26,2026-09-17 05:32:48.038951
7557,3345,8.45,2026-09-23 02:46:48.038951
7558,3116,8.42,2026-09-14 06:01:48.038951
7559,1853,6.96,2026-09-21 01:40:48.038951
7560,2061,6.54,2026-09-16 03:44:48.038951
7561,166,1.72,2026-09-17 03:00:48.038951
7562,3381,4.41,2026-09-17 23:32:48.038951
7563,1422,4.54,2026-09-16 03:04:48.038951
7564,736,4.95,2026-09-11 02:51:48.038951
7565,2432,3.13,2026-09-20 12:32:48.038951
7566,3063,3.98,2026-09-19 19:57:48.038951
7567,842,7.25,2026-09-25 05:25:48.038951
7568,764,6.29,2026-09-21 10:36:48.038951
7569,3031,2.76,2026-09-20 19:42:48.038951
7570,3210,1.82,2026-09-24 05:03:48.038951
7571,606,2.46,2026-09-19 03:05:48.038951
7572,1253,2.66,2026-09-17 01:41:48.038951
7573,978,1.98,2026-09-22 00:59:48.038951
7574,19,4.86,2026-09-22 23:38:48.038951
7575,2596,4.78,2026-09-18 08:09:48.038951
7576,3369,7.77,2026-09-24 02:10:48.038951
7577,2251,2.56,2026-09-23 01:35:48.038951
7578,1941,4.93,2026-09-17 06:12:48.038951
7579,874,2.38,2026-09-14 22:06:48.038951
7580,2988,5.68,2026-09-15 08:02:48.038951
7581,353,2.45,2026-09-16 22:34:48.038951
7582,3510,2.45,2026-09-14 05:01:48.038951
7583,928,5.37,2026-09-17 09:24:48.038951
7584,1029,7.44,2026-09-21 04:07:48.038951
7585,24,4.93,2026-09-25 03:11:48.038951
7586,1793,7.7,2026-09-18 02:21:48.038951
7587,292,3.47,2026-09-17 05:44:48.038951
7588,665,6.69,2026-09-12 19:42:48.038951
7589,381,7.51,2026-09-23 10:38:48.038951
7590,865,3.27,2026-09-23 12:46:48.038951
7591,2041,6.4,2026-09-21 09:31:48.038951
7592,1200,3.68,2026-09-23 13:19:48.038951
7593,3235,6.19,2026-09-19 04:34:48.038951
7594,3471,1.63,2026-09-18 06:16:48.038951
7595,293,2.77,2026-09-10 10:16:48.038951
7596,1272,4.73,2026-09-15 15:31:48.038951
7597,1749,1.75,2026-09-20 00:28:48.038951
7598,1921,4.94,2026-09-16 16:36:48.038951
7599,3269,3.11,2026-09-24 20:57:48.038951
7600,2915,2.59,2026-09-26 12:42:48.038951
7601,722,6.2,2026-09-23 12:49:48.038951
7602,2028,4.09,2026-09-22 19:12:48.038951
7603,822,8.4,2026-09-13 06:45:48.038951
7604,1044,7.43,2026-09-19 12:27:48.038951
7605,1686,3.85,2026-09-25 00:49:48.038951
7606,2711,3.58,2026-09-14 23:06:48.038951
7607,2429,3.48,2026-09-24 07:25:48.038951
7608,2043,4.13,2026-09-10 08:40:48.038951
7609,1863,1.82,2026-09-26 07:00:48.038951
7610,3533,7.55,2026-09-18 12:16:48.038951
7611,3528,8.36,2026-09-16 07:55:48.038951
7612,3255,3.22,2026-09-20 11:09:48.038951
7613,90,7.11,2026-09-20 00:49:48.038951
7614,2990,7.3,2026-09-17 23:50:48.038951
7615,1669,1.67,2026-09-23 20:23:48.038951
7616,249,2.49,2026-09-19 10:10:48.038951
7617,325,3.3,2026-09-16 05:57:48.038951
7618,2040,4.2,2026-09-12 06:49:48.038951
7619,884,7.74,2026-09-20 04:26:48.038951
7620,1667,4.04,2026-09-14 15:18:48.038951
7621,846,5.27,2026-09-25 13:00:48.038951
7622,3307,3.44,2026-09-15 15:48:48.038951
7623,13,2.85,2026-09-16 05:37:48.038951
7624,709,4.7,2026-09-25 17:35:48.038951
7625,4,6.37,2026-09-17 21:57:48.038951
7626,62,3.28,2026-09-23 12:34:48.038951
7627,568,8.45,2026-09-21 06:23:48.038951
7628,2705,1.6,2026-09-21 04:44:48.038951
7629,3546,7.95,2026-09-11 04:46:48.038951
7630,937,4.48,2026-09-26 15:39:48.038951
7631,3367,7.47,2026-09-20 01:44:48.038951
7632,3271,2.09,2026-09-14 11:44:48.038951
7633,109,3.64,2026-09-22 01:40:48.038951
7634,167,2.61,2026-09-12 07:46:48.038951
7635,1307,2.44,2026-09-14 03:49:48.038951
7636,1258,5.04,2026-09-20 18:36:48.038951
7637,1611,4.87,2026-09-23 19:44:48.038951
7638,1807,1.46,2026-09-23 21:35:48.038951
7639,1609,2.61,2026-09-22 04:11:48.038951
7640,1395,6.97,2026-09-25 07:23:48.038951
7641,2128,2.17,2026-09-11 08:43:48.038951
7642,3051,3.57,2026-09-19 21:12:48.038951
7643,2023,6.95,2026-09-20 14:20:48.038951
7644,2009,5.08,2026-09-14 22:35:48.038951
7645,3508,1.92,2026-09-16 23:09:48.038951
7646,1180,4.16,2026-09-21 18:12:48.038951
7647,625,7.82,2026-09-15 23:46:48.038951
7648,2633,4.37,2026-09-19 07:10:48.038951
7649,784,7.34,2026-09-16 06:41:48.038951
7650,758,7.85,2026-09-23 01:44:48.038951
7651,2454,5.09,2026-09-24 08:48:48.038951
7652,1624,3.16,2026-09-13 17:19:48.038951
7653,981,1.77,2026-09-10 10:34:48.038951
7654,1446,7.31,2026-09-21 00:27:48.038951
7655,2118,7.69,2026-09-19 19:56:48.038951
7656,51,5.73,2026-09-26 04:54:48.038951
7657,1652,7.83,2026-09-12 06:20:48.038951
7658,1449,7.92,2026-09-15 22:22:48.038951
7659,1834,5.31,2026-09-24 14:08:48.038951
7660,1556,6.06,2026-09-18 14:59:48.038951
7661,3534,5.11,2026-09-18 18:33:48.038951
7662,80,2.45,2026-09-24 02:58:48.038951
7663,290,7.77,2026-09-21 10:38:48.038951
7664,2110,1.88,2026-09-18 17:52:48.038951
7665,2482,1.57,2026-09-19 20:10:48.038951
7666,3204,4.46,2026-09-14 22:45:48.038951
7667,474,4.92,2026-09-25 09:09:48.038951
7668,1525,5.35,2026-09-22 01:45:48.038951
7669,1726,2.6,2026-09-11 06:06:48.038951
7670,1456,6.2,2026-09-10 22:50:48.038951
7671,2589,4.7,2026-09-22 19:25:48.038951
7672,1647,4.25,2026-09-21 02:46:48.038951
7673,1403,1.4,2026-09-22 03:35:48.038951
7674,2662,1.55,2026-09-17 08:03:48.038951
7675,1375,5.05,2026-09-17 01:51:48.038951
7676,244,6.67,2026-09-17 03:54:48.038951
7677,912,5.71,2026-09-15 16:17:48.038951
7678,3085,3.8,2026-09-13 14:00:48.038951
7679,2731,6.07,2026-09-15 10:07:48.038951
7680,1167,3.16,2026-09-22 18:12:48.038951
7681,2001,5.36,2026-09-25 14:10:48.038951
7682,1390,6.36,2026-09-13 01:10:48.038951
7683,3280,7.39,2026-09-15 05:17:48.038951
7684,2764,5.41,2026-09-26 03:36:48.038951
7685,3544,5.33,2026-09-23 12:09:48.038951
7686,523,4.8,2026-09-13 06:50:48.038951
7687,1499,1.26,2026-09-12 02:12:48.038951
7688,2410,3.41,2026-09-15 12:32:48.038951
7689,2323,1.27,2026-09-24 09:56:48.038951
7690,3088,5.25,2026-09-27 09:11:48.038951
7691,2665,4.18,2026-09-25 18:43:48.038951
7692,293,4.41,2026-09-12 18:50:48.038951
7693,55,6.83,2026-09-22 01:31:48.038951
7694,404,4.95,2026-09-11 04:48:48.038951
7695,32,1.53,2026-09-26 03:01:48.038951
7696,585,1.31,2026-09-11 09:16:48.038951
7697,3453,7.25,2026-09-21 16:46:48.038951
7698,2548,5.08,2026-09-15 02:45:48.038951
7699,2999,6.83,2026-09-18 07:08:48.038951
7700,643,6.99,2026-09-12 20:26:48.038951
7701,2483,5.73,2026-09-25 06:30:48.038951
7702,3366,1.71,2026-09-16 03:28:48.038951
7703,1848,3.17,2026-09-11 13:45:48.038951
7704,271,3.56,2026-09-16 10:26:48.038951
7705,3247,1.64,2026-09-25 02:05:48.038951
7706,2974,6.58,2026-09-17 07:53:48.038951
7707,1430,5.46,2026-09-13 11:15:48.038951
7708,2323,6.11,2026-09-19 12:24:48.038951
7709,1064,7.86,2026-09-22 03:06:48.038951
7710,3457,4.2,2026-09-22 01:08:48.038951
7711,823,6.03,2026-09-15 14:38:48.038951
7712,2361,8.42,2026-09-12 18:27:48.038951
7713,2218,7.19,2026-09-24 06:28:48.038951
7714,2295,4.63,2026-09-13 05:18:48.038951
7715,3351,5.48,2026-09-27 04:09:48.038951
7716,1958,4.83,2026-09-17 04:55:48.038951
7717,2283,6.72,2026-09-10 05:24:48.038951
7718,2132,7.37,2026-09-20 08:54:48.038951
7719,1807,2.98,2026-09-17 20:33:48.038951
7720,2700,6.79,2026-09-22 08:38:48.038951
7721,1778,4.37,2026-09-20 16:56:48.038951
7722,187,6.58,2026-09-16 16:19:48.038951
7723,142,4.28,2026-09-27 08:42:48.038951
7724,1449,2.34,2026-09-26 00:07:48.038951
7725,3539,6.36,2026-09-11 05:13:48.038951
7726,916,6.36,2026-09-21 22:58:48.038951
7727,1688,2.58,2026-09-10 16:32:48.038951
7728,3048,2.12,2026-09-12 13:08:48.038951
7729,3295,5.11,2026-09-21 17:29:48.038951
7730,2464,5.62,2026-09-16 03:56:48.038951
7731,3386,6.37,2026-09-26 04:04:48.038951
7732,1600,7.05,2026-09-19 16:49:48.038951
7733,3181,4.62,2026-09-23 14:47:48.038951
7734,2956,2.06,2026-09-11 06:31:48.038951
7735,279,4.66,2026-09-21 13:01:48.038951
7736,1224,1.56,2026-09-25 19:24:48.038951
7737,2323,7.74,2026-09-16 10:03:48.038951
7738,2625,3.45,2026-09-13 19:57:48.038951
7739,1963,1.96,2026-09-26 15:08:48.038951
7740,2748,7.89,2026-09-16 18:21:48.038951
7741,19,3.59,2026-09-17 01:08:48.038951
7742,318,3.46,2026-09-13 08:50:48.038951
7743,2601,2.79,2026-09-21 20:19:48.038951
7744,3459,2.28,2026-09-12 11:21:48.038951
7745,2827,5.58,2026-09-16 11:16:48.038951
7746,2841,8.02,2026-09-17 07:49:48.038951
7747,1374,1.99,2026-09-17 07:59:48.038951
7748,2826,4.51,2026-09-19 01:57:48.038951
7749,1337,4.78,2026-09-24 23:26:48.038951
7750,385,3.1,2026-09-15 07:58:48.038951
7751,2671,3.47,2026-09-15 10:35:48.038951
7752,983,1.88,2026-09-20 05:13:48.038951
7753,843,1.83,2026-09-17 15:55:48.038951
7754,2859,7.26,2026-09-16 12:44:48.038951
7755,3108,5.07,2026-09-25 18:46:48.038951
7756,1759,4.16,2026-09-13 21:37:48.038951
7757,452,7.8,2026-09-17 23:16:48.038951
7758,2794,3.87,2026-09-17 18:19:48.038951
7759,132,8.02,2026-09-16 00:54:48.038951
7760,3478,2.89,2026-09-12 08:05:48.038951
7761,1386,5.43,2026-09-23 23:17:48.038951
7762,1028,2.84,2026-09-23 00:48:48.038951
7763,3085,8.2,2026-09-12 00:16:48.038951
7764,1001,2.22,2026-09-23 04:13:48.038951
7765,1509,3.68,2026-09-17 03:50:48.038951
7766,491,5.12,2026-09-22 06:46:48.038951
7767,391,5.97,2026-09-13 02:57:48.038951
7768,2863,6.4,2026-09-23 23:44:48.038951
7769,2265,1.24,2026-09-23 06:33:48.038951
7770,1540,5.7,2026-09-16 06:12:48.038951
7771,1977,3.88,2026-09-11 01:26:48.038951
7772,3172,4.85,2026-09-23 08:15:48.038951
7773,2854,7.5,2026-09-11 13:37:48.038951
7774,3354,7.18,2026-09-23 14:47:48.038951
7775,3463,3.47,2026-09-16 15:08:48.038951
7776,1485,5.03,2026-09-13 12:17:48.038951
7777,1337,8.24,2026-09-22 04:42:48.038951
7778,3445,4.58,2026-09-21 11:36:48.038951
7779,2066,8.26,2026-09-19 11:57:48.038951
7780,2747,3.27,2026-09-22 18:50:48.038951
7781,2569,1.84,2026-09-15 23:11:48.038951
7782,2296,7.19,2026-09-10 13:48:48.038951
7783,2333,2.64,2026-09-15 00:34:48.038951
7784,2209,2.47,2026-09-22 22:28:48.038951
7785,2250,2.83,2026-09-20 14:06:48.038951
7786,1647,5.57,2026-09-14 07:33:48.038951
7787,1675,1.51,2026-09-26 02:19:48.038951
7788,2356,2.45,2026-09-10 15:42:48.038951
7789,2419,4.48,2026-09-19 21:46:48.038951
7790,1657,6.03,2026-09-27 03:44:48.038951
7791,771,1.83,2026-09-20 21:24:48.038951
7792,880,3.88,2026-09-12 11:13:48.038951
7793,208,2.9,2026-09-14 04:35:48.038951
7794,2481,5.76,2026-09-15 08:08:48.038951
7795,955,4.8,2026-09-24 07:21:48.038951
7796,2147,4.32,2026-09-11 03:46:48.038951
7797,1620,2.54,2026-09-17 05:00:48.038951
7798,3287,4.74,2026-09-13 06:33:48.038951
7799,2341,7.51,2026-09-15 14:18:48.038951
7800,1962,4.27,2026-09-12 06:05:48.038951
7801,437,1.7,2026-09-25 06:05:48.038951
7802,2174,7.76,2026-09-17 02:35:48.038951
7803,3501,3.28,2026-09-15 15:04:48.038951
7804,1989,1.74,2026-09-15 22:12:48.038951
7805,242,5.34,2026-09-17 21:25:48.038951
7806,2173,5.68,2026-09-11 13:11:48.038951
7807,1051,5.71,2026-09-16 09:09:48.038951
7808,3135,2.0,2026-09-15 12:21:48.038951
7809,3496,6.27,2026-09-22 18:19:48.038951
7810,2966,4.41,2026-09-24 00:06:48.038951
7811,2648,3.43,2026-09-14 09:54:48.038951
7812,880,3.4,2026-09-11 07:30:48.038951
7813,1767,3.92,2026-09-19 22:02:48.038951
7814,20,2.44,2026-09-26 05:58:48.038951
7815,970,4.84,2026-09-22 09:07:48.038951
7816,2361,7.08,2026-09-17 13:34:48.038951
7817,2212,3.3,2026-09-14 11:04:48.038951
7818,3127,2.47,2026-09-23 07:37:48.038951
7819,2471,1.26,2026-09-15 16:13:48.038951
7820,1779,4.46,2026-09-24 11:42:48.038951
7821,2054,4.07,2026-09-24 14:32:48.038951
7822,189,5.32,2026-09-19 16:45:48.038951
7823,2783,8.24,2026-09-18 11:50:48.038951
7824,1774,4.21,2026-09-17 22:35:48.038951
7825,328,7.32,2026-09-24 17:42:48.038951
7826,2369,5.69,2026-09-25 11:15:48.038951
7827,3248,7.91,2026-09-21 01:25:48.038951
7828,470,3.26,2026-09-12 22:39:48.038951
7829,1288,4.22,2026-09-12 12:05:48.038951
7830,1415,3.39,2026-09-14 06:14:48.038951
7831,2819,1.99,2026-09-23 23:32:48.038951
7832,49,2.82,2026-09-19 11:01:48.038951
7833,196,6.49,2026-09-17 11:49:48.038951
7834,286,5.29,2026-09-22 06:33:48.038951
7835,1274,1.15,2026-09-22 23:17:48.038951
7836,696,5.5,2026-09-13 12:15:48.038951
7837,2013,5.36,2026-09-25 00:17:48.038951
7838,25,2.28,2026-09-11 02:07:48.038951
7839,2019,2.6,2026-09-25 17:16:48.038951
7840,697,5.19,2026-09-11 02:18:48.038951
7841,605,8.05,2026-09-21 10:24:48.038951
7842,869,3.95,2026-09-12 03:19:48.038951
7843,3096,3.55,2026-09-18 19:30:48.038951
7844,2057,1.64,2026-09-16 14:05:48.038951
7845,38,6.81,2026-09-12 18:17:48.038951
7846,365,2.14,2026-09-19 02:24:48.038951
7847,2036,1.57,2026-09-25 07:18:48.038951
7848,2897,7.97,2026-09-15 21:55:48.038951
7849,2391,1.31,2026-09-16 08:31:48.038951
7850,3226,7.26,2026-09-12 11:33:48.038951
7851,3254,1.73,2026-09-15 00:29:48.038951
7852,1108,5.34,2026-09-21 08:54:48.038951
7853,462,3.73,2026-09-19 21:13:48.038951
7854,2005,4.04,2026-09-18 13:14:48.038951
7855,445,5.39,2026-09-21 18:36:48.038951
7856,2382,3.36,2026-09-19 23:05:48.038951
7857,61,4.76,2026-09-21 08:00:48.038951
7858,2233,3.97,2026-09-17 01:36:48.038951
7859,3156,4.18,2026-09-19 17:52:48.038951
7860,692,4.16,2026-09-10 06:27:48.038951
7861,2627,3.76,2026-09-13 06:55:48.038951
7862,57,8.37,2026-09-13 02:56:48.038951
7863,3357,3.32,2026-09-21 23:52:48.038951
7864,2475,1.56,2026-09-12 16:36:48.038951
7865,180,7.4,2026-09-19 22:21:48.038951
7866,309,1.46,2026-09-23 06:44:48.038951
7867,167,7.38,2026-09-17 00:56:48.038951
7868,248,3.11,2026-09-23 22:11:48.038951
7869,3282,1.38,2026-09-24 03:44:48.038951
7870,2345,7.1,2026-09-24 15:34:48.038951
7871,1573,5.47,2026-09-12 04:56:48.038951
7872,1191,7.85,2026-09-18 03:28:48.038951
7873,1372,4.05,2026-09-13 10:10:48.038951
7874,3298,1.29,2026-09-13 12:14:48.038951
7875,216,8.41,2026-09-25 04:43:48.038951
7876,1681,5.28,2026-09-16 11:49:48.038951
7877,3415,5.82,2026-09-19 11:26:48.038951
7878,1706,6.7,2026-09-13 10:49:48.038951
7879,52,6.86,2026-09-18 18:30:48.038951
7880,112,3.88,2026-09-13 07:44:48.038951
7881,2343,1.28,2026-09-12 12:13:48.038951
7882,3051,7.66,2026-09-14 03:43:48.038951
7883,3178,2.63,2026-09-12 01:30:48.038951
7884,1287,4.03,2026-09-10 04:21:48.038951
7885,3345,2.6,2026-09-15 11:44:48.038951
7886,1215,7.48,2026-09-24 10:45:48.038951
7887,3178,5.3,2026-09-13 02:42:48.038951
7888,642,1.91,2026-09-13 03:45:48.038951
7889,3373,6.85,2026-09-15 17:34:48.038951
7890,1959,6.14,2026-09-13 10:15:48.038951
7891,2296,7.62,2026-09-19 05:44:48.038951
7892,3442,6.55,2026-09-18 20:23:48.038951
7893,2124,6.92,2026-09-15 15:09:48.038951
7894,725,6.13,2026-09-12 08:57:48.038951
7895,2113,5.45,2026-09-23 07:42:48.038951
7896,201,3.45,2026-09-16 02:47:48.038951
7897,3469,5.67,2026-09-12 16:09:48.038951
7898,2247,3.77,2026-09-20 13:13:48.038951
7899,952,7.24,2026-09-11 22:50:48.038951
7900,1190,1.17,2026-09-24 20:40:48.038951
7901,385,5.23,2026-09-16 13:52:48.038951
7902,1079,5.19,2026-09-16 10:25:48.038951
7903,2004,8.2,2026-09-17 10:30:48.038951
7904,224,8.35,2026-09-21 06:15:48.038951
7905,2963,6.66,2026-09-14 20:16:48.038951
7906,1435,4.53,2026-09-15 11:40:48.038951
7907,485,8.32,2026-09-24 14:52:48.038951
7908,2389,3.7,2026-09-16 11:28:48.038951
7909,932,3.46,2026-09-21 16:18:48.038951
7910,1356,1.91,2026-09-15 23:04:48.038951
7911,1461,1.81,2026-09-23 01:10:48.038951
7912,2466,4.21,2026-09-14 19:39:48.038951
7913,640,2.18,2026-09-14 00:42:48.038951
7914,1878,4.63,2026-09-23 00:38:48.038951
7915,3039,1.97,2026-09-20 02:16:48.038951
7916,2141,1.51,2026-09-16 17:17:48.038951
7917,310,5.55,2026-09-19 16:17:48.038951
7918,2614,1.54,2026-09-27 02:55:48.038951
7919,1320,3.52,2026-09-24 00:34:48.038951
7920,3061,2.16,2026-09-21 06:50:48.038951
7921,2566,4.42,2026-09-22 00:19:48.038951
7922,2225,5.24,2026-09-17 16:00:48.038951
7923,808,2.94,2026-09-24 08:48:48.038951
7924,1389,1.24,2026-09-12 19:13:48.038951
7925,659,3.72,2026-09-21 11:37:48.038951
7926,914,2.09,2026-09-24 04:39:48.038951
7927,2595,6.54,2026-09-12 14:30:48.038951
7928,809,4.31,2026-09-15 02:31:48.038951
7929,1294,4.24,2026-09-24 02:45:48.038951
7930,964,1.14,2026-09-13 09:50:48.038951
7931,3331,1.25,2026-09-21 23:47:48.038951
7932,2735,3.19,2026-09-21 00:55:48.038951
7933,2820,7.43,2026-09-25 16:57:48.038951
7934,1600,1.98,2026-09-16 19:04:48.038951
7935,3542,7.39,2026-09-16 03:43:48.038951
7936,1953,2.66,2026-09-16 23:56:48.038951
7937,460,4.66,2026-09-13 06:07:48.038951
7938,3081,8.25,2026-09-21 20:13:48.038951
7939,1985,2.63,2026-09-20 19:33:48.038951
7940,1796,7.74,2026-09-14 22:01:48.038951
7941,1581,6.14,2026-09-17 04:13:48.038951
7942,22,5.07,2026-09-23 22:26:48.038951
7943,3254,6.51,2026-09-13 07:46:48.038951
7944,1803,1.72,2026-09-22 02:58:48.038951
7945,1321,2.17,2026-09-20 09:50:48.038951
7946,769,5.56,2026-09-24 18:17:48.038951
7947,6,2.94,2026-09-17 02:46:48.038951
7948,180,8.25,2026-09-25 06:43:48.038951
7949,2459,2.67,2026-09-22 00:09:48.038951
7950,881,5.96,2026-09-11 01:16:48.038951
7951,2141,4.53,2026-09-14 23:38:48.038951
7952,1864,4.89,2026-09-20 03:30:48.038951
7953,2933,2.41,2026-09-17 21:52:48.038951
7954,2275,6.76,2026-09-20 10:38:48.038951
7955,450,5.15,2026-09-25 16:45:48.038951
7956,2694,4.59,2026-09-23 12:32:48.038951
7957,1055,6.48,2026-09-23 02:30:48.038951
7958,3147,7.26,2026-09-16 04:43:48.038951
7959,818,3.83,2026-09-12 01:39:48.038951
7960,1166,6.7,2026-09-14 16:06:48.038951
7961,1408,5.22,2026-09-17 08:17:48.038951
7962,3130,6.05,2026-09-13 02:02:48.038951
7963,59,2.16,2026-09-15 04:46:48.038951
7964,913,1.12,2026-09-25 19:46:48.038951
7965,3293,1.78,2026-09-22 05:08:48.038951
7966,3127,4.66,2026-09-24 08:23:48.038951
7967,3145,2.41,2026-09-11 02:18:48.038951
7968,2705,7.21,2026-09-13 00:40:48.038951
7969,741,3.52,2026-09-24 23:48:48.038951
7970,100,4.05,2026-09-18 06:07:48.038951
7971,2253,7.83,2026-09-21 06:10:48.038951
7972,2490,5.58,2026-09-12 08:25:48.038951
7973,3201,3.42,2026-09-19 05:48:48.038951
7974,2053,2.62,2026-09-23 07:49:48.038951
7975,2269,7.89,2026-09-20 10:39:48.038951
7976,2805,2.34,2026-09-14 20:43:48.038951
7977,679,4.9,2026-09-18 07:29:48.038951
7978,2611,8.39,2026-09-18 04:25:48.038951
7979,1870,1.89,2026-09-16 00:52:48.038951
7980,2278,8.06,2026-09-16 10:16:48.038951
7981,3007,7.93,2026-09-11 14:14:48.038951
7982,1006,3.16,2026-09-25 19:31:48.038951
7983,1204,3.76,2026-09-24 21:08:48.038951
7984,2192,5.39,2026-09-15 02:00:48.038951
7985,238,1.56,2026-09-17 01:09:48.038951
7986,2375,7.03,2026-09-26 05:25:48.038951
7987,1971,2.64,2026-09-13 23:29:48.038951
7988,649,4.1,2026-09-25 07:19:48.038951
7989,1824,2.59,2026-09-11 16:28:48.038951
7990,2597,2.36,2026-09-16 04:46:48.038951
7991,1980,2.42,2026-09-23 22:51:48.038951
7992,874,6.63,2026-09-13 07:13:48.038951
7993,715,8.1,2026-09-24 14:47:48.038951
7994,2211,2.65,2026-09-15 17:16:48.038951
7995,156,3.36,2026-09-16 17:55:48.038951
7996,107,7.46,2026-09-15 22:55:48.038951
7997,3204,3.41,2026-09-24 11:55:48.038951
7998,3362,7.27,2026-09-23 22:18:48.038951
7999,714,7.9,2026-09-25 10:29:48.038951
8000,3033,3.27,2026-09-16 20:03:48.038951
8001,2366,2.77,2026-09-27 05:48:48.038951
8002,1101,6.95,2026-09-25 06:50:48.038951
8003,308,6.04,2026-09-23 06:38:48.038951
8004,2833,1.91,2026-09-15 04:40:48.038951
8005,1441,2.8,2026-09-17 13:04:48.038951
8006,983,6.37,2026-09-17 17:11:48.038951
8007,2647,1.64,2026-09-20 04:48:48.038951
8008,817,6.93,2026-09-19 02:17:48.038951
8009,2883,7.07,2026-09-15 05:20:48.038951
8010,1924,4.56,2026-09-24 03:33:48.038951
8011,1400,2.05,2026-09-24 08:41:48.038951
8012,3379,8.37,2026-09-22 18:07:48.038951
8013,2410,7.93,2026-09-15 13:31:48.038951
8014,3471,5.07,2026-09-20 18:14:48.038951
8015,3168,6.83,2026-09-24 04:46:48.038951
8016,2803,1.15,2026-09-17 04:06:48.038951
8017,1255,1.25,2026-09-16 11:42:48.038951
8018,1599,7.81,2026-09-23 05:12:48.038951
8019,225,2.16,2026-09-16 04:28:48.038951
8020,2110,3.74,2026-09-14 02:07:48.038951
8021,2015,3.45,2026-09-18 23:57:48.038951
8022,3288,7.98,2026-09-24 09:31:48.038951
8023,1669,1.74,2026-09-26 20:38:48.038951
8024,2963,6.86,2026-09-21 02:05:48.038951
8025,359,6.58,2026-09-20 03:32:48.038951
8026,2882,5.14,2026-09-15 05:01:48.038951
8027,107,6.64,2026-09-12 23:02:48.038951
8028,1819,7.98,2026-09-11 05:02:48.038951
8029,2437,4.55,2026-09-20 05:48:48.038951
8030,3544,3.71,2026-09-13 06:32:48.038951
8031,1196,7.22,2026-09-14 19:14:48.038951
8032,587,8.03,2026-09-23 17:28:48.038951
8033,280,7.44,2026-09-21 07:39:48.038951
8034,25,8.4,2026-09-16 06:51:48.038951
8035,1989,8.28,2026-09-22 01:40:48.038951
8036,3405,2.05,2026-09-11 00:07:48.038951
8037,750,7.75,2026-09-23 14:16:48.038951
8038,2043,4.23,2026-09-18 16:49:48.038951
8039,1065,3.95,2026-09-23 07:25:48.038951
8040,2235,8.3,2026-09-10 11:49:48.038951
8041,1012,1.39,2026-09-25 19:43:48.038951
8042,2787,2.02,2026-09-20 06:09:48.038951
8043,3026,7.48,2026-09-14 21:38:48.038951
8044,738,3.43,2026-09-13 20:39:48.038951
8045,2295,2.32,2026-09-23 14:03:48.038951
8046,3205,1.61,2026-09-12 11:16:48.038951
8047,1011,5.12,2026-09-11 21:16:48.038951
8048,3034,1.21,2026-09-24 08:43:48.038951
8049,2906,6.86,2026-09-12 18:17:48.038951
8050,502,5.31,2026-09-25 14:29:48.038951
8051,21,6.36,2026-09-17 13:44:48.038951
8052,3330,7.23,2026-09-13 00:22:48.038951
8053,1837,4.17,2026-09-18 02:50:48.038951
8054,853,2.04,2026-09-14 19:57:48.038951
8055,929,6.01,2026-09-19 10:58:48.038951
8056,2990,4.66,2026-09-16 10:34:48.038951
8057,2052,5.03,2026-09-12 14:48:48.038951
8058,2940,8.44,2026-09-27 06:50:48.038951
8059,140,5.41,2026-09-20 00:53:48.038951
8060,1187,7.27,2026-09-24 17:45:48.038951
8061,381,6.94,2026-09-19 11:02:48.038951
8062,1944,2.21,2026-09-17 19:35:48.038951
8063,3480,6.29,2026-09-25 07:53:48.038951
8064,1783,5.29,2026-09-21 14:24:48.038951
8065,796,1.63,2026-09-25 05:45:48.038951
8066,778,2.87,2026-09-20 17:56:48.038951
8067,1694,7.73,2026-09-17 08:50:48.038951
8068,1407,4.95,2026-09-12 22:40:48.038951
8069,2447,4.05,2026-09-18 05:52:48.038951
8070,833,4.08,2026-09-17 07:22:48.038951
8071,1463,2.76,2026-09-20 10:51:48.038951
8072,513,6.05,2026-09-19 09:05:48.038951
8073,3312,6.63,2026-09-19 08:12:48.038951
8074,2964,3.28,2026-09-19 15:22:48.038951
8075,1056,2.06,2026-09-14 20:14:48.038951
8076,2060,6.32,2026-09-14 06:42:48.038951
8077,342,3.07,2026-09-17 19:16:48.038951
8078,2483,4.0,2026-09-25 05:34:48.038951
8079,2368,6.01,2026-09-17 05:39:48.038951
8080,1439,3.87,2026-09-25 14:47:48.038951
8081,285,7.53,2026-09-15 23:08:48.038951
8082,1784,5.65,2026-09-10 21:00:48.038951
8083,77,4.57,2026-09-24 04:31:48.038951
8084,107,2.43,2026-09-14 09:54:48.038951
8085,2318,1.11,2026-09-16 05:20:48.038951
8086,436,5.3,2026-09-22 14:06:48.038951
8087,2610,4.86,2026-09-23 18:11:48.038951
8088,2632,2.12,2026-09-13 08:39:48.038951
8089,2564,2.14,2026-09-24 18:03:48.038951
8090,349,5.63,2026-09-18 23:59:48.038951
8091,895,8.03,2026-09-21 02:39:48.038951
8092,1102,6.95,2026-09-12 18:23:48.038951
8093,106,7.91,2026-09-14 10:27:48.038951
8094,1258,7.49,2026-09-21 16:09:48.038951
8095,3055,7.63,2026-09-24 00:11:48.038951
8096,556,8.0,2026-09-17 06:59:48.038951
8097,3475,4.59,2026-09-22 05:57:48.038951
8098,2798,1.45,2026-09-18 12:09:48.038951
8099,2035,8.25,2026-09-21 06:43:48.038951
8100,2279,4.31,2026-09-13 00:53:48.038951
8101,2929,5.57,2026-09-15 09:35:48.038951
8102,2706,6.91,2026-09-11 09:26:48.038951
8103,3372,3.93,2026-09-13 08:39:48.038951
8104,2331,2.75,2026-09-26 14:59:48.038951
8105,1815,4.91,2026-09-12 01:15:48.038951
8106,83,7.1,2026-09-23 00:29:48.038951
8107,1802,5.03,2026-09-12 02:38:48.038951
8108,1491,4.37,2026-09-22 03:49:48.038951
8109,2219,5.22,2026-09-15 22:27:48.038951
8110,904,4.78,2026-09-16 20:28:48.038951
8111,2158,2.97,2026-09-19 23:13:48.038951
8112,2485,1.67,2026-09-20 14:33:48.038951
8113,1814,6.42,2026-09-21 13:42:48.038951
8114,1984,5.28,2026-09-12 08:08:48.038951
8115,20,3.27,2026-09-20 10:33:48.038951
8116,963,7.09,2026-09-19 06:36:48.038951
8117,3237,3.51,2026-09-24 10:44:48.038951
8118,16,8.01,2026-09-24 15:39:48.038951
8119,3138,2.13,2026-09-19 10:03:48.038951
8120,2396,4.49,2026-09-23 07:47:48.038951
8121,1042,3.47,2026-09-20 01:24:48.038951
8122,997,4.78,2026-09-20 02:13:48.038951
8123,1875,6.53,2026-09-16 22:35:48.038951
8124,2761,4.65,2026-09-25 12:13:48.038951
8125,1514,3.36,2026-09-25 21:31:48.038951
8126,2702,7.07,2026-09-22 09:04:48.038951
8127,629,5.23,2026-09-11 03:06:48.038951
8128,1607,7.16,2026-09-23 16:24:48.038951
8129,815,6.46,2026-09-23 18:27:48.038951
8130,2623,7.96,2026-09-13 11:29:48.038951
8131,1456,6.47,2026-09-17 02:57:48.038951
8132,97,7.74,2026-09-15 03:49:48.038951
8133,998,6.63,2026-09-22 23:04:48.038951
8134,2040,6.44,2026-09-14 15:57:48.038951
8135,1946,7.41,2026-09-22 01:56:48.038951
8136,2162,6.44,2026-09-19 10:15:48.038951
8137,1953,5.18,2026-09-23 22:35:48.038951
8138,1196,5.91,2026-09-24 01:11:48.038951
8139,3155,2.89,2026-09-26 03:12:48.038951
8140,1304,5.19,2026-09-21 00:50:48.038951
8141,2737,2.0,2026-09-12 22:45:48.038951
8142,3405,2.92,2026-09-13 09:35:48.038951
8143,2168,5.3,2026-09-22 19:45:48.038951
8144,2597,4.83,2026-09-15 01:19:48.038951
8145,2318,3.48,2026-09-10 01:14:48.038951
8146,882,1.23,2026-09-23 03:10:48.038951
8147,3321,8.43,2026-09-16 08:20:48.038951
8148,3508,6.83,2026-09-23 10:12:48.038951
8149,3289,5.15,2026-09-20 00:09:48.038951
8150,665,5.71,2026-09-22 23:53:48.038951
8151,1617,5.83,2026-09-10 14:11:48.038951
8152,2988,8.34,2026-09-12 02:52:48.038951
8153,1753,5.83,2026-09-13 07:56:48.038951
8154,3142,4.93,2026-09-23 20:45:48.038951
8155,1057,5.7,2026-09-12 09:59:48.038951
8156,2458,1.63,2026-09-23 17:06:48.038951
8157,688,7.19,2026-09-19 20:06:48.038951
8158,479,5.89,2026-09-16 11:28:48.038951
8159,212,4.45,2026-09-20 09:13:48.038951
8160,3069,3.75,2026-09-17 04:37:48.038951
8161,3049,5.06,2026-09-16 01:13:48.038951
8162,1752,7.64,2026-09-24 09:20:48.038951
8163,2145,2.03,2026-09-11 10:54:48.038951
8164,1899,6.84,2026-09-14 06:56:48.038951
8165,327,7.37,2026-09-12 15:58:48.038951
8166,2661,4.49,2026-09-24 02:21:48.038951
8167,1783,2.17,2026-09-22 09:40:48.038951
8168,1414,1.48,2026-09-21 04:23:48.038951
8169,457,1.98,2026-09-25 19:56:48.038951
8170,750,7.46,2026-09-18 09:07:48.038951
8171,936,5.65,2026-09-16 13:07:48.038951
8172,549,2.93,2026-09-21 02:33:48.038951
8173,2443,5.57,2026-09-25 03:14:48.038951
8174,933,5.68,2026-09-22 05:19:48.038951
8175,1673,1.47,2026-09-19 03:03:48.038951
8176,2145,7.72,2026-09-25 05:18:48.038951
8177,2191,1.88,2026-09-14 15:14:48.038951
8178,1224,4.27,2026-09-18 21:38:48.038951
8179,2165,2.9,2026-09-16 01:14:48.038951
8180,2238,6.07,2026-09-14 19:15:48.038951
8181,3059,2.7,2026-09-17 14:49:48.038951
8182,2566,4.89,2026-09-13 09:06:48.038951
8183,286,6.14,2026-09-24 16:13:48.038951
8184,625,6.21,2026-09-13 21:51:48.038951
8185,465,4.21,2026-09-21 00:48:48.038951
8186,1868,4.26,2026-09-24 11:44:48.038951
8187,2652,5.19,2026-09-25 21:51:48.038951
8188,964,3.28,2026-09-15 23:10:48.038951
8189,1904,3.66,2026-09-13 00:26:48.038951
8190,1453,3.49,2026-09-16 09:07:48.038951
8191,1904,5.7,2026-09-23 00:16:48.038951
8192,3105,3.35,2026-09-22 13:01:48.038951
8193,2510,7.47,2026-09-20 08:19:48.038951
8194,386,1.48,2026-09-18 08:27:48.038951
8195,1348,7.13,2026-09-19 17:52:48.038951
8196,3517,3.68,2026-09-20 23:59:48.038951
8197,630,6.6,2026-09-16 14:01:48.038951
8198,854,4.45,2026-09-23 09:00:48.038951
8199,3445,2.53,2026-09-11 00:24:48.038951
8200,848,2.58,2026-09-22 21:27:48.038951
8201,3088,1.71,2026-09-14 22:33:48.038951
8202,272,4.69,2026-09-24 00:28:48.038951
8203,1497,3.17,2026-09-14 21:27:48.038951
8204,2750,8.17,2026-09-16 07:14:48.038951
8205,1284,2.61,2026-09-14 18:39:48.038951
8206,1771,8.21,2026-09-15 05:21:48.038951
8207,2085,8.39,2026-09-16 15:26:48.038951
8208,3102,5.05,2026-09-15 21:08:48.038951
8209,3537,7.19,2026-09-12 23:15:48.038951
8210,1244,2.24,2026-09-18 16:53:48.038951
8211,170,6.49,2026-09-12 03:17:48.038951
8212,220,7.01,2026-09-17 10:22:48.038951
8213,863,4.68,2026-09-14 14:59:48.038951
8214,2694,5.03,2026-09-16 14:52:48.038951
8215,1962,4.88,2026-09-17 04:40:48.038951
8216,224,2.34,2026-09-18 01:24:48.038951
8217,1460,1.24,2026-09-13 18:55:48.038951
8218,3096,6.03,2026-09-16 07:18:48.038951
8219,3074,5.82,2026-09-24 00:57:48.038951
8220,1881,5.79,2026-09-24 08:44:48.038951
8221,2242,7.04,2026-09-26 23:42:48.038951
8222,1782,2.45,2026-09-19 23:31:48.038951
8223,2668,4.1,2026-09-23 07:02:48.038951
8224,840,7.25,2026-09-13 06:46:48.038951
8225,230,2.25,2026-09-24 04:47:48.038951
8226,2540,5.69,2026-09-13 07:20:48.038951
8227,2902,3.65,2026-09-11 14:58:48.038951
8228,2642,1.46,2026-09-18 05:47:48.038951
8229,3316,6.48,2026-09-17 22:35:48.038951
8230,371,5.61,2026-09-20 09:00:48.038951
8231,1860,8.3,2026-09-14 08:14:48.038951
8232,2870,4.1,2026-09-20 00:57:48.038951
8233,3250,6.26,2026-09-20 23:24:48.038951
8234,256,7.99,2026-09-22 19:03:48.038951
8235,1398,4.46,2026-09-24 21:44:48.038951
8236,2040,5.28,2026-09-11 08:07:48.038951
8237,110,4.0,2026-09-12 18:20:48.038951
8238,3482,6.8,2026-09-23 16:58:48.038951
8239,2845,4.93,2026-09-21 00:45:48.038951
8240,805,3.15,2026-09-23 11:32:48.038951
8241,1909,5.48,2026-09-16 00:58:48.038951
8242,2804,1.94,2026-09-12 07:48:48.038951
8243,3276,2.17,2026-09-14 09:58:48.038951
8244,1420,5.33,2026-09-14 04:37:48.038951
8245,1657,6.05,2026-09-21 01:01:48.038951
8246,1782,6.34,2026-09-17 11:03:48.038951
8247,942,2.04,2026-09-21 17:43:48.038951
8248,2551,3.65,2026-09-17 00:13:48.038951
8249,1398,3.97,2026-09-21 00:55:48.038951
8250,2709,6.37,2026-09-25 06:03:48.038951
8251,193,3.75,2026-09-15 19:37:48.038951
8252,1651,3.11,2026-09-20 13:11:48.038951
8253,1218,2.75,2026-09-20 08:42:48.038951
8254,2385,3.28,2026-09-13 03:36:48.038951
8255,2970,6.04,2026-09-12 13:19:48.038951
8256,1880,8.26,2026-09-20 16:34:48.038951
8257,1223,3.5,2026-09-22 19:22:48.038951
8258,1285,8.23,2026-09-17 05:56:48.038951
8259,2871,6.81,2026-09-15 08:12:48.038951
8260,5,2.02,2026-09-16 22:59:48.038951
8261,2682,2.54,2026-09-17 08:16:48.038951
8262,1465,1.28,2026-09-15 16:01:48.038951
8263,1256,4.16,2026-09-24 07:10:48.038951
8264,3115,1.24,2026-09-22 15:26:48.038951
8265,1404,3.4,2026-09-20 21:51:48.038951
8266,3134,6.12,2026-09-16 09:10:48.038951
8267,942,2.45,2026-09-22 21:36:48.038951
8268,2927,5.99,2026-09-11 06:40:48.038951
8269,2293,2.33,2026-09-18 01:51:48.038951
8270,3127,6.05,2026-09-22 09:34:48.038951
8271,1448,6.19,2026-09-24 04:45:48.038951
8272,1849,7.39,2026-09-16 17:05:48.038951
8273,145,5.27,2026-09-20 23:50:48.038951
8274,3060,7.42,2026-09-26 03:59:48.038951
8275,583,4.45,2026-09-20 08:43:48.038951
8276,1325,2.7,2026-09-14 07:56:48.038951
8277,942,4.6,2026-09-16 03:23:48.038951
8278,3398,3.49,2026-09-16 21:24:48.038951
8279,1040,7.41,2026-09-22 17:23:48.038951
8280,318,4.0,2026-09-12 14:00:48.038951
8281,1255,4.42,2026-09-22 15:13:48.038951
8282,1936,4.92,2026-09-15 13:56:48.038951
8283,151,3.12,2026-09-10 06:02:48.038951
8284,2464,3.44,2026-09-10 10:57:48.038951
8285,2779,6.2,2026-09-18 09:48:48.038951
8286,1861,5.08,2026-09-17 18:53:48.038951
8287,3090,3.63,2026-09-11 09:27:48.038951
8288,3162,4.13,2026-09-15 04:28:48.038951
8289,2775,7.55,2026-09-19 04:22:48.038951
8290,1551,7.47,2026-09-13 20:58:48.038951
8291,1045,5.03,2026-09-22 05:23:48.038951
8292,146,6.73,2026-09-21 14:41:48.038951
8293,1622,4.83,2026-09-22 01:44:48.038951
8294,319,3.29,2026-09-11 14:28:48.038951
8295,1729,7.62,2026-09-23 08:45:48.038951
8296,3512,6.32,2026-09-23 09:58:48.038951
8297,795,4.4,2026-09-21 09:01:48.038951
8298,415,3.77,2026-09-15 07:57:48.038951
8299,3034,7.53,2026-09-16 23:37:48.038951
8300,2593,6.07,2026-09-19 01:22:48.038951
8301,2221,6.48,2026-09-20 08:25:48.038951
8302,2493,6.31,2026-09-16 14:43:48.038951
8303,877,1.7,2026-09-15 05:48:48.038951
8304,1730,2.26,2026-09-15 09:50:48.038951
8305,1704,3.77,2026-09-21 03:00:48.038951
8306,2655,4.0,2026-09-18 10:14:48.038951
8307,854,1.55,2026-09-22 09:40:48.038951
8308,3125,2.15,2026-09-19 07:43:48.038951
8309,1722,7.36,2026-09-18 20:10:48.038951
8310,374,8.03,2026-09-24 11:29:48.038951
8311,949,4.41,2026-09-12 20:34:48.038951
8312,1389,5.21,2026-09-14 09:24:48.038951
8313,2340,1.65,2026-09-16 12:38:48.038951
8314,1505,1.45,2026-09-26 05:07:48.038951
8315,1364,7.34,2026-09-16 23:27:48.038951
8316,3278,3.5,2026-09-14 22:10:48.038951
8317,666,7.1,2026-09-15 14:30:48.038951
8318,2295,3.14,2026-09-13 15:19:48.038951
8319,2756,7.88,2026-09-14 19:23:48.038951
8320,1194,7.82,2026-09-26 00:59:48.038951
8321,3035,3.8,2026-09-24 14:40:48.038951
8322,1054,3.36,2026-09-15 19:43:48.038951
8323,3331,7.86,2026-09-21 08:16:48.038951
8324,566,2.66,2026-09-23 21:21:48.038951
8325,1197,3.27,2026-09-19 17:03:48.038951
8326,2600,7.49,2026-09-26 06:31:48.038951
8327,2913,2.05,2026-09-24 14:06:48.038951
8328,2860,5.81,2026-09-23 00:28:48.038951
8329,1746,4.63,2026-09-13 12:05:48.038951
8330,2949,1.45,2026-09-18 05:53:48.038951
8331,2169,2.73,2026-09-21 18:33:48.038951
8332,687,2.57,2026-09-22 10:35:48.038951
8333,463,4.89,2026-09-13 11:19:48.038951
8334,3012,3.58,2026-09-24 15:09:48.038951
8335,579,5.35,2026-09-20 22:30:48.038951
8336,786,7.98,2026-09-23 07:12:48.038951
8337,1554,5.98,2026-09-12 22:01:48.038951
8338,1973,5.04,2026-09-20 03:53:48.038951
8339,3424,1.96,2026-09-10 09:31:48.038951
8340,3237,5.23,2026-09-13 18:28:48.038951
8341,612,5.8,2026-09-21 07:32:48.038951
8342,3421,2.57,2026-09-16 18:18:48.038951
8343,2868,6.36,2026-09-21 11:02:48.038951
8344,233,4.61,2026-09-25 11:20:48.038951
8345,2083,5.71,2026-09-27 02:26:48.038951
8346,138,2.22,2026-09-24 08:00:48.038951
8347,2318,5.79,2026-09-25 07:30:48.038951
8348,2516,2.12,2026-09-16 18:13:48.038951
8349,1153,4.67,2026-09-23 01:36:48.038951
8350,1015,2.9,2026-09-24 06:57:48.038951
8351,2472,6.51,2026-09-13 00:59:48.038951
8352,2492,6.34,2026-09-14 02:35:48.038951
8353,1928,6.71,2026-09-14 05:20:48.038951
8354,3339,4.52,2026-09-22 19:56:48.038951
8355,2079,6.57,2026-09-23 00:16:48.038951
8356,995,4.85,2026-09-23 12:47:48.038951
8357,2616,1.96,2026-09-21 03:50:48.038951
8358,1902,4.58,2026-09-13 11:04:48.038951
8359,780,3.07,2026-09-21 05:38:48.038951
8360,607,7.52,2026-09-23 11:43:48.038951
8361,1181,8.44,2026-09-20 06:18:48.038951
8362,817,5.82,2026-09-25 10:41:48.038951
8363,1902,6.42,2026-09-26 05:50:48.038951
8364,2080,6.68,2026-09-19 07:12:48.038951
8365,2910,1.57,2026-09-21 01:51:48.038951
8366,486,1.27,2026-09-21 20:18:48.038951
8367,1354,5.7,2026-09-25 05:27:48.038951
8368,1578,3.28,2026-09-14 06:08:48.038951
8369,2260,8.24,2026-09-21 12:22:48.038951
8370,556,6.28,2026-09-23 04:29:48.038951
8371,1726,4.14,2026-09-17 05:53:48.038951
8372,541,6.17,2026-09-20 23:44:48.038951
8373,1982,2.39,2026-09-23 11:53:48.038951
8374,620,5.9,2026-09-23 04:40:48.038951
8375,365,1.68,2026-09-20 11:02:48.038951
8376,2828,2.49,2026-09-25 02:37:48.038951
8377,312,5.77,2026-09-17 09:25:48.038951
8378,3386,6.16,2026-09-13 01:06:48.038951
8379,1142,7.99,2026-09-15 23:14:48.038951
8380,3339,1.86,2026-09-21 19:44:48.038951
8381,1713,8.28,2026-09-24 20:27:48.038951
8382,82,6.55,2026-09-13 23:03:48.038951
8383,1369,3.86,2026-09-18 00:28:48.038951
8384,3089,1.41,2026-09-16 19:53:48.038951
8385,442,5.57,2026-09-11 02:35:48.038951
8386,200,7.77,2026-09-26 10:52:48.038951
8387,1738,6.0,2026-09-18 04:40:48.038951
8388,2766,2.81,2026-09-16 04:33:48.038951
8389,2489,5.17,2026-09-16 05:39:48.038951
8390,1382,6.64,2026-09-16 12:41:48.038951
8391,164,3.6,2026-09-19 06:39:48.038951
8392,1337,4.72,2026-09-20 20:33:48.038951
8393,1912,8.47,2026-09-20 16:29:48.038951
8394,2408,4.87,2026-09-22 14:53:48.038951
8395,3453,1.72,2026-09-23 05:46:48.038951
8396,318,6.77,2026-09-22 06:45:48.038951
8397,2034,5.97,2026-09-20 22:35:48.038951
8398,1492,4.95,2026-09-15 14:11:48.038951
8399,826,8.47,2026-09-16 14:48:48.038951
8400,3317,7.34,2026-09-23 19:07:48.038951
8401,1019,5.08,2026-09-21 01:51:48.038951
8402,2259,1.7,2026-09-16 18:36:48.038951
8403,153,5.48,2026-09-18 04:20:48.038951
8404,3279,2.24,2026-09-15 08:49:48.038951
8405,1376,1.74,2026-09-26 00:15:48.038951
8406,2250,4.84,2026-09-25 23:11:48.038951
8407,1915,2.07,2026-09-18 05:58:48.038951
8408,3541,6.06,2026-09-25 05:51:48.038951
8409,832,4.84,2026-09-16 07:21:48.038951
8410,1562,5.17,2026-09-10 20:26:48.038951
8411,2901,6.3,2026-09-20 11:12:48.038951
8412,744,1.23,2026-09-14 05:17:48.038951
8413,1963,5.7,2026-09-24 19:40:48.038951
8414,1026,2.55,2026-09-17 14:13:48.038951
8415,2867,2.75,2026-09-14 02:44:48.038951
8416,1230,7.6,2026-09-12 22:28:48.038951
8417,3116,8.13,2026-09-14 07:30:48.038951
8418,2904,7.06,2026-09-19 00:38:48.038951
8419,103,6.41,2026-09-15 12:45:48.038951
8420,1249,7.54,2026-09-19 04:38:48.038951
8421,2082,1.96,2026-09-13 11:54:48.038951
8422,1349,6.43,2026-09-24 05:07:48.038951
8423,1404,2.83,2026-09-26 01:43:48.038951
8424,3153,8.05,2026-09-11 12:54:48.038951
8425,1582,1.61,2026-09-21 11:54:48.038951
8426,1395,4.78,2026-09-13 08:20:48.038951
8427,882,2.54,2026-09-15 19:06:48.038951
8428,30,2.8,2026-09-22 02:46:48.038951
8429,1234,3.39,2026-09-13 23:05:48.038951
8430,2726,2.67,2026-09-13 08:04:48.038951
8431,2591,1.77,2026-09-17 04:55:48.038951
8432,2908,3.24,2026-09-22 16:42:48.038951
8433,3308,2.93,2026-09-24 02:33:48.038951
8434,2333,1.12,2026-09-23 10:43:48.038951
8435,477,6.52,2026-09-12 21:38:48.038951
8436,2178,1.66,2026-09-15 09:14:48.038951
8437,210,4.93,2026-09-16 09:12:48.038951
8438,3031,8.11,2026-09-12 03:11:48.038951
8439,2939,1.51,2026-09-10 01:24:48.038951
8440,3507,6.09,2026-09-24 20:14:48.038951
8441,3238,7.84,2026-09-23 13:53:48.038951
8442,1430,2.77,2026-09-15 16:40:48.038951
8443,616,8.12,2026-09-17 16:15:48.038951
8444,927,3.15,2026-09-22 02:15:48.038951
8445,2747,2.47,2026-09-13 21:54:48.038951
8446,1032,2.7,2026-09-14 17:11:48.038951
8447,2010,1.59,2026-09-17 16:57:48.038951
8448,658,2.2,2026-09-14 01:33:48.038951
8449,2216,5.45,2026-09-22 17:52:48.038951
8450,1809,1.14,2026-09-17 12:00:48.038951
8451,1233,6.49,2026-09-20 23:25:48.038951
8452,1079,5.05,2026-09-21 21:07:48.038951
8453,2995,7.64,2026-09-13 00:28:48.038951
8454,3053,1.97,2026-09-12 14:14:48.038951
8455,437,4.66,2026-09-24 21:20:48.038951
8456,2041,4.73,2026-09-18 11:43:48.038951
8457,866,4.25,2026-09-10 10:16:48.038951
8458,681,6.35,2026-09-18 17:04:48.038951
8459,2988,6.18,2026-09-22 10:55:48.038951
8460,3233,6.38,2026-09-26 04:38:48.038951
8461,1242,6.41,2026-09-18 17:27:48.038951
8462,1293,2.83,2026-09-11 04:18:48.038951
8463,20,5.18,2026-09-22 09:39:48.038951
8464,3180,3.31,2026-09-21 17:19:48.038951
8465,1381,3.0,2026-09-25 20:38:48.038951
8466,665,8.14,2026-09-25 13:43:48.038951
8467,3329,2.08,2026-09-13 01:14:48.038951
8468,1282,6.62,2026-09-18 09:26:48.038951
8469,203,3.09,2026-09-21 06:27:48.038951
8470,870,7.08,2026-09-16 22:56:48.038951
8471,2669,4.95,2026-09-17 21:27:48.038951
8472,3337,7.22,2026-09-21 15:37:48.038951
8473,406,3.42,2026-09-15 05:24:48.038951
8474,3348,7.75,2026-09-13 21:27:48.038951
8475,2459,6.79,2026-09-13 09:59:48.038951
8476,2973,4.3,2026-09-26 23:52:48.038951
8477,967,5.5,2026-09-17 19:48:48.038951
8478,2053,1.31,2026-09-13 18:23:48.038951
8479,233,4.78,2026-09-15 20:09:48.038951
8480,1383,4.51,2026-09-24 05:22:48.038951
8481,1248,3.7,2026-09-23 18:20:48.038951
8482,28,2.31,2026-09-16 07:53:48.038951
8483,2522,6.93,2026-09-14 08:56:48.038951
8484,201,6.34,2026-09-18 14:11:48.038951
8485,3400,4.46,2026-09-13 01:30:48.038951
8486,447,2.21,2026-09-10 22:40:48.038951
8487,2793,4.72,2026-09-18 22:07:48.038951
8488,3007,4.4,2026-09-14 01:20:48.038951
8489,2945,5.31,2026-09-21 20:25:48.038951
8490,1590,1.77,2026-09-25 08:50:48.038951
8491,691,5.8,2026-09-15 04:12:48.038951
8492,1730,8.44,2026-09-24 02:49:48.038951
8493,2919,7.16,2026-09-23 07:37:48.038951
8494,3317,4.18,2026-09-20 20:29:48.038951
8495,288,6.85,2026-09-23 23:37:48.038951
8496,134,3.11,2026-09-24 08:36:48.038951
8497,2873,2.23,2026-09-14 05:11:48.038951
8498,2524,1.27,2026-09-21 06:20:48.038951
8499,1314,7.65,2026-09-23 23:47:48.038951
8500,1990,2.38,2026-09-12 15:33:48.038951
8501,3407,3.84,2026-09-14 22:21:48.038951
8502,1408,2.9,2026-09-14 11:22:48.038951
8503,541,5.64,2026-09-19 17:54:48.038951
8504,1482,1.75,2026-09-25 14:57:48.038951
8505,2770,2.68,2026-09-13 18:35:48.038951
8506,755,8.04,2026-09-21 01:47:48.038951
8507,397,1.61,2026-09-11 05:49:48.038951
8508,751,1.87,2026-09-25 10:34:48.038951
8509,1237,6.71,2026-09-24 04:10:48.038951
8510,2382,2.89,2026-09-11 10:03:48.038951
8511,102,7.94,2026-09-21 04:14:48.038951
8512,3382,1.68,2026-09-15 17:46:48.038951
8513,71,3.59,2026-09-24 22:14:48.038951
8514,1203,3.04,2026-09-21 12:37:48.038951
8515,2224,3.3,2026-09-21 11:01:48.038951
8516,1794,1.41,2026-09-21 09:28:48.038951
8517,2022,1.12,2026-09-14 21:40:48.038951
8518,3122,2.59,2026-09-20 08:48:48.038951
8519,2668,4.51,2026-09-13 16:19:48.038951
8520,2963,7.74,2026-09-13 00:45:48.038951
8521,1524,7.9,2026-09-17 22:55:48.038951
8522,321,4.48,2026-09-13 10:35:48.038951
8523,1206,7.47,2026-09-14 00:47:48.038951
8524,2550,1.85,2026-09-13 12:21:48.038951
8525,2958,4.54,2026-09-21 16:23:48.038951
8526,2364,6.77,2026-09-19 22:27:48.038951
8527,3105,4.26,2026-09-14 06:19:48.038951
8528,102,6.14,2026-09-15 23:32:48.038951
8529,2332,1.5,2026-09-19 08:21:48.038951
8530,1915,3.24,2026-09-24 23:48:48.038951
8531,2967,8.13,2026-09-21 13:00:48.038951
8532,2440,7.03,2026-09-24 22:05:48.038951
8533,3100,3.06,2026-09-19 18:08:48.038951
8534,566,4.99,2026-09-22 10:43:48.038951
8535,888,3.62,2026-09-24 04:31:48.038951
8536,2610,5.09,2026-09-17 00:31:48.038951
8537,1775,3.2,2026-09-21 06:06:48.038951
8538,856,2.62,2026-09-16 00:21:48.038951
8539,3229,7.6,2026-09-10 11:51:48.038951
8540,697,4.69,2026-09-22 15:29:48.038951
8541,3175,2.67,2026-09-23 00:09:48.038951
8542,1551,6.16,2026-09-15 12:53:48.038951
8543,108,3.53,2026-09-23 08:29:48.038951
8544,89,1.92,2026-09-13 15:11:48.038951
8545,770,3.73,2026-09-15 08:11:48.038951
8546,3126,6.44,2026-09-14 03:43:48.038951
8547,1452,6.84,2026-09-17 07:27:48.038951
8548,473,4.21,2026-09-20 00:07:48.038951
8549,2815,3.09,2026-09-11 04:37:48.038951
8550,2728,8.3,2026-09-19 01:49:48.038951
8551,3375,3.51,2026-09-20 05:55:48.038951
8552,666,3.95,2026-09-24 23:46:48.038951
8553,3008,7.78,2026-09-14 07:29:48.038951
8554,3440,7.19,2026-09-25 04:08:48.038951
8555,200,1.25,2026-09-21 12:12:48.038951
8556,2226,7.68,2026-09-26 02:04:48.038951
8557,2527,4.51,2026-09-16 08:14:48.038951
8558,1133,6.44,2026-09-18 11:33:48.038951
8559,1167,7.7,2026-09-15 12:42:48.038951
8560,854,3.35,2026-09-21 21:41:48.038951
8561,1854,7.86,2026-09-14 11:11:48.038951
8562,2787,3.82,2026-09-17 11:33:48.038951
8563,1751,4.37,2026-09-24 10:04:48.038951
8564,2330,3.71,2026-09-21 23:28:48.038951
8565,365,7.0,2026-09-12 18:35:48.038951
8566,1705,1.45,2026-09-16 04:19:48.038951
8567,529,1.44,2026-09-10 17:20:48.038951
8568,717,3.45,2026-09-14 01:20:48.038951
8569,1769,1.22,2026-09-24 05:26:48.038951
8570,2761,2.26,2026-09-18 13:17:48.038951
8571,1259,5.95,2026-09-14 02:53:48.038951
8572,2832,6.16,2026-09-18 18:00:48.038951
8573,658,1.94,2026-09-19 00:06:48.038951
8574,2229,2.94,2026-09-18 03:43:48.038951
8575,559,1.94,2026-09-14 23:11:48.038951
8576,1076,1.87,2026-09-15 06:23:48.038951
8577,567,5.38,2026-09-13 02:31:48.038951
8578,161,7.13,2026-09-23 12:57:48.038951
8579,753,2.48,2026-09-19 15:23:48.038951
8580,549,2.16,2026-09-12 04:04:48.038951
8581,3410,3.69,2026-09-21 08:50:48.038951
8582,2793,5.4,2026-09-12 14:22:48.038951
8583,3518,6.3,2026-09-11 17:40:48.038951
8584,2032,4.89,2026-09-16 09:33:48.038951
8585,296,3.18,2026-09-13 12:11:48.038951
8586,2157,4.46,2026-09-23 22:21:48.038951
8587,2021,1.74,2026-09-17 23:50:48.038951
8588,2485,6.31,2026-09-13 07:36:48.038951
8589,3410,6.01,2026-09-17 04:04:48.038951
8590,703,3.62,2026-09-10 22:49:48.038951
8591,2781,6.81,2026-09-22 17:30:48.038951
8592,399,3.07,2026-09-23 00:02:48.038951
8593,3360,4.05,2026-09-11 23:07:48.038951
8594,2336,5.44,2026-09-12 19:26:48.038951
8595,1274,5.13,2026-09-16 09:24:48.038951
8596,434,7.16,2026-09-24 18:21:48.038951
8597,2005,7.93,2026-09-23 22:41:48.038951
8598,2369,2.33,2026-09-18 03:12:48.038951
8599,3442,7.37,2026-09-17 12:11:48.038951
8600,3336,3.74,2026-09-18 17:49:48.038951
8601,3262,6.63,2026-09-18 06:48:48.038951
8602,369,7.87,2026-09-19 20:57:48.038951
8603,858,7.71,2026-09-16 18:31:48.038951
8604,2645,3.81,2026-09-21 21:48:48.038951
8605,1619,3.81,2026-09-12 20:49:48.038951
8606,1135,3.9,2026-09-15 05:14:48.038951
8607,3080,2.15,2026-09-22 06:20:48.038951
8608,2448,8.14,2026-09-11 23:11:48.038951
8609,2950,6.93,2026-09-22 08:46:48.038951
8610,360,7.71,2026-09-27 03:21:48.038951
8611,492,8.48,2026-09-14 15:40:48.038951
8612,218,5.35,2026-09-23 15:50:48.038951
8613,2977,7.5,2026-09-17 13:14:48.038951
8614,427,3.22,2026-09-14 07:21:48.038951
8615,1204,7.26,2026-09-14 01:52:48.038951
8616,691,6.21,2026-09-25 23:12:48.038951
8617,3268,3.27,2026-09-14 19:41:48.038951
8618,1209,4.63,2026-09-19 15:26:48.038951
8619,617,2.67,2026-09-19 10:45:48.038951
8620,996,5.12,2026-09-19 21:06:48.038951
8621,2902,4.44,2026-09-20 01:09:48.038951
8622,1543,5.22,2026-09-22 07:15:48.038951
8623,936,3.26,2026-09-15 19:50:48.038951
8624,1686,3.24,2026-09-19 04:30:48.038951
8625,1086,1.27,2026-09-15 06:38:48.038951
8626,650,2.09,2026-09-20 05:09:48.038951
8627,2159,2.04,2026-09-25 07:33:48.038951
8628,2574,2.5,2026-09-16 05:25:48.038951
8629,2823,4.46,2026-09-21 06:56:48.038951
8630,3528,4.78,2026-09-11 23:42:48.038951
8631,1518,4.35,2026-09-12 20:29:48.038951
8632,27,4.49,2026-09-13 03:17:48.038951
8633,1785,6.17,2026-09-23 14:03:48.038951
8634,329,8.37,2026-09-22 07:11:48.038951
8635,2716,6.26,2026-09-16 04:55:48.038951
8636,542,3.75,2026-09-19 10:40:48.038951
8637,670,7.33,2026-09-16 03:14:48.038951
8638,2326,2.44,2026-09-24 01:55:48.038951
8639,1380,2.21,2026-09-16 15:07:48.038951
8640,884,5.16,2026-09-18 04:20:48.038951
8641,1460,8.06,2026-09-24 05:22:48.038951
8642,1303,6.7,2026-09-22 21:42:48.038951
8643,3118,1.92,2026-09-19 18:24:48.038951
8644,3263,7.67,2026-09-17 14:59:48.038951
8645,2836,7.66,2026-09-11 13:53:48.038951
8646,3017,5.76,2026-09-24 06:13:48.038951
8647,2645,4.81,2026-09-23 09:01:48.038951
8648,2686,3.71,2026-09-16 15:31:48.038951
8649,830,3.4,2026-09-19 01:34:48.038951
8650,3364,1.16,2026-09-15 12:40:48.038951
8651,2909,3.56,2026-09-12 18:22:48.038951
8652,1927,3.13,2026-09-22 15:36:48.038951
8653,3498,3.31,2026-09-20 11:56:48.038951
8654,867,3.33,2026-09-11 18:15:48.038951
8655,2572,7.85,2026-09-18 16:10:48.038951
8656,3023,2.34,2026-09-10 22:13:48.038951
8657,582,5.74,2026-09-17 07:13:48.038951
8658,3526,3.01,2026-09-15 10:33:48.038951
8659,142,1.29,2026-09-26 19:36:48.038951
8660,1360,1.17,2026-09-22 13:35:48.038951
8661,912,5.92,2026-09-16 08:39:48.038951
8662,2795,5.42,2026-09-16 02:45:48.038951
8663,3126,4.31,2026-09-23 02:34:48.038951
8664,1300,4.48,2026-09-18 10:42:48.038951
8665,3363,8.34,2026-09-22 21:18:48.038951
8666,881,4.82,2026-09-19 21:27:48.038951
8667,1243,6.04,2026-09-17 18:51:48.038951
8668,957,5.61,2026-09-22 17:56:48.038951
8669,2578,6.36,2026-09-22 04:24:48.038951
8670,2433,6.22,2026-09-11 12:20:48.038951
8671,485,3.41,2026-09-11 07:01:48.038951
8672,2177,3.92,2026-09-26 16:08:48.038951
8673,2092,1.91,2026-09-15 14:44:48.038951
8674,18,2.46,2026-09-24 06:53:48.038951
8675,2531,4.89,2026-09-17 19:38:48.038951
8676,836,7.91,2026-09-19 18:20:48.038951
8677,1654,5.65,2026-09-22 07:45:48.038951
8678,3115,6.76,2026-09-14 10:49:48.038951
8679,1584,6.61,2026-09-18 13:07:48.038951
8680,1791,4.86,2026-09-16 12:20:48.038951
8681,3473,1.46,2026-09-18 13:03:48.038951
8682,1622,7.58,2026-09-15 23:06:48.038951
8683,310,8.48,2026-09-22 16:37:48.038951
8684,2428,5.61,2026-09-24 11:37:48.038951
8685,2582,4.83,2026-09-13 08:27:48.038951
8686,582,4.26,2026-09-13 22:08:48.038951
8687,2141,4.79,2026-09-24 02:49:48.038951
8688,114,3.55,2026-09-18 14:39:48.038951
8689,1239,4.68,2026-09-19 23:52:48.038951
8690,769,2.68,2026-09-22 16:44:48.038951
8691,2717,7.78,2026-09-25 15:39:48.038951
8692,2780,1.48,2026-09-17 01:20:48.038951
8693,3125,4.24,2026-09-21 17:53:48.038951
8694,3447,7.11,2026-09-17 23:01:48.038951
8695,1940,7.86,2026-09-21 03:58:48.038951
8696,890,5.52,2026-09-14 12:10:48.038951
8697,1756,6.05,2026-09-16 21:02:48.038951
8698,3327,6.32,2026-09-19 04:36:48.038951
8699,393,7.5,2026-09-15 11:20:48.038951
8700,3280,6.56,2026-09-24 14:39:48.038951
8701,375,8.5,2026-09-24 20:06:48.038951
8702,306,4.72,2026-09-15 07:11:48.038951
8703,408,1.59,2026-09-11 01:46:48.038951
8704,1438,2.78,2026-09-19 13:56:48.038951
8705,928,6.65,2026-09-13 02:28:48.038951
8706,3396,6.57,2026-09-11 17:44:48.038951
8707,1142,7.38,2026-09-13 02:44:48.038951
8708,1602,6.63,2026-09-18 22:55:48.038951
8709,460,1.51,2026-09-21 03:06:48.038951
8710,65,1.28,2026-09-14 01:45:48.038951
8711,2699,8.42,2026-09-18 23:25:48.038951
8712,3055,1.21,2026-09-11 04:36:48.038951
8713,1750,1.7,2026-09-24 10:45:48.038951
8714,2064,2.68,2026-09-18 23:37:48.038951
8715,1412,2.73,2026-09-19 16:28:48.038951
8716,1622,3.16,2026-09-19 20:44:48.038951
8717,87,8.23,2026-09-24 01:58:48.038951
8718,2753,5.56,2026-09-23 21:39:48.038951
8719,611,4.34,2026-09-22 07:45:48.038951
8720,3218,7.38,2026-09-21 07:57:48.038951
8721,1903,3.78,2026-09-14 18:04:48.038951
8722,1402,7.51,2026-09-12 02:57:48.038951
8723,2406,2.32,2026-09-21 21:21:48.038951
8724,3339,3.09,2026-09-19 13:29:48.038951
8725,2591,1.36,2026-09-21 03:32:48.038951
8726,3306,1.31,2026-09-25 12:03:48.038951
8727,2664,4.93,2026-09-17 12:19:48.038951
8728,2665,5.25,2026-09-12 23:51:48.038951
8729,862,2.28,2026-09-17 12:37:48.038951
8730,1740,7.91,2026-09-17 04:01:48.038951
8731,1879,4.3,2026-09-13 05:42:48.038951
8732,2595,5.86,2026-09-22 02:57:48.038951
8733,1614,7.95,2026-09-17 13:50:48.038951
8734,2705,4.06,2026-09-11 20:44:48.038951
8735,2845,3.08,2026-09-16 08:29:48.038951
8736,1320,8.26,2026-09-12 05:05:48.038951
8737,3257,6.45,2026-09-18 10:30:48.038951
8738,759,5.14,2026-09-18 08:11:48.038951
8739,2417,7.51,2026-09-20 21:05:48.038951
8740,2569,2.91,2026-09-23 11:24:48.038951
8741,213,7.44,2026-09-20 00:54:48.038951
8742,1896,5.24,2026-09-23 01:30:48.038951
8743,3259,7.5,2026-09-26 07:40:48.038951
8744,187,7.91,2026-09-14 18:14:48.038951
8745,513,7.37,2026-09-17 05:56:48.038951
8746,990,8.27,2026-09-15 18:34:48.038951
8747,3403,7.99,2026-09-16 07:18:48.038951
8748,3298,4.37,2026-09-15 20:55:48.038951
8749,2543,4.36,2026-09-13 22:39:48.038951
8750,611,2.22,2026-09-15 02:05:48.038951
8751,552,4.58,2026-09-15 07:20:48.038951
8752,2891,2.34,2026-09-15 12:01:48.038951
8753,1012,1.96,2026-09-17 20:27:48.038951
8754,2881,7.89,2026-09-21 06:41:48.038951
8755,862,3.6,2026-09-23 05:15:48.038951
8756,144,4.53,2026-09-26 10:36:48.038951
8757,1604,4.04,2026-09-17 21:54:48.038951
8758,874,6.2,2026-09-14 00:24:48.038951
8759,815,6.08,2026-09-19 09:16:48.038951
8760,788,8.28,2026-09-19 15:17:48.038951
8761,23,2.28,2026-09-16 05:13:48.038951
8762,2250,4.46,2026-09-19 19:41:48.038951
8763,3165,7.94,2026-09-26 08:47:48.038951
8764,1366,8.03,2026-09-20 14:28:48.038951
8765,3281,4.43,2026-09-26 02:55:48.038951
8766,1482,5.73,2026-09-13 05:19:48.038951
8767,1609,5.41,2026-09-24 16:28:48.038951
8768,3315,2.12,2026-09-19 13:43:48.038951
8769,3311,1.83,2026-09-23 22:09:48.038951
8770,2780,6.99,2026-09-19 21:24:48.038951
8771,571,2.66,2026-09-10 16:01:48.038951
8772,287,6.79,2026-09-13 01:53:48.038951
8773,1195,7.65,2026-09-12 14:20:48.038951
8774,1547,7.51,2026-09-09 23:02:48.038951
8775,2847,4.3,2026-09-25 08:53:48.038951
8776,1672,4.32,2026-09-15 03:03:48.038951
8777,3506,2.97,2026-09-16 12:52:48.038951
8778,1238,1.36,2026-09-16 20:32:48.038951
8779,1201,6.13,2026-09-23 03:00:48.038951
8780,1446,2.77,2026-09-13 03:25:48.038951
8781,2852,2.21,2026-09-19 00:52:48.038951
8782,2198,7.97,2026-09-21 01:16:48.038951
8783,1217,3.54,2026-09-18 07:29:48.038951
8784,246,3.69,2026-09-17 02:46:48.038951
8785,1756,1.74,2026-09-18 07:36:48.038951
8786,1901,7.5,2026-09-23 06:52:48.038951
8787,1688,7.49,2026-09-14 02:46:48.038951
8788,2141,2.7,2026-09-12 14:15:48.038951
8789,1997,4.24,2026-09-16 07:52:48.038951
8790,725,5.79,2026-09-22 23:47:48.038951
8791,3,5.62,2026-09-17 20:51:48.038951
8792,1396,5.36,2026-09-19 09:27:48.038951
8793,2266,2.71,2026-09-19 12:00:48.038951
8794,245,6.32,2026-09-12 04:31:48.038951
8795,1909,5.9,2026-09-20 06:13:48.038951
8796,1819,7.43,2026-09-22 17:02:48.038951
8797,1751,5.94,2026-09-18 01:00:48.038951
8798,179,1.26,2026-09-25 05:47:48.038951
8799,145,7.71,2026-09-26 12:49:48.038951
8800,2973,6.27,2026-09-23 10:31:48.038951
8801,1896,2.8,2026-09-24 22:50:48.038951
8802,3076,4.92,2026-09-18 08:06:48.038951
8803,791,1.15,2026-09-20 12:45:48.038951
8804,2053,3.14,2026-09-16 18:03:48.038951
8805,2894,8.14,2026-09-20 04:59:48.038951
8806,216,6.48,2026-09-14 05:21:48.038951
8807,2724,3.24,2026-09-24 13:09:48.038951
8808,2721,5.93,2026-09-17 10:44:48.038951
8809,2801,6.55,2026-09-16 09:21:48.038951
8810,1638,6.5,2026-09-17 04:38:48.038951
8811,707,6.77,2026-09-25 12:00:48.038951
8812,1801,5.04,2026-09-21 15:42:48.038951
8813,3375,2.96,2026-09-20 05:51:48.038951
8814,3413,2.47,2026-09-13 02:42:48.038951
8815,1315,3.69,2026-09-13 03:08:48.038951
8816,2510,2.81,2026-09-20 06:08:48.038951
8817,2777,5.44,2026-09-22 02:54:48.038951
8818,1042,6.32,2026-09-18 00:30:48.038951
8819,3462,7.06,2026-09-21 02:50:48.038951
8820,1718,5.15,2026-09-21 07:45:48.038951
8821,2843,2.47,2026-09-24 01:33:48.038951
8822,1383,7.92,2026-09-20 02:31:48.038951
8823,3509,1.45,2026-09-16 05:51:48.038951
8824,3296,5.62,2026-09-13 14:35:48.038951
8825,1795,4.27,2026-09-19 11:42:48.038951
8826,2360,5.32,2026-09-18 05:18:48.038951
8827,1001,6.75,2026-09-11 05:57:48.038951
8828,817,6.66,2026-09-17 16:52:48.038951
8829,245,4.42,2026-09-16 01:13:48.038951
8830,1259,7.59,2026-09-21 19:36:48.038951
8831,3452,3.95,2026-09-25 04:57:48.038951
8832,2074,3.07,2026-09-22 03:10:48.038951
8833,1167,1.56,2026-09-26 12:55:48.038951
8834,2123,5.49,2026-09-15 18:15:48.038951
8835,73,1.78,2026-09-19 18:21:48.038951
8836,3239,8.37,2026-09-22 03:46:48.038951
8837,2157,6.61,2026-09-20 18:32:48.038951
8838,1393,3.99,2026-09-22 02:59:48.038951
8839,3417,6.49,2026-09-10 21:25:48.038951
8840,355,7.33,2026-09-16 23:59:48.038951
8841,1972,4.99,2026-09-13 21:02:48.038951
8842,2973,4.99,2026-09-12 22:18:48.038951
8843,3304,7.88,2026-09-18 05:19:48.038951
8844,2545,7.32,2026-09-22 14:41:48.038951
8845,160,2.38,2026-09-19 21:07:48.038951
8846,336,2.58,2026-09-24 16:09:48.038951
8847,1592,4.25,2026-09-11 07:35:48.038951
8848,517,3.81,2026-09-20 05:39:48.038951
8849,735,6.77,2026-09-21 07:17:48.038951
8850,1873,3.13,2026-09-24 13:51:48.038951
8851,2095,1.45,2026-09-18 01:24:48.038951
8852,1069,8.45,2026-09-14 06:48:48.038951
8853,833,4.15,2026-09-21 08:32:48.038951
8854,3270,2.67,2026-09-21 13:58:48.038951
8855,557,6.81,2026-09-20 20:00:48.038951
8856,1552,7.97,2026-09-24 09:16:48.038951
8857,1671,5.78,2026-09-21 17:42:48.038951
8858,2362,7.01,2026-09-24 17:16:48.038951
8859,2722,2.52,2026-09-11 13:45:48.038951
8860,2269,2.87,2026-09-19 00:07:48.038951
8861,248,6.12,2026-09-18 12:11:48.038951
8862,3547,5.7,2026-09-14 03:21:48.038951
8863,621,8.15,2026-09-15 10:43:48.038951
8864,454,2.29,2026-09-25 15:29:48.038951
8865,1063,6.19,2026-09-16 08:07:48.038951
8866,1475,5.86,2026-09-23 15:00:48.038951
8867,382,1.81,2026-09-21 03:29:48.038951
8868,1181,3.1,2026-09-22 08:38:48.038951
8869,1280,5.78,2026-09-23 10:38:48.038951
8870,414,8.03,2026-09-19 09:32:48.038951
8871,1639,8.2,2026-09-21 22:48:48.038951
8872,2135,5.58,2026-09-23 06:16:48.038951
8873,502,6.85,2026-09-24 05:20:48.038951
8874,845,3.24,2026-09-13 06:55:48.038951
8875,2448,4.69,2026-09-17 17:12:48.038951
8876,194,2.17,2026-09-25 00:46:48.038951
8877,454,8.34,2026-09-20 18:32:48.038951
8878,45,1.88,2026-09-17 05:34:48.038951
8879,1405,5.21,2026-09-13 12:56:48.038951
8880,1131,6.83,2026-09-17 04:13:48.038951
8881,3207,1.73,2026-09-21 06:52:48.038951
8882,47,5.61,2026-09-22 09:42:48.038951
8883,2704,8.32,2026-09-21 22:50:48.038951
8884,2212,2.38,2026-09-12 13:52:48.038951
8885,3284,7.7,2026-09-18 09:34:48.038951
8886,2374,1.47,2026-09-14 07:04:48.038951
8887,412,5.5,2026-09-14 18:24:48.038951
8888,1161,1.9,2026-09-13 06:01:48.038951
8889,334,7.88,2026-09-25 03:43:48.038951
8890,2217,2.16,2026-09-14 00:08:48.038951
8891,2758,7.71,2026-09-18 19:50:48.038951
8892,3326,8.01,2026-09-18 01:52:48.038951
8893,2148,5.57,2026-09-17 06:23:48.038951
8894,395,5.86,2026-09-23 23:21:48.038951
8895,1437,3.71,2026-09-13 21:06:48.038951
8896,2539,3.67,2026-09-24 11:08:48.038951
8897,1302,4.4,2026-09-22 01:22:48.038951
8898,2922,2.62,2026-09-24 09:21:48.038951
8899,2652,7.14,2026-09-19 17:25:48.038951
8900,2982,7.21,2026-09-20 15:13:48.038951
8901,658,1.53,2026-09-26 01:02:48.038951
8902,856,5.44,2026-09-19 17:59:48.038951
8903,1108,5.88,2026-09-14 00:08:48.038951
8904,3278,2.64,2026-09-16 01:43:48.038951
8905,720,1.27,2026-09-19 09:34:48.038951
8906,3109,6.88,2026-09-18 19:22:48.038951
8907,1784,5.22,2026-09-15 02:17:48.038951
8908,1037,6.34,2026-09-13 03:04:48.038951
8909,2768,4.31,2026-09-27 06:05:48.038951
8910,1212,3.29,2026-09-13 08:46:48.038951
8911,176,3.92,2026-09-12 14:15:48.038951
8912,2026,5.58,2026-09-15 11:05:48.038951
8913,3264,4.43,2026-09-11 11:42:48.038951
8914,366,2.24,2026-09-16 12:09:48.038951
8915,3179,6.51,2026-09-23 13:35:48.038951
8916,2290,8.42,2026-09-14 22:41:48.038951
8917,436,2.01,2026-09-17 09:55:48.038951
8918,2790,8.37,2026-09-21 09:41:48.038951
8919,195,5.88,2026-09-20 23:27:48.038951
8920,2232,2.7,2026-09-20 13:29:48.038951
8921,2497,8.23,2026-09-12 19:22:48.038951
8922,367,3.35,2026-09-15 02:13:48.038951
8923,1427,3.09,2026-09-24 07:52:48.038951
8924,1873,1.91,2026-09-16 09:49:48.038951
8925,3181,5.64,2026-09-15 07:44:48.038951
8926,726,2.49,2026-09-15 12:54:48.038951
8927,380,2.98,2026-09-19 22:24:48.038951
8928,1572,3.27,2026-09-23 19:54:48.038951
8929,3023,1.63,2026-09-15 01:04:48.038951
8930,3402,2.98,2026-09-15 04:40:48.038951
8931,1153,6.21,2026-09-24 16:17:48.038951
8932,726,2.49,2026-09-16 03:44:48.038951
8933,2257,7.61,2026-09-19 13:54:48.038951
8934,1938,8.05,2026-09-21 22:51:48.038951
8935,1470,4.92,2026-09-15 01:59:48.038951
8936,3280,2.81,2026-09-11 13:11:48.038951
8937,2941,3.03,2026-09-24 01:42:48.038951
8938,269,7.41,2026-09-24 03:42:48.038951
8939,248,6.48,2026-09-12 10:32:48.038951
8940,1296,2.21,2026-09-21 02:58:48.038951
8941,1823,4.53,2026-09-21 05:11:48.038951
8942,1648,5.16,2026-09-25 07:43:48.038951
8943,2895,2.82,2026-09-17 03:00:48.038951
8944,3196,2.79,2026-09-19 18:13:48.038951
8945,2881,3.89,2026-09-15 22:30:48.038951
8946,417,7.14,2026-09-14 13:43:48.038951
8947,1958,7.33,2026-09-23 07:28:48.038951
8948,185,3.38,2026-09-17 16:51:48.038951
8949,1547,3.22,2026-09-16 11:08:48.038951
8950,2277,5.07,2026-09-20 14:52:48.038951
8951,2597,2.71,2026-09-10 14:42:48.038951
8952,2991,2.26,2026-09-21 14:31:48.038951
8953,1183,5.87,2026-09-13 00:36:48.038951
8954,1969,1.2,2026-09-20 12:18:48.038951
8955,1692,4.81,2026-09-13 21:42:48.038951
8956,1912,1.59,2026-09-13 23:40:48.038951
8957,2423,4.15,2026-09-20 14:23:48.038951
8958,2538,3.81,2026-09-21 03:56:48.038951
8959,2913,7.35,2026-09-25 08:49:48.038951
8960,1366,4.73,2026-09-11 18:19:48.038951
8961,2366,7.46,2026-09-18 00:26:48.038951
8962,3322,4.4,2026-09-21 08:43:48.038951
8963,1230,2.9,2026-09-24 16:29:48.038951
8964,1175,7.99,2026-09-11 20:38:48.038951
8965,656,1.19,2026-09-21 06:21:48.038951
8966,2599,8.11,2026-09-20 08:06:48.038951
8967,863,3.79,2026-09-22 06:08:48.038951
8968,1358,2.24,2026-09-21 13:05:48.038951
8969,2739,3.98,2026-09-25 12:39:48.038951
8970,799,8.05,2026-09-13 23:59:48.038951
8971,1034,6.41,2026-09-20 04:37:48.038951
8972,1805,5.23,2026-09-14 00:34:48.038951
8973,2668,6.52,2026-09-25 17:45:48.038951
8974,915,7.14,2026-09-12 18:16:48.038951
8975,1352,6.56,2026-09-24 05:50:48.038951
8976,3171,3.27,2026-09-19 21:59:48.038951
8977,2396,1.15,2026-09-14 05:33:48.038951
8978,3420,4.92,2026-09-19 12:47:48.038951
8979,74,4.58,2026-09-15 23:28:48.038951
8980,885,7.73,2026-09-15 06:21:48.038951
8981,1208,1.16,2026-09-12 11:47:48.038951
8982,2714,7.84,2026-09-25 09:02:48.038951
8983,3517,6.94,2026-09-17 23:07:48.038951
8984,83,3.91,2026-09-23 19:30:48.038951
8985,925,1.25,2026-09-19 09:38:48.038951
8986,1893,1.1,2026-09-22 08:26:48.038951
8987,3188,8.27,2026-09-17 18:30:48.038951
8988,3161,6.77,2026-09-17 21:20:48.038951
8989,2735,4.82,2026-09-23 20:50:48.038951
8990,1848,2.95,2026-09-26 06:27:48.038951
8991,2982,4.5,2026-09-18 08:53:48.038951
8992,3527,5.35,2026-09-23 03:21:48.038951
8993,2593,3.28,2026-09-13 19:26:48.038951
8994,2218,6.67,2026-09-15 13:38:48.038951
8995,2494,7.7,2026-09-12 05:05:48.038951
8996,241,6.8,2026-09-20 07:42:48.038951
8997,2598,3.07,2026-09-10 23:02:48.038951
8998,296,6.05,2026-09-25 03:41:48.038951
8999,1824,4.45,2026-09-16 12:45:48.038951
9000,2643,4.48,2026-09-17 10:27:48.038951
9001,2346,5.61,2026-09-20 22:46:48.038951
9002,1723,2.6,2026-09-14 13:54:48.038951
9003,1171,5.89,2026-09-18 09:58:48.038951
9004,2215,6.61,2026-09-15 11:45:48.038951
9005,3456,4.97,2026-09-13 17:50:48.038951
9006,1795,6.98,2026-09-12 00:03:48.038951
9007,1384,7.37,2026-09-11 13:07:48.038951
9008,2797,7.84,2026-09-16 02:33:48.038951
9009,2862,2.68,2026-09-18 08:33:48.038951
9010,3194,6.52,2026-09-19 22:06:48.038951
9011,326,4.52,2026-09-26 14:32:48.038951
9012,1357,5.62,2026-09-17 10:56:48.038951
9013,627,2.25,2026-09-20 16:38:48.038951
9014,1567,4.76,2026-09-19 12:19:48.038951
9015,1269,7.5,2026-09-22 17:16:48.038951
9016,867,8.42,2026-09-14 23:54:48.038951
9017,218,7.96,2026-09-15 09:00:48.038951
9018,224,5.41,2026-09-11 14:10:48.038951
9019,540,5.61,2026-09-10 21:42:48.038951
9020,2701,2.41,2026-09-18 04:12:48.038951
9021,964,6.66,2026-09-25 07:21:48.038951
9022,2830,4.52,2026-09-11 23:40:48.038951
9023,57,1.24,2026-09-24 11:15:48.038951
9024,2980,3.67,2026-09-16 14:53:48.038951
9025,385,6.74,2026-09-20 13:43:48.038951
9026,1971,1.11,2026-09-19 13:48:48.038951
9027,3294,1.8,2026-09-17 03:18:48.038951
9028,3276,3.77,2026-09-10 07:36:48.038951
9029,2402,7.75,2026-09-24 17:41:48.038951
9030,2453,1.78,2026-09-18 11:41:48.038951
9031,111,7.22,2026-09-24 07:35:48.038951
9032,2485,5.71,2026-09-18 17:01:48.038951
9033,756,8.04,2026-09-24 18:50:48.038951
9034,1135,5.37,2026-09-24 18:40:48.038951
9035,1713,5.14,2026-09-25 18:15:48.038951
9036,1385,4.09,2026-09-21 21:34:48.038951
9037,487,4.95,2026-09-21 13:36:48.038951
9038,2805,3.29,2026-09-20 23:05:48.038951
9039,2258,4.31,2026-09-24 21:41:48.038951
9040,351,3.95,2026-09-12 22:41:48.038951
9041,689,6.89,2026-09-16 05:07:48.038951
9042,3047,6.46,2026-09-13 17:18:48.038951
9043,1213,6.38,2026-09-11 22:47:48.038951
9044,2865,6.61,2026-09-21 02:06:48.038951
9045,3512,7.41,2026-09-12 18:28:48.038951
9046,2900,6.26,2026-09-21 00:20:48.038951
9047,554,5.83,2026-09-23 02:14:48.038951
9048,857,3.39,2026-09-18 16:10:48.038951
9049,1407,3.39,2026-09-10 10:31:48.038951
9050,1069,4.69,2026-09-21 22:53:48.038951
9051,2737,3.83,2026-09-15 08:25:48.038951
9052,78,5.89,2026-09-16 17:15:48.038951
9053,2525,7.31,2026-09-17 14:13:48.038951
9054,1279,6.33,2026-09-12 16:22:48.038951
9055,2332,6.48,2026-09-18 18:28:48.038951
9056,1984,6.36,2026-09-20 11:40:48.038951
9057,219,5.31,2026-09-20 03:44:48.038951
9058,1816,4.53,2026-09-19 09:10:48.038951
9059,2372,2.31,2026-09-18 12:10:48.038951
9060,542,4.13,2026-09-26 13:56:48.038951
9061,3062,6.1,2026-09-20 14:55:48.038951
9062,3200,1.62,2026-09-18 14:44:48.038951
9063,520,5.34,2026-09-26 16:05:48.038951
9064,806,4.54,2026-09-19 06:36:48.038951
9065,1206,1.8,2026-09-13 18:56:48.038951
9066,454,5.16,2026-09-21 04:44:48.038951
9067,2072,5.22,2026-09-20 15:25:48.038951
9068,341,4.03,2026-09-16 19:26:48.038951
9069,1608,6.42,2026-09-14 00:35:48.038951
9070,1574,2.54,2026-09-14 16:13:48.038951
9071,3495,3.21,2026-09-15 13:20:48.038951
9072,461,1.21,2026-09-20 02:52:48.038951
9073,3022,6.25,2026-09-15 00:51:48.038951
9074,2221,3.96,2026-09-18 02:04:48.038951
9075,1099,3.37,2026-09-18 04:48:48.038951
9076,3206,5.55,2026-09-17 13:38:48.038951
9077,62,2.09,2026-09-20 09:28:48.038951
9078,166,5.94,2026-09-16 22:19:48.038951
9079,3216,3.53,2026-09-14 18:34:48.038951
9080,2516,7.22,2026-09-23 18:39:48.038951
9081,241,6.95,2026-09-19 00:55:48.038951
9082,201,6.04,2026-09-19 16:53:48.038951
9083,178,5.79,2026-09-24 00:51:48.038951
9084,3499,7.05,2026-09-19 09:34:48.038951
9085,2796,7.06,2026-09-23 10:47:48.038951
9086,1219,3.26,2026-09-13 00:27:48.038951
9087,2601,4.22,2026-09-23 02:39:48.038951
9088,1395,2.06,2026-09-25 06:55:48.038951
9089,2970,1.69,2026-09-20 09:35:48.038951
9090,1029,2.3,2026-09-20 18:38:48.038951
9091,1815,6.55,2026-09-23 19:54:48.038951
9092,2899,2.57,2026-09-22 13:07:48.038951
9093,2970,5.75,2026-09-16 07:23:48.038951
9094,2555,4.31,2026-09-21 15:59:48.038951
9095,1063,3.67,2026-09-26 00:01:48.038951
9096,2827,6.52,2026-09-18 04:49:48.038951
9097,2700,2.8,2026-09-12 13:04:48.038951
9098,3525,7.38,2026-09-26 06:11:48.038951
9099,1101,6.36,2026-09-14 09:31:48.038951
9100,2987,2.98,2026-09-14 14:02:48.038951
9101,3528,3.45,2026-09-23 23:36:48.038951
9102,1364,5.11,2026-09-11 00:25:48.038951
9103,1916,1.56,2026-09-26 08:33:48.038951
9104,3163,6.67,2026-09-15 00:12:48.038951
9105,757,4.19,2026-09-14 03:59:48.038951
9106,664,3.69,2026-09-26 06:09:48.038951
9107,701,7.22,2026-09-26 04:03:48.038951
9108,1624,1.56,2026-09-23 23:17:48.038951
9109,665,1.96,2026-09-21 06:27:48.038951
9110,3057,5.41,2026-09-19 18:16:48.038951
9111,994,8.07,2026-09-18 07:35:48.038951
9112,2187,2.85,2026-09-12 12:09:48.038951
9113,1106,6.49,2026-09-15 01:56:48.038951
9114,1308,7.23,2026-09-16 21:58:48.038951
9115,124,6.22,2026-09-21 21:57:48.038951
9116,2494,3.12,2026-09-20 08:10:48.038951
9117,2022,4.01,2026-09-25 15:21:48.038951
9118,1729,6.19,2026-09-13 02:08:48.038951
9119,199,2.99,2026-09-22 09:26:48.038951
9120,133,1.2,2026-09-15 03:33:48.038951
9121,953,2.88,2026-09-14 02:14:48.038951
9122,568,4.51,2026-09-22 15:39:48.038951
9123,1247,7.92,2026-09-22 19:40:48.038951
9124,3408,2.71,2026-09-23 01:43:48.038951
9125,2515,1.34,2026-09-11 20:39:48.038951
9126,150,7.43,2026-09-10 09:42:48.038951
9127,1865,1.66,2026-09-10 11:19:48.038951
9128,1915,6.81,2026-09-24 05:28:48.038951
9129,29,3.82,2026-09-17 04:26:48.038951
9130,603,1.34,2026-09-17 20:50:48.038951
9131,1922,6.17,2026-09-16 20:52:48.038951
9132,977,5.79,2026-09-18 15:14:48.038951
9133,731,7.3,2026-09-21 17:12:48.038951
9134,3006,2.41,2026-09-16 03:24:48.038951
9135,1969,5.76,2026-09-12 17:59:48.038951
9136,2459,6.32,2026-09-20 23:57:48.038951
9137,1238,5.58,2026-09-26 04:45:48.038951
9138,2243,8.29,2026-09-17 10:34:48.038951
9139,960,1.96,2026-09-22 10:42:48.038951
9140,423,6.62,2026-09-18 22:09:48.038951
9141,3496,1.36,2026-09-20 11:58:48.038951
9142,750,3.89,2026-09-23 08:13:48.038951
9143,362,2.43,2026-09-16 20:31:48.038951
9144,1365,3.79,2026-09-22 03:55:48.038951
9145,2823,2.52,2026-09-14 18:04:48.038951
9146,2939,3.34,2026-09-18 16:43:48.038951
9147,3078,7.69,2026-09-18 20:09:48.038951
9148,726,5.95,2026-09-10 12:58:48.038951
9149,676,2.69,2026-09-16 16:39:48.038951
9150,226,4.94,2026-09-10 03:10:48.038951
9151,3159,3.6,2026-09-20 09:46:48.038951
9152,1032,4.02,2026-09-10 18:54:48.038951
9153,1152,2.43,2026-09-17 07:06:48.038951
9154,3257,2.91,2026-09-22 10:20:48.038951
9155,954,1.21,2026-09-10 23:49:48.038951
9156,1303,4.58,2026-09-16 05:48:48.038951
9157,626,1.2,2026-09-24 21:51:48.038951
9158,2002,6.25,2026-09-12 17:18:48.038951
9159,2246,4.78,2026-09-11 16:29:48.038951
9160,823,1.93,2026-09-25 20:47:48.038951
9161,583,4.55,2026-09-11 11:32:48.038951
9162,401,1.51,2026-09-24 08:36:48.038951
9163,1704,1.89,2026-09-12 03:35:48.038951
9164,635,8.17,2026-09-26 06:16:48.038951
9165,1437,7.27,2026-09-23 19:47:48.038951
9166,893,7.64,2026-09-14 00:01:48.038951
9167,1277,3.39,2026-09-18 09:29:48.038951
9168,996,7.28,2026-09-18 12:07:48.038951
9169,2622,4.86,2026-09-13 20:20:48.038951
9170,1928,2.15,2026-09-23 06:14:48.038951
9171,2195,1.4,2026-09-21 11:58:48.038951
9172,2609,2.65,2026-09-20 15:05:48.038951
9173,1584,7.39,2026-09-18 22:37:48.038951
9174,3345,6.89,2026-09-21 18:07:48.038951
9175,3442,8.08,2026-09-21 22:22:48.038951
9176,3514,1.42,2026-09-19 05:41:48.038951
9177,1293,8.16,2026-09-14 02:45:48.038951
9178,1386,3.82,2026-09-14 00:27:48.038951
9179,398,8.19,2026-09-17 01:18:48.038951
9180,1372,5.25,2026-09-16 06:14:48.038951
9181,1439,3.61,2026-09-12 02:21:48.038951
9182,816,2.13,2026-09-20 23:34:48.038951
9183,2333,8.28,2026-09-16 02:36:48.038951
9184,1358,6.28,2026-09-16 13:40:48.038951
9185,2805,6.63,2026-09-12 05:56:48.038951
9186,1820,4.73,2026-09-15 18:04:48.038951
9187,3062,7.11,2026-09-15 19:29:48.038951
9188,1911,2.64,2026-09-13 04:08:48.038951
9189,944,6.37,2026-09-23 18:44:48.038951
9190,2063,2.42,2026-09-12 08:24:48.038951
9191,2152,8.45,2026-09-18 13:52:48.038951
9192,1115,5.55,2026-09-14 16:44:48.038951
9193,2440,4.31,2026-09-21 16:21:48.038951
9194,2929,7.9,2026-09-21 02:39:48.038951
9195,1574,2.64,2026-09-17 12:51:48.038951
9196,1854,6.53,2026-09-19 01:43:48.038951
9197,294,1.17,2026-09-15 17:05:48.038951
9198,2276,2.82,2026-09-20 03:01:48.038951
9199,1202,2.2,2026-09-17 20:28:48.038951
9200,2820,7.0,2026-09-12 21:27:48.038951
9201,543,3.82,2026-09-20 00:51:48.038951
9202,3287,7.94,2026-09-11 05:44:48.038951
9203,2674,5.48,2026-09-11 18:11:48.038951
9204,501,5.59,2026-09-24 21:20:48.038951
9205,132,2.67,2026-09-16 03:41:48.038951
9206,628,2.82,2026-09-18 23:42:48.038951
9207,754,3.6,2026-09-25 04:27:48.038951
9208,2092,1.29,2026-09-23 10:17:48.038951
9209,1678,5.55,2026-09-14 21:43:48.038951
9210,891,6.94,2026-09-24 06:49:48.038951
9211,2713,1.83,2026-09-14 10:31:48.038951
9212,1335,7.4,2026-09-24 16:50:48.038951
9213,36,7.69,2026-09-15 10:53:48.038951
9214,1178,6.93,2026-09-20 09:49:48.038951
9215,1765,7.22,2026-09-26 01:59:48.038951
9216,2561,5.08,2026-09-19 01:42:48.038951
9217,565,7.03,2026-09-22 02:08:48.038951
9218,2972,5.18,2026-09-16 15:28:48.038951
9219,3105,6.75,2026-09-15 23:21:48.038951
9220,2143,2.09,2026-09-21 01:47:48.038951
9221,2329,5.07,2026-09-26 05:45:48.038951
9222,2946,1.34,2026-09-19 15:37:48.038951
9223,1886,4.71,2026-09-11 00:55:48.038951
9224,1044,6.75,2026-09-15 17:22:48.038951
9225,3347,5.61,2026-09-20 10:55:48.038951
9226,1946,5.03,2026-09-20 07:57:48.038951
9227,297,1.62,2026-09-15 08:27:48.038951
9228,1532,6.21,2026-09-22 02:50:48.038951
9229,2160,4.43,2026-09-13 10:19:48.038951
9230,1367,5.67,2026-09-24 00:14:48.038951
9231,2092,4.37,2026-09-24 16:43:48.038951
9232,102,8.29,2026-09-18 21:00:48.038951
9233,360,5.64,2026-09-17 09:48:48.038951
9234,1382,5.22,2026-09-16 05:48:48.038951
9235,180,6.0,2026-09-17 18:11:48.038951
9236,1765,2.16,2026-09-15 21:42:48.038951
9237,1712,3.31,2026-09-14 06:31:48.038951
9238,3538,3.31,2026-09-12 01:10:48.038951
9239,1390,5.6,2026-09-16 22:16:48.038951
9240,2926,6.25,2026-09-23 05:08:48.038951
9241,2188,1.8,2026-09-18 03:32:48.038951
9242,909,4.27,2026-09-19 20:21:48.038951
9243,816,2.39,2026-09-11 14:52:48.038951
9244,1722,2.47,2026-09-23 17:55:48.038951
9245,25,3.87,2026-09-25 21:02:48.038951
9246,255,2.62,2026-09-17 17:40:48.038951
9247,1563,7.27,2026-09-14 15:23:48.038951
9248,914,2.81,2026-09-15 16:24:48.038951
9249,2836,3.26,2026-09-21 22:24:48.038951
9250,2104,6.55,2026-09-19 06:37:48.038951
9251,1633,5.38,2026-09-21 13:10:48.038951
9252,2831,4.1,2026-09-12 08:47:48.038951
9253,1690,8.17,2026-09-22 15:58:48.038951
9254,948,7.69,2026-09-19 04:50:48.038951
9255,769,4.71,2026-09-10 00:33:48.038951
9256,1064,6.18,2026-09-21 15:06:48.038951
9257,1431,4.73,2026-09-14 08:20:48.038951
9258,3077,7.5,2026-09-22 23:47:48.038951
9259,1806,6.25,2026-09-13 22:31:48.038951
9260,691,5.03,2026-09-11 08:12:48.038951
9261,2307,2.09,2026-09-18 04:53:48.038951
9262,2,3.11,2026-09-19 04:12:48.038951
9263,2766,7.03,2026-09-23 19:04:48.038951
9264,2153,5.54,2026-09-22 15:29:48.038951
9265,3221,7.4,2026-09-18 15:03:48.038951
9266,2088,7.65,2026-09-18 16:39:48.038951
9267,2048,7.82,2026-09-16 06:36:48.038951
9268,2594,1.55,2026-09-16 04:31:48.038951
9269,1645,6.04,2026-09-24 20:45:48.038951
9270,3274,7.58,2026-09-24 02:50:48.038951
9271,1349,3.09,2026-09-18 19:16:48.038951
9272,2370,2.26,2026-09-20 10:03:48.038951
9273,1047,4.68,2026-09-13 06:03:48.038951
9274,1749,1.26,2026-09-17 22:24:48.038951
9275,905,3.19,2026-09-19 20:51:48.038951
9276,1726,7.68,2026-09-25 19:30:48.038951
9277,2742,6.12,2026-09-20 07:43:48.038951
9278,246,1.33,2026-09-24 18:20:48.038951
9279,102,4.56,2026-09-17 21:34:48.038951
9280,3308,2.3,2026-09-25 23:00:48.038951
9281,1062,6.21,2026-09-13 10:15:48.038951
9282,3387,1.37,2026-09-24 03:03:48.038951
9283,920,1.32,2026-09-25 00:51:48.038951
9284,194,3.62,2026-09-19 14:20:48.038951
9285,1019,6.84,2026-09-12 10:46:48.038951
9286,1878,4.39,2026-09-26 14:53:48.038951
9287,2988,3.67,2026-09-15 20:32:48.038951
9288,1792,5.47,2026-09-14 20:50:48.038951
9289,3185,2.81,2026-09-24 23:21:48.038951
9290,185,7.76,2026-09-18 13:12:48.038951
9291,1614,7.07,2026-09-22 01:07:48.038951
9292,1107,4.7,2026-09-14 09:41:48.038951
9293,2424,5.04,2026-09-16 12:00:48.038951
9294,2211,8.23,2026-09-17 09:18:48.038951
9295,2770,7.68,2026-09-16 23:25:48.038951
9296,829,7.68,2026-09-25 08:33:48.038951
9297,2661,5.95,2026-09-23 09:53:48.038951
9298,2566,3.09,2026-09-27 00:43:48.038951
9299,914,2.85,2026-09-14 00:28:48.038951
9300,865,4.57,2026-09-19 16:02:48.038951
9301,1342,1.25,2026-09-23 21:18:48.038951
9302,646,4.78,2026-09-25 12:18:48.038951
9303,3547,4.1,2026-09-14 17:20:48.038951
9304,3529,5.87,2026-09-21 19:18:48.038951
9305,1142,2.19,2026-09-13 22:33:48.038951
9306,268,1.14,2026-09-19 09:06:48.038951
9307,2400,7.88,2026-09-23 01:58:48.038951
9308,2640,6.66,2026-09-25 16:45:48.038951
9309,1093,7.06,2026-09-16 04:58:48.038951
9310,1827,6.64,2026-09-15 00:17:48.038951
9311,2863,5.95,2026-09-22 20:13:48.038951
9312,1856,6.38,2026-09-11 16:38:48.038951
9313,2098,1.18,2026-09-17 03:44:48.038951
9314,2111,4.43,2026-09-23 03:29:48.038951
9315,87,3.88,2026-09-13 22:19:48.038951
9316,220,1.19,2026-09-14 04:52:48.038951
9317,3350,1.94,2026-09-24 13:20:48.038951
9318,978,3.75,2026-09-22 12:53:48.038951
9319,2293,3.73,2026-09-13 13:08:48.038951
9320,2978,4.16,2026-09-27 00:56:48.038951
9321,3045,4.71,2026-09-19 10:27:48.038951
9322,847,5.8,2026-09-27 00:40:48.038951
9323,57,7.99,2026-09-14 15:12:48.038951
9324,970,6.86,2026-09-19 00:47:48.038951
9325,465,6.76,2026-09-19 06:45:48.038951
9326,3109,1.76,2026-09-23 00:23:48.038951
9327,3295,4.49,2026-09-23 01:31:48.038951
9328,795,1.53,2026-09-11 05:28:48.038951
9329,1163,1.71,2026-09-16 12:21:48.038951
9330,1938,6.42,2026-09-22 00:35:48.038951
9331,3356,4.59,2026-09-22 06:41:48.038951
9332,1760,3.84,2026-09-21 06:19:48.038951
9333,2854,4.69,2026-09-25 23:56:48.038951
9334,2146,4.05,2026-09-13 09:58:48.038951
9335,970,1.56,2026-09-14 23:13:48.038951
9336,517,4.39,2026-09-24 08:53:48.038951
9337,1772,8.45,2026-09-15 21:34:48.038951
9338,1817,7.24,2026-09-10 00:40:48.038951
9339,1629,8.3,2026-09-17 04:16:48.038951
9340,1779,2.0,2026-09-21 05:52:48.038951
9341,1267,7.57,2026-09-21 23:32:48.038951
9342,1309,1.83,2026-09-11 11:08:48.038951
9343,1182,6.1,2026-09-11 22:45:48.038951
9344,2788,4.99,2026-09-22 06:57:48.038951
9345,2389,6.95,2026-09-11 10:44:48.038951
9346,2091,6.52,2026-09-26 03:45:48.038951
9347,2028,2.64,2026-09-17 05:42:48.038951
9348,1149,6.49,2026-09-15 00:54:48.038951
9349,3025,3.56,2026-09-12 07:44:48.038951
9350,2186,7.94,2026-09-19 02:14:48.038951
9351,2644,8.47,2026-09-25 22:42:48.038951
9352,594,5.54,2026-09-17 16:41:48.038951
9353,2896,1.49,2026-09-14 04:04:48.038951
9354,3274,3.56,2026-09-17 09:36:48.038951
9355,2834,3.83,2026-09-18 23:06:48.038951
9356,1544,2.26,2026-09-17 20:06:48.038951
9357,2426,2.18,2026-09-23 00:11:48.038951
9358,695,7.61,2026-09-17 12:28:48.038951
9359,5,7.76,2026-09-20 04:17:48.038951
9360,1278,2.75,2026-09-19 23:58:48.038951
9361,2154,3.66,2026-09-20 02:34:48.038951
9362,3524,3.31,2026-09-17 04:01:48.038951
9363,1731,6.6,2026-09-17 21:34:48.038951
9364,1009,4.24,2026-09-16 22:10:48.038951
9365,3292,3.08,2026-09-16 08:42:48.038951
9366,1827,2.84,2026-09-15 16:40:48.038951
9367,2363,7.68,2026-09-21 15:48:48.038951
9368,1934,1.72,2026-09-12 21:24:48.038951
9369,2769,1.17,2026-09-17 08:11:48.038951
9370,2960,3.89,2026-09-14 23:15:48.038951
9371,1700,3.32,2026-09-22 01:08:48.038951
9372,848,6.12,2026-09-24 05:18:48.038951
9373,1208,4.13,2026-09-20 09:28:48.038951
9374,2604,2.27,2026-09-15 09:08:48.038951
9375,2945,4.3,2026-09-18 12:38:48.038951
9376,2340,1.68,2026-09-17 16:07:48.038951
9377,2469,7.56,2026-09-18 19:33:48.038951
9378,2783,6.57,2026-09-15 08:05:48.038951
9379,3452,2.02,2026-09-13 07:45:48.038951
9380,199,1.83,2026-09-24 09:44:48.038951
9381,1841,6.95,2026-09-15 23:39:48.038951
9382,800,2.87,2026-09-20 08:21:48.038951
9383,1414,5.38,2026-09-26 19:47:48.038951
9384,3214,5.11,2026-09-24 11:05:48.038951
9385,1653,7.89,2026-09-14 10:58:48.038951
9386,1280,1.29,2026-09-22 21:15:48.038951
9387,884,1.66,2026-09-20 19:08:48.038951
9388,2162,6.92,2026-09-20 09:28:48.038951
9389,3418,1.42,2026-09-24 18:47:48.038951
9390,3514,7.46,2026-09-26 14:49:48.038951
9391,835,4.71,2026-09-25 12:47:48.038951
9392,2049,5.26,2026-09-23 19:54:48.038951
9393,2040,4.06,2026-09-17 08:50:48.038951
9394,261,3.18,2026-09-16 13:45:48.038951
9395,1457,6.69,2026-09-10 16:38:48.038951
9396,2632,4.95,2026-09-20 10:31:48.038951
9397,24,7.46,2026-09-27 04:43:48.038951
9398,2660,7.16,2026-09-24 14:21:48.038951
9399,412,4.67,2026-09-25 20:20:48.038951
9400,1691,2.3,2026-09-23 05:35:48.038951
9401,1980,8.04,2026-09-20 00:49:48.038951
9402,596,1.89,2026-09-22 04:51:48.038951
9403,2199,3.48,2026-09-23 00:41:48.038951
9404,17,4.82,2026-09-18 03:07:48.038951
9405,2787,2.62,2026-09-18 08:48:48.038951
9406,2248,5.1,2026-09-20 04:56:48.038951
9407,1338,3.22,2026-09-20 07:25:48.038951
9408,1077,8.46,2026-09-14 12:46:48.038951
9409,575,1.11,2026-09-25 01:22:48.038951
9410,667,5.63,2026-09-18 20:18:48.038951
9411,2544,6.28,2026-09-14 09:51:48.038951
9412,486,3.71,2026-09-11 17:14:48.038951
9413,1053,5.1,2026-09-18 15:08:48.038951
9414,3546,1.47,2026-09-20 12:18:48.038951
9415,3140,3.12,2026-09-17 06:55:48.038951
9416,2310,3.79,2026-09-26 08:09:48.038951
9417,2739,5.2,2026-09-25 16:17:48.038951
9418,1702,1.62,2026-09-14 01:38:48.038951
9419,2491,7.82,2026-09-23 17:31:48.038951
9420,2065,7.96,2026-09-11 22:28:48.038951
9421,378,1.25,2026-09-16 00:10:48.038951
9422,2867,6.71,2026-09-26 20:28:48.038951
9423,1621,2.78,2026-09-21 17:57:48.038951
9424,3270,4.34,2026-09-26 21:21:48.038951
9425,3534,3.63,2026-09-13 08:36:48.038951
9426,1315,8.37,2026-09-18 05:44:48.038951
9427,1251,6.59,2026-09-26 07:55:48.038951
9428,2858,4.37,2026-09-14 01:07:48.038951
9429,2635,5.0,2026-09-19 11:09:48.038951
9430,1632,3.45,2026-09-14 22:55:48.038951
9431,1747,7.78,2026-09-16 22:00:48.038951
9432,978,2.34,2026-09-20 11:59:48.038951
9433,2970,1.35,2026-09-24 14:09:48.038951
9434,3381,3.11,2026-09-17 06:11:48.038951
9435,1640,8.3,2026-09-26 03:19:48.038951
9436,200,6.01,2026-09-22 14:08:48.038951
9437,556,3.94,2026-09-17 03:55:48.038951
9438,1843,2.05,2026-09-14 09:44:48.038951
9439,1371,3.65,2026-09-25 11:27:48.038951
9440,1041,4.45,2026-09-21 16:31:48.038951
9441,3094,6.11,2026-09-19 21:50:48.038951
9442,2384,5.02,2026-09-23 22:46:48.038951
9443,677,6.03,2026-09-24 22:45:48.038951
9444,436,6.59,2026-09-22 01:13:48.038951
9445,2550,7.51,2026-09-14 22:41:48.038951
9446,3073,7.99,2026-09-25 18:57:48.038951
9447,525,8.39,2026-09-24 11:41:48.038951
9448,922,2.74,2026-09-24 20:07:48.038951
9449,2767,3.85,2026-09-26 20:13:48.038951
9450,1083,6.04,2026-09-22 20:56:48.038951
9451,818,7.34,2026-09-15 02:39:48.038951
9452,645,6.79,2026-09-19 01:41:48.038951
9453,178,6.56,2026-09-16 01:00:48.038951
9454,684,2.91,2026-09-20 19:01:48.038951
9455,635,5.08,2026-09-13 05:49:48.038951
9456,2513,1.61,2026-09-21 15:23:48.038951
9457,1238,7.17,2026-09-24 14:05:48.038951
9458,2798,1.79,2026-09-14 02:45:48.038951
9459,181,4.04,2026-09-19 20:58:48.038951
9460,2901,3.5,2026-09-13 02:16:48.038951
9461,1111,5.52,2026-09-13 05:19:48.038951
9462,3106,2.63,2026-09-17 00:02:48.038951
9463,2910,8.18,2026-09-18 17:06:48.038951
9464,1188,4.92,2026-09-26 22:05:48.038951
9465,384,1.81,2026-09-24 16:01:48.038951
9466,1732,2.24,2026-09-18 08:08:48.038951
9467,2924,1.81,2026-09-24 15:57:48.038951
9468,303,6.47,2026-09-20 10:46:48.038951
9469,2103,1.2,2026-09-14 03:01:48.038951
9470,2572,1.47,2026-09-23 14:32:48.038951
9471,2450,1.9,2026-09-20 05:51:48.038951
9472,3502,7.02,2026-09-20 02:52:48.038951
9473,3311,3.2,2026-09-13 09:47:48.038951
9474,388,3.48,2026-09-21 15:32:48.038951
9475,3488,8.18,2026-09-16 10:57:48.038951
9476,1739,1.83,2026-09-19 20:01:48.038951
9477,2347,7.8,2026-09-24 05:11:48.038951
9478,878,1.19,2026-09-11 05:00:48.038951
9479,581,5.78,2026-09-23 18:53:48.038951
9480,1985,7.56,2026-09-17 09:06:48.038951
9481,894,5.46,2026-09-15 11:11:48.038951
9482,2814,1.62,2026-09-12 00:07:48.038951
9483,1136,6.14,2026-09-15 16:33:48.038951
9484,660,2.08,2026-09-26 20:11:48.038951
9485,2869,1.8,2026-09-14 07:44:48.038951
9486,2696,4.54,2026-09-18 11:25:48.038951
9487,2110,2.68,2026-09-22 08:18:48.038951
9488,2852,2.16,2026-09-23 21:31:48.038951
9489,1931,6.58,2026-09-25 13:58:48.038951
9490,3471,8.28,2026-09-21 22:58:48.038951
9491,3098,7.48,2026-09-21 20:50:48.038951
9492,1817,7.89,2026-09-17 07:13:48.038951
9493,293,3.05,2026-09-16 05:11:48.038951
9494,1491,1.12,2026-09-24 06:02:48.038951
9495,658,3.23,2026-09-15 03:57:48.038951
9496,1191,5.64,2026-09-23 16:51:48.038951
9497,1654,6.98,2026-09-17 21:27:48.038951
9498,886,7.75,2026-09-19 06:45:48.038951
9499,2312,8.27,2026-09-23 16:10:48.038951
9500,2994,8.09,2026-09-19 13:55:48.038951
9501,808,4.44,2026-09-22 08:01:48.038951
9502,3054,4.14,2026-09-21 17:42:48.038951
9503,1951,8.18,2026-09-13 00:47:48.038951
9504,50,1.9,2026-09-24 22:18:48.038951
9505,1549,5.63,2026-09-10 20:29:48.038951
9506,3283,5.68,2026-09-14 09:50:48.038951
9507,935,3.98,2026-09-21 01:49:48.038951
9508,2956,6.16,2026-09-23 00:18:48.038951
9509,404,7.15,2026-09-16 04:36:48.038951
9510,975,3.99,2026-09-15 02:36:48.038951
9511,2344,8.41,2026-09-11 05:42:48.038951
9512,2388,3.71,2026-09-23 06:30:48.038951
9513,1095,8.4,2026-09-25 09:06:48.038951
9514,1189,8.11,2026-09-24 02:34:48.038951
9515,1497,7.2,2026-09-22 04:28:48.038951
9516,1469,5.88,2026-09-26 15:44:48.038951
9517,307,4.83,2026-09-13 05:12:48.038951
9518,2579,3.54,2026-09-16 06:46:48.038951
9519,2302,2.87,2026-09-25 14:54:48.038951
9520,591,7.24,2026-09-25 02:13:48.038951
9521,1367,1.17,2026-09-14 07:54:48.038951
9522,3,3.49,2026-09-18 00:26:48.038951
9523,2303,6.8,2026-09-21 02:08:48.038951
9524,731,6.75,2026-09-14 16:10:48.038951
9525,1872,8.41,2026-09-16 17:36:48.038951
9526,2185,5.5,2026-09-12 19:36:48.038951
9527,2385,8.42,2026-09-18 06:41:48.038951
9528,2939,6.06,2026-09-23 14:36:48.038951
9529,894,5.05,2026-09-16 22:28:48.038951
9530,2655,5.01,2026-09-14 03:36:48.038951
9531,809,4.34,2026-09-18 03:57:48.038951
9532,3499,6.78,2026-09-18 23:34:48.038951
9533,3545,5.59,2026-09-22 00:04:48.038951
9534,269,3.62,2026-09-26 03:36:48.038951
9535,3255,7.2,2026-09-18 02:57:48.038951
9536,320,7.55,2026-09-24 23:51:48.038951
9537,12,1.24,2026-09-27 00:01:48.038951
9538,391,8.44,2026-09-14 22:04:48.038951
9539,444,1.5,2026-09-14 10:39:48.038951
9540,1036,2.45,2026-09-13 19:47:48.038951
9541,176,4.35,2026-09-19 00:57:48.038951
9542,141,4.59,2026-09-23 04:21:48.038951
9543,2181,5.44,2026-09-12 03:19:48.038951
9544,2695,7.66,2026-09-18 11:00:48.038951
9545,729,7.2,2026-09-18 21:54:48.038951
9546,2598,5.78,2026-09-11 00:38:48.038951
9547,216,6.07,2026-09-23 12:14:48.038951
9548,1162,2.0,2026-09-13 19:07:48.038951
9549,3413,6.17,2026-09-15 04:13:48.038951
9550,1698,5.93,2026-09-24 08:17:48.038951
9551,1018,4.43,2026-09-17 05:37:48.038951
9552,2037,6.13,2026-09-24 10:20:48.038951
9553,1990,3.11,2026-09-22 18:52:48.038951
9554,622,2.21,2026-09-24 05:21:48.038951
9555,1289,3.56,2026-09-25 19:57:48.038951
9556,2679,4.7,2026-09-21 04:27:48.038951
9557,449,3.29,2026-09-21 10:19:48.038951
9558,1077,7.48,2026-09-24 05:04:48.038951
9559,1200,3.88,2026-09-10 13:22:48.038951
9560,1922,4.32,2026-09-10 13:37:48.038951
9561,1611,3.12,2026-09-22 12:49:48.038951
9562,1752,6.73,2026-09-24 02:11:48.038951
9563,3305,5.1,2026-09-26 03:44:48.038951
9564,2303,7.33,2026-09-20 04:35:48.038951
9565,1853,6.3,2026-09-15 17:44:48.038951
9566,734,7.94,2026-09-22 09:25:48.038951
9567,2159,6.24,2026-09-24 14:48:48.038951
9568,1636,1.26,2026-09-17 12:07:48.038951
9569,2576,4.25,2026-09-21 09:56:48.038951
9570,1056,4.87,2026-09-24 05:06:48.038951
9571,1696,1.91,2026-09-26 04:26:48.038951
9572,472,4.98,2026-09-13 03:40:48.038951
9573,2462,2.33,2026-09-20 22:21:48.038951
9574,343,7.0,2026-09-13 07:00:48.038951
9575,440,1.21,2026-09-23 10:20:48.038951
9576,2162,2.59,2026-09-16 21:10:48.038951
9577,2793,7.1,2026-09-21 23:13:48.038951
9578,726,5.69,2026-09-21 09:52:48.038951
9579,3449,5.61,2026-09-26 06:41:48.038951
9580,2213,6.42,2026-09-15 00:04:48.038951
9581,3432,6.72,2026-09-14 00:12:48.038951
9582,2983,8.39,2026-09-17 13:16:48.038951
9583,924,2.68,2026-09-13 14:51:48.038951
9584,2792,4.01,2026-09-14 17:50:48.038951
9585,3308,7.07,2026-09-20 00:58:48.038951
9586,2596,1.57,2026-09-15 22:17:48.038951
9587,1295,5.28,2026-09-13 12:41:48.038951
9588,691,6.53,2026-09-15 21:44:48.038951
9589,208,2.06,2026-09-15 06:45:48.038951
9590,3426,7.67,2026-09-14 08:11:48.038951
9591,1640,6.73,2026-09-13 15:49:48.038951
9592,471,2.97,2026-09-22 02:05:48.038951
9593,3078,4.48,2026-09-17 15:46:48.038951
9594,1200,7.92,2026-09-17 23:31:48.038951
9595,570,1.44,2026-09-15 23:02:48.038951
9596,3151,7.49,2026-09-12 11:46:48.038951
9597,1713,3.56,2026-09-20 00:14:48.038951
9598,258,5.71,2026-09-24 10:21:48.038951
9599,884,5.03,2026-09-17 07:21:48.038951
9600,3129,7.51,2026-09-16 03:15:48.038951
9601,1621,7.05,2026-09-25 00:17:48.038951
9602,1716,1.43,2026-09-24 20:15:48.038951
9603,3236,2.54,2026-09-19 00:32:48.038951
9604,373,5.31,2026-09-16 09:30:48.038951
9605,356,7.31,2026-09-24 22:28:48.038951
9606,390,7.48,2026-09-15 02:09:48.038951
9607,3215,6.19,2026-09-22 14:31:48.038951
9608,2251,6.82,2026-09-15 05:53:48.038951
9609,120,6.52,2026-09-13 17:54:48.038951
9610,300,3.17,2026-09-17 05:02:48.038951
9611,747,6.82,2026-09-15 16:05:48.038951
9612,421,8.47,2026-09-22 19:54:48.038951
9613,1456,2.97,2026-09-15 01:37:48.038951
9614,784,3.97,2026-09-25 13:03:48.038951
9615,1235,1.4,2026-09-23 10:30:48.038951
9616,2413,4.33,2026-09-22 03:03:48.038951
9617,669,8.16,2026-09-13 08:33:48.038951
9618,2314,8.37,2026-09-11 12:56:48.038951
9619,296,4.08,2026-09-24 03:00:48.038951
9620,150,1.17,2026-09-16 10:50:48.038951
9621,232,6.38,2026-09-20 23:01:48.038951
9622,313,6.02,2026-09-13 23:34:48.038951
9623,2015,5.04,2026-09-20 10:12:48.038951
9624,1914,6.27,2026-09-16 13:01:48.038951
9625,1690,7.6,2026-09-12 05:33:48.038951
9626,190,4.88,2026-09-24 23:01:48.038951
9627,2927,7.88,2026-09-23 10:03:48.038951
9628,3530,6.69,2026-09-20 08:18:48.038951
9629,1743,8.14,2026-09-17 21:25:48.038951
9630,1680,3.48,2026-09-15 16:06:48.038951
9631,567,2.85,2026-09-17 11:34:48.038951
9632,2167,6.44,2026-09-19 08:35:48.038951
9633,992,7.04,2026-09-12 01:49:48.038951
9634,3174,1.63,2026-09-19 15:43:48.038951
9635,3251,7.3,2026-09-13 05:02:48.038951
9636,2817,6.18,2026-09-22 20:55:48.038951
9637,811,5.49,2026-09-16 08:30:48.038951
9638,2219,1.9,2026-09-22 04:51:48.038951
9639,3320,1.5,2026-09-20 16:13:48.038951
9640,46,4.01,2026-09-10 07:55:48.038951
9641,2073,6.96,2026-09-24 15:36:48.038951
9642,795,5.71,2026-09-14 13:27:48.038951
9643,460,3.99,2026-09-25 00:13:48.038951
9644,1024,2.69,2026-09-16 16:26:48.038951
9645,465,5.79,2026-09-19 08:20:48.038951
9646,789,6.69,2026-09-17 04:34:48.038951
9647,829,4.85,2026-09-20 23:14:48.038951
9648,3506,4.86,2026-09-14 07:57:48.038951
9649,1064,2.55,2026-09-18 01:34:48.038951
9650,1929,8.12,2026-09-20 20:36:48.038951
9651,3118,2.84,2026-09-21 08:57:48.038951
9652,291,3.89,2026-09-21 01:44:48.038951
9653,556,1.79,2026-09-21 15:09:48.038951
9654,2056,2.95,2026-09-12 20:54:48.038951
9655,2046,5.65,2026-09-20 08:23:48.038951
9656,738,7.64,2026-09-14 05:17:48.038951
9657,1767,2.57,2026-09-23 07:18:48.038951
9658,2863,3.28,2026-09-12 19:54:48.038951
9659,21,6.83,2026-09-25 22:37:48.038951
9660,808,8.3,2026-09-23 15:10:48.038951
9661,1652,2.08,2026-09-22 12:27:48.038951
9662,367,8.22,2026-09-10 11:23:48.038951
9663,1214,7.0,2026-09-15 08:28:48.038951
9664,2601,7.68,2026-09-13 20:49:48.038951
9665,1242,4.68,2026-09-21 21:39:48.038951
9666,3168,6.29,2026-09-20 18:42:48.038951
9667,2843,1.89,2026-09-21 21:08:48.038951
9668,2073,3.25,2026-09-22 22:28:48.038951
9669,1878,1.59,2026-09-21 16:59:48.038951
9670,1199,7.18,2026-09-23 19:32:48.038951
9671,1209,4.79,2026-09-12 12:07:48.038951
9672,1984,1.36,2026-09-21 20:59:48.038951
9673,1652,4.91,2026-09-19 18:43:48.038951
9674,1151,4.22,2026-09-23 18:39:48.038951
9675,346,3.01,2026-09-12 17:47:48.038951
9676,2615,5.57,2026-09-21 05:50:48.038951
9677,2643,3.38,2026-09-21 04:24:48.038951
9678,2628,7.81,2026-09-12 16:13:48.038951
9679,1222,3.74,2026-09-22 09:45:48.038951
9680,2844,8.35,2026-09-18 07:30:48.038951
9681,2985,3.87,2026-09-19 05:23:48.038951
9682,2379,4.99,2026-09-24 16:53:48.038951
9683,793,8.09,2026-09-14 02:42:48.038951
9684,1736,2.73,2026-09-22 06:07:48.038951
9685,285,7.64,2026-09-23 22:53:48.038951
9686,1576,5.81,2026-09-17 03:03:48.038951
9687,2643,7.47,2026-09-20 14:28:48.038951
9688,2018,3.15,2026-09-21 05:42:48.038951
9689,3086,8.3,2026-09-20 10:17:48.038951
9690,1772,3.44,2026-09-21 02:19:48.038951
9691,1320,5.41,2026-09-24 03:04:48.038951
9692,362,2.06,2026-09-15 00:05:48.038951
9693,1780,7.64,2026-09-18 23:51:48.038951
9694,459,7.79,2026-09-22 03:15:48.038951
9695,2045,5.14,2026-09-22 12:35:48.038951
9696,264,3.5,2026-09-18 05:22:48.038951
9697,1822,2.79,2026-09-20 08:46:48.038951
9698,3185,4.58,2026-09-17 10:52:48.038951
9699,626,3.15,2026-09-13 11:14:48.038951
9700,2882,4.07,2026-09-21 00:06:48.038951
9701,834,5.91,2026-09-17 01:43:48.038951
9702,2692,6.9,2026-09-22 06:20:48.038951
9703,1032,3.82,2026-09-23 22:46:48.038951
9704,2630,3.98,2026-09-18 19:00:48.038951
9705,2959,3.82,2026-09-25 19:14:48.038951
9706,1207,1.41,2026-09-21 23:15:48.038951
9707,1522,4.89,2026-09-16 18:04:48.038951
9708,5,7.61,2026-09-14 07:25:48.038951
9709,3284,1.14,2026-09-15 12:25:48.038951
9710,180,5.61,2026-09-21 06:39:48.038951
9711,1144,7.19,2026-09-22 11:16:48.038951
9712,163,2.5,2026-09-10 05:33:48.038951
9713,1799,6.46,2026-09-15 18:41:48.038951
9714,1354,2.71,2026-09-12 15:15:48.038951
9715,2440,3.06,2026-09-26 05:53:48.038951
9716,2975,6.92,2026-09-18 21:16:48.038951
9717,2097,3.07,2026-09-19 11:42:48.038951
9718,968,1.8,2026-09-20 12:23:48.038951
9719,3279,1.88,2026-09-18 23:18:48.038951
9720,462,7.41,2026-09-15 23:50:48.038951
9721,705,8.34,2026-09-22 03:39:48.038951
9722,168,1.91,2026-09-11 11:07:48.038951
9723,3243,2.48,2026-09-23 23:27:48.038951
9724,875,6.8,2026-09-13 14:05:48.038951
9725,2446,7.92,2026-09-18 08:30:48.038951
9726,2551,2.63,2026-09-14 05:07:48.038951
9727,2041,5.49,2026-09-26 08:42:48.038951
9728,3385,7.95,2026-09-20 03:11:48.038951
9729,115,4.85,2026-09-26 17:26:48.038951
9730,365,3.32,2026-09-15 04:55:48.038951
9731,301,5.34,2026-09-17 04:25:48.038951
9732,3494,6.9,2026-09-12 18:26:48.038951
9733,556,3.09,2026-09-17 07:33:48.038951
9734,1790,1.71,2026-09-11 03:03:48.038951
9735,2422,1.28,2026-09-13 23:15:48.038951
9736,1810,3.16,2026-09-14 09:47:48.038951
9737,1123,3.67,2026-09-11 21:15:48.038951
9738,2320,6.71,2026-09-12 06:38:48.038951
9739,3002,5.66,2026-09-11 16:19:48.038951
9740,2836,7.34,2026-09-22 17:03:48.038951
9741,214,6.6,2026-09-15 08:05:48.038951
9742,3494,1.72,2026-09-21 08:51:48.038951
9743,3147,6.18,2026-09-22 17:45:48.038951
9744,2716,7.43,2026-09-15 06:23:48.038951
9745,2326,5.21,2026-09-23 11:10:48.038951
9746,2219,5.61,2026-09-14 01:27:48.038951
9747,1236,4.19,2026-09-22 22:38:48.038951
9748,2956,6.88,2026-09-14 13:57:48.038951
9749,1627,4.41,2026-09-21 04:47:48.038951
9750,586,8.28,2026-09-14 11:14:48.038951
9751,551,4.0,2026-09-15 07:17:48.038951
9752,1928,2.8,2026-09-17 14:17:48.038951
9753,108,5.31,2026-09-24 16:56:48.038951
9754,3380,1.53,2026-09-23 04:40:48.038951
9755,2406,6.38,2026-09-23 06:56:48.038951
9756,686,6.19,2026-09-21 23:19:48.038951
9757,2070,7.67,2026-09-16 06:14:48.038951
9758,3,6.67,2026-09-16 14:51:48.038951
9759,3468,4.89,2026-09-24 23:46:48.038951
9760,2087,3.61,2026-09-25 11:21:48.038951
9761,2727,4.49,2026-09-24 08:32:48.038951
9762,1456,1.84,2026-09-20 20:01:48.038951
9763,2668,8.08,2026-09-22 11:02:48.038951
9764,2752,4.8,2026-09-26 05:34:48.038951
9765,2967,2.66,2026-09-18 10:36:48.038951
9766,482,2.77,2026-09-25 00:50:48.038951
9767,2067,8.3,2026-09-17 09:27:48.038951
9768,2329,7.28,2026-09-19 19:42:48.038951
9769,2415,2.97,2026-09-14 08:58:48.038951
9770,455,4.58,2026-09-13 07:23:48.038951
9771,1044,5.3,2026-09-22 04:05:48.038951
9772,1521,1.53,2026-09-16 08:40:48.038951
9773,1888,5.84,2026-09-27 05:25:48.038951
9774,651,6.9,2026-09-18 19:51:48.038951
9775,2769,6.42,2026-09-23 07:35:48.038951
9776,2797,7.95,2026-09-20 03:06:48.038951
9777,2769,5.91,2026-09-19 23:57:48.038951
9778,2373,2.5,2026-09-19 06:55:48.038951
9779,1759,3.57,2026-09-14 13:50:48.038951
9780,1114,3.75,2026-09-14 19:18:48.038951
9781,2604,2.87,2026-09-15 11:53:48.038951
9782,3526,1.72,2026-09-14 05:01:48.038951
9783,1287,2.14,2026-09-19 15:10:48.038951
9784,201,6.56,2026-09-15 03:03:48.038951
9785,2489,5.66,2026-09-16 04:03:48.038951
9786,1829,4.2,2026-09-12 21:00:48.038951
9787,538,4.71,2026-09-26 11:31:48.038951
9788,632,4.61,2026-09-12 22:13:48.038951
9789,2496,3.72,2026-09-15 05:26:48.038951
9790,2548,8.34,2026-09-13 07:25:48.038951
9791,2892,6.53,2026-09-18 00:44:48.038951
9792,1376,7.22,2026-09-16 15:40:48.038951
9793,115,3.98,2026-09-15 05:53:48.038951
9794,2571,2.82,2026-09-15 01:24:48.038951
9795,1901,6.64,2026-09-25 05:33:48.038951
9796,3046,2.02,2026-09-13 08:51:48.038951
9797,1564,6.65,2026-09-12 17:23:48.038951
9798,3058,6.87,2026-09-18 13:26:48.038951
9799,1770,8.47,2026-09-24 02:05:48.038951
9800,2291,5.01,2026-09-15 14:55:48.038951
9801,116,6.8,2026-09-15 19:01:48.038951
9802,215,3.6,2026-09-17 08:25:48.038951
9803,1515,2.28,2026-09-24 00:18:48.038951
9804,434,6.63,2026-09-14 04:03:48.038951
9805,2582,7.13,2026-09-19 17:44:48.038951
9806,2370,3.84,2026-09-12 12:03:48.038951
9807,1277,4.41,2026-09-21 14:54:48.038951
9808,1524,6.99,2026-09-21 11:39:48.038951
9809,3238,4.45,2026-09-24 08:10:48.038951
9810,2189,4.57,2026-09-25 05:10:48.038951
9811,481,3.56,2026-09-18 15:46:48.038951
9812,116,8.5,2026-09-22 00:25:48.038951
9813,1301,2.46,2026-09-21 16:51:48.038951
9814,2950,3.1,2026-09-10 15:29:48.038951
9815,48,3.39,2026-09-26 12:49:48.038951
9816,3225,4.36,2026-09-20 21:13:48.038951
9817,561,1.75,2026-09-16 04:59:48.038951
9818,745,8.35,2026-09-24 07:19:48.038951
9819,2803,4.96,2026-09-23 18:17:48.038951
9820,992,6.41,2026-09-25 10:23:48.038951
9821,704,1.99,2026-09-19 17:32:48.038951
9822,2431,3.68,2026-09-11 11:17:48.038951
9823,2899,7.31,2026-09-12 10:08:48.038951
9824,1717,7.3,2026-09-21 04:48:48.038951
9825,1249,3.92,2026-09-10 17:57:48.038951
9826,97,7.41,2026-09-20 22:03:48.038951
9827,633,5.38,2026-09-21 22:45:48.038951
9828,1768,1.91,2026-09-17 22:25:48.038951
9829,1826,3.14,2026-09-22 06:43:48.038951
9830,324,6.15,2026-09-18 08:14:48.038951
9831,2892,7.44,2026-09-13 13:31:48.038951
9832,3383,5.26,2026-09-14 03:18:48.038951
9833,3253,3.8,2026-09-24 10:27:48.038951
9834,3227,3.63,2026-09-24 14:19:48.038951
9835,880,1.95,2026-09-20 03:28:48.038951
9836,2413,2.22,2026-09-23 03:30:48.038951
9837,2195,3.53,2026-09-16 15:27:48.038951
9838,473,6.28,2026-09-12 10:13:48.038951
9839,2455,4.33,2026-09-14 14:35:48.038951
9840,794,2.07,2026-09-11 20:07:48.038951
9841,1710,3.47,2026-09-22 18:05:48.038951
9842,1565,5.48,2026-09-13 00:09:48.038951
9843,966,4.49,2026-09-20 03:58:48.038951
9844,2440,1.5,2026-09-12 20:14:48.038951
9845,456,4.49,2026-09-23 00:14:48.038951
9846,486,6.63,2026-09-13 16:34:48.038951
9847,2610,4.77,2026-09-21 00:06:48.038951
9848,3179,3.1,2026-09-24 05:46:48.038951
9849,1711,1.81,2026-09-15 01:51:48.038951
9850,1148,3.67,2026-09-21 06:16:48.038951
9851,3491,2.04,2026-09-22 06:56:48.038951
9852,949,1.59,2026-09-22 15:04:48.038951
9853,2820,6.35,2026-09-20 05:32:48.038951
9854,28,6.69,2026-09-19 04:45:48.038951
9855,2194,6.7,2026-09-19 06:51:48.038951
9856,2046,6.05,2026-09-23 19:25:48.038951
9857,143,8.29,2026-09-21 01:38:48.038951
9858,1881,7.48,2026-09-20 11:37:48.038951
9859,1394,7.77,2026-09-10 23:54:48.038951
9860,3119,3.8,2026-09-13 03:50:48.038951
9861,917,5.99,2026-09-26 03:59:48.038951
9862,1962,2.5,2026-09-19 06:03:48.038951
9863,516,8.2,2026-09-16 18:22:48.038951
9864,1806,3.25,2026-09-17 21:38:48.038951
9865,3518,1.84,2026-09-14 14:44:48.038951
9866,2322,1.91,2026-09-14 08:56:48.038951
9867,171,7.76,2026-09-27 03:19:48.038951
9868,2926,1.16,2026-09-26 10:32:48.038951
9869,2827,2.95,2026-09-13 23:38:48.038951
9870,2688,5.11,2026-09-16 04:38:48.038951
9871,563,5.98,2026-09-11 06:38:48.038951
9872,3133,3.51,2026-09-22 07:34:48.038951
9873,1512,3.64,2026-09-16 01:01:48.038951
9874,2379,6.08,2026-09-18 08:37:48.038951
9875,1841,5.76,2026-09-12 14:29:48.038951
9876,2251,5.04,2026-09-21 11:50:48.038951
9877,2151,3.71,2026-09-24 12:07:48.038951
9878,445,7.07,2026-09-15 04:54:48.038951
9879,505,5.21,2026-09-14 22:54:48.038951
9880,2024,1.76,2026-09-13 15:07:48.038951
9881,73,5.33,2026-09-22 01:51:48.038951
9882,530,3.48,2026-09-21 11:46:48.038951
9883,2902,4.3,2026-09-18 15:26:48.038951
9884,2929,7.64,2026-09-16 13:17:48.038951
9885,657,3.28,2026-09-22 08:03:48.038951
9886,1449,6.3,2026-09-25 12:53:48.038951
9887,2393,1.68,2026-09-23 03:34:48.038951
9888,4,1.85,2026-09-21 18:39:48.038951
9889,2012,2.53,2026-09-10 21:44:48.038951
9890,528,3.13,2026-09-17 15:58:48.038951
9891,3065,1.39,2026-09-22 22:59:48.038951
9892,2256,8.33,2026-09-17 23:20:48.038951
9893,95,1.16,2026-09-24 07:05:48.038951
9894,2297,4.71,2026-09-18 02:23:48.038951
9895,2816,3.13,2026-09-23 23:01:48.038951
9896,1047,4.55,2026-09-18 06:28:48.038951
9897,2608,1.35,2026-09-24 05:37:48.038951
9898,3513,2.11,2026-09-20 22:46:48.038951
9899,291,8.41,2026-09-21 04:52:48.038951
9900,3455,7.11,2026-09-22 13:09:48.038951
9901,3346,6.54,2026-09-15 04:37:48.038951
9902,2457,1.74,2026-09-11 02:12:48.038951
9903,1532,3.56,2026-09-21 05:53:48.038951
9904,1216,7.83,2026-09-21 19:26:48.038951
9905,3192,2.88,2026-09-22 07:53:48.038951
9906,2506,1.49,2026-09-24 05:42:48.038951
9907,3115,6.74,2026-09-24 01:01:48.038951
9908,958,7.07,2026-09-20 20:37:48.038951
9909,515,4.43,2026-09-14 11:35:48.038951
9910,1220,3.03,2026-09-14 18:04:48.038951
9911,2956,4.01,2026-09-15 18:15:48.038951
9912,2536,7.23,2026-09-20 02:33:48.038951
9913,1201,1.12,2026-09-15 01:55:48.038951
9914,518,6.16,2026-09-11 12:38:48.038951
9915,202,1.49,2026-09-14 20:58:48.038951
9916,1368,4.46,2026-09-11 02:07:48.038951
9917,3319,3.93,2026-09-23 22:37:48.038951
9918,2836,1.57,2026-09-16 12:22:48.038951
9919,2477,6.72,2026-09-26 14:50:48.038951
9920,2824,6.32,2026-09-24 13:47:48.038951
9921,3297,8.4,2026-09-15 09:47:48.038951
9922,1586,3.45,2026-09-15 03:32:48.038951
9923,2830,7.63,2026-09-16 04:25:48.038951
9924,2468,4.32,2026-09-13 09:42:48.038951
9925,2679,3.14,2026-09-25 07:43:48.038951
9926,3463,7.69,2026-09-24 08:15:48.038951
9927,1033,1.87,2026-09-17 23:54:48.038951
9928,1677,4.48,2026-09-20 23:08:48.038951
9929,171,6.08,2026-09-12 00:27:48.038951
9930,2811,5.07,2026-09-24 12:11:48.038951
9931,701,7.0,2026-09-15 02:17:48.038951
9932,309,3.12,2026-09-24 21:08:48.038951
9933,518,7.51,2026-09-23 05:51:48.038951
9934,1767,1.63,2026-09-13 02:48:48.038951
9935,3151,7.0,2026-09-21 08:33:48.038951
9936,2148,5.37,2026-09-14 21:31:48.038951
9937,2519,8.2,2026-09-19 11:15:48.038951
9938,580,6.35,2026-09-21 06:10:48.038951
9939,3180,4.21,2026-09-23 05:16:48.038951
9940,2001,2.04,2026-09-21 10:48:48.038951
9941,734,2.17,2026-09-19 19:02:48.038951
9942,1091,1.85,2026-09-11 00:05:48.038951
9943,3113,2.98,2026-09-23 20:03:48.038951
9944,372,6.02,2026-09-12 03:55:48.038951
9945,2763,3.93,2026-09-14 04:06:48.038951
9946,1106,6.98,2026-09-14 09:56:48.038951
9947,1967,6.04,2026-09-16 18:34:48.038951
9948,1556,2.45,2026-09-25 16:46:48.038951
9949,2770,6.29,2026-09-21 14:24:48.038951
9950,572,4.01,2026-09-12 20:25:48.038951
9951,373,2.41,2026-09-22 17:21:48.038951
9952,2435,1.75,2026-09-19 22:48:48.038951
9953,1424,2.01,2026-09-18 12:56:48.038951
9954,782,3.65,2026-09-17 03:45:48.038951
9955,2692,8.16,2026-09-17 02:22:48.038951
9956,3193,3.63,2026-09-13 22:47:48.038951
9957,3054,4.89,2026-09-21 13:57:48.038951
9958,2957,6.5,2026-09-14 18:43:48.038951
9959,2807,2.64,2026-09-18 12:37:48.038951
9960,442,3.07,2026-09-20 01:29:48.038951
9961,1687,1.7,2026-09-17 21:16:48.038951
9962,3071,3.5,2026-09-11 20:22:48.038951
9963,454,7.16,2026-09-22 19:51:48.038951
9964,951,7.21,2026-09-16 22:02:48.038951
9965,2434,4.55,2026-09-20 00:23:48.038951
9966,3309,7.96,2026-09-18 13:54:48.038951
9967,1778,3.2,2026-09-22 16:55:48.038951
9968,2183,2.0,2026-09-18 16:09:48.038951
9969,1304,6.9,2026-09-11 17:10:48.038951
9970,2611,2.53,2026-09-21 14:01:48.038951
9971,2902,4.8,2026-09-17 02:03:48.038951
9972,1461,7.48,2026-09-20 13:52:48.038951
9973,558,6.76,2026-09-26 16:45:48.038951
9974,710,2.93,2026-09-21 12:24:48.038951
9975,499,8.41,2026-09-13 16:28:48.038951
9976,238,1.17,2026-09-23 20:34:48.038951
9977,345,4.16,2026-09-14 05:25:48.038951
9978,531,2.93,2026-09-12 14:18:48.038951
9979,2502,6.02,2026-09-24 15:21:48.038951
9980,1101,5.3,2026-09-14 02:46:48.038951
9981,109,1.39,2026-09-15 08:02:48.038951
9982,1062,3.19,2026-09-12 20:42:48.038951
9983,175,4.98,2026-09-19 11:51:48.038951
9984,2688,3.48,2026-09-19 21:08:48.038951
9985,1842,7.12,2026-09-16 03:58:48.038951
9986,2307,5.19,2026-09-10 23:15:48.038951
9987,510,3.18,2026-09-13 01:41:48.038951
9988,2371,5.24,2026-09-11 12:06:48.038951
9989,1048,4.08,2026-09-21 18:38:48.038951
9990,2070,6.78,2026-09-22 02:30:48.038951
9991,3289,5.21,2026-09-13 22:20:48.038951
9992,2859,7.2,2026-09-13 17:10:48.038951
9993,3538,3.17,2026-09-16 23:32:48.038951
9994,394,4.23,2026-09-20 03:10:48.038951
9995,3108,1.22,2026-09-13 09:18:48.038951
9996,2871,6.43,2026-09-25 05:51:48.038951
9997,1436,2.68,2026-09-16 00:36:48.038951
9998,1384,3.67,2026-09-23 10:21:48.038951
9999,474,2.56,2026-09-14 02:37:48.038951
10000,3082,5.29,2026-09-13 02:51:48.038951
