id_user,first_name,last_name,email,phone_number,date_of_birth,kyc_status,account_balance,created_at
1,Marc,Caro,anselmamarco@example.net,+34 851 265 472,1998-06-20,Pending,1245.64,2026-09-28 09:53:47.881650
2,Asunción,Cerdán,noavalle@example.com,+34847 343 442,1957-10-12,Verified,4287.67,2026-09-28 09:53:47.881650
3,Dionisio,Bustamante,bartolome35@example.net,+34 964 73 54 76,1956-09-08,Verified,513.61,2026-09-28 09:53:47.881650
4,Jovita,Bejarano,nsaenz@example.org,+34 676343612,1959-10-03,Verified,2513.43,2026-09-28 09:53:47.881650
5,Vera,Figuerola,csainz@example.com,+34 820 15 36 80,2005-11-18,Verified,2206.58,2026-09-28 09:53:47.881650
6,Aarón,Guitart,lourdes47@example.org,+34 875 300 908,2008-09-25,Verified,3651.26,2026-09-28 09:53:47.881650
7,Ana,Fábregas,isaiasconde@example.org,+34825 523 642,1967-03-17,Verified,801.96,2026-09-28 09:53:47.881650
8,Silvio,Carranza,griselda27@example.net,+34887 20 53 24,1991-03-26,Verified,113.09,2026-09-28 09:53:47.881650
9,Inés,Fonseca,rafaelbautista@example.org,+34 848 97 04 30,1964-02-15,Verified,2989.98,2026-09-28 09:53:47.881650
10,Selena,Polo,eustaquioabril@example.com,+34979915169,1979-05-09,Verified,1151.37,2026-09-28 09:53:47.881650
11,Marcos,Ibañez,panchocaparros@example.org,+34878 50 14 95,1994-02-14,Pending,4637.95,2026-09-28 09:53:47.881650
12,Renato,Casanova,coellojosue@example.com,+34880 963 803,1953-05-05,Pending,1348.95,2026-09-28 09:53:47.881650
13,Juana,Exposito,anastasio47@example.net,+34 861944723,1968-05-05,Verified,3011.35,2026-09-28 09:53:47.881650
14,Consuelo,Múgica,mmoll@example.net,+34980894981,1995-04-11,Verified,4077.82,2026-09-28 09:53:47.881650
15,Felisa,González,florencio64@example.org,+34 986190170,1986-01-23,Verified,2857.96,2026-09-28 09:53:47.881650
16,Amaro,Nogués,estrella44@example.org,+34 978 608 710,1972-03-22,Verified,2939.08,2026-09-28 09:53:47.881650
17,Celestina,Gárate,jodarolivia@example.com,+34 887249846,1956-10-14,Verified,4632.54,2026-09-28 09:53:47.881650
18,Fernando,Checa,virgiliobustamante@example.net,+34983 404 514,1992-06-10,Pending,3817.6,2026-09-28 09:53:47.881650
19,José Mari,Vega,juan-pablo08@example.com,+34 979415171,1958-11-14,Verified,1001.73,2026-09-28 09:53:47.881650
20,Baudelio,Gutiérrez,jose-maririus@example.com,+34845608803,1952-08-27,Pending,578.42,2026-09-28 09:53:47.881650
21,Chus,Montenegro,roldanzoraida@example.net,+34849 629 873,1966-08-23,Rejected,3172.35,2026-09-28 09:53:47.881650
22,Lorena,Correa,baezaluis-angel@example.net,+34 941 901 990,1990-05-31,Rejected,177.2,2026-09-28 09:53:47.881650
23,Nuria,Portero,josefatejero@example.com,+34 921 702 152,1983-12-13,Verified,2581.99,2026-09-28 09:53:47.881650
24,Perlita,Saura,clarisa27@example.net,+34974 267 870,1952-07-30,Verified,2118.46,2026-09-28 09:53:47.881650
25,Manola,Sierra,noe18@example.net,+34912606687,1959-02-05,Verified,849.45,2026-09-28 09:53:47.881650
26,Gertrudis,Ramis,loretobayon@example.org,+34886 798 160,1953-04-24,Verified,1926.27,2026-09-28 09:53:47.881650
27,Baudelio,Quintanilla,timoteofonseca@example.org,+34826 232 628,1983-04-24,Verified,4497.88,2026-09-28 09:53:47.881650
28,Federico,Iriarte,reguloposada@example.com,+34821 72 13 02,1997-03-06,Verified,3083.68,2026-09-28 09:53:47.881650
29,Ester,Zabaleta,yluis@example.org,+34986862152,1990-02-10,Verified,2804.41,2026-09-28 09:53:47.881650
30,Natalia,Valdés,alcoleairis@example.net,+34806 690 213,1998-06-04,Verified,4053.56,2026-09-28 09:53:47.881650
31,Pascuala,Cuevas,fortuno@example.org,+34 716 47 52 11,2005-01-11,Verified,4577.91,2026-09-28 09:53:47.881650
32,Asdrubal,Casas,fatimabravo@example.net,+34924010984,1983-01-08,Pending,4477.57,2026-09-28 09:53:47.881650
33,Candela,Boada,javibravo@example.org,+34 900496964,1951-10-01,Verified,1370.06,2026-09-28 09:53:47.881650
34,Abraham,Gutierrez,andresnayara@example.net,+34 875 73 96 45,2007-10-02,Verified,3684.45,2026-09-28 09:53:47.881650
35,Lucila,Jimenez,amada44@example.org,+34962722536,1974-09-02,Pending,2871.79,2026-09-28 09:53:47.881650
36,Mateo,Sánchez,ricoagustin@example.com,+34873 14 79 48,1992-11-30,Rejected,3249.65,2026-09-28 09:53:47.881650
37,Úrsula,Teruel,linonarvaez@example.com,+34 825 08 39 73,2007-10-08,Verified,3417.73,2026-09-28 09:53:47.881650
38,Martín,Donoso,galvanhilario@example.com,+34 688 530 496,1957-10-25,Verified,3292.96,2026-09-28 09:53:47.881650
39,Paz,Albero,bonetgoyo@example.net,+34844 196 059,1987-07-15,Verified,3976.48,2026-09-28 09:53:47.881650
40,Pastora,Cañas,dazavioleta@example.com,+34847 985 003,1955-08-15,Verified,992.24,2026-09-28 09:53:47.881650
41,Josué,Bárcena,hernan88@example.org,+34925 850 994,1980-08-29,Pending,3732.54,2026-09-28 09:53:47.881650
42,Teodora,Viñas,maria-teresaperalta@example.com,+34 711 85 28 59,2008-09-19,Verified,4873.88,2026-09-28 09:53:47.881650
43,Guiomar,Esteban,melchordaza@example.org,+34 878997156,1989-07-25,Verified,4058.83,2026-09-28 09:53:47.881650
44,Sarita,Méndez,maleman@example.org,+34946 435 747,1966-05-05,Pending,3355.34,2026-09-28 09:53:47.881650
45,Susana,Huerta,catalanleoncio@example.org,+34957548641,1963-03-16,Verified,339.83,2026-09-28 09:53:47.881650
46,Pelayo,Martin,belenalemany@example.net,+34 920 06 16 02,1985-05-16,Pending,3373.17,2026-09-28 09:53:47.881650
47,Maxi,Garmendia,jose89@example.com,+34971 61 05 70,1996-12-16,Verified,3158.03,2026-09-28 09:53:47.881650
48,Edu,Tomás,brigida86@example.org,+34 877386644,2002-06-13,Verified,4503.73,2026-09-28 09:53:47.881650
49,Pilar,Chaves,otiliamenendez@example.net,+34845 453 681,2002-03-05,Verified,2102.68,2026-09-28 09:53:47.881650
50,Julián,Ibáñez,hipolito27@example.com,+34 965 679 811,1988-08-22,Verified,2850.92,2026-09-28 09:53:47.881650
51,Pili,Garmendia,hectorpalacios@example.org,+34 941 01 04 87,2002-02-17,Pending,610.18,2026-09-28 09:53:47.881650
52,Maxi,Codina,rborrell@example.net,+34842 682 877,1986-06-26,Pending,1322.75,2026-09-28 09:53:47.881650
53,Tito,Ibáñez,rivasarsenio@example.com,+34902534582,1980-06-26,Verified,2694.94,2026-09-28 09:53:47.881650
54,Fortunata,Garmendia,opavon@example.com,+34 880 09 85 99,1974-01-27,Verified,2078.56,2026-09-28 09:53:47.881650
55,Benigna,Girón,valeriomateos@example.org,+34875837918,1953-01-19,Pending,1933.74,2026-09-28 09:53:47.881650
56,Marcela,Roura,zpaez@example.org,+34979 634 558,1979-11-03,Verified,1786.18,2026-09-28 09:53:47.881650
57,Carlos,Nebot,soraya81@example.net,+34887 21 28 67,1976-07-01,Pending,366.53,2026-09-28 09:53:47.881650
58,Norberto,Chico,emelinaramirez@example.org,+34 941 84 81 74,1971-07-17,Pending,4198.4,2026-09-28 09:53:47.881650
59,Lázaro,Aguilar,paniaguamireia@example.com,+34 810 04 98 06,2004-05-09,Rejected,3916.78,2026-09-28 09:53:47.881650
60,Sancho,Hernandez,evillanueva@example.com,+34 922 77 77 34,1973-12-10,Verified,2135.69,2026-09-28 09:53:47.881650
61,Alejandra,Pombo,ualvarez@example.net,+34871304573,1985-05-23,Rejected,3033.96,2026-09-28 09:53:47.881650
62,Calixta,Palau,orozcojuan-carlos@example.com,+34 822 15 23 98,1987-07-21,Pending,2633.47,2026-09-28 09:53:47.881650
63,Fabio,Sacristán,alberolamaxima@example.net,+34857633070,1964-01-13,Verified,3344.2,2026-09-28 09:53:47.881650
64,Ariel,Chaparro,humberto32@example.net,+34 973 775 581,2002-10-31,Pending,1557.34,2026-09-28 09:53:47.881650
65,Bautista,Vila,ejurado@example.net,+34806 53 10 78,1992-05-16,Verified,1431.35,2026-09-28 09:53:47.881650
66,Elena,Barceló,ariadnaortega@example.net,+34942 24 63 01,1960-07-15,Verified,149.66,2026-09-28 09:53:47.881650
67,Amelia,Gaya,eligia22@example.com,+34980 20 26 58,1961-03-12,Verified,2185.94,2026-09-28 09:53:47.881650
68,África,Nieto,losadabarbara@example.org,+34979 06 62 27,1975-12-20,Pending,4934.07,2026-09-28 09:53:47.881650
69,Luisa,Perelló,judithcalatayud@example.org,+34 821 26 21 48,1976-09-25,Verified,1129.35,2026-09-28 09:53:47.881650
70,Vicenta,Saldaña,xavier27@example.net,+34901782639,1993-02-24,Verified,2685.44,2026-09-28 09:53:47.881650
71,Emilia,Moll,poncio32@example.net,+34986 080 406,1991-03-27,Pending,991.53,2026-09-28 09:53:47.881650
72,Adán,Varela,zsoriano@example.net,+34977 902 310,1974-11-16,Verified,3950.28,2026-09-28 09:53:47.881650
73,Esperanza,Corominas,ripollvera@example.org,+34 900 29 81 57,1968-07-01,Verified,3699.82,2026-09-28 09:53:47.881650
74,Otilia,Casal,planaleticia@example.com,+34 979 39 90 08,1979-01-22,Verified,4233.23,2026-09-28 09:53:47.881650
75,Fausto,Giménez,jose-manuelduarte@example.com,+34 875 557 577,1986-09-09,Verified,403.95,2026-09-28 09:53:47.881650
76,Maricruz,Montoya,eduardo19@example.net,+34 983 690 354,1994-03-23,Pending,3245.79,2026-09-28 09:53:47.881650
77,Victorino,Higueras,teresita49@example.org,+34921 19 70 87,1967-06-24,Verified,397.63,2026-09-28 09:53:47.881650
78,Leocadio,Vizcaíno,encarnaciontejero@example.com,+34 913 807 430,1968-01-19,Verified,2222.0,2026-09-28 09:53:47.881650
79,Encarna,Gálvez,amorjuan-antonio@example.org,+34 871 969 864,1986-05-09,Verified,2084.16,2026-09-28 09:53:47.881650
80,Clementina,Carrión,espiridion35@example.net,+34 980 921 709,1987-10-23,Pending,2391.3,2026-09-28 09:53:47.881650
81,Mamen,Tomas,yaiza66@example.net,+34972 08 56 22,1952-03-30,Verified,4541.62,2026-09-28 09:53:47.881650
82,Flavia,Martí,diezamor@example.org,+34923 182 234,1996-11-29,Pending,150.13,2026-09-28 09:53:47.881650
83,Benigno,Malo,florencio16@example.com,+34861 581 520,1955-10-25,Verified,3358.05,2026-09-28 09:53:47.881650
84,Gisela,Domingo,lcarballo@example.net,+34 947 777 711,1966-08-10,Verified,3909.58,2026-09-28 09:53:47.881650
85,Jordán,Olmedo,apolonia42@example.net,+34 874 253 142,1985-04-20,Verified,1056.45,2026-09-28 09:53:47.881650
86,Otilia,Leal,hlobo@example.com,+34 975 91 73 12,1989-07-03,Verified,288.9,2026-09-28 09:53:47.881650
87,Samuel,Priego,wvigil@example.net,+34 900542982,2005-09-07,Pending,2175.86,2026-09-28 09:53:47.881650
88,Malena,Roldan,carinaamat@example.com,+34 735 767 084,1987-12-07,Verified,2491.32,2026-09-28 09:53:47.881650
89,Jovita,Valero,cerdacarina@example.net,+34 878 23 05 40,1957-07-31,Verified,3280.4,2026-09-28 09:53:47.881650
90,Artemio,Bermejo,zuritasandalio@example.com,+34 985151288,1961-02-08,Verified,2583.43,2026-09-28 09:53:47.881650
91,Emperatriz,Galán,serranogerardo@example.org,+34 841400064,1960-03-29,Pending,591.3,2026-09-28 09:53:47.881650
92,Jose Carlos,González,vilarpatricio@example.com,+34902 945 410,2002-02-24,Verified,1660.95,2026-09-28 09:53:47.881650
93,Anabel,Tomé,floraherranz@example.org,+34841548443,1970-01-31,Verified,4622.79,2026-09-28 09:53:47.881650
94,Loreto,Pedrosa,etelvina75@example.org,+34971338090,1951-02-13,Verified,196.02,2026-09-28 09:53:47.881650
95,Anunciación,Catalá,calixto65@example.net,+34 825 89 81 92,1964-12-07,Verified,4125.14,2026-09-28 09:53:47.881650
96,Benigna,Torralba,felisa68@example.org,+34973 929 072,2000-12-25,Verified,2396.17,2026-09-28 09:53:47.881650
97,Clarisa,Ripoll,julia91@example.org,+34 668191946,1958-04-19,Pending,3159.25,2026-09-28 09:53:47.881650
98,Anabel,Gutierrez,felixsegura@example.net,+34986 745 658,1999-12-13,Verified,2452.55,2026-09-28 09:53:47.881650
99,Asdrubal,Rebollo,claveroricardo@example.com,+34982752416,1977-04-10,Pending,2161.67,2026-09-28 09:53:47.881650
100,Jose Ignacio,Peláez,xjauregui@example.com,+34 885 18 15 09,2004-01-23,Verified,2372.37,2026-09-28 09:53:47.881650
101,Narcisa,Nicolás,montesaugusto@example.org,+34 878 796 201,1971-12-01,Verified,940.22,2026-09-28 09:53:47.881650
102,Pascuala,Ugarte,jordavictor-manuel@example.com,+34885 97 02 08,1964-08-27,Verified,4724.57,2026-09-28 09:53:47.881650
103,Soraya,Montesinos,matilde88@example.org,+34 976 618 027,1992-09-16,Pending,608.87,2026-09-28 09:53:47.881650
104,Adrián,Armengol,bermudezgraciana@example.net,+34 942 29 26 21,1995-03-18,Rejected,1565.74,2026-09-28 09:53:47.881650
105,Pánfilo,Raya,dani74@example.org,+34 947051528,1954-03-03,Verified,1119.52,2026-09-28 09:53:47.881650
106,Vicenta,Larrañaga,jose-mari51@example.com,+34873838947,1968-05-30,Verified,3506.93,2026-09-28 09:53:47.881650
107,Iris,Rivera,viviana72@example.net,+34982 73 98 19,1982-04-22,Verified,2653.04,2026-09-28 09:53:47.881650
108,Chus,Linares,albino19@example.net,+34 946 309 497,1963-12-18,Verified,4634.12,2026-09-28 09:53:47.881650
109,Aníbal,Gallart,bllanos@example.org,+34 922 31 33 81,1976-12-03,Verified,4497.76,2026-09-28 09:53:47.881650
110,Eutropio,Cortes,acrespo@example.net,+34847 35 55 28,1981-12-12,Verified,2984.29,2026-09-28 09:53:47.881650
111,Teresita,Páez,florencioestevez@example.net,+34 888 226 400,1999-01-27,Verified,1893.92,2026-09-28 09:53:47.881650
112,Hernán,Castrillo,alvarezjesusa@example.org,+34927135617,2007-10-15,Verified,4771.08,2026-09-28 09:53:47.881650
113,Raimundo,Pont,torrijosartemio@example.com,+34886 49 56 82,1950-11-25,Verified,48.57,2026-09-28 09:53:47.881650
114,Gerardo,Bonet,norberto99@example.com,+34902382592,1984-04-20,Verified,251.09,2026-09-28 09:53:47.881650
115,Ruben,Talavera,salamancaulises@example.net,+34 850 63 76 95,1983-09-07,Verified,4174.32,2026-09-28 09:53:47.881650
116,Rosa,Mínguez,ymiralles@example.com,+34880 75 78 03,1996-10-09,Verified,1643.35,2026-09-28 09:53:47.881650
117,Miriam,Balaguer,rodrigobolanos@example.org,+34 875 293 693,1989-11-24,Verified,2119.38,2026-09-28 09:53:47.881650
118,Perla,Alfaro,cabanaspacifica@example.com,+34985 998 090,2003-12-06,Verified,2806.81,2026-09-28 09:53:47.881650
119,Jenaro,Solsona,goyoquiroga@example.net,+34842 34 60 26,1954-11-15,Pending,1705.37,2026-09-28 09:53:47.881650
120,Julie,Roselló,blanca51@example.net,+34920030105,2006-11-28,Verified,1805.31,2026-09-28 09:53:47.881650
121,Fito,Verdú,haroldoaguila@example.net,+34872 013 299,2000-07-20,Rejected,4696.35,2026-09-28 09:53:47.881650
122,Édgar,Luna,beltransandalio@example.net,+34 823 69 85 61,1957-04-03,Verified,3020.94,2026-09-28 09:53:47.881650
123,Sandra,Piñeiro,arribasdanilo@example.net,+34902 13 71 17,1981-06-05,Verified,2282.09,2026-09-28 09:53:47.881650
124,Hernán,Esparza,planaspepita@example.com,+34888951306,1966-11-15,Pending,793.0,2026-09-28 09:53:47.881650
125,Isabela,Miralles,ccorrea@example.net,+34880 86 24 96,1956-11-06,Pending,2340.73,2026-09-28 09:53:47.881650
126,Leoncio,Múñiz,tluis@example.net,+34 921945725,1984-03-27,Verified,1887.83,2026-09-28 09:53:47.881650
127,David,Pombo,rolandoportillo@example.org,+34874 53 42 21,1991-03-15,Verified,358.0,2026-09-28 09:53:47.881650
128,Eutimio,Arnal,almazanroque@example.org,+34 873 624 523,1987-12-31,Pending,1800.05,2026-09-28 09:53:47.881650
129,Ulises,Gallego,herasnerea@example.org,+34 857 55 47 35,1992-11-23,Verified,3237.33,2026-09-28 09:53:47.881650
130,Emma,Blazquez,qcarretero@example.org,+34946060184,1962-10-07,Verified,3589.17,2026-09-28 09:53:47.881650
131,Mayte,Hernando,ldiego@example.com,+34 975 56 61 74,1974-06-21,Verified,2619.35,2026-09-28 09:53:47.881650
132,Anastasio,Calvet,jeremiashoz@example.com,+34827 408 894,1958-11-18,Verified,4044.21,2026-09-28 09:53:47.881650
133,Curro,Mancebo,martorelldemetrio@example.net,+34926911821,1977-04-09,Verified,4090.08,2026-09-28 09:53:47.881650
134,Sonia,Pinto,gbadia@example.com,+34981 363 725,1956-01-20,Verified,1258.88,2026-09-28 09:53:47.881650
135,Odalys,Juan,bernardino04@example.com,+34 872718297,1962-05-03,Verified,3234.53,2026-09-28 09:53:47.881650
136,Lucho,Pazos,mvalderrama@example.net,+34 974 865 537,1957-10-20,Verified,432.94,2026-09-28 09:53:47.881650
137,Yaiza,Sebastián,leonardo23@example.net,+34800574077,1966-10-30,Pending,3897.76,2026-09-28 09:53:47.881650
138,Galo,Amor,buenocristian@example.com,+34900 53 21 34,1967-01-17,Verified,81.62,2026-09-28 09:53:47.881650
139,Inmaculada,Oliva,aranzazu36@example.org,+34984884854,1952-07-31,Pending,1229.87,2026-09-28 09:53:47.881650
140,Leocadio,Cantero,guzmanmanuelita@example.net,+34 981 860 563,1952-08-03,Verified,1306.74,2026-09-28 09:53:47.881650
141,Saturnino,Sureda,campilloleonel@example.com,+34 975 90 67 33,1981-05-19,Pending,44.84,2026-09-28 09:53:47.881650
142,Valerio,Artigas,gomezaristides@example.org,+34 976631324,1992-02-28,Verified,1250.43,2026-09-28 09:53:47.881650
143,Eustaquio,Quintero,aguadoivan@example.com,+34 920933453,1983-06-07,Pending,4842.09,2026-09-28 09:53:47.881650
144,Custodia,Seguí,tamayoflorentina@example.net,+34 884706659,1961-04-15,Verified,2110.63,2026-09-28 09:53:47.881650
145,Candelario,Tello,rposada@example.org,+34874679585,1976-02-27,Verified,907.93,2026-09-28 09:53:47.881650
146,Celestina,Pou,marino58@example.com,+34887 664 638,2001-02-01,Verified,840.65,2026-09-28 09:53:47.881650
147,Adelardo,Espinosa,portafederico@example.net,+34 902252664,1975-10-03,Verified,4616.79,2026-09-28 09:53:47.881650
148,Reyes,Mercader,adora63@example.org,+34 944 511 992,1998-10-04,Verified,3245.87,2026-09-28 09:53:47.881650
149,Anna,Zamora,almansaselena@example.com,+34 626 477 770,1951-11-06,Verified,4052.84,2026-09-28 09:53:47.881650
150,Raimundo,Collado,micaela28@example.com,+34 928 16 17 99,1951-08-25,Verified,3598.99,2026-09-28 09:53:47.881650
151,Emilio,Ferreras,nmatas@example.net,+34 841634867,1972-05-18,Pending,3574.84,2026-09-28 09:53:47.881650
152,Diego,Peñas,nerearosello@example.net,+34 939 05 77 57,1982-05-04,Pending,575.77,2026-09-28 09:53:47.881650
153,Fabiana,Acuña,juan-bautista46@example.net,+34988 899 816,1986-09-22,Verified,3039.64,2026-09-28 09:53:47.881650
154,Arcelia,Naranjo,otiliahernandez@example.com,+34981 418 410,1987-02-10,Verified,940.89,2026-09-28 09:53:47.881650
155,Magdalena,Fuster,leocadio72@example.net,+34821 090 937,1973-12-01,Rejected,362.7,2026-09-28 09:53:47.881650
156,Sabina,Gisbert,cpaez@example.org,+34 944786660,1989-05-14,Verified,870.99,2026-09-28 09:53:47.881650
157,José,Zabala,pulidocaridad@example.org,+34941843969,1952-06-14,Verified,3180.43,2026-09-28 09:53:47.881650
158,Epifanio,Cabo,pimarc@example.com,+34846 95 56 93,1955-02-27,Verified,4366.69,2026-09-28 09:53:47.881650
159,Duilio,Pavón,carmelorosell@example.net,+34 883 836 215,1951-10-18,Pending,3771.11,2026-09-28 09:53:47.881650
160,Venceslás,Juárez,palmafebe@example.net,+34 928 94 85 71,1969-09-30,Verified,2680.01,2026-09-28 09:53:47.881650
161,Natalio,Prats,zpla@example.com,+34 813 746 208,1959-03-08,Pending,4002.16,2026-09-28 09:53:47.881650
162,Cruz,Antúnez,falconuria@example.com,+34 979748936,1986-09-19,Verified,4407.9,2026-09-28 09:53:47.881650
163,Bernardino,Mur,obduliamartorell@example.org,+34878 375 649,1966-11-24,Verified,2465.86,2026-09-28 09:53:47.881650
164,Marcio,Giralt,hsalom@example.net,+34 927 29 75 48,1971-03-28,Verified,4514.42,2026-09-28 09:53:47.881650
165,Olegario,Fabra,julio-cesar82@example.com,+34 983719763,2006-11-30,Verified,220.31,2026-09-28 09:53:47.881650
166,María Ángeles,Alberto,santanafelix@example.com,+34886 392 349,1992-09-21,Verified,2.4,2026-09-28 09:53:47.881650
167,Camila,Zamorano,zferreras@example.org,+34 871 25 57 47,1996-05-03,Pending,4933.41,2026-09-28 09:53:47.881650
168,Nando,Benítez,mhoz@example.com,+34980 759 047,1986-03-19,Verified,4511.6,2026-09-28 09:53:47.881650
169,Gil,Rojas,adelianoriega@example.com,+34 922448035,1994-05-23,Verified,287.64,2026-09-28 09:53:47.881650
170,Flora,Guitart,fcal@example.org,+34928 456 822,1994-06-14,Pending,4219.14,2026-09-28 09:53:47.881650
171,Dani,Lillo,sblazquez@example.org,+34849 16 08 14,2000-07-07,Verified,3914.78,2026-09-28 09:53:47.881650
172,Abril,Aguilar,ainoamacias@example.net,+34800 28 13 33,1974-02-11,Verified,4645.96,2026-09-28 09:53:47.881650
173,Obdulia,Calderón,fernando00@example.net,+34 988048949,1977-06-29,Verified,720.59,2026-09-28 09:53:47.881650
174,Azucena,Torrens,chelovazquez@example.net,+34 979402191,2003-05-24,Pending,3074.49,2026-09-28 09:53:47.881650
175,Isa,Montserrat,wilfredoluque@example.com,+34 972289828,1971-03-31,Pending,2804.3,2026-09-28 09:53:47.881650
176,Trinidad,Bernal,mohamedsales@example.net,+34 944 65 80 28,1959-05-09,Verified,2767.53,2026-09-28 09:53:47.881650
177,Leonel,Domínguez,maytealberdi@example.com,+34 828 73 07 65,1993-06-03,Verified,3780.82,2026-09-28 09:53:47.881650
178,Dionisio,Montenegro,joan38@example.org,+34 703 23 99 35,1970-01-23,Rejected,970.2,2026-09-28 09:53:47.881650
179,Fernando,Huertas,xiglesia@example.org,+34988089414,2007-12-26,Pending,4810.38,2026-09-28 09:53:47.881650
180,Yéssica,Bou,ramiroalberdi@example.net,+34739 880 585,2004-09-22,Pending,4687.86,2026-09-28 09:53:47.881650
181,Jose Ignacio,Soria,alvaradotrinidad@example.org,+34 820332860,1963-10-04,Verified,4335.66,2026-09-28 09:53:47.881650
182,Anacleto,Miranda,lauramillan@example.net,+34 803 541 101,1975-05-09,Verified,3282.53,2026-09-28 09:53:47.881650
183,Belén,Suarez,jenniferarias@example.com,+34 877 49 19 93,2007-08-17,Verified,2502.79,2026-09-28 09:53:47.881650
184,Ciro,Iborra,hilda33@example.org,+34874 425 293,1991-11-08,Verified,1004.4,2026-09-28 09:53:47.881650
185,Leandra,Pou,dbarrio@example.org,+34 823 33 25 77,1962-08-19,Verified,2216.84,2026-09-28 09:53:47.881650
186,Rosario,Somoza,valentinsoraya@example.net,+34 877 86 44 57,1957-06-26,Verified,385.02,2026-09-28 09:53:47.881650
187,José Ángel,Espejo,inovoa@example.org,+34878392496,1961-01-17,Verified,3907.88,2026-09-28 09:53:47.881650
188,Morena,Elías,tristan37@example.net,+34 839 741 142,1985-10-18,Pending,3539.68,2026-09-28 09:53:47.881650
189,Verónica,Barrera,armandomancebo@example.net,+34973907428,1967-09-17,Verified,4174.65,2026-09-28 09:53:47.881650
190,Dionisia,Cases,ramon45@example.com,+34922 74 02 00,1956-05-12,Verified,3296.68,2026-09-28 09:53:47.881650
191,Juan Manuel,Cuéllar,lisandro87@example.net,+34982548523,1960-10-23,Verified,3623.43,2026-09-28 09:53:47.881650
192,Felicidad,Ortuño,xaguado@example.net,+34874 709 133,1966-09-02,Verified,2675.52,2026-09-28 09:53:47.881650
193,Severo,Amo,santiago07@example.com,+34854258169,1956-02-13,Verified,1019.66,2026-09-28 09:53:47.881650
194,Marita,Puerta,everdu@example.org,+34868417784,2000-12-04,Verified,1692.06,2026-09-28 09:53:47.881650
195,Efraín,Fabra,ferrerasjonatan@example.com,+34724664463,1969-01-24,Verified,913.14,2026-09-28 09:53:47.881650
196,Venceslás,Arnaiz,acunatomasa@example.net,+34883 660 852,1958-01-22,Pending,4973.01,2026-09-28 09:53:47.881650
197,Paca,Suárez,sevillarufino@example.org,+34 987 775 355,1969-06-15,Verified,2108.36,2026-09-28 09:53:47.881650
198,Begoña,Jaume,saldanajordi@example.com,+34950 60 42 36,1984-03-01,Verified,2539.48,2026-09-28 09:53:47.881650
199,Juan José,Acero,tristan89@example.com,+34 972 15 77 28,1998-03-10,Verified,890.59,2026-09-28 09:53:47.881650
200,Ariel,Cuenca,adelinagomis@example.net,+34 923667059,1953-03-07,Verified,4317.78,2026-09-28 09:53:47.881650
201,Hilario,Aranda,santos56@example.com,+34 876 28 77 00,1961-01-24,Pending,4343.5,2026-09-28 09:53:47.881650
202,Fanny,Fernández,jose-antonio17@example.org,+34882 461 798,2007-07-03,Pending,2629.78,2026-09-28 09:53:47.881650
203,Piedad,Hervás,ncanals@example.net,+34 826 85 20 18,1969-04-23,Verified,4743.23,2026-09-28 09:53:47.881650
204,Camila,Verdugo,vangel@example.net,+34 871 54 39 61,1964-09-14,Verified,1998.48,2026-09-28 09:53:47.881650
205,Nando,Cordero,ligia27@example.net,+34 880 758 594,1988-12-28,Verified,2118.2,2026-09-28 09:53:47.881650
206,Irene,Morcillo,nilo78@example.com,+34 924 12 38 72,2004-02-11,Verified,2552.04,2026-09-28 09:53:47.881650
207,Blanca,Cabeza,upelayo@example.net,+34872222326,1999-03-24,Pending,2722.71,2026-09-28 09:53:47.881650
208,Moreno,Espada,cuencaclementina@example.net,+34 984 264 288,2004-10-04,Rejected,4026.62,2026-09-28 09:53:47.881650
209,Azahar,Moll,salomon51@example.com,+34 981 03 45 79,2000-04-13,Pending,2034.95,2026-09-28 09:53:47.881650
210,Dorotea,Carreño,aroa49@example.com,+34946 01 92 79,1991-04-18,Rejected,4659.13,2026-09-28 09:53:47.881650
211,Liliana,Palacios,oliveevelia@example.net,+34 932 73 83 00,1965-03-30,Verified,2791.38,2026-09-28 09:53:47.881650
212,Pacífica,Izaguirre,cristina66@example.com,+34828 26 84 17,2005-10-08,Verified,4141.27,2026-09-28 09:53:47.881650
213,Anselmo,Poza,jose-manuel04@example.org,+34936 69 91 60,1983-07-20,Verified,2859.71,2026-09-28 09:53:47.881650
214,Toni,Codina,placido66@example.com,+34 658 54 97 20,1960-10-21,Verified,1182.44,2026-09-28 09:53:47.881650
215,María Manuela,Bernat,segarrayolanda@example.org,+34 901 39 21 16,2002-12-27,Verified,4608.57,2026-09-28 09:53:47.881650
216,Eligio,Bernad,campossusanita@example.net,+34845693803,1951-10-28,Verified,996.59,2026-09-28 09:53:47.881650
217,Mayte,Cano,mazajose-mari@example.com,+34884 63 55 85,1963-07-14,Verified,3004.32,2026-09-28 09:53:47.881650
218,Clotilde,Montoya,maricelaprado@example.net,+34 980 678 214,1986-02-26,Verified,1784.12,2026-09-28 09:53:47.881650
219,Lope,Batalla,alondra49@example.org,+34726 338 014,1965-11-05,Verified,956.77,2026-09-28 09:53:47.881650
220,Victoria,Dueñas,rjulia@example.org,+34 875 036 539,1968-01-25,Verified,1458.37,2026-09-28 09:53:47.881650
221,Caridad,Castillo,albertmaza@example.com,+34 888 37 84 94,1968-03-19,Verified,1327.49,2026-09-28 09:53:47.881650
222,Hortensia,Daza,ocanapepita@example.net,+34 838791723,1983-05-20,Pending,1977.19,2026-09-28 09:53:47.881650
223,Nico,Mendoza,girontecla@example.com,+34800 65 10 56,1978-01-29,Verified,1653.72,2026-09-28 09:53:47.881650
224,Petrona,Jáuregui,uribecalista@example.org,+34 853 20 17 40,1971-08-10,Verified,1682.64,2026-09-28 09:53:47.881650
225,Ángel,Ferrándiz,ana-sofiafont@example.org,+34 979 94 92 91,1968-12-25,Verified,1680.77,2026-09-28 09:53:47.881650
226,Kike,Prada,corbachofaustino@example.com,+34879897144,1966-06-17,Rejected,2480.65,2026-09-28 09:53:47.881650
227,Cristian,Araujo,felipaposada@example.com,+34 920 202 054,2000-07-23,Verified,1166.07,2026-09-28 09:53:47.881650
228,Fermín,Carnero,zrios@example.net,+34 847 11 96 68,1972-06-19,Verified,1379.6,2026-09-28 09:53:47.881650
229,Ana Belén,Molina,squiroga@example.org,+34947 493 875,1980-03-09,Pending,798.99,2026-09-28 09:53:47.881650
230,Vasco,Zaragoza,ugonzalez@example.org,+34977 743 032,1990-03-25,Verified,4144.74,2026-09-28 09:53:47.881650
231,Dani,Cifuentes,ines22@example.org,+34 942315304,1965-10-16,Verified,2652.56,2026-09-28 09:53:47.881650
232,Milagros,Ledesma,correafelix@example.org,+34 828810705,2006-06-04,Verified,524.71,2026-09-28 09:53:47.881650
233,Elvira,Morán,domingo64@example.com,+34985945615,1955-07-12,Verified,871.39,2026-09-28 09:53:47.881650
234,Ema,Coello,romeuloreto@example.net,+34876 590 805,2008-07-23,Pending,1079.32,2026-09-28 09:53:47.881650
235,Concepción,Valverde,lmir@example.net,+34902874909,2000-09-21,Verified,2629.39,2026-09-28 09:53:47.881650
236,Antonia,Noguera,navarreteirma@example.net,+34871 70 41 34,1967-01-02,Verified,1242.76,2026-09-28 09:53:47.881650
237,Amado,Ángel,alonso68@example.net,+34875 25 84 69,1978-10-23,Verified,2257.65,2026-09-28 09:53:47.881650
238,Silvia,Alberto,agudodorita@example.net,+34847987643,2003-11-07,Verified,4315.5,2026-09-28 09:53:47.881650
239,Lina,Carrión,roberto82@example.org,+34875 12 93 28,1985-08-14,Verified,1804.63,2026-09-28 09:53:47.881650
240,Teobaldo,Salcedo,villaverdefebe@example.com,+34920 41 64 92,1958-01-22,Pending,4564.41,2026-09-28 09:53:47.881650
241,Luis Miguel,Calvet,maximinoramirez@example.net,+34 888 321 753,1971-09-02,Pending,4154.97,2026-09-28 09:53:47.881650
242,Carina,Sales,gonzalobegona@example.org,+34 900 07 42 08,1998-01-16,Rejected,3792.9,2026-09-28 09:53:47.881650
243,Sergio,Ibañez,valentinasalinas@example.net,+34 746660573,1999-04-07,Pending,1929.62,2026-09-28 09:53:47.881650
244,Jordán,Arnal,manuelitaprado@example.net,+34 880 91 91 82,2006-06-28,Verified,1854.42,2026-09-28 09:53:47.881650
245,Hilda,Sala,callejaleonel@example.net,+34 872848031,1954-11-28,Verified,1113.21,2026-09-28 09:53:47.881650
246,Julio,Barrera,jmuniz@example.org,+34845 93 62 90,1977-08-13,Verified,2859.76,2026-09-28 09:53:47.881650
247,Hilario,Comas,maricela49@example.com,+34 923 66 81 37,1962-01-02,Pending,1942.56,2026-09-28 09:53:47.881650
248,Artemio,Roldán,agustinroberta@example.org,+34 887 02 23 07,2002-06-18,Verified,442.99,2026-09-28 09:53:47.881650
249,Azahar,Yuste,alvaro23@example.org,+34 944 05 54 31,1987-07-19,Verified,1471.0,2026-09-28 09:53:47.881650
250,Palmira,Miralles,elisa50@example.org,+34 822 448 258,1981-08-19,Verified,1409.62,2026-09-28 09:53:47.881650
251,Tito,Montalbán,lalfonso@example.com,+34986 640 092,1972-02-22,Verified,3887.58,2026-09-28 09:53:47.881650
252,Carla,Téllez,phervas@example.net,+34877332213,1975-07-09,Verified,3156.82,2026-09-28 09:53:47.881650
253,Alexandra,Falcón,cloe04@example.org,+34725902808,1987-06-24,Verified,1852.52,2026-09-28 09:53:47.881650
254,Encarnita,Feliu,florvenceslas@example.com,+34 734 549 700,1984-02-29,Rejected,539.74,2026-09-28 09:53:47.881650
255,Amada,Mosquera,dcoello@example.org,+34953 791 717,1971-02-01,Verified,4819.76,2026-09-28 09:53:47.881650
256,Íngrid,Mendizábal,nmontes@example.net,+34 939707062,1981-07-28,Verified,4305.74,2026-09-28 09:53:47.881650
257,Jose Ramón,Córdoba,coronapelaez@example.net,+34988 155 868,1959-01-01,Pending,3386.42,2026-09-28 09:53:47.881650
258,Enrique,Patiño,aragonprudencia@example.net,+34 937 76 28 98,1961-10-18,Pending,4892.95,2026-09-28 09:53:47.881650
259,Francisco Javier,Sainz,loida27@example.net,+34821 05 71 00,1987-12-03,Verified,774.58,2026-09-28 09:53:47.881650
260,Sara,Mateos,bayonignacio@example.com,+34 984042045,1994-08-05,Verified,533.97,2026-09-28 09:53:47.881650
261,Jose Luis,Escamilla,sorayaguardia@example.com,+34942 161 140,1992-05-17,Verified,1274.44,2026-09-28 09:53:47.881650
262,Bartolomé,Galvez,cabreramatilde@example.org,+34 979850379,1982-11-18,Rejected,1498.05,2026-09-28 09:53:47.881650
263,Óscar,Arnal,brigida52@example.net,+34883 28 47 46,1969-09-09,Verified,2011.15,2026-09-28 09:53:47.881650
264,Valeria,Cortes,xpiquer@example.org,+34 884 913 962,1996-01-06,Verified,2697.33,2026-09-28 09:53:47.881650
265,Alma,Barón,tbayona@example.org,+34839838410,1975-01-28,Verified,643.89,2026-09-28 09:53:47.881650
266,Priscila,Puga,chicootilia@example.com,+34 633306166,1974-07-25,Verified,3647.06,2026-09-28 09:53:47.881650
267,Silvio,Paniagua,andradeangeles@example.com,+34872 76 76 25,2004-04-02,Verified,1248.05,2026-09-28 09:53:47.881650
268,Custodio,Perea,eustaquioescribano@example.com,+34946338545,1951-01-22,Pending,4869.72,2026-09-28 09:53:47.881650
269,Ema,Figueras,khuerta@example.net,+34886822850,1960-10-25,Verified,2279.53,2026-09-28 09:53:47.881650
270,Lalo,Morcillo,ainoa07@example.com,+34902636036,2002-08-24,Verified,1283.04,2026-09-28 09:53:47.881650
271,Matilde,Hoz,valerodani@example.net,+34 828 03 91 10,1955-11-28,Verified,4365.19,2026-09-28 09:53:47.881650
272,Carolina,Herrera,espinosadimas@example.com,+34844 452 821,1988-06-22,Verified,2965.2,2026-09-28 09:53:47.881650
273,Elisa,Cuervo,viviana02@example.net,+34 949 46 18 76,2005-04-03,Verified,1127.09,2026-09-28 09:53:47.881650
274,Emilio,Cabañas,bdiez@example.com,+34 849 88 04 29,1971-03-06,Verified,174.27,2026-09-28 09:53:47.881650
275,Fátima,Morera,danielrebollo@example.com,+34920 67 36 56,2003-05-02,Pending,2994.39,2026-09-28 09:53:47.881650
276,Ruperto,Botella,cipriano03@example.com,+34820 455 092,1992-12-15,Verified,1373.79,2026-09-28 09:53:47.881650
277,Teófila,Coloma,lina35@example.org,+34 977 284 048,2001-10-29,Verified,4016.65,2026-09-28 09:53:47.881650
278,Manuela,Mulet,imeldavalderrama@example.net,+34948 087 021,1984-05-01,Verified,1004.83,2026-09-28 09:53:47.881650
279,Sebastian,Mendoza,leoncandelaria@example.org,+34988 94 50 11,1986-05-04,Verified,1653.85,2026-09-28 09:53:47.881650
280,Casemiro,Exposito,ipuente@example.net,+34988800764,1993-11-20,Verified,475.11,2026-09-28 09:53:47.881650
281,Tecla,Cañas,balduinonavarro@example.net,+34 855829595,1973-01-31,Verified,3619.35,2026-09-28 09:53:47.881650
282,Pascuala,Anaya,jordi69@example.org,+34845 41 34 72,2008-08-18,Verified,1854.76,2026-09-28 09:53:47.881650
283,Josep,Pallarès,pnoriega@example.org,+34922 784 368,2002-01-21,Pending,3918.82,2026-09-28 09:53:47.881650
284,Abel,Vigil,perlitapacheco@example.org,+34973 88 31 91,1960-04-17,Pending,4760.14,2026-09-28 09:53:47.881650
285,Francisco,Franco,rosalva89@example.org,+34 985535217,1974-06-25,Verified,2608.64,2026-09-28 09:53:47.881650
286,Ámbar,Ferrán,isabela56@example.com,+34888 37 51 91,1966-11-07,Verified,4644.7,2026-09-28 09:53:47.881650
287,Primitiva,Alcalá,qbarcena@example.com,+34 947 77 20 50,1978-11-13,Verified,90.53,2026-09-28 09:53:47.881650
288,Jafet,Caro,calista81@example.com,+34 841 30 64 96,1967-01-31,Pending,709.57,2026-09-28 09:53:47.881650
289,Bernardita,Sedano,zribera@example.net,+34868 659 110,2000-03-28,Verified,1083.75,2026-09-28 09:53:47.881650
290,Amador,Valencia,jcanizares@example.com,+34 876 808 234,1981-06-13,Verified,233.41,2026-09-28 09:53:47.881650
291,Santiago,Echevarría,yuribe@example.com,+34 871 170 686,1958-04-17,Verified,77.94,2026-09-28 09:53:47.881650
292,Bruno,Pinedo,nogueraingrid@example.org,+34 882 59 80 88,1991-08-20,Verified,112.07,2026-09-28 09:53:47.881650
293,Juan José,Cánovas,jzamora@example.net,+34883 56 88 96,1961-06-20,Verified,3381.52,2026-09-28 09:53:47.881650
294,Almudena,Silva,carrascofelipe@example.com,+34842610491,2001-06-28,Verified,2105.52,2026-09-28 09:53:47.881650
295,Moisés,Ariño,carminabecerra@example.com,+34920 16 95 89,2003-11-20,Verified,4973.2,2026-09-28 09:53:47.881650
296,Anita,Alcázar,pinohugo@example.org,+34961 85 82 94,1957-06-19,Verified,1914.77,2026-09-28 09:53:47.881650
297,Gisela,Montserrat,calberola@example.com,+34983 453 176,1994-03-08,Verified,3854.09,2026-09-28 09:53:47.881650
298,Rolando,Barrena,carmela60@example.org,+34880 86 81 17,1974-01-19,Pending,1380.79,2026-09-28 09:53:47.881650
299,Filomena,Exposito,galloalex@example.net,+34 886 424 053,2003-06-12,Verified,572.81,2026-09-28 09:53:47.881650
300,Azeneth,Salazar,aitana14@example.org,+34985447406,1955-02-11,Verified,584.71,2026-09-28 09:53:47.881650
301,Haydée,Solera,molescrescencia@example.org,+34876 052 509,1967-04-30,Pending,4061.44,2026-09-28 09:53:47.881650
302,Jacinto,Guerra,cosme69@example.org,+34 972822373,1953-02-21,Verified,2188.02,2026-09-28 09:53:47.881650
303,Leonel,Borrego,esobrino@example.org,+34949 80 33 98,1963-02-03,Verified,536.87,2026-09-28 09:53:47.881650
304,Ileana,Ramos,maestreale@example.net,+34 822432088,2008-04-07,Pending,4189.05,2026-09-28 09:53:47.881650
305,Ana Belén,Feijoo,eliseo20@example.net,+34728 679 369,1991-12-22,Verified,3289.08,2026-09-28 09:53:47.881650
306,Marciano,Juárez,esparzaruperto@example.org,+34878 948 180,1958-06-09,Verified,2257.89,2026-09-28 09:53:47.881650
307,Arsenio,Zabala,dprat@example.org,+34 881 528 621,1995-09-01,Verified,569.21,2026-09-28 09:53:47.881650
308,Otilia,Barceló,jtolosa@example.net,+34704179111,2007-12-08,Verified,3236.81,2026-09-28 09:53:47.881650
309,Jeremías,Iniesta,qzorrilla@example.org,+34 943 677 052,1989-12-12,Verified,4979.89,2026-09-28 09:53:47.881650
310,Leoncio,Talavera,murillojuanita@example.org,+34 974 885 107,2001-01-15,Pending,3962.97,2026-09-28 09:53:47.881650
311,Jorge,Castejón,lrius@example.org,+34849672253,2007-09-09,Verified,3311.2,2026-09-28 09:53:47.881650
312,Reynaldo,Montalbán,valerioverdejo@example.com,+34977936390,2005-12-02,Rejected,4403.73,2026-09-28 09:53:47.881650
313,Rosalinda,Marí,sosimo02@example.org,+34983 442 249,1971-11-23,Rejected,4299.21,2026-09-28 09:53:47.881650
314,Lucía,Sacristán,corneliobaena@example.com,+34845 92 77 13,1985-05-05,Verified,4205.54,2026-09-28 09:53:47.881650
315,Pascual,Piña,maxicarro@example.com,+34 946 59 27 71,1973-03-21,Verified,3354.06,2026-09-28 09:53:47.881650
316,Águeda,Morata,lcabeza@example.net,+34 741225308,1970-09-23,Verified,137.17,2026-09-28 09:53:47.881650
317,Loreto,Guzman,vangel@example.org,+34827658676,1979-02-26,Verified,2785.08,2026-09-28 09:53:47.881650
318,Ariadna,Ribes,claudioflores@example.org,+34986986192,1952-09-22,Verified,2621.76,2026-09-28 09:53:47.881650
319,Emiliana,Lladó,parejofebe@example.com,+34980 90 44 86,1964-10-05,Verified,3061.28,2026-09-28 09:53:47.881650
320,Teobaldo,Hernando,andradesonia@example.com,+34 806 737 048,2008-01-12,Rejected,1448.9,2026-09-28 09:53:47.881650
321,Clementina,Gálvez,cesar72@example.net,+34 987 725 071,2007-12-13,Verified,429.1,2026-09-28 09:53:47.881650
322,Hector,Abella,adanclemente@example.com,+34848 00 57 73,2001-05-13,Verified,4378.29,2026-09-28 09:53:47.881650
323,Glauco,Donoso,wmorante@example.net,+34945 777 769,1965-11-17,Verified,593.99,2026-09-28 09:53:47.881650
324,Teodoro,Alvarado,ana-belen97@example.com,+34872 07 30 22,1983-08-25,Verified,513.02,2026-09-28 09:53:47.881650
325,Marianela,Manjón,nestor59@example.org,+34 885 896 439,1989-06-03,Rejected,1410.21,2026-09-28 09:53:47.881650
326,Áurea,Torrens,jbellido@example.net,+34874713770,1962-06-10,Verified,421.65,2026-09-28 09:53:47.881650
327,Odalis,Sandoval,macarena78@example.org,+34 910 098 510,1966-11-13,Verified,2888.85,2026-09-28 09:53:47.881650
328,Juan Manuel,Sabater,angelalba@example.net,+34 944 01 94 87,1961-11-18,Verified,2339.45,2026-09-28 09:53:47.881650
329,Rico,Mosquera,arnaumarcos@example.com,+34806025627,1970-07-30,Verified,3374.21,2026-09-28 09:53:47.881650
330,Tatiana,Ledesma,ciriacoamor@example.com,+34886 02 70 72,1976-08-02,Pending,849.37,2026-09-28 09:53:47.881650
331,Hortensia,Iniesta,cecilio59@example.com,+34 841 991 450,2002-12-05,Pending,1186.17,2026-09-28 09:53:47.881650
332,Alberto,Robles,arturocriado@example.org,+34 699 250 599,1966-04-04,Verified,3954.17,2026-09-28 09:53:47.881650
333,María José,Cabezas,cuetoagata@example.org,+34 983765972,1954-07-14,Verified,2944.93,2026-09-28 09:53:47.881650
334,Agustín,Hurtado,pozaale@example.org,+34826795758,1951-12-16,Verified,4875.2,2026-09-28 09:53:47.881650
335,Zoraida,Cortés,zmartinez@example.org,+34885 78 30 65,1973-11-21,Verified,1347.37,2026-09-28 09:53:47.881650
336,Danilo,Bauzà,ycolom@example.com,+34 843 254 980,1985-05-14,Verified,201.33,2026-09-28 09:53:47.881650
337,Mónica,Soria,romeugriselda@example.net,+34 845 65 15 32,1959-08-12,Verified,4307.78,2026-09-28 09:53:47.881650
338,Jose Carlos,Tenorio,fdavila@example.com,+34 886 07 79 99,1996-06-04,Verified,3331.47,2026-09-28 09:53:47.881650
339,Adán,Cabanillas,roxana54@example.net,+34 873 34 71 86,1981-10-26,Verified,2255.87,2026-09-28 09:53:47.881650
340,Asdrubal,Egea,rosellopelayo@example.net,+34922113418,1968-05-06,Verified,1161.81,2026-09-28 09:53:47.881650
341,Fernando,Mora,xpozo@example.org,+34884 065 814,1971-10-04,Verified,4705.08,2026-09-28 09:53:47.881650
342,Dalila,Madrigal,estelasedano@example.net,+34971 87 87 88,1979-04-26,Verified,4683.12,2026-09-28 09:53:47.881650
343,Ruperta,Sancho,ptorrents@example.com,+34874856221,1990-09-14,Verified,2628.4,2026-09-28 09:53:47.881650
344,Otilia,Estévez,srojas@example.com,+34844036869,1964-08-23,Rejected,1347.53,2026-09-28 09:53:47.881650
345,Lupe,Echeverría,aliciamari@example.com,+34 978 429 897,1998-11-11,Rejected,582.62,2026-09-28 09:53:47.881650
346,Lorenza,Pujol,qmesa@example.org,+34 923 037 186,1955-06-26,Pending,2059.81,2026-09-28 09:53:47.881650
347,Nereida,Calleja,ncalzada@example.net,+34 927114753,1987-09-16,Verified,3841.64,2026-09-28 09:53:47.881650
348,Paloma,Carballo,tamayocarlito@example.org,+34 838 88 58 66,1955-12-21,Verified,1394.31,2026-09-28 09:53:47.881650
349,Aitana,Marí,pilicheca@example.org,+34 985 77 35 30,2003-02-05,Verified,4440.69,2026-09-28 09:53:47.881650
350,Iris,Olmedo,adela51@example.net,+34 910 008 235,1951-07-18,Verified,571.36,2026-09-28 09:53:47.881650
351,Rosalva,Reina,felixtejada@example.com,+34887 58 91 15,1993-03-06,Verified,3143.3,2026-09-28 09:53:47.881650
352,Vera,Arce,qamoros@example.com,+34924 623 615,1969-03-03,Pending,3559.71,2026-09-28 09:53:47.881650
353,Rosendo,Daza,murilloelodia@example.org,+34 879453369,2008-08-26,Verified,1901.26,2026-09-28 09:53:47.881650
354,Ruperta,Jove,arsenio37@example.net,+34 745183285,1954-06-27,Pending,658.6,2026-09-28 09:53:47.881650
355,Azahara,Ferrándiz,martipurificacion@example.com,+34878 374 767,1959-02-14,Pending,2357.79,2026-09-28 09:53:47.881650
356,Pánfilo,Falcón,eliasisa@example.net,+34874260780,1984-09-23,Verified,4022.13,2026-09-28 09:53:47.881650
357,Tomás,Mascaró,mohamed78@example.com,+34863247787,1993-12-17,Verified,3187.5,2026-09-28 09:53:47.881650
358,Aarón,Plaza,iruiz@example.com,+34882814432,1953-04-11,Rejected,966.81,2026-09-28 09:53:47.881650
359,Ainara,Tomás,uortuno@example.org,+34874 29 69 50,1958-09-02,Pending,69.72,2026-09-28 09:53:47.881650
360,Cirino,Salom,tbaena@example.com,+34 886 48 77 69,1974-04-14,Verified,379.48,2026-09-28 09:53:47.881650
361,Venceslás,Cid,eloisa48@example.com,+34875 51 12 78,1998-06-09,Pending,362.12,2026-09-28 09:53:47.881650
362,Sabas,Castañeda,osvaldo74@example.org,+34884557577,1953-08-25,Verified,3896.91,2026-09-28 09:53:47.881650
363,Edgardo,Gámez,ramonavillar@example.com,+34 973 842 867,1974-09-20,Verified,163.65,2026-09-28 09:53:47.881650
364,Macarena,Escrivá,salesapolinar@example.com,+34875 955 563,1980-05-17,Verified,3781.8,2026-09-28 09:53:47.881650
365,Maribel,Alcántara,bpozo@example.com,+34923673628,1958-10-27,Verified,539.54,2026-09-28 09:53:47.881650
366,Plácido,Posada,gtorrents@example.net,+34 709 08 97 73,1999-06-24,Verified,1630.98,2026-09-28 09:53:47.881650
367,Sofía,Olivares,fabriciocabrero@example.org,+34 927 205 895,1998-06-14,Verified,4468.89,2026-09-28 09:53:47.881650
368,Cesar,Diéguez,lucas01@example.net,+34902 931 287,2002-02-05,Verified,986.18,2026-09-28 09:53:47.881650
369,Teobaldo,Viña,aristideslillo@example.org,+34 927963781,1988-06-19,Verified,376.29,2026-09-28 09:53:47.881650
370,Brunilda,Francisco,alexandrallopis@example.com,+34857591495,1988-01-20,Verified,20.79,2026-09-28 09:53:47.881650
371,Teófila,Tolosa,dconde@example.net,+34 978 038 092,1979-10-20,Verified,554.11,2026-09-28 09:53:47.881650
372,Antonia,Quirós,reyes82@example.org,+34823 159 217,1957-03-26,Verified,803.53,2026-09-28 09:53:47.881650
373,Hernando,Rius,bgallardo@example.net,+34 978 76 10 94,1986-03-17,Pending,3754.61,2026-09-28 09:53:47.881650
374,Juan Francisco,Fajardo,carreteroalbert@example.org,+34885451580,1957-10-05,Pending,1501.05,2026-09-28 09:53:47.881650
375,Martirio,Dávila,martincorbacho@example.com,+34823 90 74 75,1953-03-03,Rejected,166.28,2026-09-28 09:53:47.881650
376,Espiridión,Mateos,carmelosalmeron@example.org,+34 843507240,1990-07-27,Verified,2595.97,2026-09-28 09:53:47.881650
377,José Ángel,Martinez,escobarcarlito@example.org,+34 800 128 807,1989-11-16,Pending,2195.41,2026-09-28 09:53:47.881650
378,Diego,Novoa,kmolina@example.org,+34 826418107,2003-08-30,Verified,3329.94,2026-09-28 09:53:47.881650
379,Celia,Frutos,morenopineiro@example.com,+34843 70 03 38,1982-10-06,Pending,1652.59,2026-09-28 09:53:47.881650
380,Fito,Castelló,juanito16@example.net,+34845 69 38 12,2003-12-17,Pending,3848.79,2026-09-28 09:53:47.881650
381,Sofía,Teruel,vsobrino@example.com,+34979811669,1989-10-12,Verified,253.81,2026-09-28 09:53:47.881650
382,Victoria,Pinilla,juliocolom@example.com,+34 971 590 319,1953-04-22,Verified,4017.15,2026-09-28 09:53:47.881650
383,Eloísa,Codina,amaliagrau@example.org,+34 942903020,1952-12-07,Pending,4193.2,2026-09-28 09:53:47.881650
384,Teobaldo,Lamas,custodia08@example.org,+34 823 685 674,1961-10-23,Verified,4000.21,2026-09-28 09:53:47.881650
385,Berto,Quirós,yhoyos@example.net,+34 875464272,1980-03-14,Rejected,1322.65,2026-09-28 09:53:47.881650
386,Sabas,Llabrés,iker15@example.org,+34 901 907 778,1970-01-20,Pending,1570.25,2026-09-28 09:53:47.881650
387,Nadia,Guerrero,santanamanu@example.net,+34 879 32 90 30,1978-09-22,Pending,2267.83,2026-09-28 09:53:47.881650
388,Raquel,Alcázar,eusebioroldan@example.org,+34971926231,1961-06-16,Verified,2504.35,2026-09-28 09:53:47.881650
389,Geraldo,Catalán,fuentesjosep@example.com,+34 846 154 983,2005-09-18,Verified,3049.79,2026-09-28 09:53:47.881650
390,Vanesa,Agustí,silvestre81@example.com,+34845463736,1977-11-13,Pending,2729.7,2026-09-28 09:53:47.881650
391,Buenaventura,Bautista,elvira73@example.com,+34 901 25 25 67,1957-03-08,Verified,3801.57,2026-09-28 09:53:47.881650
392,Sancho,Vargas,arcelia34@example.com,+34944250629,2006-12-29,Verified,4617.2,2026-09-28 09:53:47.881650
393,América,Villalonga,dpalmer@example.net,+34986 04 48 24,1954-03-02,Verified,2588.57,2026-09-28 09:53:47.881650
394,Lina,Solera,cristinarobles@example.com,+34942613397,2000-10-15,Pending,2822.06,2026-09-28 09:53:47.881650
395,Carmelo,Ángel,lagoadan@example.com,+34945 53 13 19,1968-04-11,Verified,4159.05,2026-09-28 09:53:47.881650
396,Felix,Sierra,llamaselias@example.net,+34 973 824 732,1967-06-17,Verified,2572.79,2026-09-28 09:53:47.881650
397,Chus,Zaragoza,nico50@example.net,+34871 370 404,1957-01-14,Pending,106.54,2026-09-28 09:53:47.881650
398,Germán,Uriarte,maria-doloresfrancisco@example.org,+34704508373,1984-06-02,Verified,3941.42,2026-09-28 09:53:47.881650
399,Marianela,Cazorla,emilio41@example.com,+34948 62 97 94,1992-01-21,Verified,2465.0,2026-09-28 09:53:47.881650
400,Cándido,Querol,andres46@example.net,+34901762093,1953-03-28,Verified,3781.96,2026-09-28 09:53:47.881650
401,Desiderio,Barón,onadal@example.net,+34880 92 84 39,1970-07-18,Pending,3140.18,2026-09-28 09:53:47.881650
402,Nicolás,Barranco,xbou@example.net,+34983892711,1981-09-06,Pending,4764.4,2026-09-28 09:53:47.881650
403,Jesusa,Exposito,zabaletanorberto@example.com,+34820 72 01 85,2001-10-13,Pending,2256.02,2026-09-28 09:53:47.881650
404,Elisabet,Sanjuan,juan-francisco28@example.net,+34980 771 132,1951-02-27,Verified,3674.72,2026-09-28 09:53:47.881650
405,Encarnación,Madrigal,nmendez@example.com,+34 881 71 77 30,2002-04-10,Verified,1332.54,2026-09-28 09:53:47.881650
406,María Del Carmen,Torrecilla,eutropiovalbuena@example.com,+34 846 211 048,1989-04-18,Verified,970.14,2026-09-28 09:53:47.881650
407,Gerónimo,Español,laguilo@example.net,+34846606102,1981-09-29,Verified,2436.02,2026-09-28 09:53:47.881650
408,Eligia,Blanes,rosalina06@example.net,+34845 218 548,1998-04-15,Verified,2843.08,2026-09-28 09:53:47.881650
409,Nico,Conde,pacifica99@example.com,+34924 02 24 98,1962-04-16,Verified,4848.18,2026-09-28 09:53:47.881650
410,Isabel,Sánchez,gmora@example.net,+34874401632,1979-11-18,Verified,761.0,2026-09-28 09:53:47.881650
411,Vasco,Barco,cferrando@example.com,+34882 337 569,1983-10-01,Verified,2589.23,2026-09-28 09:53:47.881650
412,Narcisa,Girón,rcano@example.net,+34988 50 29 91,1999-06-17,Verified,1560.15,2026-09-28 09:53:47.881650
413,Ale,Aranda,baroandrea@example.org,+34974 452 302,1994-01-09,Verified,236.26,2026-09-28 09:53:47.881650
414,Flora,Palmer,felicia79@example.net,+34 946 36 29 04,2002-12-24,Verified,3523.42,2026-09-28 09:53:47.881650
415,Cayetana,Viana,herminio20@example.org,+34947931681,2006-01-13,Verified,4962.56,2026-09-28 09:53:47.881650
416,Javiera,Lucena,aznaranastasia@example.com,+34820 677 123,2003-01-28,Verified,1659.65,2026-09-28 09:53:47.881650
417,Loreto,Fuertes,smacias@example.org,+34 980 13 63 59,1977-01-14,Verified,2038.22,2026-09-28 09:53:47.881650
418,Leocadia,Torralba,felixramon@example.net,+34972994932,1963-08-05,Verified,891.69,2026-09-28 09:53:47.881650
419,Rosalina,Moles,patricioortega@example.org,+34 921 374 989,1954-03-27,Verified,1840.99,2026-09-28 09:53:47.881650
420,Mirta,Mata,garzoningrid@example.net,+34857 404 352,1977-09-29,Verified,2748.81,2026-09-28 09:53:47.881650
421,Eusebia,Reyes,lourdes28@example.net,+34 844 994 152,1969-12-15,Pending,2559.91,2026-09-28 09:53:47.881650
422,Heliodoro,Madrid,sergio88@example.com,+34 729117364,1970-07-13,Verified,1313.77,2026-09-28 09:53:47.881650
423,Teófilo,Padilla,albaeva@example.net,+34828 03 45 86,1990-05-27,Verified,3346.42,2026-09-28 09:53:47.881650
424,Albano,Iriarte,emiliana18@example.org,+34 984 15 71 14,1975-02-13,Verified,3544.81,2026-09-28 09:53:47.881650
425,Eusebio,Pallarès,nponce@example.org,+34 800 033 462,1959-02-26,Verified,1688.96,2026-09-28 09:53:47.881650
426,Lorenzo,Gonzalez,xalberola@example.org,+34923 95 92 57,1955-04-01,Verified,3608.46,2026-09-28 09:53:47.881650
427,Paulino,Losa,maria-pilar31@example.org,+34881 163 659,1983-01-31,Pending,2809.8,2026-09-28 09:53:47.881650
428,Fabio,Carretero,cerveragil@example.com,+34 741 892 668,1993-02-19,Verified,3046.84,2026-09-28 09:53:47.881650
429,Guillermo,Garcia,anabel31@example.org,+34 875 224 066,1993-11-18,Verified,1850.56,2026-09-28 09:53:47.881650
430,Epifanio,Guzman,leopoldo13@example.net,+34921 085 681,1989-12-03,Verified,1936.55,2026-09-28 09:53:47.881650
431,José Manuel,Mesa,larnau@example.com,+34 947 92 09 64,1999-05-31,Verified,2473.19,2026-09-28 09:53:47.881650
432,Federico,Vega,emelinaparedes@example.com,+34 882704831,1992-01-10,Pending,2503.01,2026-09-28 09:53:47.881650
433,Trinidad,Ávila,eescolano@example.net,+34 823464036,2001-12-19,Verified,1925.81,2026-09-28 09:53:47.881650
434,Óscar,Fuster,melaniaruiz@example.org,+34878 302 360,2007-12-05,Verified,3579.19,2026-09-28 09:53:47.881650
435,Bárbara,Ávila,qcifuentes@example.com,+34 845 599 342,1968-12-21,Pending,535.77,2026-09-28 09:53:47.881650
436,Adelina,Tapia,urenaanabel@example.net,+34 941 920 581,1998-12-17,Verified,3924.2,2026-09-28 09:53:47.881650
437,Emigdio,Roldán,curena@example.com,+34985 443 616,1991-03-11,Pending,3131.61,2026-09-28 09:53:47.881650
438,Macario,Cabañas,eleuteriosantiago@example.org,+34 887 13 45 99,1968-08-05,Pending,1567.68,2026-09-28 09:53:47.881650
439,Rufina,Adadia,tito52@example.com,+34719895066,1992-08-23,Verified,2253.87,2026-09-28 09:53:47.881650
440,Jose Carlos,Iñiguez,fortunatobeltran@example.org,+34975111354,1955-04-11,Verified,3131.97,2026-09-28 09:53:47.881650
441,Jeremías,Alcolea,manu71@example.com,+34 846 06 37 29,1953-05-01,Verified,4541.18,2026-09-28 09:53:47.881650
442,Sigfrido,Rivero,evalencia@example.net,+34 704 648 265,1997-07-02,Verified,1638.67,2026-09-28 09:53:47.881650
443,Socorro,Cifuentes,eliaguila@example.org,+34825 84 47 77,1955-04-15,Verified,704.81,2026-09-28 09:53:47.881650
444,Eliana,Samper,nbou@example.com,+34 844 157 420,1963-07-31,Pending,131.0,2026-09-28 09:53:47.881650
445,Jordi,Orozco,brunilda86@example.com,+34 845014372,1999-02-01,Verified,3541.58,2026-09-28 09:53:47.881650
446,Pastor,Benítez,fatimaalegre@example.com,+34 921 88 31 09,1996-12-18,Verified,2118.86,2026-09-28 09:53:47.881650
447,Gabriel,Arroyo,tatianapuig@example.org,+34 981 57 75 91,1953-12-25,Verified,2067.28,2026-09-28 09:53:47.881650
448,Fernanda,Gonzalo,pardomaria-pilar@example.com,+34941 049 903,1994-07-11,Verified,675.4,2026-09-28 09:53:47.881650
449,Calista,Armengol,juan-carlosaguilo@example.com,+34873 900 692,1953-11-20,Verified,4044.11,2026-09-28 09:53:47.881650
450,Mercedes,Aguilera,octavio65@example.org,+34 988043792,1995-02-26,Verified,3960.7,2026-09-28 09:53:47.881650
451,Paola,Cózar,purificacionriquelme@example.com,+34 981598031,1972-06-01,Pending,3157.32,2026-09-28 09:53:47.881650
452,Olivia,Ferrán,natalio41@example.net,+34 844287428,1967-11-28,Verified,4757.19,2026-09-28 09:53:47.881650
453,Espiridión,Anaya,avilamateo@example.com,+34985468229,1973-09-22,Verified,3975.92,2026-09-28 09:53:47.881650
454,Alexandra,Gámez,amorsolano@example.org,+34949 66 19 19,1990-10-30,Pending,2383.65,2026-09-28 09:53:47.881650
455,Valero,Gelabert,npalmer@example.net,+34 920 240 397,1956-12-12,Verified,660.71,2026-09-28 09:53:47.881650
456,Íngrid,Morera,godofredo86@example.net,+34844 40 70 05,1971-08-12,Verified,1599.74,2026-09-28 09:53:47.881650
457,Pancho,Tamarit,lilialasa@example.com,+34936 574 356,1981-05-12,Verified,4215.97,2026-09-28 09:53:47.881650
458,Yésica,Márquez,apoloniacollado@example.org,+34 828 201 811,1996-05-27,Pending,1395.8,2026-09-28 09:53:47.881650
459,Maite,Cortes,marianela78@example.net,+34 943 932 044,1957-09-07,Verified,2697.83,2026-09-28 09:53:47.881650
460,Vanesa,Baquero,ileanabalaguer@example.org,+34 820 504 931,1963-07-13,Verified,1552.89,2026-09-28 09:53:47.881650
461,Águeda,Cabello,benitabaquero@example.org,+34 927148425,1968-09-27,Verified,3496.83,2026-09-28 09:53:47.881650
462,Lino,Boada,pujadasjose-angel@example.org,+34 728 619 823,1954-07-16,Verified,645.71,2026-09-28 09:53:47.881650
463,Nieves,Nevado,isa92@example.com,+34 900 72 18 68,1952-09-05,Pending,623.19,2026-09-28 09:53:47.881650
464,Ildefonso,Sedano,mateourbano@example.org,+34974 85 29 31,1983-11-05,Verified,4205.38,2026-09-28 09:53:47.881650
465,Almudena,Cifuentes,barcenapaloma@example.org,+34972 83 60 34,1964-03-17,Verified,3916.98,2026-09-28 09:53:47.881650
466,Cecilia,Sola,crescenciaborja@example.net,+34 849431654,1952-04-05,Verified,639.58,2026-09-28 09:53:47.881650
467,Flavia,Cárdenas,pepefolch@example.com,+34 988 113 248,1962-12-02,Verified,29.65,2026-09-28 09:53:47.881650
468,Jose Angel,Toledo,abadgustavo@example.org,+34927 00 18 74,1968-10-11,Verified,4614.62,2026-09-28 09:53:47.881650
469,Esteban,Benito,eva-maria95@example.org,+34 835 51 01 73,2003-04-12,Verified,842.93,2026-09-28 09:53:47.881650
470,África,Leon,benigno28@example.com,+34 923 92 72 64,1981-08-24,Verified,1561.55,2026-09-28 09:53:47.881650
471,Reinaldo,Mir,adan25@example.com,+34949 40 10 29,1988-10-19,Verified,400.97,2026-09-28 09:53:47.881650
472,Jenny,Viña,carneronilo@example.org,+34 979 248 404,1974-01-05,Pending,3811.48,2026-09-28 09:53:47.881650
473,Susana,Moll,nazaretbadia@example.org,+34921335912,1968-12-02,Verified,1047.94,2026-09-28 09:53:47.881650
474,Dolores,Bellido,robertajimenez@example.org,+34977908071,1954-10-22,Verified,1828.39,2026-09-28 09:53:47.881650
475,Francisca,Noguera,lolivera@example.net,+34803 011 162,1950-10-23,Verified,1517.57,2026-09-28 09:53:47.881650
476,Elías,Fabra,ciromateu@example.org,+34 822 811 106,1952-02-12,Verified,3939.09,2026-09-28 09:53:47.881650
477,Hermenegildo,Múñiz,davidbauza@example.net,+34 862865484,2000-04-11,Rejected,1312.09,2026-09-28 09:53:47.881650
478,Ruth,Parra,deliarobledo@example.net,+34 988615068,1960-05-11,Verified,3666.71,2026-09-28 09:53:47.881650
479,Maite,Roselló,porcelmaria-fernanda@example.net,+34800 159 018,2008-08-11,Verified,1912.76,2026-09-28 09:53:47.881650
480,Lilia,Arenas,edgardohuerta@example.net,+34 871 50 35 00,1959-06-03,Verified,34.57,2026-09-28 09:53:47.881650
481,Filomena,Frías,mmena@example.com,+34886546807,1991-11-01,Verified,3082.04,2026-09-28 09:53:47.881650
482,Kike,Ferrández,glaucochamorro@example.net,+34844 637 240,1955-08-21,Rejected,806.26,2026-09-28 09:53:47.881650
483,Martina,Arjona,marciabenavides@example.net,+34812 00 12 08,1970-08-06,Verified,3381.36,2026-09-28 09:53:47.881650
484,Jose Ramón,Tejera,lopezamparo@example.net,+34 848948701,1966-12-11,Verified,4748.46,2026-09-28 09:53:47.881650
485,Pastor,Guzmán,remedios21@example.org,+34 984 59 80 27,1957-08-15,Pending,867.09,2026-09-28 09:53:47.881650
486,Matilde,Salinas,lunaalmudena@example.org,+34980 41 95 67,1993-08-07,Verified,2719.46,2026-09-28 09:53:47.881650
487,Beatriz,Oliva,carlotamelendez@example.org,+34 877 003 478,1997-03-29,Pending,388.12,2026-09-28 09:53:47.881650
488,Emelina,Angulo,sanzherminia@example.net,+34726 810 679,1974-02-02,Verified,2818.82,2026-09-28 09:53:47.881650
489,Estefanía,Riba,moranjuan-luis@example.net,+34926589476,1977-05-07,Verified,3958.4,2026-09-28 09:53:47.881650
490,Hector,Gordillo,vgallego@example.org,+34920 53 11 34,2004-09-12,Rejected,1708.9,2026-09-28 09:53:47.881650
491,Inocencio,Peñalver,cdiaz@example.com,+34875 19 76 54,1961-08-30,Pending,4004.88,2026-09-28 09:53:47.881650
492,Etelvina,Navarrete,maximilianoalfaro@example.net,+34900 591 546,1954-12-11,Verified,4338.84,2026-09-28 09:53:47.881650
493,Cipriano,Montaña,landreu@example.org,+34 886620642,1983-10-17,Rejected,2844.71,2026-09-28 09:53:47.881650
494,Albert,Amaya,mar56@example.net,+34881 19 52 97,1973-05-24,Verified,1641.26,2026-09-28 09:53:47.881650
495,Victoria,Zabaleta,falfaro@example.org,+34982 369 176,1979-01-27,Verified,1103.89,2026-09-28 09:53:47.881650
496,Sancho,Puerta,calixta07@example.net,+34 884854844,1955-08-30,Verified,3491.96,2026-09-28 09:53:47.881650
497,Eli,Peñas,montserrat98@example.net,+34876144874,2008-06-23,Verified,3084.98,2026-09-28 09:53:47.881650
498,Hilario,Borrell,juanitacastejon@example.net,+34988 56 36 21,1967-02-14,Pending,3380.87,2026-09-28 09:53:47.881650
499,Cecilia,Duran,menendezvidal@example.com,+34 926 73 23 42,1963-04-02,Pending,4334.25,2026-09-28 09:53:47.881650
500,Simón,Ortuño,pachecoalbano@example.org,+34 824 278 605,1973-10-05,Verified,4590.31,2026-09-28 09:53:47.881650
501,Antonia,Barranco,julianadiez@example.org,+34 826 579 940,1973-11-21,Pending,4193.83,2026-09-28 09:53:47.881650
502,Carlota,Vara,climaconadal@example.com,+34986988138,1957-09-08,Verified,1159.32,2026-09-28 09:53:47.881650
503,Calisto,Yáñez,calvetodalys@example.net,+34 945 36 26 98,1970-10-09,Verified,333.33,2026-09-28 09:53:47.881650
504,Dalila,Cantón,xsanz@example.net,+34 880 80 79 06,1993-09-18,Verified,229.99,2026-09-28 09:53:47.881650
505,Aurelio,Jover,bauzahilario@example.com,+34879726967,1996-09-27,Verified,86.18,2026-09-28 09:53:47.881650
506,Loreto,Porcel,pastorantunez@example.org,+34747689638,1995-11-05,Verified,4445.65,2026-09-28 09:53:47.881650
507,Serafina,Duque,nvalcarcel@example.org,+34851950603,1955-09-06,Verified,2460.75,2026-09-28 09:53:47.881650
508,Nilda,Guerrero,macarenaaviles@example.com,+34 877 999 626,1966-01-28,Pending,4377.85,2026-09-28 09:53:47.881650
509,Eduardo,Espinosa,arizapiedad@example.org,+34924934571,1971-11-10,Verified,3300.3,2026-09-28 09:53:47.881650
510,Rosenda,Sala,leocadiofont@example.com,+34 945 40 14 66,1964-08-15,Pending,925.3,2026-09-28 09:53:47.881650
511,Silvia,Bauzà,nicolasenriquez@example.com,+34 841 99 34 58,2008-02-13,Verified,4410.07,2026-09-28 09:53:47.881650
512,Gabriela,Herrera,mohamed10@example.com,+34 747 78 97 63,1963-09-23,Verified,3689.71,2026-09-28 09:53:47.881650
513,Sandalio,Cañellas,sandalio73@example.net,+34 923 631 084,1982-02-02,Verified,1752.69,2026-09-28 09:53:47.881650
514,Genoveva,Pozuelo,sarcos@example.net,+34 882 74 74 25,1994-04-13,Verified,3558.94,2026-09-28 09:53:47.881650
515,Micaela,Roura,hbarco@example.org,+34803263567,2000-04-22,Verified,2574.78,2026-09-28 09:53:47.881650
516,Ignacio,Viña,miriampena@example.org,+34 806 62 68 09,1955-03-29,Verified,2886.82,2026-09-28 09:53:47.881650
517,Clementina,Alonso,mcal@example.org,+34911394753,1999-09-07,Verified,1922.95,2026-09-28 09:53:47.881650
518,María Pilar,Piña,rita95@example.org,+34881 57 81 29,1988-11-25,Verified,3881.32,2026-09-28 09:53:47.881650
519,Laura,Garmendia,segovianico@example.net,+34 972 15 60 39,2001-07-16,Pending,4623.56,2026-09-28 09:53:47.881650
520,Alonso,Blanca,evaristo16@example.org,+34 887 354 186,1969-01-04,Pending,1605.85,2026-09-28 09:53:47.881650
521,Fortunata,Marí,sosimoespejo@example.com,+34986 53 77 98,1979-07-20,Verified,3383.86,2026-09-28 09:53:47.881650
522,Román,Alemán,faustinoluz@example.org,+34872 501 123,1962-01-01,Verified,2003.11,2026-09-28 09:53:47.881650
523,Jose Antonio,Castañeda,ligiaquevedo@example.com,+34 949 162 199,1992-12-30,Verified,51.81,2026-09-28 09:53:47.881650
524,Angélica,Arévalo,obarba@example.com,+34 925 69 28 19,1987-11-08,Verified,1192.44,2026-09-28 09:53:47.881650
525,Edu,Vega,olga23@example.com,+34871 100 231,1988-08-17,Verified,3361.38,2026-09-28 09:53:47.881650
526,José Ángel,Batlle,francisco-jose47@example.net,+34 841 299 100,1993-05-28,Verified,2374.17,2026-09-28 09:53:47.881650
527,Marita,Baquero,echeverriaherberto@example.com,+34733600789,1964-01-03,Verified,3481.64,2026-09-28 09:53:47.881650
528,Marino,Fernández,borrellconsuelo@example.org,+34 875 154 166,1951-12-15,Pending,724.67,2026-09-28 09:53:47.881650
529,Esteban,Botella,masaristides@example.com,+34982531576,1986-05-11,Verified,4993.46,2026-09-28 09:53:47.881650
530,Ainara,Viñas,campsadelia@example.com,+34 979 60 27 93,1953-06-03,Verified,1609.98,2026-09-28 09:53:47.881650
531,Ricardo,Elías,maristelagarces@example.org,+34886104235,2001-05-12,Pending,3344.92,2026-09-28 09:53:47.881650
532,Eligia,Anaya,rafaelbuendia@example.net,+34 935 62 56 06,1955-04-29,Pending,2758.17,2026-09-28 09:53:47.881650
533,Marita,Francisco,pascuala31@example.com,+34874 782 584,1994-06-07,Pending,1882.81,2026-09-28 09:53:47.881650
534,Isabela,Acosta,pereznatalia@example.net,+34882 582 421,1989-10-17,Verified,4347.46,2026-09-28 09:53:47.881650
535,Marco,Manjón,opalomino@example.org,+34848191842,1985-07-16,Verified,3283.52,2026-09-28 09:53:47.881650
536,Eloísa,Mendez,rojasjulio@example.com,+34886 57 64 90,1972-02-28,Verified,4874.65,2026-09-28 09:53:47.881650
537,Zoraida,Baños,csolis@example.net,+34868428264,1991-05-06,Verified,1802.3,2026-09-28 09:53:47.881650
538,Claudia,Cornejo,pomaresherminia@example.net,+34 722 60 41 70,1992-06-08,Verified,2272.61,2026-09-28 09:53:47.881650
539,Diana,Riba,celia74@example.net,+34878 610 389,1988-09-20,Verified,1346.99,2026-09-28 09:53:47.881650
540,Luisa,Calderon,aramburueulalia@example.com,+34878 771 975,2006-10-01,Verified,3189.33,2026-09-28 09:53:47.881650
541,María Carmen,Calvet,saramartorell@example.com,+34 921759606,1963-04-04,Verified,3210.61,2026-09-28 09:53:47.881650
542,Rico,Carretero,liliamoreno@example.org,+34885 18 46 09,2004-03-02,Pending,3220.23,2026-09-28 09:53:47.881650
543,Josep,Córdoba,sabassaura@example.org,+34 942 25 84 49,1979-06-20,Verified,3919.13,2026-09-28 09:53:47.881650
544,Marita,Villalonga,clluch@example.com,+34 887 006 255,1965-09-03,Pending,1931.41,2026-09-28 09:53:47.881650
545,Félix,Sanjuan,ritaherrera@example.net,+34 977239324,1968-06-02,Verified,2536.66,2026-09-28 09:53:47.881650
546,Calisto,Cerdán,narcisa68@example.org,+34881257965,1987-11-15,Verified,2264.73,2026-09-28 09:53:47.881650
547,Hilda,Jaume,irma47@example.net,+34 822759081,1953-07-04,Verified,3437.94,2026-09-28 09:53:47.881650
548,Samuel,Cervantes,cverdejo@example.net,+34 877 34 92 15,1962-01-12,Verified,550.94,2026-09-28 09:53:47.881650
549,Nicolás,Sarabia,arielquintana@example.org,+34631569131,1994-08-12,Verified,4985.21,2026-09-28 09:53:47.881650
550,Abril,Cepeda,fpenas@example.com,+34715564147,1972-06-16,Verified,3117.49,2026-09-28 09:53:47.881650
551,Pablo,Carrión,nicanorgalvan@example.com,+34974 33 33 39,1964-04-14,Verified,1658.34,2026-09-28 09:53:47.881650
552,Delfina,Sabater,victor52@example.org,+34966578268,1998-08-15,Verified,1292.54,2026-09-28 09:53:47.881650
553,Evangelina,Rivero,lupita78@example.org,+34986087487,1956-08-22,Verified,770.03,2026-09-28 09:53:47.881650
554,Edelmiro,Cuevas,cruz27@example.net,+34 901 31 53 27,1956-02-07,Verified,59.04,2026-09-28 09:53:47.881650
555,Loreto,Cobos,lucas87@example.org,+34815755081,1973-12-30,Verified,1939.98,2026-09-28 09:53:47.881650
556,Eusebio,Vilaplana,lladopili@example.net,+34704 600 122,1989-05-13,Rejected,1435.2,2026-09-28 09:53:47.881650
557,Esther,Garriga,oroyo@example.org,+34925 47 15 29,1969-09-23,Rejected,2407.51,2026-09-28 09:53:47.881650
558,Alex,Galvez,oarevalo@example.com,+34887 07 90 80,1993-12-10,Pending,1277.92,2026-09-28 09:53:47.881650
559,Charo,Madrigal,artemio99@example.com,+34 701 618 410,1992-03-13,Pending,3900.75,2026-09-28 09:53:47.881650
560,Dionisio,Terrón,estrellamachado@example.com,+34847 372 616,2001-09-28,Verified,3888.5,2026-09-28 09:53:47.881650
561,Tamara,Manzano,cruzpla@example.net,+34965 874 346,1978-05-26,Pending,1789.44,2026-09-28 09:53:47.881650
562,Florentina,Mendez,sanchopont@example.com,+34 814 16 93 41,1955-11-30,Verified,3166.86,2026-09-28 09:53:47.881650
563,Asunción,Saldaña,hsaavedra@example.net,+34 920496552,1976-03-23,Verified,2343.23,2026-09-28 09:53:47.881650
564,Daniel,Manzano,dbustos@example.com,+34828989734,1972-10-10,Verified,4518.28,2026-09-28 09:53:47.881650
565,Benigno,Garay,planasemiliana@example.com,+34 740448253,2003-02-14,Verified,35.75,2026-09-28 09:53:47.881650
566,Candelario,Ibañez,encarnacion84@example.net,+34 875 42 92 19,1961-01-04,Pending,4598.22,2026-09-28 09:53:47.881650
567,Jose Carlos,Caro,fernandezluciano@example.com,+34 967311369,2001-08-21,Verified,679.78,2026-09-28 09:53:47.881650
568,Xavier,Escolano,nadiadiez@example.org,+34871 594 334,1951-04-21,Verified,4981.58,2026-09-28 09:53:47.881650
569,Teresa,Azcona,german56@example.com,+34 931026501,1963-04-18,Verified,2.94,2026-09-28 09:53:47.881650
570,Ambrosio,Talavera,torrecillaefrain@example.net,+34 900943278,1956-08-27,Verified,1151.56,2026-09-28 09:53:47.881650
571,Chita,Vara,reigmartina@example.org,+34943 74 64 23,1972-02-17,Pending,2280.22,2026-09-28 09:53:47.881650
572,Raimundo,Gallo,ilamas@example.org,+34986 58 91 42,1998-11-01,Rejected,4311.37,2026-09-28 09:53:47.881650
573,Reyes,Gibert,albertmayoral@example.com,+34 704 66 93 52,1976-04-01,Verified,2809.42,2026-09-28 09:53:47.881650
574,Odalis,Merino,heliodoroalcolea@example.com,+34983 888 265,1994-12-30,Verified,3252.57,2026-09-28 09:53:47.881650
575,Paloma,Hierro,xparra@example.net,+34 914554541,1991-07-21,Verified,551.66,2026-09-28 09:53:47.881650
576,Camila,Ruano,vtome@example.org,+34 845226557,1963-11-14,Pending,2566.94,2026-09-28 09:53:47.881650
577,Paulina,Almansa,rosalesmaximiliano@example.net,+34 987 219 543,2001-07-10,Verified,4629.46,2026-09-28 09:53:47.881650
578,Marc,Garcia,bartolomeandres@example.net,+34 823102559,1958-01-05,Verified,3625.8,2026-09-28 09:53:47.881650
579,Evaristo,Salazar,velezroberta@example.com,+34871026153,1988-03-25,Verified,4343.59,2026-09-28 09:53:47.881650
580,Roberto,Villalobos,dionisia27@example.org,+34 969449229,2004-11-04,Verified,703.48,2026-09-28 09:53:47.881650
581,Amaya,Maldonado,calvetjose-luis@example.net,+34 982 18 73 60,1963-03-09,Pending,2413.6,2026-09-28 09:53:47.881650
582,Vera,Anguita,jennifer83@example.net,+34849 29 51 34,1995-06-03,Verified,1501.3,2026-09-28 09:53:47.881650
583,Andrea,Escamilla,lrivero@example.org,+34 885 15 08 21,1968-11-27,Verified,1481.77,2026-09-28 09:53:47.881650
584,Concha,Mosquera,gonzalolina@example.net,+34 921 74 11 13,1988-06-28,Verified,4115.03,2026-09-28 09:53:47.881650
585,Lilia,Zurita,morena24@example.org,+34963 913 742,1958-01-25,Verified,4322.03,2026-09-28 09:53:47.881650
586,Porfirio,Múñiz,debora22@example.org,+34 803 67 78 90,2005-07-17,Pending,4332.26,2026-09-28 09:53:47.881650
587,Emiliana,Escalona,frovira@example.org,+34740 62 81 82,2002-01-24,Pending,2035.44,2026-09-28 09:53:47.881650
588,Lalo,Laguna,manueledu@example.com,+34924 20 24 60,1978-01-22,Rejected,2020.5,2026-09-28 09:53:47.881650
589,Aitana,Mateos,jenny80@example.net,+34 803 58 48 88,1970-09-23,Verified,37.61,2026-09-28 09:53:47.881650
590,Juan Carlos,Sacristán,somozamaribel@example.net,+34 987361572,1980-02-26,Verified,2782.31,2026-09-28 09:53:47.881650
591,Ovidio,Agullo,evita68@example.org,+34 976 489 854,1993-02-16,Verified,3194.67,2026-09-28 09:53:47.881650
592,Juan,Saez,pedrosacandelario@example.net,+34 927 021 649,1979-08-29,Verified,1951.98,2026-09-28 09:53:47.881650
593,Encarnita,Rico,sanmartinrufina@example.net,+34820957506,1982-04-02,Verified,2982.97,2026-09-28 09:53:47.881650
594,Azeneth,Pomares,eleuteriocarbo@example.net,+34982 91 07 03,1962-11-18,Verified,873.42,2026-09-28 09:53:47.881650
595,Caridad,Rivera,nicodemo89@example.net,+34826 81 14 52,1976-09-16,Pending,4861.75,2026-09-28 09:53:47.881650
596,Lina,Ropero,casandra35@example.com,+34 928 11 01 95,1955-10-13,Verified,495.27,2026-09-28 09:53:47.881650
597,Hernán,Alfaro,yusterebeca@example.net,+34886 247 563,2002-06-11,Verified,924.06,2026-09-28 09:53:47.881650
598,Dionisia,Catalá,zviana@example.net,+34 880 06 42 49,1987-09-05,Verified,2064.78,2026-09-28 09:53:47.881650
599,Benigna,Vara,prudenciamoliner@example.net,+34 902 098 371,2007-09-12,Verified,2304.74,2026-09-28 09:53:47.881650
600,Óscar,Beltran,vasco15@example.org,+34 844 90 89 56,1960-10-02,Verified,925.44,2026-09-28 09:53:47.881650
601,Gema,Arévalo,tzapata@example.net,+34 979 851 100,2006-07-19,Pending,3243.63,2026-09-28 09:53:47.881650
602,María Pilar,Rius,expositovioleta@example.net,+34 979702422,1996-10-13,Verified,3771.63,2026-09-28 09:53:47.881650
603,Candelaria,Álvaro,loida77@example.org,+34873120874,1963-06-24,Verified,3762.26,2026-09-28 09:53:47.881650
604,Lourdes,Tomás,wnunez@example.org,+34725 249 743,1954-07-17,Verified,3670.02,2026-09-28 09:53:47.881650
605,Maura,Carrasco,norberto77@example.org,+34 878690827,1966-01-18,Verified,3943.68,2026-09-28 09:53:47.881650
606,Trinidad,Sierra,garcesgema@example.com,+34 872239519,1981-03-18,Verified,4390.75,2026-09-28 09:53:47.881650
607,María Fernanda,Maza,pazosmilagros@example.net,+34982 778 352,1952-06-01,Verified,3062.44,2026-09-28 09:53:47.881650
608,Lilia,Tapia,macarena13@example.org,+34807 736 222,1972-03-11,Verified,785.67,2026-09-28 09:53:47.881650
609,Román,Estrada,baltasar05@example.net,+34945 526 406,1964-01-27,Verified,4099.94,2026-09-28 09:53:47.881650
610,Purificación,Plaza,bcosta@example.com,+34 902 073 046,1962-12-09,Pending,1931.57,2026-09-28 09:53:47.881650
611,Sonia,Angulo,abelfuster@example.org,+34828 50 35 42,1955-06-04,Verified,913.94,2026-09-28 09:53:47.881650
612,Agustín,Machado,mariocanet@example.com,+34978608411,1994-11-11,Verified,4757.9,2026-09-28 09:53:47.881650
613,Iker,Ariza,bsabater@example.com,+34 659 71 20 57,1995-06-30,Pending,3154.86,2026-09-28 09:53:47.881650
614,Jonatan,Almansa,ealamo@example.org,+34 984 578 196,1984-12-28,Verified,4450.11,2026-09-28 09:53:47.881650
615,Marianela,Quero,alfonsocruz@example.net,+34917 18 88 54,2004-08-21,Verified,3170.54,2026-09-28 09:53:47.881650
616,Milagros,Corbacho,qvicente@example.com,+34657 47 30 79,1987-01-09,Verified,3751.13,2026-09-28 09:53:47.881650
617,María Pilar,Peñalver,izquierdomelisa@example.org,+34826273508,1981-01-13,Verified,4075.36,2026-09-28 09:53:47.881650
618,Febe,Bustos,fgras@example.org,+34879471067,1981-09-17,Rejected,3526.88,2026-09-28 09:53:47.881650
619,José Antonio,Antúnez,paola82@example.net,+34 812 86 70 88,2002-03-07,Verified,3605.96,2026-09-28 09:53:47.881650
620,Elisabet,Balaguer,matildevalderrama@example.net,+34918146754,1979-10-21,Verified,1982.57,2026-09-28 09:53:47.881650
621,Primitiva,Rodrigo,rleon@example.net,+34927 648 027,2000-12-15,Verified,4332.77,2026-09-28 09:53:47.881650
622,Josefa,Llamas,ayllonbasilio@example.org,+34 986 638 270,1959-08-09,Verified,98.68,2026-09-28 09:53:47.881650
623,Flora,Orozco,ocanovas@example.org,+34 711 196 478,1986-04-19,Verified,829.87,2026-09-28 09:53:47.881650
624,Guillermo,Manrique,campoyvictor@example.net,+34 822464308,1978-10-02,Pending,4762.05,2026-09-28 09:53:47.881650
625,Adelina,Escobar,cristianvilalta@example.org,+34 872 693 946,1964-02-14,Verified,153.94,2026-09-28 09:53:47.881650
626,Pepita,Valenciano,qbaron@example.net,+34988 905 073,1997-07-09,Verified,2307.39,2026-09-28 09:53:47.881650
627,Federico,Serra,josue35@example.com,+34 675 915 941,1976-05-12,Verified,4716.73,2026-09-28 09:53:47.881650
628,Julio,Vilalta,jose-carlos77@example.net,+34 874 136 194,1970-06-17,Verified,2186.42,2026-09-28 09:53:47.881650
629,Jafet,Ródenas,prietopascual@example.net,+34943 08 17 53,1958-08-21,Verified,3424.08,2026-09-28 09:53:47.881650
630,Silvia,Llopis,bartolomeoriana@example.net,+34974 116 239,1979-05-16,Verified,2865.53,2026-09-28 09:53:47.881650
631,Agustina,Pelayo,eva-maria08@example.org,+34 866 142 790,1980-10-24,Rejected,4829.55,2026-09-28 09:53:47.881650
632,Manu,Tamarit,garrigamoreno@example.net,+34982 02 63 49,1975-03-26,Verified,3241.31,2026-09-28 09:53:47.881650
633,María Carmen,Rodríguez,kvelazquez@example.org,+34872 67 28 01,1958-06-16,Verified,749.5,2026-09-28 09:53:47.881650
634,Brunilda,Escudero,ydomenech@example.net,+34943749330,1963-06-05,Verified,583.08,2026-09-28 09:53:47.881650
635,Candelaria,Daza,pallaressaturnina@example.net,+34848 10 47 43,1959-02-01,Verified,707.87,2026-09-28 09:53:47.881650
636,Conrado,Calvo,andres-felipe56@example.net,+34 978048394,1982-06-27,Verified,2049.33,2026-09-28 09:53:47.881650
637,Clotilde,Carranza,vibanez@example.com,+34 971484302,2006-03-07,Verified,4838.58,2026-09-28 09:53:47.881650
638,Severo,Calderon,adadiajovita@example.net,+34 822 624 999,1955-06-08,Verified,2130.43,2026-09-28 09:53:47.881650
639,Guadalupe,Echevarría,jose-antonio47@example.com,+34981 414 552,1988-07-18,Verified,1821.21,2026-09-28 09:53:47.881650
640,Concha,Ordóñez,tomasluisina@example.com,+34 988769198,2005-04-03,Pending,407.19,2026-09-28 09:53:47.881650
641,Godofredo,Fiol,santosvives@example.com,+34 976535355,1973-05-31,Pending,1367.01,2026-09-28 09:53:47.881650
642,Aurelio,Lasa,feliciana87@example.org,+34803431545,1957-11-25,Verified,3233.19,2026-09-28 09:53:47.881650
643,Maristela,Artigas,gacero@example.net,+34 880 125 154,1962-10-09,Verified,4281.7,2026-09-28 09:53:47.881650
644,Nydia,Sánchez,adalbertocrespo@example.net,+34803 023 946,2001-09-30,Verified,33.48,2026-09-28 09:53:47.881650
645,Teodoro,Camps,eleuterio25@example.net,+34855 220 102,1958-07-05,Verified,586.58,2026-09-28 09:53:47.881650
646,Ismael,Vidal,salmeronhermenegildo@example.com,+34711505417,2004-03-06,Verified,3512.85,2026-09-28 09:53:47.881650
647,Pelayo,Vallés,dvicente@example.org,+34 982657933,2001-01-07,Verified,1557.28,2026-09-28 09:53:47.881650
648,Fortunata,Coll,saavedrafelipe@example.net,+34920 51 41 74,1975-10-08,Verified,325.23,2026-09-28 09:53:47.881650
649,Albina,Duarte,rodriguezlourdes@example.org,+34871 24 59 16,1965-07-04,Verified,3469.14,2026-09-28 09:53:47.881650
650,Florinda,Rey,gala36@example.net,+34949355286,2008-02-13,Verified,3560.11,2026-09-28 09:53:47.881650
651,Jenaro,Soto,abraham64@example.net,+34 981 051 426,1974-09-22,Verified,3356.45,2026-09-28 09:53:47.881650
652,Lupita,Hervia,yegea@example.net,+34 879 944 836,1994-09-05,Verified,1128.66,2026-09-28 09:53:47.881650
653,Carla,Solé,teresa35@example.net,+34 920257207,1996-02-23,Verified,3663.28,2026-09-28 09:53:47.881650
654,Ricarda,Tomé,figuerasambrosio@example.com,+34 924557510,1981-10-08,Verified,2409.65,2026-09-28 09:53:47.881650
655,Josefa,Julián,ibaena@example.com,+34 973 90 48 77,1973-07-13,Verified,4549.23,2026-09-28 09:53:47.881650
656,Abel,Ríos,ocaceres@example.net,+34 800 97 18 94,1996-03-18,Pending,983.2,2026-09-28 09:53:47.881650
657,Gerónimo,Palma,lnicolas@example.com,+34827 224 680,1973-04-10,Verified,1460.36,2026-09-28 09:53:47.881650
658,Rómulo,Cabrera,alcidessans@example.org,+34854410698,1987-12-02,Verified,415.63,2026-09-28 09:53:47.881650
659,Dominga,Bautista,josep20@example.net,+34 977861745,2002-02-19,Verified,2437.23,2026-09-28 09:53:47.881650
660,Felipa,Revilla,ivan38@example.org,+34 711112777,1967-04-26,Verified,554.55,2026-09-28 09:53:47.881650
661,César,Roda,gballester@example.com,+34920 59 02 41,1952-09-21,Verified,3100.71,2026-09-28 09:53:47.881650
662,Serafina,Gomila,waguilar@example.net,+34946 058 888,1990-05-08,Verified,1542.8,2026-09-28 09:53:47.881650
663,Ileana,Grande,ialfonso@example.net,+34 937354168,1957-04-30,Verified,581.49,2026-09-28 09:53:47.881650
664,Yaiza,Carrasco,morcillojaviera@example.net,+34920 13 09 46,2006-10-03,Pending,987.37,2026-09-28 09:53:47.881650
665,Lorenza,Borrego,feliciana98@example.net,+34747192999,1995-03-14,Verified,4445.82,2026-09-28 09:53:47.881650
666,Marcia,Gimeno,ynaranjo@example.org,+34888673746,1986-01-07,Verified,2346.21,2026-09-28 09:53:47.881650
667,Leandro,Suarez,emilio61@example.net,+34976146390,1974-05-22,Verified,3718.43,2026-09-28 09:53:47.881650
668,Amaro,Ayllón,amarilis09@example.org,+34 825 151 060,1964-06-14,Verified,3093.42,2026-09-28 09:53:47.881650
669,Aarón,Carrera,maristela93@example.com,+34849 39 96 22,1961-05-22,Pending,2737.27,2026-09-28 09:53:47.881650
670,Sarita,Quesada,martinezines@example.net,+34883 92 32 65,2002-09-24,Verified,3968.81,2026-09-28 09:53:47.881650
671,Febe,Serrano,cbenavent@example.com,+34 872 24 98 89,1999-04-29,Verified,733.18,2026-09-28 09:53:47.881650
672,Socorro,Osuna,liliaplana@example.org,+34 850 059 638,1980-10-04,Verified,4289.82,2026-09-28 09:53:47.881650
673,Juan Pablo,Ruano,opalau@example.com,+34845 489 062,1991-03-23,Verified,2887.91,2026-09-28 09:53:47.881650
674,Zoraida,Jerez,ursulaferreras@example.com,+34 949 95 20 57,1982-12-13,Verified,605.84,2026-09-28 09:53:47.881650
675,Lara,Falcón,ybelda@example.net,+34 947093456,1968-06-23,Verified,2256.23,2026-09-28 09:53:47.881650
676,Serafina,Gordillo,sanzisidro@example.com,+34974 994 416,1985-10-28,Verified,2484.68,2026-09-28 09:53:47.881650
677,Paulina,Múñiz,fanny22@example.org,+34902761456,1983-09-12,Verified,1996.47,2026-09-28 09:53:47.881650
678,Judith,López,ale72@example.org,+34875 36 85 82,1981-05-26,Pending,2302.64,2026-09-28 09:53:47.881650
679,Morena,Alfonso,melchoragullo@example.net,+34946 61 75 52,1992-01-22,Pending,3445.73,2026-09-28 09:53:47.881650
680,Almudena,Barros,constanzalarrea@example.net,+34949 938 926,2003-01-21,Verified,2977.01,2026-09-28 09:53:47.881650
681,Daniel,Uría,danilo29@example.net,+34902 28 22 81,1951-09-09,Verified,2558.79,2026-09-28 09:53:47.881650
682,Aureliano,Larrea,natalia59@example.org,+34 824 462 716,1985-11-17,Verified,612.14,2026-09-28 09:53:47.881650
683,Francisco Jose,Cortina,vinicioreina@example.org,+34925 140 515,2002-06-25,Verified,415.32,2026-09-28 09:53:47.881650
684,Jose Francisco,Cuevas,serafina17@example.org,+34746730310,1969-02-09,Verified,2945.61,2026-09-28 09:53:47.881650
685,Evaristo,Maestre,ciriacomuro@example.net,+34 888 136 592,1965-02-12,Verified,200.22,2026-09-28 09:53:47.881650
686,Narciso,Mosquera,molinersalomon@example.net,+34 941 16 87 56,1999-07-03,Verified,974.81,2026-09-28 09:53:47.881650
687,Epifanio,Roura,jteruel@example.com,+34847335642,1997-10-06,Rejected,3033.42,2026-09-28 09:53:47.881650
688,Eva,Borja,vanesasureda@example.com,+34 986172851,1980-04-03,Verified,3162.58,2026-09-28 09:53:47.881650
689,Abilio,Azorin,patricio07@example.com,+34 872 053 564,1983-03-31,Verified,3124.82,2026-09-28 09:53:47.881650
690,Venceslás,Cantero,mcanete@example.net,+34 713251588,2004-07-30,Verified,1923.77,2026-09-28 09:53:47.881650
691,Odalis,Capdevila,ysegura@example.net,+34 948 787 752,2003-01-13,Verified,4431.81,2026-09-28 09:53:47.881650
692,Augusto,Peiró,marcelareig@example.com,+34 922352393,1969-12-03,Verified,568.44,2026-09-28 09:53:47.881650
693,Eva,Jove,mbastida@example.net,+34 866 92 44 37,1989-03-29,Verified,3893.62,2026-09-28 09:53:47.881650
694,Xiomara,Martín,reynaurena@example.com,+34845180808,1975-09-06,Verified,1576.18,2026-09-28 09:53:47.881650
695,Conrado,Durán,julieta64@example.com,+34911054831,1966-12-27,Verified,1998.8,2026-09-28 09:53:47.881650
696,Lucas,Martinez,baqueronadia@example.org,+34944 951 875,1973-08-31,Pending,922.57,2026-09-28 09:53:47.881650
697,Rufina,Ballester,kheredia@example.org,+34841 80 18 57,1977-03-12,Pending,2349.31,2026-09-28 09:53:47.881650
698,Asdrubal,Jove,wjuan@example.net,+34930 661 596,1970-06-07,Verified,3257.39,2026-09-28 09:53:47.881650
699,Milagros,Julián,scamara@example.com,+34926 687 793,1967-10-03,Verified,1847.98,2026-09-28 09:53:47.881650
700,Cruz,Llopis,xmalo@example.com,+34972832953,1950-12-03,Verified,4736.54,2026-09-28 09:53:47.881650
701,Bautista,Botella,segismundolanda@example.org,+34949 40 18 20,1996-01-11,Verified,110.44,2026-09-28 09:53:47.881650
702,Paca,Jódar,benitogarces@example.net,+34824 84 08 92,1955-03-16,Rejected,44.27,2026-09-28 09:53:47.881650
703,Sarita,Zabala,florprado@example.com,+34 981 57 52 11,1963-06-08,Pending,4815.62,2026-09-28 09:53:47.881650
704,Milagros,Montero,nmas@example.net,+34 856044329,1956-06-29,Verified,2206.51,2026-09-28 09:53:47.881650
705,Sabas,Sebastián,peralvenceslas@example.net,+34 869823947,1964-12-28,Verified,4949.54,2026-09-28 09:53:47.881650
706,Chema,Cabello,somozacristian@example.org,+34927 931 605,2006-04-09,Pending,373.75,2026-09-28 09:53:47.881650
707,Clementina,Polo,vitodomenech@example.com,+34 944 70 74 48,1969-05-08,Pending,530.36,2026-09-28 09:53:47.881650
708,Flor,Zorrilla,narciso83@example.com,+34985 29 44 05,1974-06-10,Verified,3260.73,2026-09-28 09:53:47.881650
709,José Mari,Cabanillas,jordanalujan@example.com,+34925 649 801,1996-02-02,Verified,4466.32,2026-09-28 09:53:47.881650
710,Leopoldo,España,isa74@example.com,+34716 650 332,1958-02-19,Verified,90.63,2026-09-28 09:53:47.881650
711,Palmira,Abril,gutierrezfelisa@example.net,+34822891107,1959-04-13,Verified,2205.16,2026-09-28 09:53:47.881650
712,Macario,Becerra,gracielatorrijos@example.org,+34939571619,2005-06-05,Pending,3883.58,2026-09-28 09:53:47.881650
713,Dafne,Cobo,anastasio82@example.org,+34826058251,1967-07-19,Verified,2098.27,2026-09-28 09:53:47.881650
714,Eugenio,Linares,espinosaestefania@example.com,+34806349940,1998-09-04,Verified,4583.94,2026-09-28 09:53:47.881650
715,Rolando,Soler,llorentecristian@example.com,+34844755362,2007-11-06,Verified,2591.52,2026-09-28 09:53:47.881650
716,Maxi,Palau,carlaaviles@example.com,+34 846 33 18 25,1976-10-30,Verified,2402.5,2026-09-28 09:53:47.881650
717,Ángela,Aragón,amayabarragan@example.net,+34 843 430 650,1968-05-04,Verified,4712.14,2026-09-28 09:53:47.881650
718,Carmen,Villalba,eloisa05@example.net,+34 849 411 156,1978-09-09,Verified,1544.8,2026-09-28 09:53:47.881650
719,Evaristo,Bartolomé,barellano@example.org,+34 974 459 195,1980-01-19,Verified,1712.28,2026-09-28 09:53:47.881650
720,Valentina,Blanes,somozasandra@example.org,+34845 68 18 59,1965-08-05,Verified,4923.54,2026-09-28 09:53:47.881650
721,Baldomero,Carvajal,pilar17@example.org,+34875126988,1988-05-26,Verified,965.13,2026-09-28 09:53:47.881650
722,Manolo,Gracia,huertaramiro@example.com,+34 902 93 94 47,2007-06-22,Verified,1925.61,2026-09-28 09:53:47.881650
723,Paola,Acero,cgomez@example.net,+34928 38 16 00,1956-05-03,Verified,4989.55,2026-09-28 09:53:47.881650
724,Abigaíl,Pedrosa,milagrosjauregui@example.org,+34 843 14 45 61,1952-08-24,Pending,2318.72,2026-09-28 09:53:47.881650
725,Marta,Rosales,imelda34@example.org,+34 927432599,1966-09-09,Verified,2901.18,2026-09-28 09:53:47.881650
726,Vicenta,Egea,qfrutos@example.net,+34926 42 72 45,1972-04-30,Verified,4244.71,2026-09-28 09:53:47.881650
727,Encarnacion,Gallart,roque73@example.org,+34 872 398 464,1986-04-12,Rejected,4863.93,2026-09-28 09:53:47.881650
728,Gerónimo,Zapata,isidro46@example.com,+34961 65 47 95,1954-09-08,Pending,3255.46,2026-09-28 09:53:47.881650
729,Lucho,Barranco,ambrosio46@example.net,+34 833 964 488,1996-04-24,Verified,1837.48,2026-09-28 09:53:47.881650
730,María,Escribano,josue41@example.org,+34941 59 39 60,1957-05-16,Verified,3410.19,2026-09-28 09:53:47.881650
731,Marcelino,Jaume,guardiarosalia@example.net,+34938 81 70 01,1980-03-16,Verified,211.88,2026-09-28 09:53:47.881650
732,Rafael,Torrents,marisolcarreras@example.org,+34 888 64 28 86,1963-07-20,Verified,1365.16,2026-09-28 09:53:47.881650
733,Catalina,Vidal,duilioalvarez@example.com,+34888 55 08 13,1976-02-18,Verified,1115.02,2026-09-28 09:53:47.881650
734,Malena,Cabo,jfranco@example.net,+34875 49 86 96,1975-10-30,Verified,1528.68,2026-09-28 09:53:47.881650
735,Daniela,Segura,casemiro58@example.org,+34 943 443 931,1975-04-17,Verified,1429.54,2026-09-28 09:53:47.881650
736,Patricia,Cifuentes,dcisneros@example.com,+34820522125,1972-01-18,Verified,4315.1,2026-09-28 09:53:47.881650
737,Cándida,Cabrero,edgar53@example.net,+34920 940 966,1967-10-20,Verified,1706.07,2026-09-28 09:53:47.881650
738,Federico,Tenorio,barofelicia@example.net,+34987597937,1989-10-04,Verified,1707.47,2026-09-28 09:53:47.881650
739,Felix,Villaverde,monreallorenzo@example.net,+34815069271,2003-10-28,Verified,3648.91,2026-09-28 09:53:47.881650
740,Santiago,Murillo,liglesia@example.org,+34807 49 82 01,1952-02-26,Verified,19.55,2026-09-28 09:53:47.881650
741,Jose,Olmedo,aureliano95@example.org,+34918 97 50 00,1997-11-03,Pending,1964.48,2026-09-28 09:53:47.881650
742,Eligia,Vilaplana,ortunocatalina@example.com,+34 820 955 121,1956-07-01,Verified,4225.88,2026-09-28 09:53:47.881650
743,Román,Cobo,qzurita@example.org,+34881 66 67 75,1987-11-13,Rejected,1871.93,2026-09-28 09:53:47.881650
744,Fito,Salazar,isidoraayala@example.com,+34846 791 093,2007-08-13,Pending,2087.29,2026-09-28 09:53:47.881650
745,Nayara,Verdugo,mireia79@example.net,+34849 325 535,1955-07-02,Pending,3832.13,2026-09-28 09:53:47.881650
746,María Fernanda,Ballesteros,gamezulises@example.com,+34821 44 43 44,1998-05-07,Verified,3087.26,2026-09-28 09:53:47.881650
747,Diana,Lladó,odalys05@example.net,+34 983514341,1953-12-29,Verified,178.02,2026-09-28 09:53:47.881650
748,Casandra,Pintor,arenasnazaret@example.net,+34 876492511,1971-12-20,Verified,1347.12,2026-09-28 09:53:47.881650
749,Jovita,Martinez,lucas56@example.net,+34884669027,1989-07-23,Pending,114.09,2026-09-28 09:53:47.881650
750,Dionisia,Ibáñez,placidoatienza@example.net,+34921 576 903,1958-03-14,Verified,3553.63,2026-09-28 09:53:47.881650
751,África,Perez,arielrincon@example.net,+34941174895,1993-07-07,Verified,2380.12,2026-09-28 09:53:47.881650
752,Ana,Gisbert,benignocerezo@example.com,+34946787082,1955-06-12,Verified,3627.02,2026-09-28 09:53:47.881650
753,Maxi,Mendizábal,consuelacampoy@example.net,+34 841927536,1999-07-04,Verified,4279.38,2026-09-28 09:53:47.881650
754,Miguel,Ricart,bmaldonado@example.org,+34 882 34 04 50,1962-11-13,Verified,694.69,2026-09-28 09:53:47.881650
755,Trinidad,Rosselló,wjimenez@example.org,+34 887 824 794,1992-02-29,Verified,4120.46,2026-09-28 09:53:47.881650
756,Pablo,Cuesta,bolanoselisabet@example.net,+34979 302 112,1966-08-16,Verified,490.05,2026-09-28 09:53:47.881650
757,Darío,Martí,giselatorrecilla@example.net,+34968933122,1955-12-18,Pending,1694.47,2026-09-28 09:53:47.881650
758,Benigno,Anglada,jennifer78@example.org,+34 949 386 115,1952-02-03,Rejected,646.18,2026-09-28 09:53:47.881650
759,Pepita,Coronado,vibanez@example.org,+34 928 700 632,1994-10-09,Verified,1659.07,2026-09-28 09:53:47.881650
760,Dorotea,Mateu,melorza@example.net,+34977515007,1951-01-05,Rejected,2138.64,2026-09-28 09:53:47.881650
761,Segismundo,Antón,eustaquiorodrigo@example.org,+34 823 37 22 88,1964-12-10,Verified,2726.04,2026-09-28 09:53:47.881650
762,Leticia,Planas,olimpia84@example.com,+34742901702,1985-04-10,Verified,4703.69,2026-09-28 09:53:47.881650
763,Evangelina,Suarez,menamonica@example.org,+34945 51 88 58,1953-05-22,Verified,4655.94,2026-09-28 09:53:47.881650
764,Jose Francisco,Guardia,amalialedesma@example.com,+34 849 69 49 46,1974-05-30,Verified,2798.21,2026-09-28 09:53:47.881650
765,Conrado,Montesinos,fosorio@example.net,+34 820 80 49 80,2004-12-05,Verified,464.96,2026-09-28 09:53:47.881650
766,Maximiliano,Saldaña,grodrigo@example.net,+34825728633,1981-01-30,Pending,4400.11,2026-09-28 09:53:47.881650
767,Felipa,Hervás,luciacastells@example.net,+34 848 357 998,1957-11-22,Verified,4012.6,2026-09-28 09:53:47.881650
768,Inocencio,Alcolea,casemiromoliner@example.net,+34871318437,1991-10-31,Verified,3326.44,2026-09-28 09:53:47.881650
769,Jose Angel,Noguera,acabrera@example.com,+34 928508029,1966-11-24,Verified,3849.55,2026-09-28 09:53:47.881650
770,María,Sanmartín,sernamaricruz@example.net,+34 887 88 74 40,1955-05-02,Pending,501.1,2026-09-28 09:53:47.881650
771,Marcelino,Arnau,rosarioartigas@example.org,+34 719 551 561,1995-03-16,Verified,4965.04,2026-09-28 09:53:47.881650
772,Esther,Ledesma,celso85@example.org,+34800 56 58 75,1974-07-10,Verified,4379.92,2026-09-28 09:53:47.881650
773,Cayetano,Valverde,hmorante@example.net,+34 900 848 814,1989-08-29,Verified,4720.16,2026-09-28 09:53:47.881650
774,Berto,Contreras,lmascaro@example.com,+34824607789,1978-08-07,Verified,48.9,2026-09-28 09:53:47.881650
775,Selena,Seco,dlastra@example.com,+34710 64 82 57,1960-03-18,Verified,2614.12,2026-09-28 09:53:47.881650
776,Mauricio,Mármol,luis-angel26@example.org,+34 941152330,1966-10-06,Verified,553.13,2026-09-28 09:53:47.881650
777,Jorge,Tolosa,ferrangervasio@example.org,+34 986404668,1979-08-21,Verified,2698.66,2026-09-28 09:53:47.881650
778,Marta,Arregui,fjauregui@example.net,+34 924152536,1996-02-25,Verified,1687.14,2026-09-28 09:53:47.881650
779,Lilia,Toro,paulino10@example.com,+34 948 87 43 74,1968-07-21,Verified,1379.27,2026-09-28 09:53:47.881650
780,Amarilis,Gálvez,rolandobermejo@example.net,+34800 56 61 55,1952-03-16,Verified,305.03,2026-09-28 09:53:47.881650
781,Maximiliano,Seguí,demetrio50@example.net,+34 882083253,2004-11-04,Verified,4584.99,2026-09-28 09:53:47.881650
782,Pastora,Capdevila,vidal05@example.com,+34821 720 175,1955-10-28,Pending,3630.04,2026-09-28 09:53:47.881650
783,Priscila,Arjona,miralleseustaquio@example.org,+34 949 306 641,1968-12-01,Pending,2841.37,2026-09-28 09:53:47.881650
784,Abigaíl,Nicolás,pmenendez@example.org,+34803 007 433,1981-12-17,Pending,1796.11,2026-09-28 09:53:47.881650
785,Jose Ignacio,Ochoa,jose-manuel69@example.com,+34 944415437,1979-09-28,Verified,4053.4,2026-09-28 09:53:47.881650
786,Gertrudis,Abella,yvalencia@example.org,+34 726 701 972,1978-09-07,Verified,1895.25,2026-09-28 09:53:47.881650
787,Marisa,Cardona,cordobamacarena@example.org,+34922 17 95 78,1975-10-21,Pending,2482.58,2026-09-28 09:53:47.881650
788,Natalia,Fuentes,dafne27@example.net,+34902 567 058,1995-01-09,Verified,257.36,2026-09-28 09:53:47.881650
789,Emigdio,Corominas,jose49@example.net,+34 827 826 336,1965-09-10,Verified,448.53,2026-09-28 09:53:47.881650
790,Vicente,Cervantes,severinomelero@example.net,+34 978 018 926,1981-12-26,Verified,364.19,2026-09-28 09:53:47.881650
791,Arturo,Montaña,flaviallopis@example.com,+34 729 44 87 18,1997-02-25,Verified,1043.05,2026-09-28 09:53:47.881650
792,Lourdes,Peral,menendezclimaco@example.net,+34825 35 11 83,2007-03-03,Verified,2609.23,2026-09-28 09:53:47.881650
793,Lola,Español,corona43@example.org,+34867 88 72 57,1953-03-10,Verified,210.53,2026-09-28 09:53:47.881650
794,Teobaldo,Sanz,marmolmaximo@example.net,+34 982 653 078,1998-01-05,Verified,1454.84,2026-09-28 09:53:47.881650
795,Ángela,Mesa,uriafrancisco@example.net,+34729 539 494,1996-05-04,Verified,3391.29,2026-09-28 09:53:47.881650
796,Concepción,Barrena,pili08@example.net,+34 726 454 573,2002-12-24,Pending,2294.12,2026-09-28 09:53:47.881650
797,Fausto,Ramis,clerma@example.org,+34 972 10 83 92,1969-01-31,Verified,1313.34,2026-09-28 09:53:47.881650
798,Jorge,Ojeda,silvestreasenjo@example.com,+34 976 56 99 12,1968-11-15,Verified,2606.67,2026-09-28 09:53:47.881650
799,Che,Torrent,cjaen@example.net,+34879002484,1953-02-24,Verified,1915.06,2026-09-28 09:53:47.881650
800,Dimas,Canals,ambar95@example.net,+34 944 18 05 43,1968-10-11,Verified,2110.0,2026-09-28 09:53:47.881650
801,Ágata,Giner,josefa39@example.net,+34979 228 896,2007-10-16,Verified,882.05,2026-09-28 09:53:47.881650
802,Marcelino,Cobo,asdrubal29@example.com,+34983 265 140,1975-02-12,Verified,4117.79,2026-09-28 09:53:47.881650
803,Graciana,Castell,lvicens@example.net,+34 922060447,1996-06-12,Verified,2234.91,2026-09-28 09:53:47.881650
804,Jordi,Manuel,paulinomena@example.com,+34 971 48 04 18,1975-08-25,Pending,679.44,2026-09-28 09:53:47.881650
805,Nando,Blasco,climaco92@example.com,+34923213937,1958-01-07,Verified,2106.31,2026-09-28 09:53:47.881650
806,Eugenia,Murcia,marta39@example.net,+34 916806081,1987-07-21,Verified,1982.22,2026-09-28 09:53:47.881650
807,Cayetana,Guitart,fonsecaalvaro@example.org,+34982442897,1988-05-31,Pending,4183.33,2026-09-28 09:53:47.881650
808,Eva María,Hernández,borrasflorinda@example.org,+34806334911,1958-04-01,Verified,4203.92,2026-09-28 09:53:47.881650
809,Dalila,Herrera,quintanajose-maria@example.net,+34844385963,1972-12-01,Verified,3373.09,2026-09-28 09:53:47.881650
810,Cloe,Rueda,edelmira88@example.net,+34 987 82 57 25,1983-08-30,Verified,3686.23,2026-09-28 09:53:47.881650
811,Inmaculada,Plana,nmontalban@example.net,+34842 265 855,2006-05-17,Verified,245.18,2026-09-28 09:53:47.881650
812,Pancho,Osuna,avilabonifacio@example.org,+34828 638 858,1956-06-29,Pending,4092.48,2026-09-28 09:53:47.881650
813,Iván,Delgado,uriartefabio@example.com,+34 973267716,1956-06-14,Verified,36.3,2026-09-28 09:53:47.881650
814,Sabas,Gimenez,fernanda42@example.com,+34 924 045 257,1970-09-26,Verified,3741.69,2026-09-28 09:53:47.881650
815,Marta,Aguado,bvigil@example.org,+34 843 514 801,1962-10-08,Verified,1284.79,2026-09-28 09:53:47.881650
816,Marco,Gras,yolandacosta@example.net,+34 945 816 052,1983-08-27,Verified,2759.63,2026-09-28 09:53:47.881650
817,Mariana,Escribano,febe31@example.org,+34882 66 36 34,1960-02-11,Verified,3347.36,2026-09-28 09:53:47.881650
818,Basilio,Valdés,sanzluis@example.org,+34 943 43 21 51,1953-02-06,Verified,1752.63,2026-09-28 09:53:47.881650
819,Pedro,Mayol,constanza88@example.net,+34876 82 16 37,1986-02-07,Verified,2099.2,2026-09-28 09:53:47.881650
820,Nieves,Ramirez,tcabo@example.org,+34 920007209,2006-12-14,Verified,2555.6,2026-09-28 09:53:47.881650
821,Dimas,Camacho,ernesto56@example.net,+34975 54 09 56,1984-11-15,Verified,768.2,2026-09-28 09:53:47.881650
822,Ruy,Santana,elias43@example.net,+34978 099 863,1963-07-22,Verified,3154.96,2026-09-28 09:53:47.881650
823,Glauco,Lluch,consuelomascaro@example.org,+34833 54 27 64,1969-03-08,Verified,3256.78,2026-09-28 09:53:47.881650
824,Feliciana,Bernad,eva13@example.com,+34982 537 089,1991-05-22,Pending,2878.74,2026-09-28 09:53:47.881650
825,Marisela,Ricart,leticiabeltran@example.net,+34 982 705 065,1986-07-25,Verified,1799.08,2026-09-28 09:53:47.881650
826,Teodora,Barros,llopez@example.org,+34821 84 33 80,1986-01-31,Verified,3973.99,2026-09-28 09:53:47.881650
827,Albina,Carrera,svalencia@example.org,+34 925 80 02 73,1970-12-30,Verified,287.49,2026-09-28 09:53:47.881650
828,Nicanor,Criado,montesinosambar@example.org,+34 967688466,2004-10-31,Pending,3220.33,2026-09-28 09:53:47.881650
829,Ariadna,Madrigal,melania38@example.net,+34720 31 01 35,1990-06-07,Verified,3760.45,2026-09-28 09:53:47.881650
830,Elba,Serrano,qmaldonado@example.com,+34888 75 58 10,1994-04-15,Verified,4695.73,2026-09-28 09:53:47.881650
831,Marita,Alcázar,ceferino04@example.org,+34986902143,2000-09-04,Verified,1136.59,2026-09-28 09:53:47.881650
832,Baltasar,Azorin,gmatas@example.com,+34945 825 510,1978-12-26,Verified,1452.31,2026-09-28 09:53:47.881650
833,José Mari,Sánchez,hgimenez@example.net,+34 982 834 102,1984-01-24,Verified,1777.18,2026-09-28 09:53:47.881650
834,Azahar,Soto,santiagocaceres@example.com,+34921226678,1998-10-03,Verified,1345.29,2026-09-28 09:53:47.881650
835,Eliseo,Castillo,veronica92@example.com,+34 900 52 56 97,1997-01-25,Verified,3218.7,2026-09-28 09:53:47.881650
836,Ramona,Escrivá,franciscanoriega@example.com,+34 849 616 395,1995-04-29,Rejected,3249.27,2026-09-28 09:53:47.881650
837,Rosario,Muro,portillodonato@example.org,+34711 76 97 11,1993-03-01,Rejected,2131.06,2026-09-28 09:53:47.881650
838,Julia,Grande,claverodionisio@example.net,+34925 544 422,1973-10-15,Verified,2706.06,2026-09-28 09:53:47.881650
839,Hernando,Montero,duiliocardenas@example.net,+34 872 32 33 28,1984-11-20,Pending,3439.32,2026-09-28 09:53:47.881650
840,María Jesús,Francisco,cintiapizarro@example.org,+34 877252106,1991-11-07,Pending,2874.98,2026-09-28 09:53:47.881650
841,Nazaret,Montserrat,tonotello@example.com,+34924410543,1955-12-28,Verified,349.38,2026-09-28 09:53:47.881650
842,Modesta,Manzano,fabiola89@example.org,+34947 777 817,1990-11-15,Verified,4203.39,2026-09-28 09:53:47.881650
843,América,Lledó,alamotiburcio@example.net,+34946345522,2008-04-12,Verified,3532.67,2026-09-28 09:53:47.881650
844,Amado,Carrillo,besteve@example.net,+34876016563,1974-07-04,Verified,4389.31,2026-09-28 09:53:47.881650
845,José,Exposito,vgordillo@example.org,+34884680501,1966-10-09,Verified,2281.31,2026-09-28 09:53:47.881650
846,Graciela,Casares,olivemicaela@example.com,+34 852 84 77 05,1950-11-20,Verified,1521.65,2026-09-28 09:53:47.881650
847,Tito,Sanmartín,jimenamesa@example.com,+34 886 676 634,2001-06-24,Verified,3766.28,2026-09-28 09:53:47.881650
848,Fernando,Barriga,sandaliovillar@example.com,+34 821188826,1994-06-13,Pending,1115.96,2026-09-28 09:53:47.881650
849,Rosalinda,Bartolomé,marcelinoluna@example.com,+34977 03 75 66,1971-04-19,Pending,3348.89,2026-09-28 09:53:47.881650
850,Sandalio,Amores,lcid@example.com,+34 877 70 47 11,2003-12-29,Verified,4266.77,2026-09-28 09:53:47.881650
851,Kike,Martin,lbelda@example.net,+34 978 557 802,1967-11-27,Pending,1393.97,2026-09-28 09:53:47.881650
852,Evelia,Julián,leonardogomila@example.com,+34980 737 802,2005-02-20,Verified,1588.36,2026-09-28 09:53:47.881650
853,Gonzalo,Bustos,mibarra@example.com,+34 982 878 001,1976-09-01,Verified,2608.61,2026-09-28 09:53:47.881650
854,Emperatriz,Duran,glamas@example.com,+34 928513900,1982-04-06,Pending,918.59,2026-09-28 09:53:47.881650
855,Fidel,Escudero,iglesiasabas@example.org,+34845 939 866,2000-03-13,Verified,1263.58,2026-09-28 09:53:47.881650
856,Feliciano,Garay,ucarpio@example.com,+34 823 499 696,2002-02-16,Verified,3366.11,2026-09-28 09:53:47.881650
857,Erasmo,Huerta,inmaculada35@example.com,+34 980484136,2001-08-13,Verified,3934.61,2026-09-28 09:53:47.881650
858,Paz,Bonet,calixtobermudez@example.net,+34 926 569 271,1994-02-09,Pending,3065.03,2026-09-28 09:53:47.881650
859,Benito,Castañeda,irmabriones@example.com,+34 821 60 66 65,1957-08-20,Verified,1328.3,2026-09-28 09:53:47.881650
860,Macario,Salamanca,santiago32@example.org,+34 973095541,1979-03-17,Verified,125.18,2026-09-28 09:53:47.881650
861,Adolfo,Maestre,evangelina71@example.org,+34 927 23 26 42,2007-11-10,Verified,2718.71,2026-09-28 09:53:47.881650
862,Martirio,Álamo,therrero@example.com,+34 824 459 596,1955-03-14,Verified,3607.88,2026-09-28 09:53:47.881650
863,Ascensión,Benitez,zacarias93@example.org,+34 920689326,1963-05-17,Verified,1938.47,2026-09-28 09:53:47.881650
864,Marcio,Saez,maximopatino@example.org,+34973 435 161,1990-12-02,Verified,1283.32,2026-09-28 09:53:47.881650
865,Iván,Aguirre,anita86@example.net,+34 734 17 30 83,1964-04-19,Verified,2174.94,2026-09-28 09:53:47.881650
866,Florinda,Carrasco,santos81@example.org,+34923 229 082,1956-04-09,Verified,1562.44,2026-09-28 09:53:47.881650
867,Francisco,Vallés,lermaevaristo@example.com,+34971398285,2001-03-14,Pending,2917.96,2026-09-28 09:53:47.881650
868,Teodora,Barco,pvalenciano@example.org,+34849 31 12 53,1982-10-24,Verified,4607.23,2026-09-28 09:53:47.881650
869,Natanael,Abella,umorillo@example.org,+34 827 838 700,2002-09-21,Verified,1023.46,2026-09-28 09:53:47.881650
870,Florentina,Carbajo,aadadia@example.net,+34 800 98 68 51,1988-01-11,Verified,3762.18,2026-09-28 09:53:47.881650
871,Nicodemo,Cárdenas,xroca@example.net,+34 976405083,1970-08-17,Verified,2751.92,2026-09-28 09:53:47.881650
872,Casemiro,Peral,romandebora@example.net,+34843 428 500,1974-01-12,Rejected,3594.71,2026-09-28 09:53:47.881650
873,Florencio,Morell,mauricio01@example.com,+34 972795850,1993-04-02,Verified,1817.21,2026-09-28 09:53:47.881650
874,Marisol,Cuadrado,sofia00@example.org,+34 988364101,1991-01-30,Verified,3185.55,2026-09-28 09:53:47.881650
875,Heliodoro,Martí,glauco12@example.com,+34 884571247,1959-03-23,Verified,3843.56,2026-09-28 09:53:47.881650
876,Morena,Nicolás,payuso@example.org,+34 902 015 550,2004-07-04,Verified,1114.7,2026-09-28 09:53:47.881650
877,Fidela,Amores,adelaidagaya@example.com,+34 920 143 601,2005-05-07,Verified,3721.94,2026-09-28 09:53:47.881650
878,Mariano,Cordero,gregorio05@example.org,+34841 83 70 84,1952-09-05,Verified,3849.45,2026-09-28 09:53:47.881650
879,Chita,Campos,marisela44@example.org,+34871 017 763,1971-08-05,Verified,4474.82,2026-09-28 09:53:47.881650
880,Elías,Castellanos,ariel17@example.net,+34 824784124,1963-08-19,Rejected,3408.28,2026-09-28 09:53:47.881650
881,Edelmira,Marquez,garrigajenaro@example.com,+34862 54 03 89,1996-12-26,Verified,2979.42,2026-09-28 09:53:47.881650
882,Elodia,Caparrós,donatomerino@example.org,+34872 620 712,2000-06-17,Verified,1725.95,2026-09-28 09:53:47.881650
883,Salomé,Heredia,hugo90@example.com,+34 981 40 51 64,1995-02-02,Rejected,948.26,2026-09-28 09:53:47.881650
884,Cecilio,Fabregat,ripollabel@example.net,+34 925 55 93 82,1956-11-15,Verified,637.38,2026-09-28 09:53:47.881650
885,Carmina,Carrera,dblazquez@example.net,+34 884 96 48 39,1990-06-16,Verified,2166.74,2026-09-28 09:53:47.881650
886,Sandalio,Lloret,gloria82@example.org,+34948778699,2008-08-12,Verified,777.0,2026-09-28 09:53:47.881650
887,Victorino,Alberdi,wjulian@example.com,+34881 148 907,1962-03-23,Verified,1629.09,2026-09-28 09:53:47.881650
888,Trinidad,Cobos,otome@example.com,+34935091138,1983-04-08,Verified,2333.88,2026-09-28 09:53:47.881650
889,Kike,Carbonell,seve14@example.net,+34 946297180,1971-05-09,Verified,579.29,2026-09-28 09:53:47.881650
890,América,Cuenca,yessica25@example.com,+34984 716 704,1989-09-30,Verified,672.19,2026-09-28 09:53:47.881650
891,Che,Viña,hoyosrosalia@example.com,+34980 157 651,1976-01-04,Verified,2664.72,2026-09-28 09:53:47.881650
892,Alba,Herranz,santanajacinta@example.net,+34 877 87 32 04,1984-11-02,Verified,2426.72,2026-09-28 09:53:47.881650
893,Juan José,Feijoo,ramiroboix@example.net,+34854 20 57 70,1966-07-09,Verified,1971.36,2026-09-28 09:53:47.881650
894,María,Moraleda,maricruz27@example.com,+34 845 004 129,2008-07-18,Verified,1089.25,2026-09-28 09:53:47.881650
895,Leonor,Amorós,ucasanovas@example.com,+34923 24 76 21,1971-06-13,Verified,1262.2,2026-09-28 09:53:47.881650
896,Paca,Falcó,qgaya@example.org,+34 881 349 971,1981-09-04,Verified,2778.73,2026-09-28 09:53:47.881650
897,Desiderio,Noriega,valcarcelconsuela@example.net,+34 803 88 95 94,1953-05-08,Verified,3723.75,2026-09-28 09:53:47.881650
898,Juan Antonio,Marín,mansopalmira@example.com,+34879 215 002,1975-12-03,Pending,988.47,2026-09-28 09:53:47.881650
899,Hernando,Rocamora,luzrevilla@example.org,+34947 966 184,1988-03-04,Rejected,2384.72,2026-09-28 09:53:47.881650
900,Perlita,Medina,leandramenendez@example.org,+34 980873748,1978-09-07,Verified,4878.25,2026-09-28 09:53:47.881650
901,Fanny,Echevarría,salaseugenia@example.net,+34820 451 104,1970-03-25,Verified,4098.54,2026-09-28 09:53:47.881650
902,Melchor,Ros,maristela73@example.org,+34 826172645,1974-01-17,Verified,3356.45,2026-09-28 09:53:47.881650
903,Bernardo,Vicente,azucenaramirez@example.org,+34948079606,1982-06-26,Verified,3058.8,2026-09-28 09:53:47.881650
904,Ambrosio,Sanchez,vilaplanamaria@example.com,+34 862 72 58 26,1975-03-16,Pending,4095.83,2026-09-28 09:53:47.881650
905,Bartolomé,Hernando,marcosadelia@example.net,+34820 81 05 90,1998-01-10,Verified,2762.17,2026-09-28 09:53:47.881650
906,Natanael,Ariza,rrovira@example.org,+34 928 910 597,1981-08-15,Verified,1275.39,2026-09-28 09:53:47.881650
907,Anita,Santamaría,sanchogil@example.org,+34848396744,1975-06-29,Verified,3067.15,2026-09-28 09:53:47.881650
908,Catalina,Dominguez,tejeroelisabet@example.org,+34 976 019 483,1959-03-16,Verified,3440.43,2026-09-28 09:53:47.881650
909,Modesta,Real,cabanasflavio@example.com,+34928075398,1989-11-25,Verified,1549.89,2026-09-28 09:53:47.881650
910,Micaela,Berrocal,pinillaagata@example.org,+34 880945140,1971-06-16,Verified,4405.79,2026-09-28 09:53:47.881650
911,Dominga,Garriga,ygarces@example.com,+34982 827 371,1955-03-25,Verified,3718.2,2026-09-28 09:53:47.881650
912,Iván,Juárez,taniasebastian@example.net,+34 827 78 58 69,1975-09-22,Verified,2258.09,2026-09-28 09:53:47.881650
913,Nicodemo,Quirós,catalina00@example.org,+34 886 13 32 03,2007-04-21,Verified,896.28,2026-09-28 09:53:47.881650
914,Isidro,Cortina,victoriano23@example.com,+34 806 153 665,1965-07-20,Verified,242.4,2026-09-28 09:53:47.881650
915,Edelmiro,Rosales,eduardojorda@example.org,+34 981 26 48 92,1990-10-11,Verified,202.46,2026-09-28 09:53:47.881650
916,Soraya,Riba,romansalas@example.net,+34 879 50 42 27,1999-06-24,Pending,4698.23,2026-09-28 09:53:47.881650
917,Rolando,Niño,anselmolucas@example.org,+34885 211 871,2001-04-10,Pending,1275.54,2026-09-28 09:53:47.881650
918,Nazario,Hervás,benitoportero@example.net,+34821213313,1983-12-06,Verified,1539.29,2026-09-28 09:53:47.881650
919,Cesar,Salinas,mmurcia@example.com,+34 900083733,1991-06-18,Verified,1336.17,2026-09-28 09:53:47.881650
920,Juan Bautista,Boada,vazquezvictoriano@example.org,+34 876 138 881,2004-10-04,Verified,1437.28,2026-09-28 09:53:47.881650
921,Juana,Muro,carranzamodesta@example.org,+34977 37 97 18,1978-07-11,Verified,3619.92,2026-09-28 09:53:47.881650
922,Manuel,Peralta,felixcalvo@example.com,+34806 78 36 96,1970-06-18,Rejected,2404.23,2026-09-28 09:53:47.881650
923,Jesús,Belmonte,ppenas@example.org,+34941471826,1999-12-16,Verified,627.63,2026-09-28 09:53:47.881650
924,Felix,Izquierdo,blanesmaribel@example.org,+34 842986715,2005-11-27,Verified,2581.21,2026-09-28 09:53:47.881650
925,Valentina,Guardiola,balmansa@example.net,+34877 76 70 41,1984-09-22,Verified,1326.51,2026-09-28 09:53:47.881650
926,Yaiza,Bernad,valentinainoa@example.com,+34981 001 557,1999-01-28,Verified,2234.06,2026-09-28 09:53:47.881650
927,Alexandra,Carrillo,trosell@example.com,+34 982 175 769,1972-07-03,Pending,4923.78,2026-09-28 09:53:47.881650
928,Pánfilo,Palomar,onofrepou@example.org,+34 971439021,2002-04-12,Verified,2526.21,2026-09-28 09:53:47.881650
929,Andrea,Torrens,jose-ignacio88@example.org,+34841 89 57 91,1963-06-20,Verified,641.88,2026-09-28 09:53:47.881650
930,Eliana,Rodríguez,castillacarlito@example.org,+34 931737274,1974-11-13,Pending,4650.16,2026-09-28 09:53:47.881650
931,Chus,Solé,egeagloria@example.net,+34803 669 035,2001-05-06,Verified,137.59,2026-09-28 09:53:47.881650
932,Jose Ramón,Figueroa,curro32@example.net,+34 849 528 030,1951-09-30,Verified,1721.01,2026-09-28 09:53:47.881650
933,Sandra,Mate,beltranbienvenida@example.com,+34 827 26 66 42,1955-05-24,Pending,4319.64,2026-09-28 09:53:47.881650
934,Candelario,Cervera,prietoana-belen@example.com,+34 900415909,1982-08-24,Pending,908.42,2026-09-28 09:53:47.881650
935,Ricarda,Priego,colmedo@example.com,+34 982738727,1996-10-15,Pending,397.11,2026-09-28 09:53:47.881650
936,Patricia,Aramburu,mateaugusto@example.org,+34 845 44 40 14,2003-02-15,Verified,1352.77,2026-09-28 09:53:47.881650
937,Rómulo,Fiol,ggaya@example.com,+34871575165,2000-04-16,Verified,2438.98,2026-09-28 09:53:47.881650
938,Melisa,Batlle,vrius@example.org,+34 806025247,2001-03-26,Verified,2595.59,2026-09-28 09:53:47.881650
939,Ligia,Jiménez,torrecillamacario@example.net,+34900 925 175,1969-01-27,Verified,429.52,2026-09-28 09:53:47.881650
940,Victorino,Sarmiento,camposisabela@example.net,+34 928 89 55 45,2006-03-27,Verified,2829.57,2026-09-28 09:53:47.881650
941,Ramiro,Bilbao,martinezrenato@example.com,+34921872669,1963-12-18,Verified,1433.78,2026-09-28 09:53:47.881650
942,Trinidad,Guillen,gerardochaves@example.com,+34 888 215 487,1975-10-11,Verified,4627.85,2026-09-28 09:53:47.881650
943,Santos,Silva,mireia45@example.net,+34941 073 422,1955-10-20,Verified,1257.82,2026-09-28 09:53:47.881650
944,Salomé,Benito,expositomaxima@example.org,+34 728885403,1963-09-18,Pending,4538.35,2026-09-28 09:53:47.881650
945,Jordi,Rosa,casesinmaculada@example.com,+34 976 83 05 88,1976-03-24,Verified,3829.51,2026-09-28 09:53:47.881650
946,Severo,Codina,barredacristian@example.org,+34944205353,2007-12-23,Verified,2336.16,2026-09-28 09:53:47.881650
947,Purificación,Hierro,reyna34@example.net,+34 979866373,1984-01-28,Verified,2591.87,2026-09-28 09:53:47.881650
948,Santiago,Reina,zaragozamartin@example.net,+34843 362 055,1957-09-22,Pending,3136.43,2026-09-28 09:53:47.881650
949,Aura,Neira,ponceeladio@example.org,+34876 10 03 75,1963-08-05,Pending,135.1,2026-09-28 09:53:47.881650
950,Encarna,Escolano,pontfrancisco@example.com,+34871 190 024,1994-05-01,Verified,4252.02,2026-09-28 09:53:47.881650
951,Andrea,Solsona,luciapla@example.com,+34 837 20 44 38,1961-01-20,Verified,2472.03,2026-09-28 09:53:47.881650
952,Feliciana,Pou,eloyrius@example.com,+34 730 743 065,1979-04-10,Verified,1009.61,2026-09-28 09:53:47.881650
953,Vicenta,Mendoza,huguetmarcelo@example.net,+34981 230 744,1986-07-10,Verified,3155.22,2026-09-28 09:53:47.881650
954,Martina,Torralba,pallaresprimitiva@example.org,+34 926 50 18 12,1971-04-22,Verified,365.02,2026-09-28 09:53:47.881650
955,Concha,Martí,juan-luis18@example.net,+34 962 255 018,2000-09-10,Rejected,1713.78,2026-09-28 09:53:47.881650
956,Edu,Cánovas,cardenasfanny@example.net,+34806 908 222,1985-04-23,Verified,2140.16,2026-09-28 09:53:47.881650
957,Vinicio,Antón,fmartin@example.net,+34 807432402,1990-12-20,Verified,3382.98,2026-09-28 09:53:47.881650
958,Moreno,Alarcón,rleiva@example.net,+34 945 67 13 15,2007-02-03,Verified,4351.59,2026-09-28 09:53:47.881650
959,Anacleto,Romeu,rpolo@example.org,+34944864101,2005-12-03,Verified,4027.45,2026-09-28 09:53:47.881650
960,Máxima,Luís,garaujo@example.net,+34948 717 188,1968-03-24,Verified,3718.33,2026-09-28 09:53:47.881650
961,Alex,Montalbán,nadalnando@example.org,+34 977 63 98 06,2003-11-15,Verified,4260.02,2026-09-28 09:53:47.881650
962,Raúl,Alcalde,felipa18@example.com,+34982538631,1995-08-05,Pending,1995.69,2026-09-28 09:53:47.881650
963,Paulino,Vázquez,canterofrancisco-javier@example.org,+34807 926 787,2002-03-25,Verified,407.48,2026-09-28 09:53:47.881650
964,Lupe,Gimenez,reinamaite@example.com,+34710865647,2000-11-08,Pending,3746.91,2026-09-28 09:53:47.881650
965,Heraclio,Aguilar,rubencastaneda@example.com,+34 836 82 36 45,1999-06-25,Verified,2675.19,2026-09-28 09:53:47.881650
966,Eugenio,Domingo,juliebarragan@example.com,+34 978559010,1990-11-27,Pending,1462.62,2026-09-28 09:53:47.881650
967,Juanita,Moraleda,plazamaria-angeles@example.org,+34807 04 84 66,2001-04-12,Pending,3680.23,2026-09-28 09:53:47.881650
968,Isaura,Gibert,hipolitocamara@example.org,+34874 71 62 38,1984-01-17,Verified,1376.27,2026-09-28 09:53:47.881650
969,Julio César,Cárdenas,maria-jose15@example.org,+34920 721 563,1965-12-24,Verified,3343.53,2026-09-28 09:53:47.881650
970,Evaristo,Raya,hlumbreras@example.com,+34707 090 188,1981-12-28,Verified,1950.19,2026-09-28 09:53:47.881650
971,Eva María,Catalán,emigdioinfante@example.org,+34947 874 685,1984-01-05,Verified,2425.57,2026-09-28 09:53:47.881650
972,Jose Ignacio,Rosales,bertaruiz@example.net,+34 976 22 30 13,1996-07-16,Verified,1899.0,2026-09-28 09:53:47.881650
973,Carmela,Baquero,baldomero14@example.org,+34886 786 325,1999-01-19,Pending,2065.28,2026-09-28 09:53:47.881650
974,Jordi,Molins,gimenezfabiana@example.com,+34807 342 057,1954-07-20,Pending,3462.65,2026-09-28 09:53:47.881650
975,Agapito,Muñoz,conradoriera@example.net,+34 820384286,1975-12-17,Verified,534.7,2026-09-28 09:53:47.881650
976,Pedro,Villena,benaventeedgardo@example.net,+34 972 38 02 67,1961-03-09,Verified,3669.58,2026-09-28 09:53:47.881650
977,Maximino,Gimeno,arceliaroyo@example.com,+34807 50 14 32,1994-08-18,Verified,1623.35,2026-09-28 09:53:47.881650
978,Ale,Fabra,cocaamilcar@example.net,+34848 462 591,2003-03-13,Verified,1069.81,2026-09-28 09:53:47.881650
979,Salomé,Sans,jose-mari26@example.com,+34948630288,1986-11-03,Verified,925.45,2026-09-28 09:53:47.881650
980,Noelia,Alcázar,lopezdionisia@example.com,+34 873861189,1985-10-07,Verified,3682.09,2026-09-28 09:53:47.881650
981,Rubén,Quintana,mbautista@example.org,+34823 42 23 89,1991-08-12,Verified,4087.18,2026-09-28 09:53:47.881650
982,Clotilde,Morillo,abelcervantes@example.com,+34 930 38 38 22,1970-01-13,Verified,3298.52,2026-09-28 09:53:47.881650
983,Edelmira,Dominguez,hernanjuarez@example.net,+34822887473,1994-07-07,Verified,1893.59,2026-09-28 09:53:47.881650
984,Jose Carlos,Andrés,hilario65@example.org,+34 972912903,2000-07-21,Verified,2030.32,2026-09-28 09:53:47.881650
985,Odalis,Ureña,xarnal@example.net,+34847585809,1967-08-05,Verified,215.14,2026-09-28 09:53:47.881650
986,Natividad,Andreu,jodarmaria-jose@example.net,+34 883 256 317,2006-04-03,Verified,4527.69,2026-09-28 09:53:47.881650
987,Adelina,Talavera,estradaserafina@example.net,+34800 656 264,1984-08-18,Verified,1547.49,2026-09-28 09:53:47.881650
988,Zaida,Acevedo,ahuguet@example.org,+34 726 18 60 63,1966-06-14,Pending,322.01,2026-09-28 09:53:47.881650
989,Lilia,Neira,murilloasuncion@example.net,+34 944838984,1968-05-02,Verified,3196.01,2026-09-28 09:53:47.881650
990,Felix,Barrera,evaristobanos@example.com,+34 849 070 743,1982-04-23,Verified,4779.79,2026-09-28 09:53:47.881650
991,Angelina,Fuster,bbonet@example.org,+34887 87 54 46,1972-10-24,Verified,191.09,2026-09-28 09:53:47.881650
992,Perla,Coello,tazorin@example.org,+34 824 10 86 78,1959-01-08,Verified,2071.99,2026-09-28 09:53:47.881650
993,Encarnacion,Guitart,pelayojessica@example.org,+34978 006 393,1998-12-31,Verified,2783.47,2026-09-28 09:53:47.881650
994,Bernardo,Manuel,eliseomatas@example.net,+34921940201,2001-06-25,Verified,1906.1,2026-09-28 09:53:47.881650
995,Nicodemo,Pallarès,cobosdomitila@example.net,+34914 25 96 54,2001-09-07,Verified,3189.4,2026-09-28 09:53:47.881650
996,Encarnación,Carnero,ferreraadelia@example.com,+34 844 73 95 98,1981-02-08,Verified,4896.64,2026-09-28 09:53:47.881650
997,Josué,Murcia,abenito@example.com,+34 928 76 73 19,1954-09-08,Verified,4307.72,2026-09-28 09:53:47.881650
998,Imelda,Carrera,botellagustavo@example.com,+34 800 21 98 25,2006-06-17,Verified,3797.71,2026-09-28 09:53:47.881650
999,Sara,Bermudez,blancavicente@example.com,+34842 697 484,1996-04-07,Verified,4431.25,2026-09-28 09:53:47.881650
1000,Florentino,Portillo,rubenalmeida@example.org,+34 845 09 02 26,1983-10-03,Verified,3168.64,2026-09-28 09:53:47.881650
